item_id,option_no,option_text,is_correct,rationale,misconception_tag,error_class,severity,trap_weight,semantic_dimension,expert_confidence,review_status,z_vector
NCERT_EffNucCharge_01,1,The actual nuclear charge (Z) plus the shielding constant (σ).,False,"Incorrect. Shielding reduces the nuclear pull, so it is subtracted, not added.",z_08,arithmetic_error,medium,0.0667,recall,high,reviewed,"[0, 0, 0, 0, 0, 0, 0, 0, 1, 0, 0, 0, 0, 0, 0]"
NCERT_EffNucCharge_01,2,The actual nuclear charge (Z) divided by the atomic radius.,False,"Incorrect. Z_eff is a measure of net nuclear pull, not directly Z divided by radius.",z_02,arithmetic_error,medium,0.0667,recall,high,reviewed,"[0, 0, 1, 0, 0, 0, 0, 0, 0, 0, 0, 0, 0, 0, 0]"
NCERT_EffNucCharge_01,3,The actual nuclear charge (Z) minus the shielding constant (σ).,True,"Correct. Z_eff = Z - σ, where σ represents the shielding effect due to inner electrons.",none,correct,none,0.0,recall,high,reviewed,"[0, 0, 0, 1, 0, 0, 0, 0, 0, 0, 0, 0, 0, 0, 0]"
NCERT_EffNucCharge_01,4,The actual nuclear charge (Z) multiplied by the principal quantum number (n).,False,Incorrect. The principal quantum number affects the distance but does not directly multiply Z.,z_03,arithmetic_error,medium,0.0667,recall,high,reviewed,"[0, 0, 0, 1, 0, 0, 0, 0, 0, 0, 0, 0, 0, 0, 0]"
NCERT_EffNucCharge_02,1,Z_eff remains constant because the number of shells remains the same.,False,"Incorrect. The nuclear charge increases, and shielding does not increase proportionally, so Z_eff increases.",z_08,conceptual_error,medium,0.0667,recall,high,reviewed,"[0, 0, 0, 0, 0, 0, 0, 0, 1, 0, 0, 0, 0, 0, 0]"
NCERT_EffNucCharge_02,2,Z_eff decreases due to increased shielding.,False,"Incorrect. Z_eff actually increases because the added electrons go into the same shell, offering poor shielding.",z_02,arithmetic_error,medium,0.0667,recall,high,reviewed,"[0, 0, 1, 0, 0, 0, 0, 0, 0, 0, 0, 0, 0, 0, 0]"
NCERT_EffNucCharge_02,3,Z_eff increases because the nuclear charge increases while shielding increases only slightly.,True,"Correct. As we move left to right, atomic number increases, electrons are added to the same shell, and the shielding by inner electrons remains nearly constant, so Z_eff increases.",none,correct,none,0.0,recall,high,reviewed,"[0, 0, 0, 1, 0, 0, 0, 0, 0, 0, 0, 0, 0, 0, 0]"
NCERT_EffNucCharge_02,4,Z_eff increases sharply after each noble gas.,False,"Incorrect. Z_eff increases gradually across the period, not only after noble gases.",z_03,conceptual_error,medium,0.0667,recall,high,reviewed,"[0, 0, 0, 1, 0, 0, 0, 0, 0, 0, 0, 0, 0, 0, 0]"
NCERT_EffNucCharge_03,1,Nickel has a higher shielding constant.,False,Incorrect. Shielding constant increases only slightly; the main factor is higher Z.,z_08,conceptual_error,medium,0.0667,recall,high,reviewed,"[0, 0, 0, 0, 0, 0, 0, 0, 1, 0, 0, 0, 0, 0, 0]"
NCERT_EffNucCharge_03,2,Copper has a larger atomic radius.,False,"Incorrect. Larger atomic radius would correspond to lower Z_eff, not higher.",z_02,conceptual_error,medium,0.0667,recall,high,reviewed,"[0, 0, 1, 0, 0, 0, 0, 0, 0, 0, 0, 0, 0, 0, 0]"
NCERT_EffNucCharge_03,3,Copper has a higher nuclear charge and similar shielding.,True,Correct. The increase in nuclear charge (+1) while the shielding from inner electrons remains nearly the same leads to a higher Z_eff in copper.,none,correct,none,0.0,recall,high,reviewed,"[0, 0, 0, 1, 0, 0, 0, 0, 0, 0, 0, 0, 0, 0, 0]"
NCERT_EffNucCharge_03,4,Copper has more electrons in the 3d subshell.,False,"Incorrect. More 3d electrons slightly increase shielding, but the net Z_eff is still higher due to higher Z.",z_03,conceptual_error,medium,0.0667,recall,high,reviewed,"[0, 0, 0, 1, 0, 0, 0, 0, 0, 0, 0, 0, 0, 0, 0]"
NCERT_EffNucCharge_04,1,f orbital,False,Incorrect. f orbitals have the poorest penetration and thus the lowest Z_eff.,z_08,conceptual_error,medium,0.0667,recall,high,reviewed,"[0, 0, 0, 0, 0, 0, 0, 0, 1, 0, 0, 0, 0, 0, 0]"
NCERT_EffNucCharge_04,2,s orbital,True,"Correct. s orbitals have the highest penetration ability, so they experience a greater Z_eff.",none,correct,none,0.0,recall,high,reviewed,"[0, 0, 1, 0, 0, 0, 0, 0, 0, 0, 0, 0, 0, 0, 0]"
NCERT_EffNucCharge_04,3,p orbital,False,"Incorrect. p orbitals penetrate less than s, so they feel a lower Z_eff.",z_03,conceptual_error,medium,0.0667,recall,high,reviewed,"[0, 0, 0, 1, 0, 0, 0, 0, 0, 0, 0, 0, 0, 0, 0]"
NCERT_EffNucCharge_04,4,d orbital,False,"Incorrect. d orbitals penetrate even less than p, so they feel an even lower Z_eff.",z_03,conceptual_error,medium,0.0667,recall,high,reviewed,"[0, 0, 0, 1, 0, 0, 0, 0, 0, 0, 0, 0, 0, 0, 0]"
NCERT_EffNucCharge_05,1,3,False,"Incorrect. Z_eff of 3 would require σ = 8, not realistic for Na.",z_08,conceptual_error,medium,0.0667,recall,high,reviewed,"[0, 0, 0, 0, 0, 0, 0, 0, 1, 0, 0, 0, 0, 0, 0]"
NCERT_EffNucCharge_05,2,2,False,"Incorrect. That would be Z_eff = 2, which would require σ = 9; but shielding from 10 inner electrons is nearly complete.",z_02,conceptual_error,medium,0.0667,recall,high,reviewed,"[0, 0, 1, 0, 0, 0, 0, 0, 0, 0, 0, 0, 0, 0, 0]"
NCERT_EffNucCharge_05,3,1,True,Correct. Z_eff ≈ Z - σ = 11 - 10 = 1.,none,correct,none,0.0,recall,high,reviewed,"[0, 0, 0, 1, 0, 0, 0, 0, 0, 0, 0, 0, 0, 0, 0]"
NCERT_EffNucCharge_05,4,11,False,"Incorrect. This is the actual nuclear charge, ignoring shielding.",z_03,conceptual_error,medium,0.0667,recall,high,reviewed,"[0, 0, 0, 1, 0, 0, 0, 0, 0, 0, 0, 0, 0, 0, 0]"
NCERT_EffNucCharge_06,1,Z_eff for a 2p electron is always higher than for a 2s electron in the same atom.,False,"Incorrect. The 2s orbital penetrates more than 2p, so it experiences a higher Z_eff.",z_08,conceptual_error,medium,0.0667,recall,high,reviewed,"[0, 0, 0, 0, 0, 0, 0, 0, 1, 0, 0, 0, 0, 0, 0]"
NCERT_EffNucCharge_06,2,Z_eff is the same for all electrons in a given atom.,False,"Incorrect. Different electrons have different shielding and penetration, so Z_eff varies.",z_02,conceptual_error,medium,0.0667,recall,high,reviewed,"[0, 0, 1, 0, 0, 0, 0, 0, 0, 0, 0, 0, 0, 0, 0]"
NCERT_EffNucCharge_06,3,Z_eff decreases down a group due to increased shielding.,False,"Incorrect. Down a group, the number of shells increases, shielding increases, so Z_eff for valence electrons decreases.",z_03,conceptual_error,medium,0.0667,recall,high,reviewed,"[0, 0, 0, 1, 0, 0, 0, 0, 0, 0, 0, 0, 0, 0, 0]"
NCERT_EffNucCharge_06,4,Z_eff is always equal to the atomic number for hydrogen-like species.,True,"Correct. For hydrogen-like species (single electron), σ=0, so Z_eff = Z.",none,correct,none,0.0,recall,high,reviewed,"[0, 0, 0, 1, 0, 0, 0, 0, 0, 0, 0, 0, 0, 0, 0]"
NCERT_EffNucCharge_07,1,Potassium has a larger atomic radius.,False,"Incorrect. Larger atomic radius is a consequence, not the cause.",z_08,conceptual_error,medium,0.0667,recall,high,reviewed,"[0, 0, 0, 0, 0, 0, 0, 0, 1, 0, 0, 0, 0, 0, 0]"
NCERT_EffNucCharge_07,2,"Potassium has a higher principal quantum number and more inner shells, increasing shielding.",True,"Correct. The outermost electron of K is in the 4s orbital, with 18 inner electrons (1s²2s²2p⁶3s²3p⁶) providing more shielding than Na's 10 inner electrons.",none,correct,none,0.0,recall,high,reviewed,"[0, 0, 1, 0, 0, 0, 0, 0, 0, 0, 0, 0, 0, 0, 0]"
NCERT_EffNucCharge_07,3,Potassium has more electrons in the outermost shell.,False,Incorrect. The number of outermost electrons does not directly affect Z_eff; shielding does.,z_03,conceptual_error,medium,0.0667,recall,high,reviewed,"[0, 0, 0, 1, 0, 0, 0, 0, 0, 0, 0, 0, 0, 0, 0]"
NCERT_EffNucCharge_07,4,Potassium has a larger atomic number.,False,"Incorrect. Larger atomic number would increase Z_eff, but shielding dominates.",z_03,conceptual_error,medium,0.0667,recall,high,reviewed,"[0, 0, 0, 1, 0, 0, 0, 0, 0, 0, 0, 0, 0, 0, 0]"
NCERT_EffNucCharge_08,1,Be and B,False,"Incorrect. B has higher Z (5) than Be (4), and both have n=2, so B has higher Z_eff.",z_08,conceptual_error,medium,0.0667,recall,high,reviewed,"[0, 0, 0, 0, 0, 0, 0, 0, 1, 0, 0, 0, 0, 0, 0]"
NCERT_EffNucCharge_08,2,Li and Be,True,"Correct. Be has higher Z (4) than Li (3), and both have electrons in n=2, so Be has higher Z_eff.",none,correct,none,0.0,recall,high,reviewed,"[0, 0, 1, 0, 0, 0, 0, 0, 0, 0, 0, 0, 0, 0, 0]"
NCERT_EffNucCharge_08,3,N and O,False,"Incorrect. O has Z=8, N has Z=7; O has higher Z_eff. The trend increases across period.",z_03,conceptual_error,medium,0.0667,recall,high,reviewed,"[0, 0, 0, 1, 0, 0, 0, 0, 0, 0, 0, 0, 0, 0, 0]"
NCERT_EffNucCharge_08,4,F and Ne,False,"Incorrect. Ne has Z=10, F has Z=9; Ne has higher Z_eff. The student might think F has higher due to higher electronegativity.",z_03,conceptual_error,medium,0.0667,recall,high,reviewed,"[0, 0, 0, 1, 0, 0, 0, 0, 0, 0, 0, 0, 0, 0, 0]"
NCERT_EffNucCharge_09,1,3.85,False,Incorrect. This results from failing to group the 3s and 3p electrons together as required by Slaters rules.,z_08,conceptual_error,medium,0.0667,recall,high,reviewed,"[0, 0, 0, 0, 0, 0, 0, 0, 1, 0, 0, 0, 0, 0, 0]"
NCERT_EffNucCharge_09,2,3.50,True,Correct. Configuration is (1s2)(2s2 2p6)(3s2 3p1). Shielding = (2 x 0.35) + (8 x 0.85) + (2 x 1.00) = 9.50. Z_eff = 13 - 9.50 = 3.50.,none,correct,none,0.0,recall,high,reviewed,"[0, 0, 1, 0, 0, 0, 0, 0, 0, 0, 0, 0, 0, 0, 0]"
NCERT_EffNucCharge_09,3,4.15,False,Incorrect. This value results from incorrectly omitting the 3p electron from the same-group shielding calculation.,z_03,arithmetic_error,medium,0.0667,recall,high,reviewed,"[0, 0, 0, 1, 0, 0, 0, 0, 0, 0, 0, 0, 0, 0, 0]"
NCERT_EffNucCharge_09,4,2.50,False,Incorrect. This indicates a failure to properly weight the n-1 and n-2 shells.,z_03,conceptual_error,medium,0.0667,recall,high,reviewed,"[0, 0, 0, 1, 0, 0, 0, 0, 0, 0, 0, 0, 0, 0, 0]"
NCERT_EffNucCharge_10,1,9.2,False,"Incorrect. 11 - 2.2 = 8.8, not 9.2.",z_08,conceptual_error,medium,0.0667,recall,high,reviewed,"[0, 0, 0, 0, 0, 0, 0, 0, 1, 0, 0, 0, 0, 0, 0]"
NCERT_EffNucCharge_10,2,10.5,False,Incorrect.,z_02,conceptual_error,medium,0.0667,recall,high,reviewed,"[0, 0, 1, 0, 0, 0, 0, 0, 0, 0, 0, 0, 0, 0, 0]"
NCERT_EffNucCharge_10,3,8.8,True,Correct. Z_eff = Z - σ ⇒ σ = Z - Z_eff = 11 - 2.2 = 8.8.,none,correct,none,0.0,recall,high,reviewed,"[0, 0, 0, 1, 0, 0, 0, 0, 0, 0, 0, 0, 0, 0, 0]"
NCERT_EffNucCharge_10,4,11.0,False,Incorrect.,z_03,conceptual_error,medium,0.0667,recall,high,reviewed,"[0, 0, 0, 1, 0, 0, 0, 0, 0, 0, 0, 0, 0, 0, 0]"
NCERT_Shielding_01,1,The phenomenon where inner electrons are completely screened from the nucleus.,False,"Incorrect. Shielding is partial, not complete.",z_06,conceptual_error,medium,0.0667,application,high,reviewed,"[0, 0, 0, 0, 0, 0, 1, 0, 0, 0, 0, 0, 0, 0, 0]"
NCERT_Shielding_01,2,The tendency of electrons to occupy higher energy levels.,False,"Incorrect. This describes electron excitation, not shielding.",z_03,conceptual_error,medium,0.0667,application,high,reviewed,"[0, 0, 0, 1, 0, 0, 0, 0, 0, 0, 0, 0, 0, 0, 0]"
NCERT_Shielding_01,3,The attraction of the nucleus for outer electrons.,False,"Incorrect. That describes nuclear attraction, not shielding.",z_03,conceptual_error,medium,0.0667,application,high,reviewed,"[0, 0, 0, 1, 0, 0, 0, 0, 0, 0, 0, 0, 0, 0, 0]"
NCERT_Shielding_01,4,The repulsion between outer electrons and inner electrons that reduces the effective nuclear charge.,True,Correct. Shielding is the reduction in nuclear attraction experienced by an outer electron due to repulsion from inner electrons.,none,correct,none,0.0,application,high,reviewed,"[0, 0, 0, 0, 0, 0, 0, 0, 0, 0, 0, 0, 0, 1, 0]"
NCERT_Shielding_02,1,2p,False,"Incorrect. 2p orbitals have less penetration than 2s, so they shield less effectively.",z_06,conceptual_error,medium,0.0667,application,high,reviewed,"[0, 0, 0, 0, 0, 0, 1, 0, 0, 0, 0, 0, 0, 0, 0]"
NCERT_Shielding_02,2,3d,False,Incorrect. 3d orbitals are higher in energy and shield less effectively for valence electrons.,z_03,conceptual_error,medium,0.0667,application,high,reviewed,"[0, 0, 0, 1, 0, 0, 0, 0, 0, 0, 0, 0, 0, 0, 0]"
NCERT_Shielding_02,3,1s,True,Correct. 1s orbitals are closest to the nucleus and most effective at shielding.,none,correct,none,0.0,application,high,reviewed,"[0, 0, 0, 1, 0, 0, 0, 0, 0, 0, 0, 0, 0, 0, 0]"
NCERT_Shielding_02,4,2s,False,Incorrect. 2s penetrates more than 2p but less than 1s.,z_13,conceptual_error,medium,0.0667,application,high,reviewed,"[0, 0, 0, 0, 0, 0, 0, 0, 0, 0, 0, 0, 0, 1, 0]"
NCERT_Shielding_03,1,Principal quantum number (n),False,"Incorrect. While n influences distance, the shape (l) is more critical for penetration.",z_06,conceptual_error,medium,0.0667,application,high,reviewed,"[0, 0, 0, 0, 0, 0, 1, 0, 0, 0, 0, 0, 0, 0, 0]"
NCERT_Shielding_03,2,Spin quantum number (m_s),False,Incorrect. Spin does not affect shielding.,z_03,conceptual_error,medium,0.0667,application,high,reviewed,"[0, 0, 0, 1, 0, 0, 0, 0, 0, 0, 0, 0, 0, 0, 0]"
NCERT_Shielding_03,3,Magnetic quantum number (m_l),False,Incorrect. m_l does not affect shielding.,z_03,conceptual_error,medium,0.0667,application,high,reviewed,"[0, 0, 0, 1, 0, 0, 0, 0, 0, 0, 0, 0, 0, 0, 0]"
NCERT_Shielding_03,4,Azimuthal quantum number (l),True,Correct. The azimuthal quantum number determines orbital shape and penetration ability; lower l orbitals penetrate better and thus shield more effectively.,none,correct,none,0.0,application,high,reviewed,"[0, 0, 0, 0, 0, 0, 0, 0, 0, 0, 0, 0, 0, 1, 0]"
NCERT_Shielding_04,1,Electrons in the same shell provide perfect shielding for each other.,False,Incorrect. Same-shell electrons provide poor shielding because they are at similar distances.,z_06,conceptual_error,medium,0.0667,application,high,reviewed,"[0, 0, 0, 0, 0, 0, 1, 0, 0, 0, 0, 0, 0, 0, 0]"
NCERT_Shielding_04,2,Shielding is independent of the orbital shape.,False,Incorrect. Orbital shape strongly affects penetration and shielding ability.,z_03,conceptual_error,medium,0.0667,application,high,reviewed,"[0, 0, 0, 1, 0, 0, 0, 0, 0, 0, 0, 0, 0, 0, 0]"
NCERT_Shielding_04,3,Electrons in the same shell provide more shielding than electrons in inner shells.,False,Incorrect. Inner shells are far more effective at shielding than same-shell electrons.,z_03,conceptual_error,medium,0.0667,application,high,reviewed,"[0, 0, 0, 1, 0, 0, 0, 0, 0, 0, 0, 0, 0, 0, 0]"
NCERT_Shielding_04,4,Electrons in inner shells shield outer electrons more effectively than electrons in the same shell.,True,Correct. Inner-shell electrons are closer to the nucleus and are more effective at reducing the nuclear charge felt by outer electrons.,none,correct,none,0.0,application,high,reviewed,"[0, 0, 0, 0, 0, 0, 0, 0, 0, 0, 0, 0, 0, 1, 0]"
NCERT_Shielding_05,1,Because the principal quantum number decreases along the series.,False,"Incorrect. All of s, p, d, f being compared here share the same principal quantum number n; the difference in shielding comes from the azimuthal quantum number l, not from n.",z_06,conceptual_error,medium,0.0667,application,high,reviewed,"[0, 0, 0, 0, 0, 0, 1, 0, 0, 0, 0, 0, 0, 0, 0]"
NCERT_Shielding_05,2,Because the number of nodes in the radial wavefunction increases.,False,Incorrect. The number of nodes is related but the primary reason is penetration.,z_03,conceptual_error,medium,0.0667,application,high,reviewed,"[0, 0, 0, 1, 0, 0, 0, 0, 0, 0, 0, 0, 0, 0, 0]"
NCERT_Shielding_05,3,"Because the average distance from the nucleus increases, reducing the electron's ability to shield.",True,"Correct. s orbitals have the highest probability near the nucleus, thus they can shield inner nuclear charge better. p, d, f orbitals have less density near the nucleus, so they shield less effectively.",none,correct,none,0.0,application,high,reviewed,"[0, 0, 0, 1, 0, 0, 0, 0, 0, 0, 0, 0, 0, 0, 0]"
NCERT_Shielding_05,4,Because the nuclear charge increases along the series.,False,"Incorrect. All the given orbitals (s, p, d, f) here belong to the same principal quantum number n; the shielding difference comes from angular momentum (l), not n.",z_13,conceptual_error,medium,0.0667,application,high,reviewed,"[0, 0, 0, 0, 0, 0, 0, 0, 0, 0, 0, 0, 0, 1, 0]"
NCERT_Shielding_06,1,4.75,True,Correct. O configuration: 1s2 2s2 2p4. For a chosen 2p electron: other 2p electrons contribute 3 x 0.35 = 1.05; the two 2s electrons contribute 2 x 0.85 = 1.70; the two 1s electrons contribute 2 x 1.00 = 2.00. Total sigma = 1.05 + 1.70 + 2.00 = 4.75.,none,correct,none,0.0,application,high,reviewed,"[0, 0, 0, 0, 0, 0, 1, 0, 0, 0, 0, 0, 0, 0, 0]"
NCERT_Shielding_06,2,3.15,False,Incorrect. This value is too low for the sum of all three shielding contributions.,z_03,arithmetic_error,medium,0.0667,application,high,reviewed,"[0, 0, 0, 1, 0, 0, 0, 0, 0, 0, 0, 0, 0, 0, 0]"
NCERT_Shielding_06,3,4.10,False,Incorrect. This value undercounts the shielding contribution using the given constants.,z_03,arithmetic_error,medium,0.0667,application,high,reviewed,"[0, 0, 0, 1, 0, 0, 0, 0, 0, 0, 0, 0, 0, 0, 0]"
NCERT_Shielding_06,4,5.00,False,"Incorrect. This value overstates the total; the correct sum using the given constants is 4.75, not 5.00.",z_13,arithmetic_error,medium,0.0667,application,high,reviewed,"[0, 0, 0, 0, 0, 0, 0, 0, 0, 0, 0, 0, 0, 1, 0]"
NCERT_Shielding_07,1,Decrease in atomic radius across a period.,False,"Incorrect. Decrease in atomic radius is due to increasing Z_eff, which is a consequence of poor shielding.",z_06,conceptual_error,medium,0.0667,application,high,reviewed,"[0, 0, 0, 0, 0, 0, 1, 0, 0, 0, 0, 0, 0, 0, 0]"
NCERT_Shielding_07,2,Increase in ionization energy across a period.,False,"Incorrect. Increase in IE is due to increasing Z_eff, again due to poor shielding.",z_03,conceptual_error,medium,0.0667,application,high,reviewed,"[0, 0, 0, 1, 0, 0, 0, 0, 0, 0, 0, 0, 0, 0, 0]"
NCERT_Shielding_07,3,Increase in atomic radius down a group.,True,"Correct. Down a group, the addition of inner shells increases shielding, reducing Z_eff and increasing atomic radius.",none,correct,none,0.0,application,high,reviewed,"[0, 0, 0, 1, 0, 0, 0, 0, 0, 0, 0, 0, 0, 0, 0]"
NCERT_Shielding_07,4,Decrease in electronegativity across a period.,False,Incorrect. Electronegativity increases across a period due to increasing Z_eff.,z_13,conceptual_error,medium,0.0667,application,high,reviewed,"[0, 0, 0, 0, 0, 0, 0, 0, 0, 0, 0, 0, 0, 1, 0]"
NCERT_Shielding_08,1,Be and Mg,False,"Incorrect. Be (2s²) and Mg (3s²): Mg has one more shell, but the shielding increase is less than in alkali metals because the charge also changes.",z_06,conceptual_error,medium,0.0667,application,high,reviewed,"[0, 0, 0, 0, 0, 0, 1, 0, 0, 0, 0, 0, 0, 0, 0]"
NCERT_Shielding_08,2,Na and K,True,Correct. Na (3s¹) and K (4s¹): K has an entire extra shell (n=3) that provides significant additional shielding.,none,correct,none,0.0,application,high,reviewed,"[0, 0, 0, 1, 0, 0, 0, 0, 0, 0, 0, 0, 0, 0, 0]"
NCERT_Shielding_08,3,Li and Na,False,"Incorrect. Li (2s¹) and Na (3s¹): Na has one more shell than Li, but the difference is less than between Na and K.",z_03,conceptual_error,medium,0.0667,application,high,reviewed,"[0, 0, 0, 1, 0, 0, 0, 0, 0, 0, 0, 0, 0, 0, 0]"
NCERT_Shielding_08,4,C and Si,False,"Incorrect. C (2s²2p²) and Si (3s²3p²): Si has one more shell, similar difference to Be-Mg.",z_13,conceptual_error,medium,0.0667,application,high,reviewed,"[0, 0, 0, 0, 0, 0, 0, 0, 0, 0, 0, 0, 0, 1, 0]"
NCERT_Shielding_09,1,Both I and II are true,True,"Correct. (I) Lower l orbitals penetrate better and shield more effectively. (II) Down a group, more inner shells increase shielding.",none,correct,none,0.0,application,high,reviewed,"[0, 0, 0, 0, 0, 0, 1, 0, 0, 0, 0, 0, 0, 0, 0]"
NCERT_Shielding_09,2,Only I is true,False,Incorrect.,z_03,conceptual_error,medium,0.0667,application,high,reviewed,"[0, 0, 0, 1, 0, 0, 0, 0, 0, 0, 0, 0, 0, 0, 0]"
NCERT_Shielding_09,3,Only II is true,False,Incorrect.,z_03,conceptual_error,medium,0.0667,application,high,reviewed,"[0, 0, 0, 1, 0, 0, 0, 0, 0, 0, 0, 0, 0, 0, 0]"
NCERT_Shielding_09,4,Both I and II are false,False,Incorrect. Both statements are true.,z_13,conceptual_error,medium,0.0667,application,high,reviewed,"[0, 0, 0, 0, 0, 0, 0, 0, 0, 0, 0, 0, 0, 1, 0]"
NCERT_Shielding_10,1,s > p > d > f,True,Correct. s orbitals have highest penetration and best shielding; f have poorest.,none,correct,none,0.0,application,high,reviewed,"[0, 0, 0, 0, 0, 0, 1, 0, 0, 0, 0, 0, 0, 0, 0]"
NCERT_Shielding_10,2,f > d > p > s,False,Incorrect. This is the reverse order.,z_03,conceptual_error,medium,0.0667,application,high,reviewed,"[0, 0, 0, 1, 0, 0, 0, 0, 0, 0, 0, 0, 0, 0, 0]"
NCERT_Shielding_10,3,d > p > s > f,False,Incorrect. d orbitals shield less than p.,z_03,conceptual_error,medium,0.0667,application,high,reviewed,"[0, 0, 0, 1, 0, 0, 0, 0, 0, 0, 0, 0, 0, 0, 0]"
NCERT_Shielding_10,4,p > s > d > f,False,Incorrect. p orbitals shield less than s.,z_13,conceptual_error,medium,0.0667,application,high,reviewed,"[0, 0, 0, 0, 0, 0, 0, 0, 0, 0, 0, 0, 0, 1, 0]"
NCERT_OrbitalPen_01,1,The ability of an electron to avoid the nucleus.,False,Incorrect. Penetration is about closeness to nucleus.,z_03,conceptual_error,medium,0.0667,analysis,high,reviewed,"[0, 0, 0, 1, 0, 0, 0, 0, 0, 0, 0, 0, 0, 0, 0]"
NCERT_OrbitalPen_01,2,The tendency of an electron to move to a higher energy orbital.,False,"Incorrect. This describes excitation, not penetration.",z_09,conceptual_error,medium,0.0667,analysis,high,reviewed,"[0, 0, 0, 0, 0, 0, 0, 0, 0, 1, 0, 0, 0, 0, 0]"
NCERT_OrbitalPen_01,3,The process of an electron being captured by the nucleus.,False,Incorrect. This is not penetration.,z_10,conceptual_error,medium,0.0667,analysis,high,reviewed,"[0, 0, 0, 0, 0, 0, 0, 0, 0, 0, 1, 0, 0, 0, 0]"
NCERT_OrbitalPen_01,4,"The probability of an electron being found near the nucleus, reducing its shielding.",True,"Correct. Penetration refers to the electron's probability density close to the nucleus, which increases its effective nuclear charge.",none,correct,none,0.0,analysis,high,reviewed,"[0, 0, 0, 0, 0, 0, 0, 0, 0, 0, 1, 0, 0, 0, 0]"
NCERT_OrbitalPen_02,1,4s,False,"Incorrect. Although 4s is lower in energy than 3d for some atoms, within the same n, s always has highest penetration; here 3s has higher penetration than 4s because 4s is further from nucleus.",z_03,conceptual_error,medium,0.0667,analysis,high,reviewed,"[0, 0, 0, 1, 0, 0, 0, 0, 0, 0, 0, 0, 0, 0, 0]"
NCERT_OrbitalPen_02,2,3s,True,"Correct. For a given n, s orbitals have the highest penetration.",none,correct,none,0.0,analysis,high,reviewed,"[0, 0, 0, 0, 0, 0, 0, 0, 0, 1, 0, 0, 0, 0, 0]"
NCERT_OrbitalPen_02,3,3d,False,Incorrect. 3d penetrates less than 3p.,z_10,conceptual_error,medium,0.0667,analysis,high,reviewed,"[0, 0, 0, 0, 0, 0, 0, 0, 0, 0, 1, 0, 0, 0, 0]"
NCERT_OrbitalPen_02,4,3p,False,Incorrect. 3p penetrates less than 3s.,z_10,conceptual_error,medium,0.0667,analysis,high,reviewed,"[0, 0, 0, 0, 0, 0, 0, 0, 0, 0, 1, 0, 0, 0, 0]"
NCERT_OrbitalPen_03,1,s = p = d = f,False,Incorrect. They differ due to radial nodes and shape.,z_03,conceptual_error,medium,0.0667,analysis,high,reviewed,"[0, 0, 0, 1, 0, 0, 0, 0, 0, 0, 0, 0, 0, 0, 0]"
NCERT_OrbitalPen_03,2,s > p > d > f,True,Correct. Penetration decreases as azimuthal quantum number increases.,none,correct,none,0.0,analysis,high,reviewed,"[0, 0, 0, 0, 0, 0, 0, 0, 0, 1, 0, 0, 0, 0, 0]"
NCERT_OrbitalPen_03,3,p > s > d > f,False,Incorrect. p penetrates less than s.,z_10,conceptual_error,medium,0.0667,analysis,high,reviewed,"[0, 0, 0, 0, 0, 0, 0, 0, 0, 0, 1, 0, 0, 0, 0]"
NCERT_OrbitalPen_03,4,f > d > p > s,False,Incorrect. This is the reverse order.,z_10,conceptual_error,medium,0.0667,analysis,high,reviewed,"[0, 0, 0, 0, 0, 0, 0, 0, 0, 0, 1, 0, 0, 0, 0]"
NCERT_OrbitalPen_04,1,Relativistic effects,False,Incorrect. Relativistic effects become significant only for very heavy atoms.,z_03,conceptual_error,medium,0.0667,analysis,high,reviewed,"[0, 0, 0, 1, 0, 0, 0, 0, 0, 0, 0, 0, 0, 0, 0]"
NCERT_OrbitalPen_04,2,Nuclear charge,False,Incorrect. Nuclear charge alone would give 3d lower energy.,z_09,conceptual_error,medium,0.0667,analysis,high,reviewed,"[0, 0, 0, 0, 0, 0, 0, 0, 0, 1, 0, 0, 0, 0, 0]"
NCERT_OrbitalPen_04,3,Electron-electron repulsion and penetration effects,True,"Correct. Penetration allows 4s electrons to be closer to the nucleus on average, lowering its energy compared to 3d, despite having higher n.",none,correct,none,0.0,analysis,high,reviewed,"[0, 0, 0, 0, 0, 0, 0, 0, 0, 0, 1, 0, 0, 0, 0]"
NCERT_OrbitalPen_04,4,Magnetic interactions,False,Incorrect. Magnetic interactions are not the primary cause.,z_10,conceptual_error,medium,0.0667,analysis,high,reviewed,"[0, 0, 0, 0, 0, 0, 0, 0, 0, 0, 1, 0, 0, 0, 0]"
NCERT_OrbitalPen_05,1,A 2s electron has a higher probability of being near the nucleus than a 2p electron.,True,"Correct. The 2s orbital has a radial node at the nucleus and a small inner lobe, giving it higher probability near the nucleus compared to 2p.",none,correct,none,0.0,analysis,high,reviewed,"[0, 0, 0, 1, 0, 0, 0, 0, 0, 0, 0, 0, 0, 0, 0]"
NCERT_OrbitalPen_05,2,Penetration is independent of the principal quantum number.,False,"Incorrect. Penetration also depends on n; higher n orbitals have more nodes and can penetrate deeper, but within same n, l is the main factor.",z_09,conceptual_error,medium,0.0667,analysis,high,reviewed,"[0, 0, 0, 0, 0, 0, 0, 0, 0, 1, 0, 0, 0, 0, 0]"
NCERT_OrbitalPen_05,3,Penetration increases with increasing azimuthal quantum number.,False,Incorrect. Penetration decreases with increasing l.,z_10,conceptual_error,medium,0.0667,analysis,high,reviewed,"[0, 0, 0, 0, 0, 0, 0, 0, 0, 0, 1, 0, 0, 0, 0]"
NCERT_OrbitalPen_05,4,A 3d electron has a higher probability of being near the nucleus than a 3p electron.,False,"Incorrect. For the same n, p penetrates more than d.",z_10,conceptual_error,medium,0.0667,analysis,high,reviewed,"[0, 0, 0, 0, 0, 0, 0, 0, 0, 0, 1, 0, 0, 0, 0]"
NCERT_OrbitalPen_06,1,Decreasing Z_eff for orbitals that penetrate better.,False,"Incorrect. Better penetration leads to higher, not lower, Z_eff.",z_03,conceptual_error,medium,0.0667,analysis,high,reviewed,"[0, 0, 0, 1, 0, 0, 0, 0, 0, 0, 0, 0, 0, 0, 0]"
NCERT_OrbitalPen_06,2,Having no effect on Z_eff.,False,Incorrect. Penetration directly influences Z_eff.,z_09,conceptual_error,medium,0.0667,analysis,high,reviewed,"[0, 0, 0, 0, 0, 0, 0, 0, 0, 1, 0, 0, 0, 0, 0]"
NCERT_OrbitalPen_06,3,Increasing Z_eff for orbitals that penetrate better.,True,Correct. A penetrating orbital experiences a higher Z_eff because it spends more time close to the nucleus.,none,correct,none,0.0,analysis,high,reviewed,"[0, 0, 0, 0, 0, 0, 0, 0, 0, 0, 1, 0, 0, 0, 0]"
NCERT_OrbitalPen_06,4,Only affecting p and d orbitals.,False,"Incorrect. It affects all orbitals, but s orbitals most.",z_10,conceptual_error,medium,0.0667,analysis,high,reviewed,"[0, 0, 0, 0, 0, 0, 0, 0, 0, 0, 1, 0, 0, 0, 0]"
NCERT_OrbitalPen_07,1,The 3d orbital has a higher azimuthal quantum number.,False,"Incorrect. While l is higher for 3d (l=2 vs l=0 for 4s), the main reason is penetration.",z_03,conceptual_error,medium,0.0667,analysis,high,reviewed,"[0, 0, 0, 1, 0, 0, 0, 0, 0, 0, 0, 0, 0, 0, 0]"
NCERT_OrbitalPen_07,2,The 4s orbital has a higher energy than 3d.,False,Incorrect. 4s is lower in energy for K and Ca.,z_09,conceptual_error,medium,0.0667,analysis,high,reviewed,"[0, 0, 0, 0, 0, 0, 0, 0, 0, 1, 0, 0, 0, 0, 0]"
NCERT_OrbitalPen_07,3,The 4s orbital has higher penetration and thus lower energy than 3d.,True,"Correct. Due to penetration, the 4s orbital experiences a higher Z_eff and has lower energy than 3d for these atoms.",none,correct,none,0.0,analysis,high,reviewed,"[0, 0, 0, 0, 0, 0, 0, 0, 0, 0, 1, 0, 0, 0, 0]"
NCERT_OrbitalPen_07,4,The 4s orbital has a lower principal quantum number.,False,Incorrect. 4s has a higher n than 3d.,z_10,conceptual_error,medium,0.0667,analysis,high,reviewed,"[0, 0, 0, 0, 0, 0, 0, 0, 0, 0, 1, 0, 0, 0, 0]"
NCERT_OrbitalPen_08,1,np > ns > nd > nf,False,Incorrect. s penetrates more than p.,z_03,conceptual_error,medium,0.0667,analysis,high,reviewed,"[0, 0, 0, 1, 0, 0, 0, 0, 0, 0, 0, 0, 0, 0, 0]"
NCERT_OrbitalPen_08,2,ns = np = nd = nf,False,Incorrect. They differ.,z_09,conceptual_error,medium,0.0667,analysis,high,reviewed,"[0, 0, 0, 0, 0, 0, 0, 0, 0, 1, 0, 0, 0, 0, 0]"
NCERT_OrbitalPen_08,3,nf > nd > np > ns,False,Incorrect. This is the reverse.,z_10,conceptual_error,medium,0.0667,analysis,high,reviewed,"[0, 0, 0, 0, 0, 0, 0, 0, 0, 0, 1, 0, 0, 0, 0]"
NCERT_OrbitalPen_08,4,ns > np > nd > nf,True,"Correct. s orbitals have highest penetration, then p, then d, then f.",none,correct,none,0.0,analysis,high,reviewed,"[0, 0, 0, 0, 0, 0, 0, 0, 0, 0, 1, 0, 0, 0, 0]"
NCERT_OrbitalPen_09,1,The 2s electron in B penetrates more because of higher nuclear charge.,False,"Incorrect. This reverses the actual principle - penetration is a property of the orbital's radial distribution (n and l), not of the atom's nuclear charge.",z_03,conceptual_error,medium,0.0667,analysis,high,reviewed,"[0, 0, 0, 1, 0, 0, 0, 0, 0, 0, 0, 0, 0, 0, 0]"
NCERT_OrbitalPen_09,2,Penetration is independent of atomic number.,True,"Correct. Penetration is determined entirely by an orbital's quantum numbers (n and l); for the same orbital type (2s in both Be and B), penetration behavior is unaffected by the different nuclear charges.",none,correct,none,0.0,analysis,high,reviewed,"[0, 0, 0, 0, 0, 0, 0, 0, 0, 1, 0, 0, 0, 0, 0]"
NCERT_OrbitalPen_09,3,The 2s electron in Be penetrates more because of lower nuclear charge.,False,"Incorrect. Nuclear charge affects how tightly electron density is held, but it does not change which orbital type penetrates more toward the nucleus.",z_10,conceptual_error,medium,0.0667,analysis,high,reviewed,"[0, 0, 0, 0, 0, 0, 0, 0, 0, 0, 1, 0, 0, 0, 0]"
NCERT_OrbitalPen_09,4,Both have the same penetration because they are the same orbital type.,False,"Incorrect. This is true but imprecise - penetration is independent of Z specifically because it depends only on the orbital's n and l values (option 3), not simply because the orbital 'type' is nominally the same.",z_10,arithmetic_error,medium,0.0667,analysis,high,reviewed,"[0, 0, 0, 0, 0, 0, 0, 0, 0, 0, 1, 0, 0, 0, 0]"
NCERT_OrbitalPen_10,1,Its lower energy compared to 2p.,True,"Correct. The inner peak allows the 2s electron to experience greater Z_eff, lowering its energy relative to 2p.",none,correct,none,0.0,analysis,high,reviewed,"[0, 0, 0, 1, 0, 0, 0, 0, 0, 0, 0, 0, 0, 0, 0]"
NCERT_OrbitalPen_10,2,Its larger size compared to 2p.,False,Incorrect. Size is related to the average distance; 2s and 2p have similar size.,z_09,conceptual_error,medium,0.0667,analysis,high,reviewed,"[0, 0, 0, 0, 0, 0, 0, 0, 0, 1, 0, 0, 0, 0, 0]"
NCERT_OrbitalPen_10,3,Its higher energy compared to 2p.,False,Incorrect. 2s is lower in energy than 2p due to penetration.,z_10,conceptual_error,medium,0.0667,analysis,high,reviewed,"[0, 0, 0, 0, 0, 0, 0, 0, 0, 0, 1, 0, 0, 0, 0]"
NCERT_OrbitalPen_10,4,Its inability to form bonds.,False,Incorrect. Both can form bonds.,z_10,conceptual_error,medium,0.0667,analysis,high,reviewed,"[0, 0, 0, 0, 0, 0, 0, 0, 0, 0, 1, 0, 0, 0, 0]"
NCERT_ElecRep_01,1,The force that causes electrons to pair in orbitals.,False,"Incorrect. This is a consequence of repulsion, but not the definition.",z_07,conceptual_error,medium,0.0667,recall,high,reviewed,"[0, 0, 0, 0, 0, 0, 0, 1, 0, 0, 0, 0, 0, 0, 0]"
NCERT_ElecRep_01,2,The attractive force between the nucleus and electrons.,False,Incorrect. That describes nuclear attraction.,z_08,conceptual_error,medium,0.0667,recall,high,reviewed,"[0, 0, 0, 0, 0, 0, 0, 0, 1, 0, 0, 0, 0, 0, 0]"
NCERT_ElecRep_01,3,The repulsive force between electrons due to their like charges.,True,Correct. Electron-electron repulsion is the electrostatic repulsion between negatively charged electrons.,none,correct,none,0.0,recall,high,reviewed,"[0, 0, 0, 0, 0, 1, 0, 0, 0, 0, 0, 0, 0, 0, 0]"
NCERT_ElecRep_01,4,The energy released when an electron is added to an atom.,False,Incorrect. This is electron gain enthalpy.,z_05,conceptual_error,medium,0.0667,recall,high,reviewed,"[0, 0, 0, 0, 0, 1, 0, 0, 0, 0, 0, 0, 0, 0, 0]"
NCERT_ElecRep_02,1,It increases Z_eff because electrons attract each other.,False,Incorrect. Repulsion does not increase Z_eff.,z_07,conceptual_error,medium,0.0667,recall,high,reviewed,"[0, 0, 0, 0, 0, 0, 0, 1, 0, 0, 0, 0, 0, 0, 0]"
NCERT_ElecRep_02,2,"It only affects core electrons, not valence electrons.",False,"Incorrect. Repulsion affects all electrons, though valence electrons are influenced by inner electrons as well.",z_08,conceptual_error,medium,0.0667,recall,high,reviewed,"[0, 0, 0, 0, 0, 0, 0, 0, 1, 0, 0, 0, 0, 0, 0]"
NCERT_ElecRep_02,3,It decreases Z_eff because repulsion counteracts nuclear attraction.,True,"Correct. The repulsion from other electrons reduces the net nuclear pull, effectively decreasing Z_eff.",none,correct,none,0.0,recall,high,reviewed,"[0, 0, 0, 0, 0, 1, 0, 0, 0, 0, 0, 0, 0, 0, 0]"
NCERT_ElecRep_02,4,It has no effect on Z_eff.,False,"Incorrect. Electron-electron repulsion is part of the shielding effect, which directly affects Z_eff.",z_05,conceptual_error,medium,0.0667,recall,high,reviewed,"[0, 0, 0, 0, 0, 1, 0, 0, 0, 0, 0, 0, 0, 0, 0]"
NCERT_ElecRep_03,1,Higher electron-electron repulsion in the 2p orbital of oxygen.,True,"Correct. Oxygen has a paired electron in the 2p orbital, causing increased repulsion, making it easier to remove one electron.",none,correct,none,0.0,recall,high,reviewed,"[0, 0, 0, 0, 0, 0, 0, 1, 0, 0, 0, 0, 0, 0, 0]"
NCERT_ElecRep_03,2,Higher shielding by inner electrons in oxygen.,False,Incorrect. Shielding from inner electrons is similar for N and O.,z_08,conceptual_error,medium,0.0667,recall,high,reviewed,"[0, 0, 0, 0, 0, 0, 0, 0, 1, 0, 0, 0, 0, 0, 0]"
NCERT_ElecRep_03,3,Smaller atomic radius of oxygen.,False,"Incorrect. Atomic radius of O is actually smaller, which would increase IE, but the observed IE is lower, so repulsion dominates.",z_05,conceptual_error,medium,0.0667,recall,high,reviewed,"[0, 0, 0, 0, 0, 1, 0, 0, 0, 0, 0, 0, 0, 0, 0]"
NCERT_ElecRep_03,4,Higher effective nuclear charge in oxygen.,False,"Incorrect. Z_eff is higher for O, which would increase IE, but repulsion overcomes this effect.",z_05,conceptual_error,medium,0.0667,recall,high,reviewed,"[0, 0, 0, 0, 0, 1, 0, 0, 0, 0, 0, 0, 0, 0, 0]"
NCERT_ElecRep_04,1,Repulsion decreases as the distance between electrons increases.,True,Correct. Coulombic repulsion is inversely proportional to distance; greater distance means lower repulsion.,none,correct,none,0.0,recall,high,reviewed,"[0, 0, 0, 0, 0, 0, 0, 1, 0, 0, 0, 0, 0, 0, 0]"
NCERT_ElecRep_04,2,Repulsion between electrons in different subshells is always higher than in the same subshell.,False,Incorrect. It depends on the specific subshells.,z_08,conceptual_error,medium,0.0667,recall,high,reviewed,"[0, 0, 0, 0, 0, 0, 0, 0, 1, 0, 0, 0, 0, 0, 0]"
NCERT_ElecRep_04,3,Repulsion between two electrons in the same orbital is higher than between electrons in different orbitals of the same subshell.,False,"Incorrect. Electrons in the same orbital do repel strongly due to their close proximity, but that is not the general principle being tested here; repulsion is governed by distance between charges regardless of which orbitals are involved.",z_05,conceptual_error,medium,0.0667,recall,high,reviewed,"[0, 0, 0, 0, 0, 1, 0, 0, 0, 0, 0, 0, 0, 0, 0]"
NCERT_ElecRep_04,4,Electron-electron repulsion does not depend on the orbital shapes.,False,Incorrect. Orbital shapes affect the probability distribution and thus average distances.,z_05,conceptual_error,medium,0.0667,recall,high,reviewed,"[0, 0, 0, 0, 0, 1, 0, 0, 0, 0, 0, 0, 0, 0, 0]"
NCERT_ElecRep_05,1,Larger atomic radius of fluorine.,False,"Incorrect. Fluorine has a smaller radius, not larger.",z_07,conceptual_error,medium,0.0667,recall,high,reviewed,"[0, 0, 0, 0, 0, 0, 0, 1, 0, 0, 0, 0, 0, 0, 0]"
NCERT_ElecRep_05,2,Lower electronegativity of fluorine.,False,"Incorrect. Fluorine is more electronegative than Cl, so this doesn't explain the anomaly.",z_08,conceptual_error,medium,0.0667,recall,high,reviewed,"[0, 0, 0, 0, 0, 0, 0, 0, 1, 0, 0, 0, 0, 0, 0]"
NCERT_ElecRep_05,3,Lower nuclear charge of fluorine.,False,"Incorrect. Nuclear charge is lower in F (9 vs 17), but that alone would not cause the anomaly; the repulsion is key.",z_05,conceptual_error,medium,0.0667,recall,high,reviewed,"[0, 0, 0, 0, 0, 1, 0, 0, 0, 0, 0, 0, 0, 0, 0]"
NCERT_ElecRep_05,4,Higher electron-electron repulsion in the small 2p orbital of fluorine.,True,"Correct. Fluorine's 2p subshell is very small; adding an electron increases repulsion significantly, making the process less exothermic than expected.",none,correct,none,0.0,recall,high,reviewed,"[0, 0, 0, 0, 0, 1, 0, 0, 0, 0, 0, 0, 0, 0, 0]"
NCERT_ElecRep_06,1,Nitrogen atom (Z=7),False,"Incorrect. N has 3 unpaired electrons, repulsion is present but not maximal.",z_07,conceptual_error,medium,0.0667,recall,high,reviewed,"[0, 0, 0, 0, 0, 0, 0, 1, 0, 0, 0, 0, 0, 0, 0]"
NCERT_ElecRep_06,2,Neon atom (Z=10),True,"Correct. Ne has 6 electrons in 2p, fully paired. The highest number of electrons in the same shell leads to maximum repulsion, though paired electrons in the same orbital cause the greatest repulsion. But Ne has three pairs, so total repulsion is highest.",none,correct,none,0.0,recall,high,reviewed,"[0, 0, 0, 0, 0, 0, 0, 0, 1, 0, 0, 0, 0, 0, 0]"
NCERT_ElecRep_06,3,Oxygen atom (Z=8),False,"Incorrect. O has 4 electrons in 2p, with one pair.",z_05,conceptual_error,medium,0.0667,recall,high,reviewed,"[0, 0, 0, 0, 0, 1, 0, 0, 0, 0, 0, 0, 0, 0, 0]"
NCERT_ElecRep_06,4,Fluorine atom (Z=9),False,"Incorrect. F has 5 electrons in 2p, with two pairs.",z_05,conceptual_error,medium,0.0667,recall,high,reviewed,"[0, 0, 0, 0, 0, 1, 0, 0, 0, 0, 0, 0, 0, 0, 0]"
NCERT_ElecRep_07,1,Increasing effective nuclear charge outweighing repulsion.,True,"Correct. Although repulsion increases, the increase in Z_eff is greater, pulling electrons closer.",none,correct,none,0.0,recall,high,reviewed,"[0, 0, 0, 0, 0, 0, 0, 1, 0, 0, 0, 0, 0, 0, 0]"
NCERT_ElecRep_07,2,Increasing electron-electron repulsion expanding the atom.,False,"Incorrect. Repulsion increases, but the effect of Z_eff dominates, causing contraction.",z_08,conceptual_error,medium,0.0667,recall,high,reviewed,"[0, 0, 0, 0, 0, 0, 0, 0, 1, 0, 0, 0, 0, 0, 0]"
NCERT_ElecRep_07,3,Decreasing electron-electron repulsion.,False,Incorrect. Repulsion actually increases across a period.,z_05,conceptual_error,medium,0.0667,recall,high,reviewed,"[0, 0, 0, 0, 0, 1, 0, 0, 0, 0, 0, 0, 0, 0, 0]"
NCERT_ElecRep_07,4,Decreasing nuclear charge.,False,Incorrect. Nuclear charge increases.,z_05,conceptual_error,medium,0.0667,recall,high,reviewed,"[0, 0, 0, 0, 0, 1, 0, 0, 0, 0, 0, 0, 0, 0, 0]"
NCERT_ElecRep_08,1,Repulsion has no effect on IE.,False,Incorrect. Repulsion is a key factor in determining IE.,z_07,conceptual_error,medium,0.0667,recall,high,reviewed,"[0, 0, 0, 0, 0, 0, 0, 1, 0, 0, 0, 0, 0, 0, 0]"
NCERT_ElecRep_08,2,Higher repulsion makes it easier to remove an electron.,True,"Correct. Increased repulsion reduces the net attraction, lowering the energy needed to remove an electron.",none,correct,none,0.0,recall,high,reviewed,"[0, 0, 0, 0, 0, 0, 0, 0, 1, 0, 0, 0, 0, 0, 0]"
NCERT_ElecRep_08,3,Repulsion only affects IE of cations.,False,Incorrect. Repulsion affects neutral atoms as well.,z_05,conceptual_error,medium,0.0667,recall,high,reviewed,"[0, 0, 0, 0, 0, 1, 0, 0, 0, 0, 0, 0, 0, 0, 0]"
NCERT_ElecRep_08,4,Higher repulsion makes it harder to remove an electron.,False,Incorrect. Repulsion actually helps remove an electron because the electron is less tightly held.,z_05,conceptual_error,medium,0.0667,recall,high,reviewed,"[0, 0, 0, 0, 0, 1, 0, 0, 0, 0, 0, 0, 0, 0, 0]"
NCERT_ElecRep_09,1,Decreased atomic radius.,False,"Incorrect. Atomic radius decreases, which would increase IE, opposite to observation.",z_07,conceptual_error,medium,0.0667,recall,high,reviewed,"[0, 0, 0, 0, 0, 0, 0, 1, 0, 0, 0, 0, 0, 0, 0]"
NCERT_ElecRep_09,2,Electron-electron repulsion in the p⁴ configuration.,True,"Correct. Both O and S have a p⁴ configuration with one paired electron, leading to higher repulsion and lower IE compared to their preceding elements (p³ half-filled stable configuration).",none,correct,none,0.0,recall,high,reviewed,"[0, 0, 0, 0, 0, 0, 0, 0, 1, 0, 0, 0, 0, 0, 0]"
NCERT_ElecRep_09,3,Increased shielding.,False,Incorrect. Shielding does not increase significantly.,z_05,conceptual_error,medium,0.0667,recall,high,reviewed,"[0, 0, 0, 0, 0, 1, 0, 0, 0, 0, 0, 0, 0, 0, 0]"
NCERT_ElecRep_09,4,Increased nuclear charge.,False,"Incorrect. Nuclear charge is higher in O and S, which would increase IE, not decrease.",z_05,conceptual_error,medium,0.0667,recall,high,reviewed,"[0, 0, 0, 0, 0, 1, 0, 0, 0, 0, 0, 0, 0, 0, 0]"
NCERT_ElecRep_10,1,"Shielding is a consequence of electron-electron repulsion, but also involves orbital penetration.",True,"Correct. The shielding effect arises from both repulsion and the fact that inner electrons occupy space closer to the nucleus, reducing the net nuclear charge felt by outer electrons.",none,correct,none,0.0,recall,high,reviewed,"[0, 0, 0, 0, 0, 0, 0, 1, 0, 0, 0, 0, 0, 0, 0]"
NCERT_ElecRep_10,2,Shielding is caused entirely by electron-electron repulsion.,False,Incorrect. Shielding is not entirely caused by repulsion; it also involves the fact that inner electrons are between the nucleus and outer electrons.,z_08,conceptual_error,medium,0.0667,recall,high,reviewed,"[0, 0, 0, 0, 0, 0, 0, 0, 1, 0, 0, 0, 0, 0, 0]"
NCERT_ElecRep_10,3,Shielding and electron-electron repulsion are unrelated.,False,Incorrect. They are closely related.,z_05,conceptual_error,medium,0.0667,recall,high,reviewed,"[0, 0, 0, 0, 0, 1, 0, 0, 0, 0, 0, 0, 0, 0, 0]"
NCERT_ElecRep_10,4,Electron-electron repulsion is the cause of the shielding effect.,False,"Incorrect. Repulsion is part of it, but shielding also includes the spatial distribution of inner electrons.",z_05,conceptual_error,medium,0.0667,recall,high,reviewed,"[0, 0, 0, 0, 0, 1, 0, 0, 0, 0, 0, 0, 0, 0, 0]"
NCERT_EnergySplit_01,1,The process of electrons jumping between energy levels.,False,Incorrect. That describes electronic transitions.,z_05,conceptual_error,medium,0.0667,recall,high,reviewed,"[0, 0, 0, 0, 0, 1, 0, 0, 0, 0, 0, 0, 0, 0, 0]"
NCERT_EnergySplit_01,2,The separation of energy levels in a molecule.,False,Incorrect. That is molecular orbital splitting.,z_07,conceptual_error,medium,0.0667,recall,high,reviewed,"[0, 0, 0, 0, 0, 0, 0, 1, 0, 0, 0, 0, 0, 0, 0]"
NCERT_EnergySplit_01,3,The splitting of spectral lines in a magnetic field.,False,Incorrect. That describes the Zeeman effect.,z_07,conceptual_error,medium,0.0667,recall,high,reviewed,"[0, 0, 0, 0, 0, 0, 0, 1, 0, 0, 0, 0, 0, 0, 0]"
NCERT_EnergySplit_01,4,The phenomenon where orbitals of the same principal quantum number have different energies due to electron-electron interactions.,True,"Correct. In multi-electron atoms, s, p, d orbitals of the same n have different energies due to shielding and penetration effects.",none,correct,none,0.0,recall,high,reviewed,"[0, 0, 0, 0, 0, 0, 0, 0, 0, 0, 0, 0, 0, 0, 1]"
NCERT_EnergySplit_02,1,The 3s orbital has more electrons.,False,Incorrect. Number of electrons is not the determining factor for orbital energy ordering.,z_05,conceptual_error,medium,0.0667,recall,high,reviewed,"[0, 0, 0, 0, 0, 1, 0, 0, 0, 0, 0, 0, 0, 0, 0]"
NCERT_EnergySplit_02,2,"The 3s orbital penetrates closer to the nucleus, experiencing higher Z_eff.",True,Correct. Penetration of the 3s orbital leads to lower energy.,none,correct,none,0.0,recall,high,reviewed,"[0, 0, 0, 0, 0, 0, 0, 1, 0, 0, 0, 0, 0, 0, 0]"
NCERT_EnergySplit_02,3,The 3s orbital has a lower principal quantum number.,False,Incorrect. Both have n=3.,z_07,conceptual_error,medium,0.0667,recall,high,reviewed,"[0, 0, 0, 0, 0, 0, 0, 1, 0, 0, 0, 0, 0, 0, 0]"
NCERT_EnergySplit_02,4,The 3p orbital has a higher nuclear charge.,False,Incorrect. The nuclear charge is the same for both orbitals in the same atom.,z_14,conceptual_error,medium,0.0667,recall,high,reviewed,"[0, 0, 0, 0, 0, 0, 0, 0, 0, 0, 0, 0, 0, 0, 1]"
NCERT_EnergySplit_03,1,4s = 4p = 4d = 4f,False,Incorrect. They are not degenerate in multi-electron atoms.,z_05,conceptual_error,medium,0.0667,recall,high,reviewed,"[0, 0, 0, 0, 0, 1, 0, 0, 0, 0, 0, 0, 0, 0, 0]"
NCERT_EnergySplit_03,2,4p < 4s < 4d < 4f,False,Incorrect. s is lower than p.,z_07,conceptual_error,medium,0.0667,recall,high,reviewed,"[0, 0, 0, 0, 0, 0, 0, 1, 0, 0, 0, 0, 0, 0, 0]"
NCERT_EnergySplit_03,3,4f < 4d < 4p < 4s,False,Incorrect. This is the reverse order.,z_07,conceptual_error,medium,0.0667,recall,high,reviewed,"[0, 0, 0, 0, 0, 0, 0, 1, 0, 0, 0, 0, 0, 0, 0]"
NCERT_EnergySplit_03,4,4s < 4p < 4d < 4f,True,"Correct. Due to penetration, s has lowest energy, then p, then d, then f for the same n.",none,correct,none,0.0,recall,high,reviewed,"[0, 0, 0, 0, 0, 0, 0, 0, 0, 0, 0, 0, 0, 0, 1]"
NCERT_EnergySplit_04,1,Magnetic interactions between electrons.,False,Incorrect. Magnetic interactions cause fine structure but not the gross splitting.,z_05,conceptual_error,medium,0.0667,recall,high,reviewed,"[0, 0, 0, 0, 0, 1, 0, 0, 0, 0, 0, 0, 0, 0, 0]"
NCERT_EnergySplit_04,2,Nuclear spin.,False,"Incorrect. Nuclear spin affects hyperfine structure, not orbital energy ordering.",z_07,conceptual_error,medium,0.0667,recall,high,reviewed,"[0, 0, 0, 0, 0, 0, 0, 1, 0, 0, 0, 0, 0, 0, 0]"
NCERT_EnergySplit_04,3,Relativistic effects.,False,Incorrect. Relativistic effects are significant only for heavy atoms.,z_07,conceptual_error,medium,0.0667,recall,high,reviewed,"[0, 0, 0, 0, 0, 0, 0, 1, 0, 0, 0, 0, 0, 0, 0]"
NCERT_EnergySplit_04,4,Differences in the distance from the nucleus and orbital penetration.,True,"Correct. Orbitals with different azimuthal quantum numbers have different radial distributions, leading to different average distances and penetration, hence different energies.",none,correct,none,0.0,recall,high,reviewed,"[0, 0, 0, 0, 0, 0, 0, 0, 0, 0, 0, 0, 0, 0, 1]"
NCERT_EnergySplit_05,1,The 3d orbital has higher energy than 4s in all atoms.,False,"Incorrect. For K and Ca, 4s is lower than 3d; for transition metals, 3d becomes lower after filling.",z_05,conceptual_error,medium,0.0667,recall,high,reviewed,"[0, 0, 0, 0, 0, 1, 0, 0, 0, 0, 0, 0, 0, 0, 0]"
NCERT_EnergySplit_05,2,Energy level splitting is independent of atomic number.,False,Incorrect. Splitting depends on Z and electron configuration.,z_07,conceptual_error,medium,0.0667,recall,high,reviewed,"[0, 0, 0, 0, 0, 0, 0, 1, 0, 0, 0, 0, 0, 0, 0]"
NCERT_EnergySplit_05,3,"In multi-electron atoms, orbitals with the same n but different l are non-degenerate.",True,"Correct. Because of penetration, s, p, d, f orbitals of the same n have different energies.",none,correct,none,0.0,recall,high,reviewed,"[0, 0, 0, 0, 0, 0, 0, 1, 0, 0, 0, 0, 0, 0, 0]"
NCERT_EnergySplit_05,4,The energy order of orbitals in hydrogen is the same as in multi-electron atoms.,False,"Incorrect. In hydrogen, all orbitals with same n are degenerate.",z_14,conceptual_error,medium,0.0667,recall,high,reviewed,"[0, 0, 0, 0, 0, 0, 0, 0, 0, 0, 0, 0, 0, 0, 1]"
NCERT_EnergySplit_06,1,Ionization energy increases across a period.,False,Incorrect. IE trend is due to Z_eff.,z_05,conceptual_error,medium,0.0667,recall,high,reviewed,"[0, 0, 0, 0, 0, 1, 0, 0, 0, 0, 0, 0, 0, 0, 0]"
NCERT_EnergySplit_06,2,The electron configuration of potassium is [Ar]4s¹ rather than [Ar]3d¹.,True,"Correct. Because 4s has lower energy than 3d in potassium, the 4s orbital is filled first.",none,correct,none,0.0,recall,high,reviewed,"[0, 0, 0, 0, 0, 0, 0, 1, 0, 0, 0, 0, 0, 0, 0]"
NCERT_EnergySplit_06,3,Electronegativity increases across a period.,False,Incorrect. Electronegativity trend is due to Z_eff and atomic size.,z_07,conceptual_error,medium,0.0667,recall,high,reviewed,"[0, 0, 0, 0, 0, 0, 0, 1, 0, 0, 0, 0, 0, 0, 0]"
NCERT_EnergySplit_06,4,The atomic radius decreases across a period.,False,Incorrect. Radius trend is explained by Z_eff.,z_14,conceptual_error,medium,0.0667,recall,high,reviewed,"[0, 0, 0, 0, 0, 0, 0, 0, 0, 0, 0, 0, 0, 0, 1]"
NCERT_EnergySplit_07,1,"3d (n=3, l=2)",False,"Incorrect. 3d has (n+l)=5, higher than 4s.",z_05,conceptual_error,medium,0.0667,recall,high,reviewed,"[0, 0, 0, 0, 0, 1, 0, 0, 0, 0, 0, 0, 0, 0, 0]"
NCERT_EnergySplit_07,2,"5s (n=5, l=0)",False,"Incorrect. 5s has (n+l)=5, but n is higher than 4s, so it has higher energy than 4s.",z_07,conceptual_error,medium,0.0667,recall,high,reviewed,"[0, 0, 0, 0, 0, 0, 0, 1, 0, 0, 0, 0, 0, 0, 0]"
NCERT_EnergySplit_07,3,"4p (n=4, l=1)",False,"Incorrect. 4p has (n+l)=5, higher than 4s.",z_07,conceptual_error,medium,0.0667,recall,high,reviewed,"[0, 0, 0, 0, 0, 0, 0, 1, 0, 0, 0, 0, 0, 0, 0]"
NCERT_EnergySplit_07,4,"4s (n=4, l=0)",True,"Correct. (n+l) for 4s = 4, for 3d = 5, for 4p = 5, for 5s = 5. Lower (n+l) gives lower energy; when equal, lower n gives lower energy. So 4s has lowest energy.",none,correct,none,0.0,recall,high,reviewed,"[0, 0, 0, 0, 0, 0, 0, 0, 0, 0, 0, 0, 0, 0, 1]"
NCERT_EnergySplit_08,1,Because 3d has a higher principal quantum number than 4s.,False,"Incorrect. This has the principal quantum numbers backwards - 3d has n=3, which is lower than 4s's n=4. Energy ordering here is governed mainly by penetration, not by n alone.",z_05,conceptual_error,medium,0.0667,recall,high,reviewed,"[0, 0, 0, 0, 0, 1, 0, 0, 0, 0, 0, 0, 0, 0, 0]"
NCERT_EnergySplit_08,2,Because the 3d orbital has a higher azimuthal quantum number.,False,"Incorrect. While l is higher for 3d, the main reason is penetration.",z_07,conceptual_error,medium,0.0667,recall,high,reviewed,"[0, 0, 0, 0, 0, 0, 0, 1, 0, 0, 0, 0, 0, 0, 0]"
NCERT_EnergySplit_08,3,Because the 4s orbital has a higher nuclear charge.,False,Incorrect. Nuclear charge is same for both orbitals in the same atom.,z_07,conceptual_error,medium,0.0667,recall,high,reviewed,"[0, 0, 0, 0, 0, 0, 0, 1, 0, 0, 0, 0, 0, 0, 0]"
NCERT_EnergySplit_08,4,"Because the 4s orbital penetrates more, reducing its energy relative to 3d.",True,"Correct. In K, the 4s orbital's penetration makes its energy lower than 3d, despite having higher n.",none,correct,none,0.0,recall,high,reviewed,"[0, 0, 0, 0, 0, 0, 0, 0, 0, 0, 0, 0, 0, 0, 1]"
NCERT_EnergySplit_09,1,Only II is true,False,Incorrect.,z_05,conceptual_error,medium,0.0667,recall,high,reviewed,"[0, 0, 0, 0, 0, 1, 0, 0, 0, 0, 0, 0, 0, 0, 0]"
NCERT_EnergySplit_09,2,Both I and II are false,False,Incorrect. Both are true.,z_07,conceptual_error,medium,0.0667,recall,high,reviewed,"[0, 0, 0, 0, 0, 0, 0, 1, 0, 0, 0, 0, 0, 0, 0]"
NCERT_EnergySplit_09,3,Both I and II are true,True,"Correct. In hydrogen, only n determines energy (degenerate). In multi-electron atoms, l also matters, causing splitting.",none,correct,none,0.0,recall,high,reviewed,"[0, 0, 0, 0, 0, 0, 0, 1, 0, 0, 0, 0, 0, 0, 0]"
NCERT_EnergySplit_09,4,Only I is true,False,Incorrect.,z_14,conceptual_error,medium,0.0667,recall,high,reviewed,"[0, 0, 0, 0, 0, 0, 0, 0, 0, 0, 0, 0, 0, 0, 1]"
NCERT_EnergySplit_10,1,The Aufbau principle,True,Correct. The order in which orbitals are filled (Aufbau) is a direct consequence of the energy ordering (splitting) in multi-electron atoms.,none,correct,none,0.0,recall,high,reviewed,"[0, 0, 0, 0, 0, 1, 0, 0, 0, 0, 0, 0, 0, 0, 0]"
NCERT_EnergySplit_10,2,The Heisenberg uncertainty principle,False,Incorrect. Heisenberg principle deals with uncertainty in position and momentum.,z_07,conceptual_error,medium,0.0667,recall,high,reviewed,"[0, 0, 0, 0, 0, 0, 0, 1, 0, 0, 0, 0, 0, 0, 0]"
NCERT_EnergySplit_10,3,The Pauli exclusion principle,False,Incorrect. Pauli principle deals with quantum numbers and electron identity.,z_07,conceptual_error,medium,0.0667,recall,high,reviewed,"[0, 0, 0, 0, 0, 0, 0, 1, 0, 0, 0, 0, 0, 0, 0]"
NCERT_EnergySplit_10,4,Hund's rule,False,Incorrect. Hund's rule deals with electron pairing within degenerate orbitals.,z_14,conceptual_error,medium,0.0667,recall,high,reviewed,"[0, 0, 0, 0, 0, 0, 0, 0, 0, 0, 0, 0, 0, 0, 1]"
NCERT_ChargeDensity_01,1,The ratio of atomic number to atomic radius.,False,"Incorrect. Z/r for an atom is nuclear charge/radius, but for ions we consider ionic charge.",z_03,conceptual_error,medium,0.0667,analysis,high,reviewed,"[0, 0, 0, 1, 0, 0, 0, 0, 0, 0, 0, 0, 0, 0, 0]"
NCERT_ChargeDensity_01,2,The ratio of mass to volume.,False,"Incorrect. That is density, not charge density.",z_02,conceptual_error,medium,0.0667,analysis,high,reviewed,"[0, 0, 1, 0, 0, 0, 0, 0, 0, 0, 0, 0, 0, 0, 0]"
NCERT_ChargeDensity_01,3,The product of charge and radius.,False,"Incorrect. That would be charge × radius, not charge density.",z_00,conceptual_error,medium,0.0667,analysis,high,reviewed,"[1, 0, 0, 0, 0, 0, 0, 0, 0, 0, 0, 0, 0, 0, 0]"
NCERT_ChargeDensity_01,4,The ratio of ionic charge to ionic radius.,True,"Correct. Charge density is the ionic charge divided by its radius, representing how concentrated the charge is.",none,correct,none,0.0,analysis,high,reviewed,"[0, 0, 0, 0, 0, 0, 0, 0, 1, 0, 0, 0, 0, 0, 0]"
NCERT_ChargeDensity_02,1,Na⁺,False,"Incorrect. Na⁺ has charge +1, radius ~102 pm.",z_03,conceptual_error,medium,0.0667,analysis,high,reviewed,"[0, 0, 0, 1, 0, 0, 0, 0, 0, 0, 0, 0, 0, 0, 0]"
NCERT_ChargeDensity_02,2,Si⁴⁺,True,"Correct. Si⁴⁺ has +4, radius ~40 pm. Its charge/radius ratio is highest.",none,correct,none,0.0,analysis,high,reviewed,"[0, 0, 1, 0, 0, 0, 0, 0, 0, 0, 0, 0, 0, 0, 0]"
NCERT_ChargeDensity_02,3,Al³⁺,False,"Incorrect. Al³⁺ has +3, radius ~53.5 pm.",z_00,conceptual_error,medium,0.0667,analysis,high,reviewed,"[1, 0, 0, 0, 0, 0, 0, 0, 0, 0, 0, 0, 0, 0, 0]"
NCERT_ChargeDensity_02,4,Mg²⁺,False,"Incorrect. Mg²⁺ has +2, radius ~72 pm.",z_08,conceptual_error,medium,0.0667,analysis,high,reviewed,"[0, 0, 0, 0, 0, 0, 0, 0, 1, 0, 0, 0, 0, 0, 0]"
NCERT_ChargeDensity_03,1,Polarizing power of a cation.,False,Incorrect. Melting point of metals depends on metallic bonding.,z_03,conceptual_error,medium,0.0667,analysis,high,reviewed,"[0, 0, 0, 1, 0, 0, 0, 0, 0, 0, 0, 0, 0, 0, 0]"
NCERT_ChargeDensity_03,2,Magnetic behavior.,False,Incorrect. Magnetic behavior depends on unpaired electrons.,z_02,conceptual_error,medium,0.0667,analysis,high,reviewed,"[0, 0, 1, 0, 0, 0, 0, 0, 0, 0, 0, 0, 0, 0, 0]"
NCERT_ChargeDensity_03,3,Color of a compound.,False,Incorrect. Color is more related to d-d transitions in complexes.,z_00,conceptual_error,medium,0.0667,analysis,high,reviewed,"[1, 0, 0, 0, 0, 0, 0, 0, 0, 0, 0, 0, 0, 0, 0]"
NCERT_ChargeDensity_03,4,Melting point of metals.,True,"Correct. Higher charge density means greater polarizing power, which influences covalent character and other properties.",none,correct,none,0.0,analysis,high,reviewed,"[0, 0, 0, 0, 0, 0, 0, 0, 1, 0, 0, 0, 0, 0, 0]"
NCERT_ChargeDensity_04,1,Be²⁺ has a greater tendency to form covalent compounds.,True,"Correct. High charge density allows Be²⁺ to polarize anions, leading to covalent bonding.",none,correct,none,0.0,analysis,high,reviewed,"[0, 0, 0, 1, 0, 0, 0, 0, 0, 0, 0, 0, 0, 0, 0]"
NCERT_ChargeDensity_04,2,Be²⁺ forms more ionic compounds than Mg²⁺.,False,Incorrect. Higher ionic potential leads to more covalent character.,z_02,conceptual_error,medium,0.0667,analysis,high,reviewed,"[0, 0, 1, 0, 0, 0, 0, 0, 0, 0, 0, 0, 0, 0, 0]"
NCERT_ChargeDensity_04,3,Be²⁺ is less polarizing than Mg²⁺.,False,Incorrect. Be²⁺ is more polarizing.,z_00,conceptual_error,medium,0.0667,analysis,high,reviewed,"[1, 0, 0, 0, 0, 0, 0, 0, 0, 0, 0, 0, 0, 0, 0]"
NCERT_ChargeDensity_04,4,Be²⁺ has a larger radius than Mg²⁺.,False,Incorrect. Be²⁺ has a smaller radius.,z_08,conceptual_error,medium,0.0667,analysis,high,reviewed,"[0, 0, 0, 0, 0, 0, 0, 0, 1, 0, 0, 0, 0, 0, 0]"
NCERT_ChargeDensity_05,1,First increases then decreases,False,Incorrect.,z_03,conceptual_error,medium,0.0667,analysis,high,reviewed,"[0, 0, 0, 1, 0, 0, 0, 0, 0, 0, 0, 0, 0, 0, 0]"
NCERT_ChargeDensity_05,2,Remains constant,False,Incorrect.,z_02,conceptual_error,medium,0.0667,analysis,high,reviewed,"[0, 0, 1, 0, 0, 0, 0, 0, 0, 0, 0, 0, 0, 0, 0]"
NCERT_ChargeDensity_05,3,Decreases,True,"Correct. As we go down a group, ionic radius increases significantly while charge remains the same, so charge density decreases.",none,correct,none,0.0,analysis,high,reviewed,"[1, 0, 0, 0, 0, 0, 0, 0, 0, 0, 0, 0, 0, 0, 0]"
NCERT_ChargeDensity_05,4,Increases,False,Incorrect.,z_08,conceptual_error,medium,0.0667,analysis,high,reviewed,"[0, 0, 0, 0, 0, 0, 0, 0, 1, 0, 0, 0, 0, 0, 0]"
NCERT_ChargeDensity_06,1,Its ability to form [Al(H₂O)₆]³⁺ which is acidic in water.,True,"Correct. Al³⁺ has high polarizing power; it polarizes water molecules, making the hydrated ion acidic.",none,correct,none,0.0,analysis,high,reviewed,"[0, 0, 0, 1, 0, 0, 0, 0, 0, 0, 0, 0, 0, 0, 0]"
NCERT_ChargeDensity_06,2,Its low melting point.,False,Incorrect. Al has high melting point.,z_02,conceptual_error,medium,0.0667,analysis,high,reviewed,"[0, 0, 1, 0, 0, 0, 0, 0, 0, 0, 0, 0, 0, 0, 0]"
NCERT_ChargeDensity_06,3,Its metallic luster.,False,Incorrect. Metallic luster is due to free electrons.,z_00,conceptual_error,medium,0.0667,analysis,high,reviewed,"[1, 0, 0, 0, 0, 0, 0, 0, 0, 0, 0, 0, 0, 0, 0]"
NCERT_ChargeDensity_06,4,Its high electrical conductivity.,False,"Incorrect. Conductivity is due to free electrons in metal, not directly charge density.",z_08,conceptual_error,medium,0.0667,analysis,high,reviewed,"[0, 0, 0, 0, 0, 0, 0, 0, 1, 0, 0, 0, 0, 0, 0]"
NCERT_ChargeDensity_07,1,Li⁺ has a lower charge.,False,Incorrect. Both have +1 charge.,z_03,conceptual_error,medium,0.0667,analysis,high,reviewed,"[0, 0, 0, 1, 0, 0, 0, 0, 0, 0, 0, 0, 0, 0, 0]"
NCERT_ChargeDensity_07,2,Li⁺ has a smaller radius.,True,Correct. Smaller radius for the same charge gives higher charge density.,none,correct,none,0.0,analysis,high,reviewed,"[0, 0, 1, 0, 0, 0, 0, 0, 0, 0, 0, 0, 0, 0, 0]"
NCERT_ChargeDensity_07,3,Li⁺ has a higher charge.,False,Incorrect. Both have +1 charge.,z_00,conceptual_error,medium,0.0667,analysis,high,reviewed,"[1, 0, 0, 0, 0, 0, 0, 0, 0, 0, 0, 0, 0, 0, 0]"
NCERT_ChargeDensity_07,4,Li⁺ has a larger radius.,False,Incorrect. Li⁺ has smaller radius.,z_08,conceptual_error,medium,0.0667,analysis,high,reviewed,"[0, 0, 0, 0, 0, 0, 0, 0, 1, 0, 0, 0, 0, 0, 0]"
NCERT_ChargeDensity_08,1,Similar electronic configurations,False,"Incorrect. Li has 2s¹, Mg has 3s².",z_03,conceptual_error,medium,0.0667,analysis,high,reviewed,"[0, 0, 0, 1, 0, 0, 0, 0, 0, 0, 0, 0, 0, 0, 0]"
NCERT_ChargeDensity_08,2,Similar electronegativities,False,Incorrect. Electronegativities are similar but not the primary reason.,z_02,conceptual_error,medium,0.0667,analysis,high,reviewed,"[0, 0, 1, 0, 0, 0, 0, 0, 0, 0, 0, 0, 0, 0, 0]"
NCERT_ChargeDensity_08,3,Similar ionic potentials (charge/radius),True,"Correct. Li⁺ and Mg²⁺ have similar charge/radius ratios, leading to similar polarizing power and chemical behavior.",none,correct,none,0.0,analysis,high,reviewed,"[1, 0, 0, 0, 0, 0, 0, 0, 0, 0, 0, 0, 0, 0, 0]"
NCERT_ChargeDensity_08,4,Similar atomic numbers,False,"Incorrect. Li (Z=3), Mg (Z=12).",z_08,conceptual_error,medium,0.0667,analysis,high,reviewed,"[0, 0, 0, 0, 0, 0, 0, 0, 1, 0, 0, 0, 0, 0, 0]"
NCERT_ChargeDensity_09,1,It is inversely proportional to ionic charge.,False,Incorrect. It is directly proportional to charge.,z_03,conceptual_error,medium,0.0667,analysis,high,reviewed,"[0, 0, 0, 1, 0, 0, 0, 0, 0, 0, 0, 0, 0, 0, 0]"
NCERT_ChargeDensity_09,2,It is independent of both charge and radius.,False,Incorrect. It depends on both.,z_02,conceptual_error,medium,0.0667,analysis,high,reviewed,"[0, 0, 1, 0, 0, 0, 0, 0, 0, 0, 0, 0, 0, 0, 0]"
NCERT_ChargeDensity_09,3,It is directly proportional to ionic radius.,False,Incorrect. It is inversely proportional to radius.,z_00,conceptual_error,medium,0.0667,analysis,high,reviewed,"[1, 0, 0, 0, 0, 0, 0, 0, 0, 0, 0, 0, 0, 0, 0]"
NCERT_ChargeDensity_09,4,It is directly proportional to ionic charge and inversely proportional to radius.,True,"Correct. Ionic potential = charge / radius, so higher charge and smaller radius increase it.",none,correct,none,0.0,analysis,high,reviewed,"[0, 0, 0, 0, 0, 0, 0, 0, 1, 0, 0, 0, 0, 0, 0]"
NCERT_ChargeDensity_10,1,Form ionic bonds easily.,False,"Incorrect. High ionic potential leads to covalent character, not purely ionic.",z_03,conceptual_error,medium,0.0667,analysis,high,reviewed,"[0, 0, 0, 1, 0, 0, 0, 0, 0, 0, 0, 0, 0, 0, 0]"
NCERT_ChargeDensity_10,2,Have a low charge.,False,Incorrect. High ionic potential often involves high charge.,z_02,conceptual_error,medium,0.0667,analysis,high,reviewed,"[0, 0, 1, 0, 0, 0, 0, 0, 0, 0, 0, 0, 0, 0, 0]"
NCERT_ChargeDensity_10,3,Polarize anions and increase covalent character.,True,"Correct. High charge density distorts the electron cloud of anions, leading to covalent bonding.",none,correct,none,0.0,analysis,high,reviewed,"[1, 0, 0, 0, 0, 0, 0, 0, 0, 0, 0, 0, 0, 0, 0]"
NCERT_ChargeDensity_10,4,Have a large radius.,False,Incorrect. High ionic potential means small radius or high charge.,z_08,conceptual_error,medium,0.0667,analysis,high,reviewed,"[0, 0, 0, 0, 0, 0, 0, 0, 1, 0, 0, 0, 0, 0, 0]"
NCERT_Lattice_01,1,The energy released when one mole of an ionic solid dissolves in water.,False,"Incorrect. This describes hydration enthalpy, not lattice energy.",z_09,conceptual_error,medium,0.0667,analysis,high,reviewed,"[0, 0, 0, 0, 0, 0, 0, 0, 0, 1, 0, 0, 0, 0, 0]"
NCERT_Lattice_01,2,The energy required to vaporize one mole of an ionic solid.,False,"Incorrect. This is vaporization enthalpy, not lattice energy.",z_12,conceptual_error,medium,0.0667,analysis,high,reviewed,"[0, 0, 0, 0, 0, 0, 0, 0, 0, 0, 0, 0, 1, 0, 0]"
NCERT_Lattice_01,3,The energy released when gaseous ions combine to form one mole of an ionic solid.,False,"Incorrect. This describes the reverse process (lattice formation). Lattice energy is defined as the energy released upon formation, but often given as a positive value for dissociation. The standard IUPAC definition is the energy required to separate one mole of solid into gaseous ions. Option 3 is the correct definition.",z_09,arithmetic_error,medium,0.0667,analysis,high,reviewed,"[0, 0, 0, 0, 0, 0, 0, 0, 0, 1, 0, 0, 0, 0, 0]"
NCERT_Lattice_01,4,The energy required to separate one mole of an ionic solid into its gaseous ions.,True,Correct. Lattice energy is the energy required to completely separate one mole of an ionic compound into its gaseous ions. It is always positive.,none,correct,none,0.0,analysis,high,reviewed,"[0, 0, 1, 0, 0, 0, 0, 0, 0, 0, 0, 0, 0, 0, 0]"
NCERT_Lattice_02,1,Both charge and size of the ions,True,Correct. Lattice energy is directly proportional to the product of ionic charges and inversely proportional to the sum of ionic radii (Kapustinskii equation).,none,correct,none,0.0,analysis,high,reviewed,"[0, 0, 0, 0, 0, 0, 0, 0, 0, 1, 0, 0, 0, 0, 0]"
NCERT_Lattice_02,2,The nature of the solvent,False,"Incorrect. Solvent affects solubility, not lattice energy of the pure solid.",z_12,conceptual_error,medium,0.0667,analysis,high,reviewed,"[0, 0, 0, 0, 0, 0, 0, 0, 0, 0, 0, 0, 1, 0, 0]"
NCERT_Lattice_02,3,Charge on the ions only,False,Incorrect. Charge alone is not enough; size also matters.,z_09,conceptual_error,medium,0.0667,analysis,high,reviewed,"[0, 0, 0, 0, 0, 0, 0, 0, 0, 1, 0, 0, 0, 0, 0]"
NCERT_Lattice_02,4,Size of the ions only,False,Incorrect. Size alone is not enough; charge also matters.,z_02,conceptual_error,medium,0.0667,analysis,high,reviewed,"[0, 0, 1, 0, 0, 0, 0, 0, 0, 0, 0, 0, 0, 0, 0]"
NCERT_Lattice_03,1,KBr,False,"Incorrect. KBr has +1/-1 and large ions, so lowest lattice energy.",z_09,conceptual_error,medium,0.0667,analysis,high,reviewed,"[0, 0, 0, 0, 0, 0, 0, 0, 0, 1, 0, 0, 0, 0, 0]"
NCERT_Lattice_03,2,CaO,False,"Incorrect. CaO also has +2/-2 but Ca²⁺ is larger than Mg²⁺, so lattice energy is lower than MgO.",z_12,conceptual_error,medium,0.0667,analysis,high,reviewed,"[0, 0, 0, 0, 0, 0, 0, 0, 0, 0, 0, 0, 1, 0, 0]"
NCERT_Lattice_03,3,MgO,True,"Correct. MgO has +2/-2 charges and small radii (Mg²⁺ and O²⁻), leading to very high lattice energy.",none,correct,none,0.0,analysis,high,reviewed,"[0, 0, 0, 0, 0, 0, 0, 0, 0, 1, 0, 0, 0, 0, 0]"
NCERT_Lattice_03,4,NaCl,False,Incorrect. NaCl has +1/-1 charges and moderate radii.,z_02,conceptual_error,medium,0.0667,analysis,high,reviewed,"[0, 0, 1, 0, 0, 0, 0, 0, 0, 0, 0, 0, 0, 0, 0]"
NCERT_SigmaPi_02,1,p-p overlap sidewise,True,"Correct. Sidewise overlap of two p-orbitals (or p-d, d-d) perpendicular to the internuclear axis results in a pi bond.",none,correct,none,0.0,analysis,high,reviewed,"[0, 0, 0, 0, 0, 0, 0, 0, 0, 0, 0, 0, 0, 1, 0]"
NCERT_SigmaPi_02,2,s-s overlap,False,Incorrect. s-s overlap is always sigma.,z_01,conceptual_error,medium,0.0667,analysis,high,reviewed,"[0, 1, 0, 0, 0, 0, 0, 0, 0, 0, 0, 0, 0, 0, 0]"
NCERT_SigmaPi_02,3,s-p overlap along the internuclear axis,False,Incorrect. End-to-end p-p or s-p along the axis gives sigma bond.,z_06,conceptual_error,medium,0.0667,analysis,high,reviewed,"[0, 0, 0, 0, 0, 0, 1, 0, 0, 0, 0, 0, 0, 0, 0]"
NCERT_SigmaPi_02,4,p-p overlap end-to-end,False,Incorrect. End-to-end p-p overlap gives a sigma bond.,z_07,conceptual_error,medium,0.0667,analysis,high,reviewed,"[0, 0, 0, 0, 0, 0, 0, 1, 0, 0, 0, 0, 0, 0, 0]"
NCERT_SigmaPi_03,1,Both bonds have equal strength.,False,Incorrect. Sigma bonds are typically stronger.,z_13,conceptual_error,medium,0.0667,analysis,high,reviewed,"[0, 0, 0, 0, 0, 0, 0, 0, 0, 0, 0, 0, 0, 1, 0]"
NCERT_SigmaPi_03,2,Pi bonds are generally stronger than sigma bonds.,False,"Incorrect. Sidewise overlap in pi bonds is less effective, making them weaker.",z_01,conceptual_error,medium,0.0667,analysis,high,reviewed,"[0, 1, 0, 0, 0, 0, 0, 0, 0, 0, 0, 0, 0, 0, 0]"
NCERT_SigmaPi_03,3,Sigma bonds are generally stronger than pi bonds.,True,Correct. Sigma bonds have greater orbital overlap and thus are stronger than pi bonds.,none,correct,none,0.0,analysis,high,reviewed,"[0, 0, 0, 0, 0, 0, 1, 0, 0, 0, 0, 0, 0, 0, 0]"
NCERT_SigmaPi_03,4,"The strength depends only on the atoms involved, not on bond type.",False,"Incorrect. While atomic size affects strength, for the same atoms, sigma bonds are stronger than pi bonds.",z_07,conceptual_error,medium,0.0667,analysis,high,reviewed,"[0, 0, 0, 0, 0, 0, 0, 1, 0, 0, 0, 0, 0, 0, 0]"
NCERT_SigmaPi_04,1,One sigma bond and one pi bond,True,Correct. A double bond has one sigma (from end-to-end overlap) and one pi (from sidewise overlap).,none,correct,none,0.0,analysis,high,reviewed,"[0, 0, 0, 0, 0, 0, 0, 0, 0, 0, 0, 0, 0, 1, 0]"
NCERT_SigmaPi_04,2,Two pi bonds,False,"Incorrect. A double bond has one pi, not two.",z_01,conceptual_error,medium,0.0667,analysis,high,reviewed,"[0, 1, 0, 0, 0, 0, 0, 0, 0, 0, 0, 0, 0, 0, 0]"
NCERT_SigmaPi_04,3,Two sigma bonds,False,Incorrect. Two sigma bonds cannot form between the same pair of atoms due to geometry.,z_06,conceptual_error,medium,0.0667,analysis,high,reviewed,"[0, 0, 0, 0, 0, 0, 1, 0, 0, 0, 0, 0, 0, 0, 0]"
NCERT_SigmaPi_04,4,One sigma bond and two pi bonds,False,Incorrect. That is a triple bond (one sigma + two pi).,z_07,conceptual_error,medium,0.0667,analysis,high,reviewed,"[0, 0, 0, 0, 0, 0, 0, 1, 0, 0, 0, 0, 0, 0, 0]"
NCERT_SigmaPi_05,1,C₂H₄,True,"Correct. Ethene (C₂H₄) has a C=C double bond consisting of one sigma and one pi bond, plus C–H sigma bonds.",none,correct,none,0.0,analysis,high,reviewed,"[0, 0, 0, 0, 0, 0, 0, 0, 0, 0, 0, 0, 0, 1, 0]"
NCERT_SigmaPi_05,2,H₂,False,Incorrect. H₂ has only a sigma bond (s-s overlap).,z_01,conceptual_error,medium,0.0667,analysis,high,reviewed,"[0, 1, 0, 0, 0, 0, 0, 0, 0, 0, 0, 0, 0, 0, 0]"
NCERT_SigmaPi_05,3,CH₄,False,Incorrect. CH₄ has only sigma bonds (C–H).,z_06,conceptual_error,medium,0.0667,analysis,high,reviewed,"[0, 0, 0, 0, 0, 0, 1, 0, 0, 0, 0, 0, 0, 0, 0]"
NCERT_SigmaPi_05,4,NH₃,False,Incorrect. NH₃ has only sigma bonds (N–H).,z_07,conceptual_error,medium,0.0667,analysis,high,reviewed,"[0, 0, 0, 0, 0, 0, 0, 1, 0, 0, 0, 0, 0, 0, 0]"
NCERT_SigmaPi_06,1,Around the nuclei in a spherical distribution,False,Incorrect. That describes an s-orbital.,z_13,conceptual_error,medium,0.0667,analysis,high,reviewed,"[0, 0, 0, 0, 0, 0, 0, 0, 0, 0, 0, 0, 0, 1, 0]"
NCERT_SigmaPi_06,2,Between the nuclei only,False,Incorrect. That is characteristic of sigma bonds.,z_01,conceptual_error,medium,0.0667,analysis,high,reviewed,"[0, 1, 0, 0, 0, 0, 0, 0, 0, 0, 0, 0, 0, 0, 0]"
NCERT_SigmaPi_06,3,Above and below the plane containing the nuclei,True,Correct. Pi bonds have electron density concentrated above and below the internuclear axis (or on either side of the line joining the nuclei).,none,correct,none,0.0,analysis,high,reviewed,"[0, 0, 0, 0, 0, 0, 1, 0, 0, 0, 0, 0, 0, 0, 0]"
NCERT_SigmaPi_06,4,Along the internuclear axis,False,Incorrect. That describes a sigma bond.,z_07,conceptual_error,medium,0.0667,analysis,high,reviewed,"[0, 0, 0, 0, 0, 0, 0, 1, 0, 0, 0, 0, 0, 0, 0]"
NCERT_SigmaPi_07,1,s-s,False,Incorrect. s-s overlap is always sigma.,z_13,conceptual_error,medium,0.0667,analysis,high,reviewed,"[0, 0, 0, 0, 0, 0, 0, 0, 0, 0, 0, 0, 0, 1, 0]"
NCERT_SigmaPi_07,2,p-p sidewise,True,"Correct. Sidewise p-p overlap gives a pi bond, not sigma.",none,correct,none,0.0,analysis,high,reviewed,"[0, 1, 0, 0, 0, 0, 0, 0, 0, 0, 0, 0, 0, 0, 0]"
NCERT_SigmaPi_07,3,p-p end-to-end,False,Incorrect. End-to-end p-p gives sigma.,z_06,conceptual_error,medium,0.0667,analysis,high,reviewed,"[0, 0, 0, 0, 0, 0, 1, 0, 0, 0, 0, 0, 0, 0, 0]"
NCERT_SigmaPi_07,4,s-p along the axis,False,Incorrect. s-p along the axis gives sigma.,z_07,conceptual_error,medium,0.0667,analysis,high,reviewed,"[0, 0, 0, 0, 0, 0, 0, 1, 0, 0, 0, 0, 0, 0, 0]"
NCERT_SigmaPi_08,1,Oppositely oriented,False,Incorrect. Orientation is not about being opposite.,z_13,conceptual_error,medium,0.0667,analysis,high,reviewed,"[0, 0, 0, 0, 0, 0, 0, 0, 0, 0, 0, 0, 0, 1, 0]"
NCERT_SigmaPi_08,2,Collinear with the internuclear axis,False,Incorrect. That describes sigma bond formation.,z_01,conceptual_error,medium,0.0667,analysis,high,reviewed,"[0, 1, 0, 0, 0, 0, 0, 0, 0, 0, 0, 0, 0, 0, 0]"
NCERT_SigmaPi_08,3,Parallel to each other and perpendicular to the internuclear axis,True,"Correct. For sidewise overlap, the orbitals (usually p or d) are parallel and their axes are perpendicular to the line joining the nuclei.",none,correct,none,0.0,analysis,high,reviewed,"[0, 0, 0, 0, 0, 0, 1, 0, 0, 0, 0, 0, 0, 0, 0]"
NCERT_SigmaPi_08,4,At an angle of 60° to each other,False,Incorrect. That is not a standard overlap geometry.,z_07,conceptual_error,medium,0.0667,analysis,high,reviewed,"[0, 0, 0, 0, 0, 0, 0, 1, 0, 0, 0, 0, 0, 0, 0]"
NCERT_SigmaPi_09,1,Sigma bonds are always weaker than pi bonds.,False,Incorrect. Sigma bonds are stronger.,z_13,conceptual_error,medium,0.0667,analysis,high,reviewed,"[0, 0, 0, 0, 0, 0, 0, 0, 0, 0, 0, 0, 0, 1, 0]"
NCERT_SigmaPi_09,2,Both sigma and pi bonds must always exist together.,False,Incorrect. Single bonds are sigma only; pi bonds only appear in multiple bonds.,z_01,conceptual_error,medium,0.0667,analysis,high,reviewed,"[0, 1, 0, 0, 0, 0, 0, 0, 0, 0, 0, 0, 0, 0, 0]"
NCERT_SigmaPi_09,3,A pi bond can exist independently without a sigma bond between the same two atoms.,False,Incorrect. A pi bond cannot exist alone between two atoms because sigma bond is formed first; pi bond is an additional bond.,z_06,arithmetic_error,medium,0.0667,analysis,high,reviewed,"[0, 0, 0, 0, 0, 0, 1, 0, 0, 0, 0, 0, 0, 0, 0]"
NCERT_SigmaPi_09,4,A sigma bond can exist independently without a pi bond between the same two atoms.,True,Correct. A single bond is always a sigma bond; it can exist without pi bonds.,none,correct,none,0.0,analysis,high,reviewed,"[0, 0, 0, 0, 0, 0, 0, 1, 0, 0, 0, 0, 0, 0, 0]"
NCERT_SigmaPi_10,1,One sigma bond and two pi bonds,True,Correct. The triple bond is formed by one sigma bond (from end-to-end overlap of sp hybrid orbitals) and two pi bonds (from sidewise overlap of two sets of p-orbitals).,none,correct,none,0.0,analysis,high,reviewed,"[0, 0, 0, 0, 0, 0, 0, 0, 0, 0, 0, 0, 0, 1, 0]"
NCERT_SigmaPi_10,2,Three sigma bonds,False,Incorrect. Three sigma bonds cannot occur between two atoms.,z_01,conceptual_error,medium,0.0667,analysis,high,reviewed,"[0, 1, 0, 0, 0, 0, 0, 0, 0, 0, 0, 0, 0, 0, 0]"
NCERT_SigmaPi_10,3,One sigma bond and one pi bond,False,Incorrect. That describes a double bond.,z_06,conceptual_error,medium,0.0667,analysis,high,reviewed,"[0, 0, 0, 0, 0, 0, 1, 0, 0, 0, 0, 0, 0, 0, 0]"
NCERT_SigmaPi_10,4,Two sigma bonds and one pi bond,False,Incorrect. That describes a double bond.,z_07,conceptual_error,medium,0.0667,analysis,high,reviewed,"[0, 0, 0, 0, 0, 0, 0, 1, 0, 0, 0, 0, 0, 0, 0]"
NCERT_AtomicRadius_01,1,The distance from the nucleus to the outermost electron cloud.,False,Incorrect. This description is qualitative but not the standard operational definition.,z_02,conceptual_error,medium,0.0667,recall,high,reviewed,"[0, 0, 1, 0, 0, 0, 0, 0, 0, 0, 0, 0, 0, 0, 0]"
NCERT_AtomicRadius_01,2,The sum of the radii of two different atoms in a compound.,False,"Incorrect. That would be the sum of two different radii, not the definition of atomic radius for an element.",z_10,conceptual_error,medium,0.0667,recall,high,reviewed,"[0, 0, 0, 0, 0, 0, 0, 0, 0, 0, 1, 0, 0, 0, 0]"
NCERT_AtomicRadius_01,3,The distance from the nucleus to the first energy level.,False,"Incorrect. This describes the radius of the first orbital, not the atomic radius.",z_07,conceptual_error,medium,0.0667,recall,high,reviewed,"[0, 0, 0, 0, 0, 0, 0, 1, 0, 0, 0, 0, 0, 0, 0]"
NCERT_AtomicRadius_01,4,Half the distance between the nuclei of two identical atoms bonded together.,True,Correct. Atomic radius is defined as half the internuclear distance between two identical atoms in a molecule or crystal.,none,correct,none,0.0,recall,high,reviewed,"[0, 0, 1, 0, 0, 0, 0, 0, 0, 0, 0, 0, 0, 0, 0]"
NCERT_AtomicRadius_02,1,Atomic radius first increases then decreases due to electron pairing.,False,"Incorrect. The trend is a steady decrease, not a peak and valley pattern.",z_02,conceptual_error,medium,0.0667,recall,high,reviewed,"[0, 0, 1, 0, 0, 0, 0, 0, 0, 0, 0, 0, 0, 0, 0]"
NCERT_AtomicRadius_02,2,Atomic radius decreases because effective nuclear charge increases while electrons are added to the same shell.,True,"Correct. As we move left to right, nuclear charge increases, but electrons are added to the same valence shell, so the effective nuclear charge increases, pulling electrons closer.",none,correct,none,0.0,recall,high,reviewed,"[0, 0, 0, 0, 0, 0, 0, 0, 0, 0, 1, 0, 0, 0, 0]"
NCERT_AtomicRadius_02,3,Atomic radius remains constant because the number of shells remains the same.,False,"Incorrect. Although the number of shells is the same, the radius changes due to increasing Z_eff.",z_07,conceptual_error,medium,0.0667,recall,high,reviewed,"[0, 0, 0, 0, 0, 0, 0, 1, 0, 0, 0, 0, 0, 0, 0]"
NCERT_AtomicRadius_02,4,Atomic radius increases due to increased shielding.,False,"Incorrect. Shielding does not increase significantly across a period; in fact, it is poor.",z_02,conceptual_error,medium,0.0667,recall,high,reviewed,"[0, 0, 1, 0, 0, 0, 0, 0, 0, 0, 0, 0, 0, 0, 0]"
NCERT_AtomicRadius_03,1,Cl has a higher number of electrons causing more repulsion.,False,"Incorrect. More electrons do cause more repulsion, but the increased Z_eff dominates and reduces the radius.",z_02,conceptual_error,medium,0.0667,recall,high,reviewed,"[0, 0, 1, 0, 0, 0, 0, 0, 0, 0, 0, 0, 0, 0, 0]"
NCERT_AtomicRadius_03,2,Na has more electron shells than Cl.,False,"Incorrect. Both are in period 3, so they have the same number of shells.",z_10,conceptual_error,medium,0.0667,recall,high,reviewed,"[0, 0, 0, 0, 0, 0, 0, 0, 0, 0, 1, 0, 0, 0, 0]"
NCERT_AtomicRadius_03,3,Na has a higher effective nuclear charge.,False,Incorrect. Na actually has a lower Z_eff for its valence electrons.,z_07,conceptual_error,medium,0.0667,recall,high,reviewed,"[0, 0, 0, 0, 0, 0, 0, 1, 0, 0, 0, 0, 0, 0, 0]"
NCERT_AtomicRadius_03,4,Na has a lower effective nuclear charge and fewer protons pulling on the same shell electrons.,True,"Correct. Na (Z=11) has a lower nuclear charge than Cl (Z=17) and the added electrons in Cl are in the same n=3 shell, increasing Z_eff and shrinking the atom.",none,correct,none,0.0,recall,high,reviewed,"[0, 0, 1, 0, 0, 0, 0, 0, 0, 0, 0, 0, 0, 0, 0]"
NCERT_AtomicRadius_04,1,"The atomic mass increases, causing the atom to expand.",False,Incorrect. Atomic mass does not directly determine atomic radius.,z_02,conceptual_error,medium,0.0667,recall,high,reviewed,"[0, 0, 1, 0, 0, 0, 0, 0, 0, 0, 0, 0, 0, 0, 0]"
NCERT_AtomicRadius_04,2,The effective nuclear charge increases down the group.,False,Incorrect. Z_eff for valence electrons actually decreases down a group due to increased shielding.,z_10,conceptual_error,medium,0.0667,recall,high,reviewed,"[0, 0, 0, 0, 0, 0, 0, 0, 0, 0, 1, 0, 0, 0, 0]"
NCERT_AtomicRadius_04,3,"The number of electron shells increases, and the shielding effect outweighs the increase in nuclear charge.",True,"Correct. As we move down, new shells are added. The inner electrons shield the valence electrons from the increased nuclear charge, so the effective nuclear charge remains low and the radius increases.",none,correct,none,0.0,recall,high,reviewed,"[0, 0, 0, 0, 0, 0, 0, 1, 0, 0, 0, 0, 0, 0, 0]"
NCERT_AtomicRadius_04,4,The number of valence electrons decreases down the group.,False,Incorrect. The number of valence electrons remains the same (1 for group 1).,z_02,conceptual_error,medium,0.0667,recall,high,reviewed,"[0, 0, 1, 0, 0, 0, 0, 0, 0, 0, 0, 0, 0, 0, 0]"
NCERT_AtomicRadius_05,1,Li > Na > K > Rb,False,"Incorrect. Atomic radius increases down the group, so this order is completely backwards.",z_02,conceptual_error,medium,0.0667,recall,high,reviewed,"[0, 0, 1, 0, 0, 0, 0, 0, 0, 0, 0, 0, 0, 0, 0]"
NCERT_AtomicRadius_05,2,Na > Li > Rb > K,False,Incorrect. This order is scrambled and does not follow the correct periodic trend.,z_10,conceptual_error,medium,0.0667,recall,high,reviewed,"[0, 0, 0, 0, 0, 0, 0, 0, 0, 0, 1, 0, 0, 0, 0]"
NCERT_AtomicRadius_05,3,K > Rb > Na > Li,False,"Incorrect. Rubidium (Rb) is below Potassium (K) on the periodic table, meaning Rb is larger.",z_07,conceptual_error,medium,0.0667,recall,high,reviewed,"[0, 0, 0, 0, 0, 0, 0, 1, 0, 0, 0, 0, 0, 0, 0]"
NCERT_AtomicRadius_05,4,Rb > K > Na > Li,True,Correct. Atomic radius increases down a group due to the successive addition of new electron shells.,none,correct,none,0.0,recall,high,reviewed,"[0, 0, 1, 0, 0, 0, 0, 0, 0, 0, 0, 0, 0, 0, 0]"
NCERT_AtomicRadius_06,1,Anions are smaller than their parent atoms.,False,"Incorrect. Anions have more electrons and increased electron-electron repulsion, so they are larger.",z_02,conceptual_error,medium,0.0667,recall,high,reviewed,"[0, 0, 1, 0, 0, 0, 0, 0, 0, 0, 0, 0, 0, 0, 0]"
NCERT_AtomicRadius_06,2,"Cations are smaller than their parent atoms, and anions are larger.",True,"Correct. When an atom loses electrons to form a cation, the nuclear pull on the remaining electrons increases, reducing size. When it gains electrons to form an anion, electron repulsion increases and the size expands.",none,correct,none,0.0,recall,high,reviewed,"[0, 0, 0, 0, 0, 0, 0, 0, 0, 0, 1, 0, 0, 0, 0]"
NCERT_AtomicRadius_06,3,Cations are larger than their parent atoms.,False,"Incorrect. Cations have fewer electrons and higher effective nuclear charge per electron, so they are smaller.",z_07,conceptual_error,medium,0.0667,recall,high,reviewed,"[0, 0, 0, 0, 0, 0, 0, 1, 0, 0, 0, 0, 0, 0, 0]"
NCERT_AtomicRadius_06,4,Both cations and anions are larger than the parent atom.,False,Incorrect.,z_02,conceptual_error,medium,0.0667,recall,high,reviewed,"[0, 0, 1, 0, 0, 0, 0, 0, 0, 0, 0, 0, 0, 0, 0]"
NCERT_AtomicRadius_07,1,Aluminum having a higher effective nuclear charge.,False,"Incorrect. Aluminum has lower Z, so it cannot have higher Z_eff than Ga for valence electrons.",z_02,conceptual_error,medium,0.0667,recall,high,reviewed,"[0, 0, 1, 0, 0, 0, 0, 0, 0, 0, 0, 0, 0, 0, 0]"
NCERT_AtomicRadius_07,2,Poor shielding by d-electrons in gallium.,True,"Correct. Gallium has 3d¹⁰ electrons. These d-electrons provide poor shielding, so the effective nuclear charge for the 4p electron is higher, resulting in a smaller radius than expected.",none,correct,none,0.0,recall,high,reviewed,"[0, 0, 0, 0, 0, 0, 0, 0, 0, 0, 1, 0, 0, 0, 0]"
NCERT_AtomicRadius_07,3,Gallium having a higher atomic mass.,False,Incorrect. Atomic mass does not directly correlate with radius.,z_07,conceptual_error,medium,0.0667,recall,high,reviewed,"[0, 0, 0, 0, 0, 0, 0, 1, 0, 0, 0, 0, 0, 0, 0]"
NCERT_AtomicRadius_07,4,Gallium having a different crystal structure.,False,Incorrect. Both are metals with similar structures; the cause is electronic.,z_02,conceptual_error,medium,0.0667,recall,high,reviewed,"[0, 0, 1, 0, 0, 0, 0, 0, 0, 0, 0, 0, 0, 0, 0]"
NCERT_AtomicRadius_08,1,Si⁴⁺ > Al³⁺ > Mg²⁺ > Na⁺,False,Incorrect. This is the reverse order.,z_02,conceptual_error,medium,0.0667,recall,high,reviewed,"[0, 0, 1, 0, 0, 0, 0, 0, 0, 0, 0, 0, 0, 0, 0]"
NCERT_AtomicRadius_08,2,Al³⁺ > Mg²⁺ > Na⁺ > Si⁴⁺,False,Incorrect. The order is not mixed; it strictly follows decreasing nuclear charge.,z_10,conceptual_error,medium,0.0667,recall,high,reviewed,"[0, 0, 0, 0, 0, 0, 0, 0, 0, 0, 1, 0, 0, 0, 0]"
NCERT_AtomicRadius_08,3,Mg²⁺ > Na⁺ > Al³⁺ > Si⁴⁺,False,Incorrect. Na⁺ should be larger than Mg²⁺.,z_07,conceptual_error,medium,0.0667,recall,high,reviewed,"[0, 0, 0, 0, 0, 0, 0, 1, 0, 0, 0, 0, 0, 0, 0]"
NCERT_AtomicRadius_08,4,Na⁺ > Mg²⁺ > Al³⁺ > Si⁴⁺,True,"Correct. For isoelectronic species, the one with the lowest nuclear charge has the largest radius. Na⁺ (Z=11) has the lowest, then Mg²⁺ (Z=12), Al³⁺ (Z=13), Si⁴⁺ (Z=14).",none,correct,none,0.0,recall,high,reviewed,"[0, 0, 1, 0, 0, 0, 0, 0, 0, 0, 0, 0, 0, 0, 0]"
NCERT_AtomicRadius_09,1,Covalent radius,False,Incorrect. Noble gases do not form covalent bonds under standard conditions.,z_02,conceptual_error,medium,0.0667,recall,high,reviewed,"[0, 0, 1, 0, 0, 0, 0, 0, 0, 0, 0, 0, 0, 0, 0]"
NCERT_AtomicRadius_09,2,Ionic radius,False,Incorrect. They do not typically form ions.,z_10,conceptual_error,medium,0.0667,recall,high,reviewed,"[0, 0, 0, 0, 0, 0, 0, 0, 0, 0, 1, 0, 0, 0, 0]"
NCERT_AtomicRadius_09,3,Metallic radius,False,Incorrect. Noble gases are not metals.,z_07,conceptual_error,medium,0.0667,recall,high,reviewed,"[0, 0, 0, 0, 0, 0, 0, 1, 0, 0, 0, 0, 0, 0, 0]"
NCERT_AtomicRadius_09,4,Van der Waals radius,True,"Correct. Since noble gases do not form bonds with each other, their atomic radius is taken as half the distance between two adjacent atoms in the solid state, known as the van der Waals radius.",none,correct,none,0.0,recall,high,reviewed,"[0, 0, 1, 0, 0, 0, 0, 0, 0, 0, 0, 0, 0, 0, 0]"
NCERT_AtomicRadius_10,1,Carbon (C),True,"Correct. Atomic radius decreases across a period from left to right, making Carbon (Group 14) the largest of these elements.",none,correct,none,0.0,application,high,reviewed,"[1, 0, 0, 0, 0, 0, 0, 0, 0, 0, 0, 0, 0, 0, 0]"
NCERT_AtomicRadius_10,2,Fluorine (F),False,"Incorrect. Fluorine is the furthest right in this period among the choices, making it the smallest element here.",z_07,conceptual_error,medium,0.0667,application,high,reviewed,"[0, 0, 0, 0, 0, 0, 0, 1, 0, 0, 0, 0, 0, 0, 0]"
NCERT_AtomicRadius_10,3,Nitrogen (N),False,"Incorrect. Nitrogen is located to the right of Carbon, which means it experiences a higher effective nuclear charge and is smaller than Carbon.",z_08,conceptual_error,medium,0.0667,application,high,reviewed,"[0, 0, 0, 0, 0, 0, 0, 0, 1, 0, 0, 0, 0, 0, 0]"
NCERT_AtomicRadius_10,4,Oxygen (O),False,"Incorrect. Oxygen is located further to the right in the period than Carbon and Nitrogen, making its radius smaller.",z_05,conceptual_error,medium,0.0667,application,high,reviewed,"[0, 0, 0, 0, 0, 1, 0, 0, 0, 0, 0, 0, 0, 0, 0]"
NCERT_IonizationEnthalpy_01,1,The energy released when an atom gains an electron.,False,Incorrect. That is electron gain enthalpy.,z_13,conceptual_error,medium,0.0667,analysis,high,reviewed,"[0, 0, 0, 0, 0, 0, 0, 0, 0, 0, 0, 0, 0, 1, 0]"
NCERT_IonizationEnthalpy_01,2,The energy required to remove the most loosely bound electron from a gaseous atom.,True,Correct. Ionization enthalpy is the minimum energy required to remove an electron from an isolated gaseous atom in its ground state.,none,correct,none,0.0,analysis,high,reviewed,"[0, 0, 0, 0, 0, 0, 0, 0, 0, 1, 0, 0, 0, 0, 0]"
NCERT_IonizationEnthalpy_01,3,The energy released when an atom loses an electron.,False,"Incorrect. Ionization is endothermic, so energy is absorbed, not released.",z_08,conceptual_error,medium,0.0667,analysis,high,reviewed,"[0, 0, 0, 0, 0, 0, 0, 0, 1, 0, 0, 0, 0, 0, 0]"
NCERT_IonizationEnthalpy_01,4,The energy required to add an electron to a gaseous atom.,False,Incorrect. That is electron gain enthalpy.,z_13,conceptual_error,medium,0.0667,analysis,high,reviewed,"[0, 0, 0, 0, 0, 0, 0, 0, 0, 0, 0, 0, 0, 1, 0]"
NCERT_IonizationEnthalpy_02,1,It decreases because atomic radius increases.,False,"Incorrect. Atomic radius decreases, not increases.",z_13,conceptual_error,medium,0.0667,analysis,high,reviewed,"[0, 0, 0, 0, 0, 0, 0, 0, 0, 0, 0, 0, 0, 1, 0]"
NCERT_IonizationEnthalpy_02,2,It increases because effective nuclear charge increases and atomic radius decreases.,True,"Correct. Across a period, Z_eff increases and atomic size decreases, making it harder to remove an electron.",none,correct,none,0.0,analysis,high,reviewed,"[0, 0, 0, 0, 0, 0, 0, 0, 0, 1, 0, 0, 0, 0, 0]"
NCERT_IonizationEnthalpy_02,3,"It first increases, then decreases due to pairing of electrons.",False,"Incorrect. The general trend is increasing, with small exceptions (e.g., O lower than N).",z_08,conceptual_error,medium,0.0667,analysis,high,reviewed,"[0, 0, 0, 0, 0, 0, 0, 0, 1, 0, 0, 0, 0, 0, 0]"
NCERT_IonizationEnthalpy_02,4,It remains constant because the number of shells is constant.,False,"Incorrect. Although the number of shells is constant, the increasing Z_eff raises the ionization enthalpy.",z_13,conceptual_error,medium,0.0667,analysis,high,reviewed,"[0, 0, 0, 0, 0, 0, 0, 0, 0, 0, 0, 0, 0, 1, 0]"
NCERT_IonizationEnthalpy_03,1,Nitrogen has a half-filled 2p subshell which is more stable.,True,"Correct. The half-filled 2p³ configuration in nitrogen has extra stability due to exchange energy and symmetry, making it harder to remove an electron.",none,correct,none,0.0,analysis,high,reviewed,"[0, 0, 0, 0, 0, 0, 0, 0, 0, 0, 0, 0, 0, 1, 0]"
NCERT_IonizationEnthalpy_03,2,Oxygen has a smaller atomic radius.,False,"Incorrect. Oxygen actually has a smaller radius, which would increase IE, but the observed IE is lower, so the half-filled stability overrides.",z_09,conceptual_error,medium,0.0667,analysis,high,reviewed,"[0, 0, 0, 0, 0, 0, 0, 0, 0, 1, 0, 0, 0, 0, 0]"
NCERT_IonizationEnthalpy_03,3,Nitrogen has a higher effective nuclear charge.,False,"Incorrect. Oxygen has a higher nuclear charge (Z=8) than nitrogen (Z=7), so Z_eff is slightly higher for O.",z_08,conceptual_error,medium,0.0667,analysis,high,reviewed,"[0, 0, 0, 0, 0, 0, 0, 0, 1, 0, 0, 0, 0, 0, 0]"
NCERT_IonizationEnthalpy_03,4,Nitrogen has a higher electron gain enthalpy.,False,Incorrect. Electron gain enthalpy is a different property; it does not directly explain ionization enthalpy.,z_13,conceptual_error,medium,0.0667,analysis,high,reviewed,"[0, 0, 0, 0, 0, 0, 0, 0, 0, 0, 0, 0, 0, 1, 0]"
NCERT_IonizationEnthalpy_04,1,Na > Mg > Al > Si,False,"Incorrect. Within period 3, the order is Na < Mg > Al < Si < P < S < Cl < Ar. Mg is higher than Al due to s² stability. So Na < Mg > Al is not strictly increasing.",z_13,conceptual_error,medium,0.0667,analysis,high,reviewed,"[0, 0, 0, 0, 0, 0, 0, 0, 0, 0, 0, 0, 0, 1, 0]"
NCERT_IonizationEnthalpy_04,2,F > O > N > C,False,"Incorrect. F > O is true, but O > N is false; N > O. So overall false.",z_09,conceptual_error,medium,0.0667,analysis,high,reviewed,"[0, 0, 0, 0, 0, 0, 0, 0, 0, 1, 0, 0, 0, 0, 0]"
NCERT_IonizationEnthalpy_04,3,B > Be > Li > Na,False,"Incorrect. This order is wrong because Be actually has a higher first ionization enthalpy than B, due to the extra stability of the filled 2s2 configuration, so the order should begin Be > B, not B > Be.",z_08,conceptual_error,medium,0.0667,analysis,high,reviewed,"[0, 0, 0, 0, 0, 0, 0, 0, 1, 0, 0, 0, 0, 0, 0]"
NCERT_IonizationEnthalpy_04,4,Li > Na > K > Rb,True,Correct. Ionization enthalpy decreases down group 1.,none,correct,none,0.0,analysis,high,reviewed,"[0, 0, 0, 0, 0, 0, 0, 0, 0, 0, 0, 0, 0, 1, 0]"
NCERT_IonizationEnthalpy_05,1,Mg has a higher effective nuclear charge.,False,"Incorrect. The Z_eff for Al is slightly higher, but the configuration effect dominates.",z_13,conceptual_error,medium,0.0667,analysis,high,reviewed,"[0, 0, 0, 0, 0, 0, 0, 0, 0, 0, 0, 0, 0, 1, 0]"
NCERT_IonizationEnthalpy_05,2,Al has a higher electron gain enthalpy.,False,Incorrect. Electron gain enthalpy is irrelevant here.,z_09,conceptual_error,medium,0.0667,analysis,high,reviewed,"[0, 0, 0, 0, 0, 0, 0, 0, 0, 1, 0, 0, 0, 0, 0]"
NCERT_IonizationEnthalpy_05,3,"Mg has a stable s² configuration, while Al has one electron in the p orbital that is easier to remove.",True,Correct. Mg (1s²2s²2p⁶3s²) has a filled 3s subshell; removing an electron disrupts this stable configuration. Al (3s²3p¹) has a single p electron that is more easily removed despite a slightly higher nuclear charge.,none,correct,none,0.0,analysis,high,reviewed,"[0, 0, 0, 0, 0, 0, 0, 0, 1, 0, 0, 0, 0, 0, 0]"
NCERT_IonizationEnthalpy_05,4,Mg has a smaller atomic radius than Al.,False,"Incorrect. Mg does have a smaller radius, but the main reason is electronic configuration.",z_13,conceptual_error,medium,0.0667,analysis,high,reviewed,"[0, 0, 0, 0, 0, 0, 0, 0, 0, 0, 0, 0, 0, 1, 0]"
NCERT_IonizationEnthalpy_06,1,The effective nuclear charge decreases down the group.,False,"Incorrect. Z_eff for valence electrons generally decreases, but the anomaly is due to shielding.",z_13,conceptual_error,medium,0.0667,analysis,high,reviewed,"[0, 0, 0, 0, 0, 0, 0, 0, 0, 0, 0, 0, 0, 1, 0]"
NCERT_IonizationEnthalpy_06,2,The number of valence electrons changes.,False,Incorrect. All have 3 valence electrons.,z_09,conceptual_error,medium,0.0667,analysis,high,reviewed,"[0, 0, 0, 0, 0, 0, 0, 0, 0, 1, 0, 0, 0, 0, 0]"
NCERT_IonizationEnthalpy_06,3,"The d and f electrons in heavier elements provide poor shielding, causing unexpected increases.",True,"Correct. Ga has 3d¹⁰ electrons that shield poorly, so its IE is higher than Al. Similarly, Tl has 4f¹⁴ and 5d¹⁰, causing higher IE than expected.",none,correct,none,0.0,analysis,high,reviewed,"[0, 0, 0, 0, 0, 0, 0, 0, 1, 0, 0, 0, 0, 0, 0]"
NCERT_IonizationEnthalpy_06,4,The atomic radius increases uniformly.,False,"Incorrect. Radius does increase, but the anomaly is that IE does not always drop; it increases in some steps due to poor shielding.",z_13,conceptual_error,medium,0.0667,analysis,high,reviewed,"[0, 0, 0, 0, 0, 0, 0, 0, 0, 0, 0, 0, 0, 1, 0]"
NCERT_IonizationEnthalpy_07,1,Boron (B),False,Incorrect. B has lower IE than Be.,z_13,conceptual_error,medium,0.0667,analysis,high,reviewed,"[0, 0, 0, 0, 0, 0, 0, 0, 0, 0, 0, 0, 0, 1, 0]"
NCERT_IonizationEnthalpy_07,2,Beryllium (Be),False,"Incorrect. Be is higher than Li, but C is higher.",z_09,conceptual_error,medium,0.0667,analysis,high,reviewed,"[0, 0, 0, 0, 0, 0, 0, 0, 0, 1, 0, 0, 0, 0, 0]"
NCERT_IonizationEnthalpy_07,3,Carbon (C),True,"Correct. Across period 2, IE increases from Li to Ne; C has a higher IE than Be and B because of increasing Z_eff and decreasing size.",none,correct,none,0.0,analysis,high,reviewed,"[0, 0, 0, 0, 0, 0, 0, 0, 1, 0, 0, 0, 0, 0, 0]"
NCERT_IonizationEnthalpy_07,4,Lithium (Li),False,Incorrect. Li has the lowest in period 2.,z_13,conceptual_error,medium,0.0667,analysis,high,reviewed,"[0, 0, 0, 0, 0, 0, 0, 0, 0, 0, 0, 0, 0, 1, 0]"
NCERT_IonizationEnthalpy_08,1,Both A and B,True,"Correct. After losing one electron, the cation has fewer electrons and a higher Z_eff per electron, and the ionic radius is smaller, making removal of a second electron more difficult.",none,correct,none,0.0,analysis,high,reviewed,"[0, 0, 0, 0, 0, 0, 0, 0, 0, 0, 0, 0, 0, 1, 0]"
NCERT_IonizationEnthalpy_08,2,"The atom becomes smaller after losing one electron, and the nuclear charge remains the same.",False,Incorrect. This is true but incomplete.,z_09,conceptual_error,medium,0.0667,analysis,high,reviewed,"[0, 0, 0, 0, 0, 0, 0, 0, 0, 1, 0, 0, 0, 0, 0]"
NCERT_IonizationEnthalpy_08,3,The electron is removed from an inner shell.,False,"Incorrect. The second electron may be removed from the same shell or an inner shell, but the primary reason is the increased effective nuclear charge on the remaining electrons.",z_08,conceptual_error,medium,0.0667,analysis,high,reviewed,"[0, 0, 0, 0, 0, 0, 0, 0, 1, 0, 0, 0, 0, 0, 0]"
NCERT_IonizationEnthalpy_08,4,The effective nuclear charge increases for the remaining electrons.,False,Incorrect. This is also true.,z_13,conceptual_error,medium,0.0667,analysis,high,reviewed,"[0, 0, 0, 0, 0, 0, 0, 0, 0, 0, 0, 0, 0, 1, 0]"
NCERT_IonizationEnthalpy_09,1,Mg,False,"Incorrect. Magnesium loses two 3s electrons easily; removing the third breaks the core, but the energy required is lower than that for Sodium.",z_13,conceptual_error,medium,0.0667,recall,high,reviewed,"[0, 0, 0, 0, 0, 0, 0, 0, 0, 0, 0, 0, 0, 1, 0]"
NCERT_IonizationEnthalpy_09,2,Si,False,Incorrect. Silicon loses its 3p electrons first; its third ionization enthalpy is just standard valence removal.,z_14,conceptual_error,medium,0.0667,recall,high,reviewed,"[0, 0, 0, 0, 0, 0, 0, 0, 0, 0, 0, 0, 0, 0, 1]"
NCERT_IonizationEnthalpy_09,3,Na,True,"Correct. Removing a third electron from Sodium requires breaking into the highly stable [Ne] noble gas core, requiring a massive amount of energy.",none,correct,none,0.0,recall,high,reviewed,"[0, 0, 0, 0, 0, 0, 0, 0, 1, 0, 0, 0, 0, 0, 0]"
NCERT_IonizationEnthalpy_09,4,Al,False,Incorrect. Aluminum loses one 3p and two 3s electrons as valence electrons; its third ionization enthalpy is just standard valence removal.,z_03,conceptual_error,medium,0.0667,recall,high,reviewed,"[0, 0, 0, 1, 0, 0, 0, 0, 0, 0, 0, 0, 0, 0, 0]"
NCERT_IonizationEnthalpy_10,1,Na has a smaller atomic radius than Mg.,False,"Incorrect. While Na is smaller, the main reason is the stable configuration of Na⁺.",z_13,conceptual_error,medium,0.0667,analysis,high,reviewed,"[0, 0, 0, 0, 0, 0, 0, 0, 0, 0, 0, 0, 0, 1, 0]"
NCERT_IonizationEnthalpy_10,2,"Na⁺ has a stable noble gas configuration (Ne), while Mg⁺ still has one electron in the 3s orbital.",True,"Correct. Na⁺ has the electron configuration of neon (1s²2s²2p⁶), which is very stable. Removing an electron from this core requires a huge amount of energy. Mg⁺ still has one 3s electron, which is easier to remove.",none,correct,none,0.0,analysis,high,reviewed,"[0, 0, 0, 0, 0, 0, 0, 0, 0, 1, 0, 0, 0, 0, 0]"
NCERT_IonizationEnthalpy_10,3,Mg has a lower first ionization enthalpy.,False,Incorrect. This is true but does not explain the high second IE of Na.,z_08,conceptual_error,medium,0.0667,analysis,high,reviewed,"[0, 0, 0, 0, 0, 0, 0, 0, 1, 0, 0, 0, 0, 0, 0]"
NCERT_IonizationEnthalpy_10,4,Na has a higher effective nuclear charge.,False,"Incorrect. Na has lower nuclear charge, so this is false.",z_13,conceptual_error,medium,0.0667,analysis,high,reviewed,"[0, 0, 0, 0, 0, 0, 0, 0, 0, 0, 0, 0, 0, 1, 0]"
NCERT_ElectronGainEnthalpy_01,1,The energy required to add an electron to a solid atom.,False,Incorrect. Electron gain enthalpy is defined for gaseous atoms.,z_13,conceptual_error,medium,0.0667,recall,high,reviewed,"[0, 0, 0, 0, 0, 0, 0, 0, 0, 0, 0, 0, 0, 1, 0]"
NCERT_ElectronGainEnthalpy_01,2,The energy released when an atom loses an electron.,False,Incorrect. That is ionization enthalpy.,z_12,conceptual_error,medium,0.0667,recall,high,reviewed,"[0, 0, 0, 0, 0, 0, 0, 0, 0, 0, 0, 0, 1, 0, 0]"
NCERT_ElectronGainEnthalpy_01,3,The energy released when an isolated gaseous atom gains an electron to form a negative ion.,True,Correct. Electron gain enthalpy (Δ_egH) is the enthalpy change when a gaseous atom in its ground state adds an electron to form a gaseous anion.,none,correct,none,0.0,recall,high,reviewed,"[0, 0, 0, 0, 0, 0, 0, 0, 0, 0, 0, 0, 0, 0, 1]"
NCERT_ElectronGainEnthalpy_01,4,The energy required to remove an electron from a negative ion.,False,Incorrect. That is the reverse of electron gain enthalpy.,z_01,conceptual_error,medium,0.0667,recall,high,reviewed,"[0, 1, 0, 0, 0, 0, 0, 0, 0, 0, 0, 0, 0, 0, 0]"
NCERT_ElectronGainEnthalpy_02,1,"Atomic radius increases, allowing easier addition of electron.",False,Incorrect. Atomic radius decreases across a period.,z_13,conceptual_error,medium,0.0667,recall,high,reviewed,"[0, 0, 0, 0, 0, 0, 0, 0, 0, 0, 0, 0, 0, 1, 0]"
NCERT_ElectronGainEnthalpy_02,2,"Shielding effect increases, making it easier to add an electron.",False,Incorrect. Shielding does not increase significantly; poor shielding helps increase Z_eff.,z_12,conceptual_error,medium,0.0667,recall,high,reviewed,"[0, 0, 0, 0, 0, 0, 0, 0, 0, 0, 0, 0, 1, 0, 0]"
NCERT_ElectronGainEnthalpy_02,3,"Effective nuclear charge increases, attracting the incoming electron more strongly.",True,"Correct. As we move left to right, Z_eff increases, so the incoming electron is attracted more strongly, releasing more energy (more negative Δ_egH).",none,correct,none,0.0,recall,high,reviewed,"[0, 0, 0, 0, 0, 0, 0, 0, 0, 0, 0, 0, 0, 0, 1]"
NCERT_ElectronGainEnthalpy_02,4,"The number of valence electrons decreases, creating more space.",False,Incorrect. The number of valence electrons increases.,z_01,conceptual_error,medium,0.0667,recall,high,reviewed,"[0, 1, 0, 0, 0, 0, 0, 0, 0, 0, 0, 0, 0, 0, 0]"
NCERT_ElectronGainEnthalpy_03,1,Chlorine has a smaller atomic radius.,False,Incorrect. Chlorine has a larger radius.,z_13,conceptual_error,medium,0.0667,recall,high,reviewed,"[0, 0, 0, 0, 0, 0, 0, 0, 0, 0, 0, 0, 0, 1, 0]"
NCERT_ElectronGainEnthalpy_03,2,Fluorine has a more stable half-filled configuration.,False,Incorrect. Fluorine does not have a half-filled configuration.,z_12,conceptual_error,medium,0.0667,recall,high,reviewed,"[0, 0, 0, 0, 0, 0, 0, 0, 0, 0, 0, 0, 1, 0, 0]"
NCERT_ElectronGainEnthalpy_03,3,Fluorine has a higher effective nuclear charge.,False,"Incorrect. Fluorine does have higher Z_eff, but that would make Δ_egH more negative; the observed anomaly is due to repulsion.",z_14,conceptual_error,medium,0.0667,recall,high,reviewed,"[0, 0, 0, 0, 0, 0, 0, 0, 0, 0, 0, 0, 0, 0, 1]"
NCERT_ElectronGainEnthalpy_03,4,"Fluorine has a smaller atomic radius, leading to greater electron-electron repulsion.",True,"Correct. The small size of fluorine causes high electron density and repulsion when an extra electron is added, making the process less exothermic than expected.",none,correct,none,0.0,recall,high,reviewed,"[0, 1, 0, 0, 0, 0, 0, 0, 0, 0, 0, 0, 0, 0, 0]"
NCERT_ElectronGainEnthalpy_04,1,Bromine (Br),False,"Incorrect. Br is larger than Cl, so less exothermic.",z_13,conceptual_error,medium,0.0667,recall,high,reviewed,"[0, 0, 0, 0, 0, 0, 0, 0, 0, 0, 0, 0, 0, 1, 0]"
NCERT_ElectronGainEnthalpy_04,2,Fluorine (F),False,Incorrect. F is less negative than Cl due to repulsion.,z_12,conceptual_error,medium,0.0667,recall,high,reviewed,"[0, 0, 0, 0, 0, 0, 0, 0, 0, 0, 0, 0, 1, 0, 0]"
NCERT_ElectronGainEnthalpy_04,3,Iodine (I),False,"Incorrect. I is even larger, least exothermic.",z_14,conceptual_error,medium,0.0667,recall,high,reviewed,"[0, 0, 0, 0, 0, 0, 0, 0, 0, 0, 0, 0, 0, 0, 1]"
NCERT_ElectronGainEnthalpy_04,4,Chlorine (Cl),True,Correct. Cl has the most negative electron gain enthalpy among halogens because its size is optimal to accommodate an extra electron with minimal repulsion.,none,correct,none,0.0,recall,high,reviewed,"[0, 1, 0, 0, 0, 0, 0, 0, 0, 0, 0, 0, 0, 0, 0]"
NCERT_ElectronGainEnthalpy_05,1,They have low ionization enthalpy.,False,Incorrect. Ionization enthalpy is unrelated to electron gain sign.,z_13,conceptual_error,medium,0.0667,recall,high,reviewed,"[0, 0, 0, 0, 0, 0, 0, 0, 0, 0, 0, 0, 0, 1, 0]"
NCERT_ElectronGainEnthalpy_05,2,They have a large atomic radius.,False,"Incorrect. Large radius would favor electron gain, but the stable octet prevents it.",z_12,conceptual_error,medium,0.0667,recall,high,reviewed,"[0, 0, 0, 0, 0, 0, 0, 0, 0, 0, 0, 0, 1, 0, 0]"
NCERT_ElectronGainEnthalpy_05,3,"They have a stable octet configuration, and adding an electron requires energy to place it in a higher energy orbital.",True,"Correct. Noble gases have a completely filled valence shell. Adding an electron would require placing it in the next higher energy orbital, which is unfavorable and requires energy.",none,correct,none,0.0,recall,high,reviewed,"[0, 0, 0, 0, 0, 0, 0, 0, 0, 0, 0, 0, 0, 0, 1]"
NCERT_ElectronGainEnthalpy_05,4,They have a very high effective nuclear charge.,False,"Incorrect. High Z_eff would favor electron gain, but the stable configuration dominates.",z_01,conceptual_error,medium,0.0667,recall,high,reviewed,"[0, 1, 0, 0, 0, 0, 0, 0, 0, 0, 0, 0, 0, 0, 0]"
NCERT_ElectronGainEnthalpy_06,1,Sulfur has a more stable electronic configuration.,False,Incorrect. Both have similar configurations; the key is size.,z_13,conceptual_error,medium,0.0667,recall,high,reviewed,"[0, 0, 0, 0, 0, 0, 0, 0, 0, 0, 0, 0, 0, 1, 0]"
NCERT_ElectronGainEnthalpy_06,2,"Oxygen has a smaller atomic radius, leading to higher electron-electron repulsion.",True,"Correct. Due to its small size, adding an electron to oxygen causes significant repulsion, making the process less exothermic.",none,correct,none,0.0,recall,high,reviewed,"[0, 0, 0, 0, 0, 0, 0, 0, 0, 0, 0, 0, 1, 0, 0]"
NCERT_ElectronGainEnthalpy_06,3,Oxygen has a higher electron affinity than sulfur.,False,Incorrect. Actually oxygen's EA is less than sulfur's.,z_14,conceptual_error,medium,0.0667,recall,high,reviewed,"[0, 0, 0, 0, 0, 0, 0, 0, 0, 0, 0, 0, 0, 0, 1]"
NCERT_ElectronGainEnthalpy_06,4,Oxygen has a higher effective nuclear charge.,False,"Incorrect. Higher Z_eff would make Δ_egH more negative, but repulsion overcomes it.",z_01,conceptual_error,medium,0.0667,recall,high,reviewed,"[0, 1, 0, 0, 0, 0, 0, 0, 0, 0, 0, 0, 0, 0, 0]"
NCERT_ElectronGainEnthalpy_07,1,F > Cl > Br > I,False,"Incorrect. Despite F's small radius, repulsion in its compact 2p subshell makes its electron gain enthalpy less negative than Cl's, so F is not first.",z_13,conceptual_error,medium,0.0667,recall,high,reviewed,"[0, 0, 0, 0, 0, 0, 0, 0, 0, 0, 0, 0, 0, 1, 0]"
NCERT_ElectronGainEnthalpy_07,2,Cl > Br > F > I,False,Incorrect. This order wrongly places Br ahead of F. F (-328 kJ/mol) is still more negative than Br (-324 kJ/mol).,z_12,conceptual_error,medium,0.0667,recall,high,reviewed,"[0, 0, 0, 0, 0, 0, 0, 0, 0, 0, 0, 0, 1, 0, 0]"
NCERT_ElectronGainEnthalpy_07,3,Cl > F > Br > I,True,"Correct. Experimental electron gain enthalpy values (kJ/mol): Cl = -349, F = -328, Br = -324, I = -295. Fluorine's small size causes strong electron-electron repulsion in its compact 2p subshell, making its value less negative than chlorine's, giving the order Cl > F > Br > I.",none,correct,none,0.0,recall,high,reviewed,"[0, 0, 0, 0, 0, 0, 0, 0, 0, 0, 0, 0, 0, 0, 1]"
NCERT_ElectronGainEnthalpy_07,4,I > Br > Cl > F,False,Incorrect. This is the reverse of the actual order; electron gain enthalpy becomes less negative going down the group after chlorine.,z_01,conceptual_error,medium,0.0667,recall,high,reviewed,"[0, 1, 0, 0, 0, 0, 0, 0, 0, 0, 0, 0, 0, 0, 0]"
NCERT_ElectronGainEnthalpy_08,1,The incoming electron is repelled by the already present negative charge.,True,"Correct. After forming a uninegative ion, the added electron experiences strong repulsion from the existing negative charge, so energy must be supplied to add a second electron.",none,correct,none,0.0,recall,high,reviewed,"[0, 0, 0, 0, 0, 0, 0, 0, 0, 0, 0, 0, 0, 1, 0]"
NCERT_ElectronGainEnthalpy_08,2,The atom becomes more stable after gaining one electron.,False,Incorrect. Adding an electron to a negative ion is generally destabilizing.,z_12,arithmetic_error,medium,0.0667,recall,high,reviewed,"[0, 0, 0, 0, 0, 0, 0, 0, 0, 0, 0, 0, 1, 0, 0]"
NCERT_ElectronGainEnthalpy_08,3,The atom becomes larger after adding one electron.,False,"Incorrect. The anion is larger, but that alone doesn't make the second addition endothermic.",z_14,arithmetic_error,medium,0.0667,recall,high,reviewed,"[0, 0, 0, 0, 0, 0, 0, 0, 0, 0, 0, 0, 0, 0, 1]"
NCERT_ElectronGainEnthalpy_08,4,The effective nuclear charge increases after adding one electron.,False,Incorrect. Effective nuclear charge decreases for the added electron due to increased shielding.,z_01,arithmetic_error,medium,0.0667,recall,high,reviewed,"[0, 1, 0, 0, 0, 0, 0, 0, 0, 0, 0, 0, 0, 0, 0]"
NCERT_ElectronGainEnthalpy_09,1,Argon (Ar),True,Correct. Ar is a noble gas with a stable octet; its electron gain enthalpy is positive.,none,correct,none,0.0,recall,high,reviewed,"[0, 0, 0, 0, 0, 0, 0, 0, 0, 0, 0, 0, 0, 1, 0]"
NCERT_ElectronGainEnthalpy_09,2,Phosphorus (P),False,Incorrect. P has a negative Δ_egH (though less negative than S).,z_12,conceptual_error,medium,0.0667,recall,high,reviewed,"[0, 0, 0, 0, 0, 0, 0, 0, 0, 0, 0, 0, 1, 0, 0]"
NCERT_ElectronGainEnthalpy_09,3,Chlorine (Cl),False,Incorrect. Cl has the most negative.,z_14,conceptual_error,medium,0.0667,recall,high,reviewed,"[0, 0, 0, 0, 0, 0, 0, 0, 0, 0, 0, 0, 0, 0, 1]"
NCERT_ElectronGainEnthalpy_09,4,Sulfur (S),False,Incorrect. S has a negative Δ_egH.,z_01,conceptual_error,medium,0.0667,recall,high,reviewed,"[0, 1, 0, 0, 0, 0, 0, 0, 0, 0, 0, 0, 0, 0, 0]"
NCERT_ElectronGainEnthalpy_10,1,"Nitrogen has a half-filled 2p³ configuration, which is stable, and adding an electron would disrupt this stability.",True,Correct. The half-filled p subshell gives extra stability; adding an electron requires energy to overcome this stability.,none,correct,none,0.0,recall,high,reviewed,"[0, 0, 0, 0, 0, 0, 0, 0, 0, 0, 0, 0, 0, 1, 0]"
NCERT_ElectronGainEnthalpy_10,2,Nitrogen has a very small atomic radius.,False,"Incorrect. Small radius contributes to repulsion, but the main reason is the stable configuration.",z_12,conceptual_error,medium,0.0667,recall,high,reviewed,"[0, 0, 0, 0, 0, 0, 0, 0, 0, 0, 0, 0, 1, 0, 0]"
NCERT_ElectronGainEnthalpy_10,3,Nitrogen has a high effective nuclear charge.,False,"Incorrect. High Z_eff would favor electron gain, but stability dominates.",z_14,conceptual_error,medium,0.0667,recall,high,reviewed,"[0, 0, 0, 0, 0, 0, 0, 0, 0, 0, 0, 0, 0, 0, 1]"
NCERT_ElectronGainEnthalpy_10,4,Nitrogen has a low ionization enthalpy.,False,Incorrect. Ionization enthalpy is unrelated.,z_01,conceptual_error,medium,0.0667,recall,high,reviewed,"[0, 1, 0, 0, 0, 0, 0, 0, 0, 0, 0, 0, 0, 0, 0]"
NCERT_Electroneg_01,1,The energy required to remove an electron from an atom.,False,Incorrect. That is ionization enthalpy.,z_14,conceptual_error,medium,0.0667,recall,high,reviewed,"[0, 0, 0, 0, 0, 0, 0, 0, 0, 0, 0, 0, 0, 0, 1]"
NCERT_Electroneg_01,2,The energy released when an atom gains an electron.,False,"Incorrect. That is electron gain enthalpy, though related, it is not the same as electronegativity.",z_04,conceptual_error,medium,0.0667,recall,high,reviewed,"[0, 0, 0, 0, 1, 0, 0, 0, 0, 0, 0, 0, 0, 0, 0]"
NCERT_Electroneg_01,3,The tendency of an atom to attract shared electrons towards itself in a chemical bond.,True,Correct. Electronegativity is a measure of the attraction an atom has for bonding electrons.,none,correct,none,0.0,recall,high,reviewed,"[0, 0, 0, 0, 0, 1, 0, 0, 0, 0, 0, 0, 0, 0, 0]"
NCERT_Electroneg_01,4,The ability of an atom to lose electrons easily.,False,Incorrect. That is electropositive character.,z_03,conceptual_error,medium,0.0667,recall,high,reviewed,"[0, 0, 0, 1, 0, 0, 0, 0, 0, 0, 0, 0, 0, 0, 0]"
NCERT_Electroneg_02,1,Electronegativity decreases because atomic radius increases.,False,"Incorrect. Atomic radius decreases, not increases.",z_14,conceptual_error,medium,0.0667,recall,high,reviewed,"[0, 0, 0, 0, 0, 0, 0, 0, 0, 0, 0, 0, 0, 0, 1]"
NCERT_Electroneg_02,2,Electronegativity increases because effective nuclear charge increases and atomic radius decreases.,True,"Correct. As we move left to right, Z_eff increases and atomic size decreases, making the atom more effective at attracting bonding electrons.",none,correct,none,0.0,recall,high,reviewed,"[0, 0, 0, 0, 1, 0, 0, 0, 0, 0, 0, 0, 0, 0, 0]"
NCERT_Electroneg_02,3,"Electronegativity first increases, then decreases due to electron pairing.",False,Incorrect. Electronegativity generally increases across a period with no decrease in the middle.,z_05,conceptual_error,medium,0.0667,recall,high,reviewed,"[0, 0, 0, 0, 0, 1, 0, 0, 0, 0, 0, 0, 0, 0, 0]"
NCERT_Electroneg_02,4,Electronegativity remains constant because the number of shells remains the same.,False,"Incorrect. Although the number of shells is constant, the increasing Z_eff raises electronegativity.",z_03,conceptual_error,medium,0.0667,recall,high,reviewed,"[0, 0, 0, 1, 0, 0, 0, 0, 0, 0, 0, 0, 0, 0, 0]"
NCERT_Electroneg_03,1,The ionization energy increases down the group.,False,Incorrect. Ionization energy decreases down a group.,z_14,conceptual_error,medium,0.0667,recall,high,reviewed,"[0, 0, 0, 0, 0, 0, 0, 0, 0, 0, 0, 0, 0, 0, 1]"
NCERT_Electroneg_03,2,Effective nuclear charge for valence electrons increases down the group.,False,Incorrect. Z_eff for valence electrons actually decreases down a group.,z_04,conceptual_error,medium,0.0667,recall,high,reviewed,"[0, 0, 0, 0, 1, 0, 0, 0, 0, 0, 0, 0, 0, 0, 0]"
NCERT_Electroneg_03,3,"Atomic radius increases and shielding increases, reducing the attraction for bonding electrons.",True,"Correct. As we go down, the valence electrons are farther from the nucleus and better shielded, so the atom's pull on bonding electrons weakens.",none,correct,none,0.0,recall,high,reviewed,"[0, 0, 0, 0, 0, 1, 0, 0, 0, 0, 0, 0, 0, 0, 0]"
NCERT_Electroneg_03,4,The number of valence electrons decreases down the group.,False,Incorrect. The number of valence electrons remains the same within a group.,z_03,conceptual_error,medium,0.0667,recall,high,reviewed,"[0, 0, 0, 1, 0, 0, 0, 0, 0, 0, 0, 0, 0, 0, 0]"
NCERT_Electroneg_04,1,Carbon (C),False,Incorrect. C has moderate electronegativity but lower than O and F.,z_14,conceptual_error,medium,0.0667,recall,high,reviewed,"[0, 0, 0, 0, 0, 0, 0, 0, 0, 0, 0, 0, 0, 0, 1]"
NCERT_Electroneg_04,2,Oxygen (O),False,Incorrect. O is highly electronegative but second only to F.,z_04,conceptual_error,medium,0.0667,recall,high,reviewed,"[0, 0, 0, 0, 1, 0, 0, 0, 0, 0, 0, 0, 0, 0, 0]"
NCERT_Electroneg_04,3,Fluorine (F),True,Correct. Fluorine is the most electronegative element on the Pauling scale.,none,correct,none,0.0,recall,high,reviewed,"[0, 0, 0, 0, 0, 1, 0, 0, 0, 0, 0, 0, 0, 0, 0]"
NCERT_Electroneg_04,4,Lithium (Li),False,Incorrect. Li is a metal with low electronegativity.,z_03,conceptual_error,medium,0.0667,recall,high,reviewed,"[0, 0, 0, 1, 0, 0, 0, 0, 0, 0, 0, 0, 0, 0, 0]"
NCERT_Electroneg_05,1,F > O > Cl > N,True,Correct. The order is F (4.0) > O (3.5) > Cl (3.2) > N (3.0) approximately.,none,correct,none,0.0,recall,high,reviewed,"[0, 0, 0, 0, 0, 0, 0, 0, 0, 0, 0, 0, 0, 0, 1]"
NCERT_Electroneg_05,2,O > F > N > Cl,False,Incorrect. F is more electronegative than O.,z_04,conceptual_error,medium,0.0667,recall,high,reviewed,"[0, 0, 0, 0, 1, 0, 0, 0, 0, 0, 0, 0, 0, 0, 0]"
NCERT_Electroneg_05,3,N > O > F > Cl,False,Incorrect. F is the most electronegative.,z_05,conceptual_error,medium,0.0667,recall,high,reviewed,"[0, 0, 0, 0, 0, 1, 0, 0, 0, 0, 0, 0, 0, 0, 0]"
NCERT_Electroneg_05,4,Cl > F > O > N,False,Incorrect. F is more electronegative than Cl.,z_03,conceptual_error,medium,0.0667,recall,high,reviewed,"[0, 0, 0, 1, 0, 0, 0, 0, 0, 0, 0, 0, 0, 0, 0]"
NCERT_Electroneg_06,1,Chlorine has more valence electrons.,False,Incorrect. Both have similar valence electron count; the key is Z_eff and size.,z_14,conceptual_error,medium,0.0667,recall,high,reviewed,"[0, 0, 0, 0, 0, 0, 0, 0, 0, 0, 0, 0, 0, 0, 1]"
NCERT_Electroneg_06,2,Sulfur has a higher effective nuclear charge.,False,Incorrect. Sulfur has a lower nuclear charge.,z_04,conceptual_error,medium,0.0667,recall,high,reviewed,"[0, 0, 0, 0, 1, 0, 0, 0, 0, 0, 0, 0, 0, 0, 0]"
NCERT_Electroneg_06,3,Chlorine has a smaller atomic radius and higher effective nuclear charge.,True,"Correct. Chlorine (Z=17) has a higher nuclear charge and smaller size than sulfur (Z=16), leading to greater attraction for bonding electrons.",none,correct,none,0.0,recall,high,reviewed,"[0, 0, 0, 0, 0, 1, 0, 0, 0, 0, 0, 0, 0, 0, 0]"
NCERT_Electroneg_06,4,Chlorine has a larger atomic radius.,False,Incorrect. Chlorine has a smaller atomic radius.,z_03,conceptual_error,medium,0.0667,recall,high,reviewed,"[0, 0, 0, 1, 0, 0, 0, 0, 0, 0, 0, 0, 0, 0, 0]"
NCERT_Electroneg_07,1,Electronegativity is a dimensionless quantity with no units.,False,Incorrect. Electronegativity is a relative scale without units.,z_14,conceptual_error,medium,0.0667,recall,high,reviewed,"[0, 0, 0, 0, 0, 0, 0, 0, 0, 0, 0, 0, 0, 0, 1]"
NCERT_Electroneg_07,2,"Electronegativity values are the same on all scales (Pauling, Mulliken, etc.).",False,"Incorrect. Different scales give different numerical values, though trends are similar.",z_04,arithmetic_error,medium,0.0667,recall,high,reviewed,"[0, 0, 0, 0, 1, 0, 0, 0, 0, 0, 0, 0, 0, 0, 0]"
NCERT_Electroneg_07,3,Electronegativity increases from left to right in a period and decreases down a group.,True,"Correct. This is the correct periodic trend. Both statements are true, but the question asks for a single correct statement. Option D is a correct statement about the trend.",none,correct,none,0.0,recall,high,reviewed,"[0, 0, 0, 0, 0, 1, 0, 0, 0, 0, 0, 0, 0, 0, 0]"
NCERT_Electroneg_07,4,Electronegativity is a property of an isolated atom.,False,Incorrect. Electronegativity is defined for an atom in a molecule; it is not a property of an isolated atom.,z_03,conceptual_error,medium,0.0667,recall,high,reviewed,"[0, 0, 0, 1, 0, 0, 0, 0, 0, 0, 0, 0, 0, 0, 0]"
NCERT_Electroneg_08,1,They have very small atomic radii.,False,"Incorrect. They have small radii, but that would favor high electronegativity; the lack of bonding is the key.",z_14,conceptual_error,medium,0.0667,recall,high,reviewed,"[0, 0, 0, 0, 0, 0, 0, 0, 0, 0, 0, 0, 0, 0, 1]"
NCERT_Electroneg_08,2,They have high ionization energies.,False,"Incorrect. High IE is true, but the main reason is the reluctance to bond.",z_04,conceptual_error,medium,0.0667,recall,high,reviewed,"[0, 0, 0, 0, 1, 0, 0, 0, 0, 0, 0, 0, 0, 0, 0]"
NCERT_Electroneg_08,3,They have complete octets and do not readily form bonds.,True,"Correct. Noble gases have stable electronic configurations and rarely participate in bond formation, so electronegativity values are not assigned or are very low.",none,correct,none,0.0,recall,high,reviewed,"[0, 0, 0, 0, 0, 1, 0, 0, 0, 0, 0, 0, 0, 0, 0]"
NCERT_Electroneg_08,4,They have high electron gain enthalpies.,False,"Incorrect. Their electron gain enthalpies are positive, indicating they do not accept electrons easily.",z_03,conceptual_error,medium,0.0667,recall,high,reviewed,"[0, 0, 0, 1, 0, 0, 0, 0, 0, 0, 0, 0, 0, 0, 0]"
NCERT_Electroneg_09,1,The bond length,False,"Incorrect. Bond length is related to atomic sizes, not directly to electronegativity difference.",z_14,conceptual_error,medium,0.0667,recall,high,reviewed,"[0, 0, 0, 0, 0, 0, 0, 0, 0, 0, 0, 0, 0, 0, 1]"
NCERT_Electroneg_09,2,The hybridization,False,Incorrect. Hybridization depends on steric number and geometry.,z_04,conceptual_error,medium,0.0667,recall,high,reviewed,"[0, 0, 0, 0, 1, 0, 0, 0, 0, 0, 0, 0, 0, 0, 0]"
NCERT_Electroneg_09,3,The bond order,False,"Incorrect. Bond order depends on electron count, not electronegativity difference.",z_05,conceptual_error,medium,0.0667,recall,high,reviewed,"[0, 0, 0, 0, 0, 1, 0, 0, 0, 0, 0, 0, 0, 0, 0]"
NCERT_Electroneg_09,4,The polarity of the bond,True,Correct. A larger electronegativity difference leads to a more polar bond (greater ionic character).,none,correct,none,0.0,recall,high,reviewed,"[0, 0, 0, 1, 0, 0, 0, 0, 0, 0, 0, 0, 0, 0, 0]"
NCERT_Electroneg_10,1,Na and Cl,True,"Correct. Na (0.9) and Cl (3.2) have a difference of 2.3, the largest among these.",none,correct,none,0.0,recall,high,reviewed,"[0, 0, 0, 0, 0, 0, 0, 0, 0, 0, 0, 0, 0, 0, 1]"
NCERT_Electroneg_10,2,H and Cl,False,Incorrect. H (2.2) and Cl (3.2) difference = 1.0.,z_04,conceptual_error,medium,0.0667,recall,high,reviewed,"[0, 0, 0, 0, 1, 0, 0, 0, 0, 0, 0, 0, 0, 0, 0]"
NCERT_Electroneg_10,3,Mg and O,False,"Incorrect. Mg (1.3) and O (3.5) difference = 2.2, slightly less than Na-Cl.",z_05,conceptual_error,medium,0.0667,recall,high,reviewed,"[0, 0, 0, 0, 0, 1, 0, 0, 0, 0, 0, 0, 0, 0, 0]"
NCERT_Electroneg_10,4,C and O,False,Incorrect. C (2.6) and O (3.5) difference = 0.9.,z_03,conceptual_error,medium,0.0667,recall,high,reviewed,"[0, 0, 0, 1, 0, 0, 0, 0, 0, 0, 0, 0, 0, 0, 0]"
NCERT_DipoleMoment_01,1,"The measure of the polarity of a bond, equal to the product of charge and distance.",True,"Correct. Dipole moment (μ) = q × d, where q is the partial charge and d is the distance between charges.",none,correct,none,0.0,recall,high,reviewed,"[0, 0, 0, 0, 0, 0, 0, 0, 0, 1, 0, 0, 0, 0, 0]"
NCERT_DipoleMoment_01,2,The tendency of an atom to attract shared electrons.,False,Incorrect. That is electronegativity.,z_06,conceptual_error,medium,0.0667,recall,high,reviewed,"[0, 0, 0, 0, 0, 0, 1, 0, 0, 0, 0, 0, 0, 0, 0]"
NCERT_DipoleMoment_01,3,The energy required to separate charges in a molecule.,False,"Incorrect. That is bond dissociation energy, not dipole moment.",z_02,conceptual_error,medium,0.0667,recall,high,reviewed,"[0, 0, 1, 0, 0, 0, 0, 0, 0, 0, 0, 0, 0, 0, 0]"
NCERT_DipoleMoment_01,4,The distance between the nuclei of two bonded atoms.,False,Incorrect. That is bond length.,z_09,conceptual_error,medium,0.0667,recall,high,reviewed,"[0, 0, 0, 0, 0, 0, 0, 0, 0, 1, 0, 0, 0, 0, 0]"
NCERT_DipoleMoment_02,1,NH₃,False,Incorrect. Ammonia is pyramidal with a net dipole moment.,z_09,conceptual_error,medium,0.0667,recall,high,reviewed,"[0, 0, 0, 0, 0, 0, 0, 0, 0, 1, 0, 0, 0, 0, 0]"
NCERT_DipoleMoment_02,2,H₂O,False,Incorrect. Water has a bent shape with a net dipole moment.,z_06,conceptual_error,medium,0.0667,recall,high,reviewed,"[0, 0, 0, 0, 0, 0, 1, 0, 0, 0, 0, 0, 0, 0, 0]"
NCERT_DipoleMoment_02,3,CO₂,True,"Correct. CO₂ is linear and symmetric; the bond dipoles cancel, resulting in zero dipole moment.",none,correct,none,0.0,recall,high,reviewed,"[0, 0, 1, 0, 0, 0, 0, 0, 0, 0, 0, 0, 0, 0, 0]"
NCERT_DipoleMoment_02,4,HCl,False,Incorrect. HCl is a polar molecule with a dipole moment.,z_09,conceptual_error,medium,0.0667,recall,high,reviewed,"[0, 0, 0, 0, 0, 0, 0, 0, 0, 1, 0, 0, 0, 0, 0]"
NCERT_DipoleMoment_03,1,The bond angle in NH₃ is larger.,False,Incorrect. Both have similar bond angles (~107°).,z_09,conceptual_error,medium,0.0667,recall,high,reviewed,"[0, 0, 0, 0, 0, 0, 0, 0, 0, 1, 0, 0, 0, 0, 0]"
NCERT_DipoleMoment_03,2,Fluorine is more electronegative than hydrogen.,False,"Incorrect. While true, this does not explain why NH₃ has a higher dipole moment.",z_06,conceptual_error,medium,0.0667,recall,high,reviewed,"[0, 0, 0, 0, 0, 0, 1, 0, 0, 0, 0, 0, 0, 0, 0]"
NCERT_DipoleMoment_03,3,The N-H bond is more polar than the N-F bond.,False,Incorrect. N-F bond is more polar than N-H due to higher electronegativity of F.,z_02,conceptual_error,medium,0.0667,recall,high,reviewed,"[0, 0, 1, 0, 0, 0, 0, 0, 0, 0, 0, 0, 0, 0, 0]"
NCERT_DipoleMoment_03,4,The lone pair on nitrogen contributes to the dipole in NH₃ but opposes it in NF₃.,True,"Correct. In NH₃, the lone pair moment adds to the bond moments, resulting in a high net dipole. In NF₃, the lone pair moment opposes the bond moments, leading to a smaller net dipole.",none,correct,none,0.0,recall,high,reviewed,"[0, 0, 0, 0, 0, 0, 0, 0, 0, 1, 0, 0, 0, 0, 0]"
NCERT_DipoleMoment_04,1,The dipole moment of a molecule is independent of its geometry.,False,Incorrect. Dipole moment depends on both bond polarity and molecular geometry.,z_09,conceptual_error,medium,0.0667,recall,high,reviewed,"[0, 0, 0, 0, 0, 0, 0, 0, 0, 1, 0, 0, 0, 0, 0]"
NCERT_DipoleMoment_04,2,A molecule with polar bonds must have a net dipole moment.,False,"Incorrect. Symmetric molecules can have polar bonds but zero net dipole (e.g., CO₂).",z_06,conceptual_error,medium,0.0667,recall,high,reviewed,"[0, 0, 0, 0, 0, 0, 1, 0, 0, 0, 0, 0, 0, 0, 0]"
NCERT_DipoleMoment_04,3,A molecule with a net dipole moment is always polar.,True,Correct. A molecule is polar if it has a net dipole moment.,none,correct,none,0.0,recall,high,reviewed,"[0, 0, 1, 0, 0, 0, 0, 0, 0, 0, 0, 0, 0, 0, 0]"
NCERT_DipoleMoment_04,4,The dipole moment of CO₂ is greater than that of H₂O.,False,"Incorrect. CO₂ has zero dipole, H₂O has a significant dipole.",z_09,conceptual_error,medium,0.0667,recall,high,reviewed,"[0, 0, 0, 0, 0, 0, 0, 0, 0, 1, 0, 0, 0, 0, 0]"
NCERT_DipoleMoment_05,1,CH₃Cl,True,Correct. CH₃Cl has the highest dipole moment among chloromethanes due to the vector addition of bond moments.,none,correct,none,0.0,recall,high,reviewed,"[0, 0, 0, 0, 0, 0, 0, 0, 0, 1, 0, 0, 0, 0, 0]"
NCERT_DipoleMoment_05,2,CH₂Cl₂,False,Incorrect. CH₂Cl₂ has a lower dipole moment than CH₃Cl because the two C-Cl dipoles partially cancel.,z_06,conceptual_error,medium,0.0667,recall,high,reviewed,"[0, 0, 0, 0, 0, 0, 1, 0, 0, 0, 0, 0, 0, 0, 0]"
NCERT_DipoleMoment_05,3,CHCl₃,False,Incorrect. CHCl₃ has a lower dipole than CH₃Cl due to three C-Cl dipoles partially canceling each other.,z_02,conceptual_error,medium,0.0667,recall,high,reviewed,"[0, 0, 1, 0, 0, 0, 0, 0, 0, 0, 0, 0, 0, 0, 0]"
NCERT_DipoleMoment_05,4,CH₄,False,Incorrect. CH₄ is nonpolar.,z_09,conceptual_error,medium,0.0667,recall,high,reviewed,"[0, 0, 0, 0, 0, 0, 0, 0, 0, 1, 0, 0, 0, 0, 0]"
NCERT_DipoleMoment_06,1,The Be-F bond is nonpolar.,False,Incorrect. Be-F bond is polar due to electronegativity difference.,z_09,conceptual_error,medium,0.0667,recall,high,reviewed,"[0, 0, 0, 0, 0, 0, 0, 0, 0, 1, 0, 0, 0, 0, 0]"
NCERT_DipoleMoment_06,2,Fluorine has a lower electronegativity than beryllium.,False,Incorrect. Fluorine is more electronegative than beryllium.,z_06,conceptual_error,medium,0.0667,recall,high,reviewed,"[0, 0, 0, 0, 0, 0, 1, 0, 0, 0, 0, 0, 0, 0, 0]"
NCERT_DipoleMoment_06,3,The molecule is bent.,False,"Incorrect. The molecule is linear, not bent.",z_02,conceptual_error,medium,0.0667,recall,high,reviewed,"[0, 0, 1, 0, 0, 0, 0, 0, 0, 0, 0, 0, 0, 0, 0]"
NCERT_DipoleMoment_06,4,The molecule is linear and symmetric.,True,Correct. BeF₂ is linear; the two equal bond dipoles point in opposite directions and cancel.,none,correct,none,0.0,recall,high,reviewed,"[0, 0, 0, 0, 0, 0, 0, 0, 0, 1, 0, 0, 0, 0, 0]"
NCERT_DipoleMoment_07,1,CH₄ and CHCl₃,False,Incorrect. CH₄ is nonpolar.,z_09,conceptual_error,medium,0.0667,recall,high,reviewed,"[0, 0, 0, 0, 0, 0, 0, 0, 0, 1, 0, 0, 0, 0, 0]"
NCERT_DipoleMoment_07,2,NH₃ and BF₃,False,Incorrect. BF₃ is nonpolar.,z_06,conceptual_error,medium,0.0667,recall,high,reviewed,"[0, 0, 0, 0, 0, 0, 1, 0, 0, 0, 0, 0, 0, 0, 0]"
NCERT_DipoleMoment_07,3,CO₂ and H₂O,False,Incorrect. CO₂ is nonpolar.,z_02,conceptual_error,medium,0.0667,recall,high,reviewed,"[0, 0, 1, 0, 0, 0, 0, 0, 0, 0, 0, 0, 0, 0, 0]"
NCERT_DipoleMoment_07,4,H₂O and NH₃,True,Correct. Both water (bent) and ammonia (pyramidal) have net dipole moments.,none,correct,none,0.0,recall,high,reviewed,"[0, 0, 0, 0, 0, 0, 0, 0, 0, 1, 0, 0, 0, 0, 0]"
NCERT_DipoleMoment_08,1,Cis isomer has a higher bond angle.,False,Incorrect. Bond angles are similar; the difference is geometry.,z_09,conceptual_error,medium,0.0667,recall,high,reviewed,"[0, 0, 0, 0, 0, 0, 0, 0, 0, 1, 0, 0, 0, 0, 0]"
NCERT_DipoleMoment_08,2,Chlorine is more electronegative in the cis isomer.,False,Incorrect. Electronegativity is the same.,z_06,conceptual_error,medium,0.0667,recall,high,reviewed,"[0, 0, 0, 0, 0, 0, 1, 0, 0, 0, 0, 0, 0, 0, 0]"
NCERT_DipoleMoment_08,3,Trans isomer has a larger molecular weight.,False,Incorrect. Molecular weight does not determine polarity.,z_02,conceptual_error,medium,0.0667,recall,high,reviewed,"[0, 0, 1, 0, 0, 0, 0, 0, 0, 0, 0, 0, 0, 0, 0]"
NCERT_DipoleMoment_08,4,"In the cis isomer, the bond dipoles add up, while in the trans isomer they cancel.",True,"Correct. In cis isomer, the two C-Cl dipoles are on the same side and add vectorially. In trans isomer, they are opposite and cancel.",none,correct,none,0.0,recall,high,reviewed,"[0, 0, 0, 0, 0, 0, 0, 0, 0, 1, 0, 0, 0, 0, 0]"
NCERT_DipoleMoment_09,1,Atomic mass,True,Correct. Atomic mass does not directly affect the dipole moment.,none,correct,none,0.0,recall,high,reviewed,"[0, 0, 0, 0, 0, 0, 0, 0, 0, 1, 0, 0, 0, 0, 0]"
NCERT_DipoleMoment_09,2,Molecular geometry,False,Incorrect. Geometry determines how bond dipoles add up.,z_06,arithmetic_error,medium,0.0667,recall,high,reviewed,"[0, 0, 0, 0, 0, 0, 1, 0, 0, 0, 0, 0, 0, 0, 0]"
NCERT_DipoleMoment_09,3,Electronegativity difference between atoms,False,"Incorrect. Electronegativity difference determines bond polarity, which affects dipole.",z_02,conceptual_error,medium,0.0667,recall,high,reviewed,"[0, 0, 1, 0, 0, 0, 0, 0, 0, 0, 0, 0, 0, 0, 0]"
NCERT_DipoleMoment_09,4,Bond length,False,Incorrect. Bond length affects the distance term in μ = q × d.,z_09,conceptual_error,medium,0.0667,recall,high,reviewed,"[0, 0, 0, 0, 0, 0, 0, 0, 0, 1, 0, 0, 0, 0, 0]"
NCERT_DipoleMoment_10,1,Linear,False,"Incorrect. Some linear molecules (like CO₂) have zero dipole, but not all linear molecules (e.g., HCN has dipole).",z_09,conceptual_error,medium,0.0667,recall,high,reviewed,"[0, 0, 0, 0, 0, 0, 0, 0, 0, 1, 0, 0, 0, 0, 0]"
NCERT_DipoleMoment_10,2,Nonpolar,True,Correct. Zero dipole moment implies the molecule is nonpolar.,none,correct,none,0.0,recall,high,reviewed,"[0, 0, 0, 0, 0, 0, 1, 0, 0, 0, 0, 0, 0, 0, 0]"
NCERT_DipoleMoment_10,3,Symmetric,False,"Incorrect. Symmetry is necessary but not sufficient; e.g., BF₃ is symmetric and nonpolar, but symmetry alone doesn't guarantee zero dipole for all geometries.",z_02,conceptual_error,medium,0.0667,recall,high,reviewed,"[0, 0, 1, 0, 0, 0, 0, 0, 0, 0, 0, 0, 0, 0, 0]"
NCERT_DipoleMoment_10,4,Ionic,False,Incorrect. Ionic compounds have very large dipole moments in the gas phase.,z_09,conceptual_error,medium,0.0667,recall,high,reviewed,"[0, 0, 0, 0, 0, 0, 0, 0, 0, 1, 0, 0, 0, 0, 0]"
NCERT_VSEPR_01,1,Electron pairs around a central atom repel each other and arrange themselves to minimize this repulsion.,True,Correct. VSEPR theory states that electron pairs (bonding and lone) around a central atom repel and adopt an arrangement that minimizes repulsion.,none,correct,none,0.0,analysis,high,reviewed,"[0, 0, 0, 1, 0, 0, 0, 0, 0, 0, 0, 0, 0, 0, 0]"
NCERT_VSEPR_01,2,The geometry of a molecule is determined by the number of bonding electrons only.,False,Incorrect. Both bonding and lone pairs affect geometry.,z_14,conceptual_error,medium,0.0667,analysis,high,reviewed,"[0, 0, 0, 0, 0, 0, 0, 0, 0, 0, 0, 0, 0, 0, 1]"
NCERT_VSEPR_01,3,The geometry is determined by the hybridization of the central atom.,False,"Incorrect. Hybridization is a consequence of geometry, not the determinant.",z_13,conceptual_error,medium,0.0667,analysis,high,reviewed,"[0, 0, 0, 0, 0, 0, 0, 0, 0, 0, 0, 0, 0, 1, 0]"
NCERT_VSEPR_01,4,Electron pairs are always arranged linearly.,False,Incorrect. Arrangement depends on the number of electron pairs.,z_11,conceptual_error,medium,0.0667,analysis,high,reviewed,"[0, 0, 0, 0, 0, 0, 0, 0, 0, 0, 0, 1, 0, 0, 0]"
NCERT_VSEPR_02,1,Tetrahedral,True,Correct. Four bond pairs arrange tetrahedrally to minimize repulsion.,none,correct,none,0.0,analysis,high,reviewed,"[0, 0, 0, 1, 0, 0, 0, 0, 0, 0, 0, 0, 0, 0, 0]"
NCERT_VSEPR_02,2,Linear,False,Incorrect. Linear corresponds to two bond pairs.,z_14,conceptual_error,medium,0.0667,analysis,high,reviewed,"[0, 0, 0, 0, 0, 0, 0, 0, 0, 0, 0, 0, 0, 0, 1]"
NCERT_VSEPR_02,3,Trigonal planar,False,Incorrect. Trigonal planar corresponds to three bond pairs.,z_13,conceptual_error,medium,0.0667,analysis,high,reviewed,"[0, 0, 0, 0, 0, 0, 0, 0, 0, 0, 0, 0, 0, 1, 0]"
NCERT_VSEPR_02,4,Square planar,False,Incorrect. Square planar occurs with four bond pairs and two lone pairs (octahedral arrangement).,z_11,conceptual_error,medium,0.0667,analysis,high,reviewed,"[0, 0, 0, 0, 0, 0, 0, 0, 0, 0, 0, 1, 0, 0, 0]"
NCERT_VSEPR_03,1,CO₂,False,Incorrect. CO₂ is linear.,z_03,conceptual_error,medium,0.0667,analysis,high,reviewed,"[0, 0, 0, 1, 0, 0, 0, 0, 0, 0, 0, 0, 0, 0, 0]"
NCERT_VSEPR_03,2,NH₃,True,"Correct. NH₃ has three bond pairs and one lone pair, giving a trigonal pyramidal shape.",none,correct,none,0.0,analysis,high,reviewed,"[0, 0, 0, 0, 0, 0, 0, 0, 0, 0, 0, 0, 0, 0, 1]"
NCERT_VSEPR_03,3,CH₄,False,Incorrect. CH₄ is tetrahedral.,z_13,conceptual_error,medium,0.0667,analysis,high,reviewed,"[0, 0, 0, 0, 0, 0, 0, 0, 0, 0, 0, 0, 0, 1, 0]"
NCERT_VSEPR_03,4,BF₃,False,Incorrect. BF₃ is trigonal planar.,z_11,conceptual_error,medium,0.0667,analysis,high,reviewed,"[0, 0, 0, 0, 0, 0, 0, 0, 0, 0, 0, 1, 0, 0, 0]"
NCERT_VSEPR_04,1,The O-H bonds are polar.,False,Incorrect. Polarity does not determine the bond angle.,z_03,conceptual_error,medium,0.0667,analysis,high,reviewed,"[0, 0, 0, 1, 0, 0, 0, 0, 0, 0, 0, 0, 0, 0, 0]"
NCERT_VSEPR_04,2,Water molecules form hydrogen bonds.,False,"Incorrect. Hydrogen bonding occurs between molecules, not within a single molecule.",z_14,conceptual_error,medium,0.0667,analysis,high,reviewed,"[0, 0, 0, 0, 0, 0, 0, 0, 0, 0, 0, 0, 0, 0, 1]"
NCERT_VSEPR_04,3,"The two lone pairs on oxygen repel more strongly than bond pairs, compressing the H-O-H angle.",True,"Correct. Lone pair-lone pair repulsion is greater than lone pair-bond pair and bond pair-bond pair repulsion, causing the angle to decrease.",none,correct,none,0.0,analysis,high,reviewed,"[0, 0, 0, 0, 0, 0, 0, 0, 0, 0, 0, 0, 0, 1, 0]"
NCERT_VSEPR_04,4,Oxygen is more electronegative than hydrogen.,False,"Incorrect. Electronegativity affects bond polarity, not the angle directly.",z_11,conceptual_error,medium,0.0667,analysis,high,reviewed,"[0, 0, 0, 0, 0, 0, 0, 0, 0, 0, 0, 1, 0, 0, 0]"
NCERT_VSEPR_05,1,NH₃ > PH₃ > AsH₃,False,"Incorrect. NH₃ bond angle ~107°, PH₃ ~93°, AsH₃ ~92°, so NH₃ > PH₃ > AsH₃ is correct.",z_03,conceptual_error,medium,0.0667,analysis,high,reviewed,"[0, 0, 0, 1, 0, 0, 0, 0, 0, 0, 0, 0, 0, 0, 0]"
NCERT_VSEPR_05,2,CH₄ > NH₃ > H₂O,False,"Incorrect. CH₄ 109.5°, NH₃ 107°, H₂O 104.5°, so CH₄ > NH₃ > H₂O is correct.",z_14,conceptual_error,medium,0.0667,analysis,high,reviewed,"[0, 0, 0, 0, 0, 0, 0, 0, 0, 0, 0, 0, 0, 0, 1]"
NCERT_VSEPR_05,3,H₂O > H₂S > H₂Se,False,"Incorrect. H₂O ~104.5°, H₂S ~92°, H₂Se ~91°, so H₂O > H₂S > H₂Se is correct.",z_13,conceptual_error,medium,0.0667,analysis,high,reviewed,"[0, 0, 0, 0, 0, 0, 0, 0, 0, 0, 0, 0, 0, 1, 0]"
NCERT_VSEPR_05,4,All of these,True,Correct. All three orders are correct trends due to decreasing electronegativity and increasing size of central atom.,none,correct,none,0.0,analysis,high,reviewed,"[0, 0, 0, 0, 0, 0, 0, 0, 0, 0, 0, 1, 0, 0, 0]"
NCERT_VSEPR_06,1,Lone pairs always make the molecule linear.,False,"Incorrect. Lone pairs do not force linearity; e.g., water has two lone pairs but is bent.",z_03,conceptual_error,medium,0.0667,analysis,high,reviewed,"[0, 0, 0, 1, 0, 0, 0, 0, 0, 0, 0, 0, 0, 0, 0]"
NCERT_VSEPR_06,2,Lone pairs have no effect on bond angles.,False,Incorrect. Lone pairs significantly affect bond angles.,z_14,conceptual_error,medium,0.0667,analysis,high,reviewed,"[0, 0, 0, 0, 0, 0, 0, 0, 0, 0, 0, 0, 0, 0, 1]"
NCERT_VSEPR_06,3,Lone pairs cause bond angles to increase.,False,"Incorrect. Lone pairs repel more strongly, pushing bonding pairs closer, decreasing bond angles.",z_13,conceptual_error,medium,0.0667,analysis,high,reviewed,"[0, 0, 0, 0, 0, 0, 0, 0, 0, 0, 0, 0, 0, 1, 0]"
NCERT_VSEPR_06,4,Lone pairs cause bond angles to decrease.,True,"Correct. Lone pairs occupy more space and exert greater repulsion, compressing the bond angles.",none,correct,none,0.0,analysis,high,reviewed,"[0, 0, 0, 0, 0, 0, 0, 0, 0, 0, 0, 1, 0, 0, 0]"
NCERT_VSEPR_07,1,CO₂,False,Incorrect. CO₂ is linear.,z_03,conceptual_error,medium,0.0667,analysis,high,reviewed,"[0, 0, 0, 1, 0, 0, 0, 0, 0, 0, 0, 0, 0, 0, 0]"
NCERT_VSEPR_07,2,SO₂,True,"Correct. SO₂ has two bond pairs and one lone pair (on S), giving a bent shape.",none,correct,none,0.0,analysis,high,reviewed,"[0, 0, 0, 0, 0, 0, 0, 0, 0, 0, 0, 0, 0, 0, 1]"
NCERT_VSEPR_07,3,BeCl₂,False,Incorrect. BeCl₂ is linear.,z_13,conceptual_error,medium,0.0667,analysis,high,reviewed,"[0, 0, 0, 0, 0, 0, 0, 0, 0, 0, 0, 0, 0, 1, 0]"
NCERT_VSEPR_07,4,CH₄,False,Incorrect. CH₄ is tetrahedral.,z_11,conceptual_error,medium,0.0667,analysis,high,reviewed,"[0, 0, 0, 0, 0, 0, 0, 0, 0, 0, 0, 1, 0, 0, 0]"
NCERT_VSEPR_08,1,Linear,False,Incorrect. Linear corresponds to two bond pairs and no lone pairs.,z_03,conceptual_error,medium,0.0667,analysis,high,reviewed,"[0, 0, 0, 1, 0, 0, 0, 0, 0, 0, 0, 0, 0, 0, 0]"
NCERT_VSEPR_08,2,Bent (angular),True,"Correct. With four electron pairs (two bonds, two lone pairs), the electron pair geometry is tetrahedral, but the molecular shape is bent (angular).",none,correct,none,0.0,analysis,high,reviewed,"[0, 0, 0, 0, 0, 0, 0, 0, 0, 0, 0, 0, 0, 0, 1]"
NCERT_VSEPR_08,3,Trigonal planar,False,Incorrect. Trigonal planar corresponds to three electron pairs.,z_13,conceptual_error,medium,0.0667,analysis,high,reviewed,"[0, 0, 0, 0, 0, 0, 0, 0, 0, 0, 0, 0, 0, 1, 0]"
NCERT_VSEPR_08,4,Tetrahedral,False,"Incorrect. Tetrahedral is the electron pair geometry, not the molecular shape.",z_11,conceptual_error,medium,0.0667,analysis,high,reviewed,"[0, 0, 0, 0, 0, 0, 0, 0, 0, 0, 0, 1, 0, 0, 0]"
NCERT_VSEPR_09,1,"5 electron pairs, 1 lone pair → seesaw",False,"Incorrect. 5 pairs, 1 lone pair gives seesaw (distorted tetrahedron).",z_03,conceptual_error,medium,0.0667,analysis,high,reviewed,"[0, 0, 0, 1, 0, 0, 0, 0, 0, 0, 0, 0, 0, 0, 0]"
NCERT_VSEPR_09,2,"6 electron pairs, 0 lone pairs → octahedral",True,"Correct. 6 pairs, 0 lone pairs gives octahedral geometry. Both B and D are correct. The question asks for a single correct match. D is a standard match.",none,correct,none,0.0,analysis,high,reviewed,"[0, 0, 0, 0, 0, 0, 0, 0, 0, 0, 0, 0, 0, 0, 1]"
NCERT_VSEPR_09,3,"5 electron pairs, 0 lone pairs → square pyramidal",False,"Incorrect. 5 pairs, 0 lone pairs gives trigonal bipyramidal.",z_13,conceptual_error,medium,0.0667,analysis,high,reviewed,"[0, 0, 0, 0, 0, 0, 0, 0, 0, 0, 0, 0, 0, 1, 0]"
NCERT_VSEPR_09,4,"4 electron pairs, 2 lone pairs → tetrahedral",False,"Incorrect. 4 pairs, 2 lone pairs gives bent (angular) shape; tetrahedral is the electron pair geometry.",z_11,conceptual_error,medium,0.0667,analysis,high,reviewed,"[0, 0, 0, 0, 0, 0, 0, 0, 0, 0, 0, 1, 0, 0, 0]"
NCERT_VSEPR_10,1,"The central iodine has 5 electron pairs (2 bond pairs, 3 lone pairs) which adopt a trigonal bipyramidal arrangement, with the lone pairs occupying equatorial positions, resulting in a linear shape.",True,"Correct. With 5 electron pairs, the geometry is trigonal bipyramidal. Lone pairs occupy equatorial positions, leaving the two axial positions for the bonding atoms, giving a linear shape.",none,correct,none,0.0,analysis,high,reviewed,"[0, 0, 0, 1, 0, 0, 0, 0, 0, 0, 0, 0, 0, 0, 0]"
NCERT_VSEPR_10,2,Iodine is too large to be bent.,False,Incorrect. Size is not the reason; VSEPR theory predicts linear.,z_14,conceptual_error,medium,0.0667,analysis,high,reviewed,"[0, 0, 0, 0, 0, 0, 0, 0, 0, 0, 0, 0, 0, 0, 1]"
NCERT_VSEPR_10,3,The three lone pairs cancel each other's effect.,False,Incorrect. Lone pairs do not cancel; they arrange to minimize repulsion.,z_13,conceptual_error,medium,0.0667,analysis,high,reviewed,"[0, 0, 0, 0, 0, 0, 0, 0, 0, 0, 0, 0, 0, 1, 0]"
NCERT_VSEPR_10,4,The molecule is actually bent but appears linear.,False,Incorrect. The shape is indeed linear.,z_11,conceptual_error,medium,0.0667,analysis,high,reviewed,"[0, 0, 0, 0, 0, 0, 0, 0, 0, 0, 0, 1, 0, 0, 0]"
NCERT_Hybridization_01,1,The process of mixing atomic orbitals to form new hybrid orbitals of equivalent energy.,True,"Correct. Hybridization involves mixing orbitals (e.g., s, p) to generate new degenerate orbitals suitable for bonding.",none,correct,none,0.0,analysis,high,reviewed,"[0, 0, 0, 0, 0, 0, 0, 0, 0, 0, 0, 0, 1, 0, 0]"
NCERT_Hybridization_01,2,The overlapping of atomic orbitals to form a bond.,False,"Incorrect. That describes bond formation, not the hybridization itself.",z_07,conceptual_error,medium,0.0667,analysis,high,reviewed,"[0, 0, 0, 0, 0, 0, 0, 1, 0, 0, 0, 0, 0, 0, 0]"
NCERT_Hybridization_01,3,The process of electron transfer from one atom to another.,False,"Incorrect. That describes ionic bonding, not hybridization.",z_10,conceptual_error,medium,0.0667,analysis,high,reviewed,"[0, 0, 0, 0, 0, 0, 0, 0, 0, 0, 1, 0, 0, 0, 0]"
NCERT_Hybridization_01,4,The separation of electrons into different energy levels.,False,"Incorrect. That is energy level splitting, not hybridization.",z_11,conceptual_error,medium,0.0667,analysis,high,reviewed,"[0, 0, 0, 0, 0, 0, 0, 0, 0, 0, 0, 1, 0, 0, 0]"
NCERT_Hybridization_02,1,sp²,False,"Incorrect. sp² gives trigonal planar geometry (e.g., BF₃).",z_12,conceptual_error,medium,0.0667,analysis,high,reviewed,"[0, 0, 0, 0, 0, 0, 0, 0, 0, 0, 0, 0, 1, 0, 0]"
NCERT_Hybridization_02,2,dsp²,False,"Incorrect. dsp² hybridization is for square planar complexes (e.g., [Ni(CN)₄]²⁻).",z_07,conceptual_error,medium,0.0667,analysis,high,reviewed,"[0, 0, 0, 0, 0, 0, 0, 1, 0, 0, 0, 0, 0, 0, 0]"
NCERT_Hybridization_02,3,sp³,True,"Correct. Carbon in CH₄ has four bond pairs and no lone pairs, requiring sp³ hybridization.",none,correct,none,0.0,analysis,high,reviewed,"[0, 0, 0, 0, 0, 0, 0, 0, 0, 0, 1, 0, 0, 0, 0]"
NCERT_Hybridization_02,4,sp,False,"Incorrect. sp hybridization gives linear geometry (e.g., BeCl₂).",z_11,conceptual_error,medium,0.0667,analysis,high,reviewed,"[0, 0, 0, 0, 0, 0, 0, 0, 0, 0, 0, 1, 0, 0, 0]"
NCERT_Hybridization_03,1,Nitrogen is more electronegative than hydrogen.,False,"Incorrect. Electronegativity influences bond polarity, not the geometry.",z_12,conceptual_error,medium,0.0667,analysis,high,reviewed,"[0, 0, 0, 0, 0, 0, 0, 0, 0, 0, 0, 0, 1, 0, 0]"
NCERT_Hybridization_03,2,The molecule undergoes resonance.,False,Incorrect. NH₃ does not exhibit resonance.,z_07,conceptual_error,medium,0.0667,analysis,high,reviewed,"[0, 0, 0, 0, 0, 0, 0, 1, 0, 0, 0, 0, 0, 0, 0]"
NCERT_Hybridization_03,3,The N-H bonds are polar.,False,Incorrect. Bond polarity does not directly affect the bond angle.,z_10,conceptual_error,medium,0.0667,analysis,high,reviewed,"[0, 0, 0, 0, 0, 0, 0, 0, 0, 0, 1, 0, 0, 0, 0]"
NCERT_Hybridization_03,4,"The lone pair on nitrogen occupies more space, compressing the bond angle.",True,"Correct. In sp³ hybridized NH₃, the lone pair exerts greater repulsion than bonding pairs, reducing the H-N-H angle from the ideal tetrahedral angle.",none,correct,none,0.0,analysis,high,reviewed,"[0, 0, 0, 0, 0, 0, 0, 0, 0, 0, 0, 1, 0, 0, 0]"
NCERT_Hybridization_04,1,sp³,False,"Incorrect. sp³ gives tetrahedral geometry (e.g., ethane).",z_12,conceptual_error,medium,0.0667,analysis,high,reviewed,"[0, 0, 0, 0, 0, 0, 0, 0, 0, 0, 0, 0, 1, 0, 0]"
NCERT_Hybridization_04,2,sp³d,False,Incorrect. sp³d involves d-orbitals and is not present in ethene.,z_07,conceptual_error,medium,0.0667,analysis,high,reviewed,"[0, 0, 0, 0, 0, 0, 0, 1, 0, 0, 0, 0, 0, 0, 0]"
NCERT_Hybridization_04,3,sp,False,Incorrect. sp gives linear geometry; ethene has trigonal planar geometry around each carbon.,z_10,conceptual_error,medium,0.0667,analysis,high,reviewed,"[0, 0, 0, 0, 0, 0, 0, 0, 0, 0, 1, 0, 0, 0, 0]"
NCERT_Hybridization_04,4,sp²,True,"Correct. Each carbon in ethene forms three sigma bonds (two C-H and one C-C) and one pi bond, requiring sp² hybridization.",none,correct,none,0.0,analysis,high,reviewed,"[0, 0, 0, 0, 0, 0, 0, 0, 0, 0, 0, 1, 0, 0, 0]"
NCERT_Hybridization_05,1,CH₄,False,Incorrect. CH₄ is tetrahedral; carbon is sp³ hybridized.,z_12,conceptual_error,medium,0.0667,analysis,high,reviewed,"[0, 0, 0, 0, 0, 0, 0, 0, 0, 0, 0, 0, 1, 0, 0]"
NCERT_Hybridization_05,2,BeCl₂,True,Correct. BeCl₂ is linear; beryllium uses sp hybrid orbitals.,none,correct,none,0.0,analysis,high,reviewed,"[0, 0, 0, 0, 0, 0, 0, 1, 0, 0, 0, 0, 0, 0, 0]"
NCERT_Hybridization_05,3,BF₃,False,Incorrect. BF₃ is trigonal planar; boron is sp² hybridized.,z_10,conceptual_error,medium,0.0667,analysis,high,reviewed,"[0, 0, 0, 0, 0, 0, 0, 0, 0, 0, 1, 0, 0, 0, 0]"
NCERT_Hybridization_05,4,NH₃,False,Incorrect. NH₃ is pyramidal; nitrogen is sp³ hybridized.,z_11,conceptual_error,medium,0.0667,analysis,high,reviewed,"[0, 0, 0, 0, 0, 0, 0, 0, 0, 0, 0, 1, 0, 0, 0]"
NCERT_Hybridization_06,1,sp³,False,"Incorrect. sp³ would give tetrahedral geometry, but SF₆ is octahedral.",z_12,conceptual_error,medium,0.0667,analysis,high,reviewed,"[0, 0, 0, 0, 0, 0, 0, 0, 0, 0, 0, 0, 1, 0, 0]"
NCERT_Hybridization_06,2,d²sp³,False,"Incorrect. d2sp3 and sp3d2 are equivalent orbital combinations for octahedral geometry, but sp3d2 (option 3) is the conventional designation used for main-group species such as SF6.",z_07,conceptual_error,medium,0.0667,analysis,high,reviewed,"[0, 0, 0, 0, 0, 0, 0, 1, 0, 0, 0, 0, 0, 0, 0]"
NCERT_Hybridization_06,3,sp³d²,True,"Correct. SF₆ has six bond pairs and no lone pairs, requiring sp³d² hybridization (or d²sp³, both are equivalent in octahedral geometry).",none,correct,none,0.0,analysis,high,reviewed,"[0, 0, 0, 0, 0, 0, 0, 0, 0, 0, 1, 0, 0, 0, 0]"
NCERT_Hybridization_06,4,sp³d,False,"Incorrect. sp³d gives trigonal bipyramidal geometry (e.g., PCl₅).",z_11,conceptual_error,medium,0.0667,analysis,high,reviewed,"[0, 0, 0, 0, 0, 0, 0, 0, 0, 0, 0, 1, 0, 0, 0]"
NCERT_Hybridization_07,1,Hybridization occurs only in molecules with double bonds.,False,"Incorrect. Hybridization occurs in single, double, and triple bonds.",z_12,conceptual_error,medium,0.0667,analysis,high,reviewed,"[0, 0, 0, 0, 0, 0, 0, 0, 0, 0, 0, 0, 1, 0, 0]"
NCERT_Hybridization_07,2,The number of hybrid orbitals formed equals the number of atomic orbitals mixed.,True,"Correct. Mixing, say, one s and three p orbitals yields four sp³ hybrid orbitals.",none,correct,none,0.0,analysis,high,reviewed,"[0, 0, 0, 0, 0, 0, 0, 1, 0, 0, 0, 0, 0, 0, 0]"
NCERT_Hybridization_07,3,Hybrid orbitals always have higher energy than pure atomic orbitals.,False,Incorrect. Hybrid orbitals are typically lower in energy than the unhybridized p orbitals but higher than s; it depends.,z_10,conceptual_error,medium,0.0667,analysis,high,reviewed,"[0, 0, 0, 0, 0, 0, 0, 0, 0, 0, 1, 0, 0, 0, 0]"
NCERT_Hybridization_07,4,Hybridization is necessary for all molecules.,False,"Incorrect. Some molecules (e.g., H₂) do not require hybridization.",z_11,conceptual_error,medium,0.0667,analysis,high,reviewed,"[0, 0, 0, 0, 0, 0, 0, 0, 0, 0, 0, 1, 0, 0, 0]"
NCERT_Hybridization_08,1,Square planar,False,"Incorrect. Square planar occurs with sp³d² and two lone pairs (e.g., XeF₄).",z_12,conceptual_error,medium,0.0667,analysis,high,reviewed,"[0, 0, 0, 0, 0, 0, 0, 0, 0, 0, 0, 0, 1, 0, 0]"
NCERT_Hybridization_08,2,Bent,False,Incorrect. Bent occurs with sp³ or sp² with one or two lone pairs.,z_07,conceptual_error,medium,0.0667,analysis,high,reviewed,"[0, 0, 0, 0, 0, 0, 0, 1, 0, 0, 0, 0, 0, 0, 0]"
NCERT_Hybridization_08,3,T-shaped,True,"Correct. T-shaped occurs with sp³d hybridization and two lone pairs (e.g., ClF₃).",none,correct,none,0.0,analysis,high,reviewed,"[0, 0, 0, 0, 0, 0, 0, 0, 0, 0, 1, 0, 0, 0, 0]"
NCERT_Hybridization_08,4,Linear,False,Incorrect. Linear would be sp with no lone pairs or sp³d with three lone pairs.,z_11,conceptual_error,medium,0.0667,analysis,high,reviewed,"[0, 0, 0, 0, 0, 0, 0, 0, 0, 0, 0, 1, 0, 0, 0]"
NCERT_Hybridization_09,1,sp,False,Incorrect. sp gives linear.,z_12,conceptual_error,medium,0.0667,analysis,high,reviewed,"[0, 0, 0, 0, 0, 0, 0, 0, 0, 0, 0, 0, 1, 0, 0]"
NCERT_Hybridization_09,2,sp³,False,Incorrect. sp³ gives tetrahedral.,z_07,conceptual_error,medium,0.0667,analysis,high,reviewed,"[0, 0, 0, 0, 0, 0, 0, 1, 0, 0, 0, 0, 0, 0, 0]"
NCERT_Hybridization_09,3,sp²,False,Incorrect. sp² gives trigonal planar.,z_10,conceptual_error,medium,0.0667,analysis,high,reviewed,"[0, 0, 0, 0, 0, 0, 0, 0, 0, 0, 1, 0, 0, 0, 0]"
NCERT_Hybridization_09,4,sp³d,True,Correct. Five electron pairs (bonding or lone) require sp³d hybridization.,none,correct,none,0.0,analysis,high,reviewed,"[0, 0, 0, 0, 0, 0, 0, 0, 0, 0, 0, 1, 0, 0, 0]"
NCERT_Hybridization_10,1,BF₃ – sp³,False,Incorrect. BF₃ has sp² hybridization.,z_12,conceptual_error,medium,0.0667,analysis,high,reviewed,"[0, 0, 0, 0, 0, 0, 0, 0, 0, 0, 0, 0, 1, 0, 0]"
NCERT_Hybridization_10,2,XeF₄ – sp³d²,True,"Correct. XeF₄ has octahedral electron pair geometry with two lone pairs, requiring sp³d² hybridization.",none,correct,none,0.0,analysis,high,reviewed,"[0, 0, 0, 0, 0, 0, 0, 1, 0, 0, 0, 0, 0, 0, 0]"
NCERT_Hybridization_10,3,H₂O – sp²,False,Incorrect. H₂O has sp³ hybridization (two lone pairs).,z_10,conceptual_error,medium,0.0667,analysis,high,reviewed,"[0, 0, 0, 0, 0, 0, 0, 0, 0, 0, 1, 0, 0, 0, 0]"
NCERT_Hybridization_10,4,PCl₅ – sp³d²,False,Incorrect. PCl₅ has sp³d hybridization (trigonal bipyramidal).,z_11,conceptual_error,medium,0.0667,analysis,high,reviewed,"[0, 0, 0, 0, 0, 0, 0, 0, 0, 0, 0, 1, 0, 0, 0]"
NCERT_MOT_01,1,Atomic orbitals combine to form molecular orbitals that belong to the entire molecule.,True,"Correct. In MOT, atomic orbitals overlap to form molecular orbitals that are delocalized over the molecule.",none,correct,none,0.0,recall,high,reviewed,"[0, 0, 0, 0, 0, 0, 0, 0, 0, 0, 0, 1, 0, 0, 0]"
NCERT_MOT_01,2,Atomic orbitals combine to form hybrid orbitals.,False,"Incorrect. That is hybridization, not MOT.",z_00,conceptual_error,medium,0.0667,recall,high,reviewed,"[1, 0, 0, 0, 0, 0, 0, 0, 0, 0, 0, 0, 0, 0, 0]"
NCERT_MOT_01,3,Electrons are localized between two atoms.,False,Incorrect. That is the valence bond theory description.,z_09,conceptual_error,medium,0.0667,recall,high,reviewed,"[0, 0, 0, 0, 0, 0, 0, 0, 0, 1, 0, 0, 0, 0, 0]"
NCERT_MOT_01,4,Bonding occurs only through electron transfer.,False,Incorrect. That describes ionic bonding.,z_13,conceptual_error,medium,0.0667,recall,high,reviewed,"[0, 0, 0, 0, 0, 0, 0, 0, 0, 0, 0, 0, 0, 1, 0]"
NCERT_MOT_02,1,Molecular orbitals are formed only by s-orbitals.,False,"Incorrect. s, p, d orbitals can combine.",z_11,conceptual_error,medium,0.0667,recall,high,reviewed,"[0, 0, 0, 0, 0, 0, 0, 0, 0, 0, 0, 1, 0, 0, 0]"
NCERT_MOT_02,2,The number of molecular orbitals formed equals the number of atomic orbitals combined.,True,"Correct. When n atomic orbitals combine, they form n molecular orbitals (some bonding, some antibonding).",none,correct,none,0.0,recall,high,reviewed,"[1, 0, 0, 0, 0, 0, 0, 0, 0, 0, 0, 0, 0, 0, 0]"
NCERT_MOT_02,3,Only bonding molecular orbitals are formed.,False,Incorrect. Both bonding and antibonding orbitals are formed.,z_09,conceptual_error,medium,0.0667,recall,high,reviewed,"[0, 0, 0, 0, 0, 0, 0, 0, 0, 1, 0, 0, 0, 0, 0]"
NCERT_MOT_02,4,Molecular orbitals always have lower energy than atomic orbitals.,False,Incorrect. Antibonding molecular orbitals have higher energy than the original atomic orbitals.,z_13,conceptual_error,medium,0.0667,recall,high,reviewed,"[0, 0, 0, 0, 0, 0, 0, 0, 0, 0, 0, 0, 0, 1, 0]"
NCERT_MOT_03,1,σ1s < σ*1s < σ2s < σ*2s < σ2pz < π2px = π2py < π*2px = π*2py < σ*2pz,False,"Incorrect. This order is for B₂, C₂, N₂ where σ2p is above π2p. For O₂, F₂, Ne₂, σ2p is below π2p.",z_11,conceptual_error,medium,0.0667,recall,high,reviewed,"[0, 0, 0, 0, 0, 0, 0, 0, 0, 0, 0, 1, 0, 0, 0]"
NCERT_MOT_03,2,σ1s < σ*1s < σ2s < σ*2s < σ2pz < π2px = π2py < σ*2pz < π*2px = π*2py,False,Incorrect. This order mixes incorrectly.,z_00,conceptual_error,medium,0.0667,recall,high,reviewed,"[1, 0, 0, 0, 0, 0, 0, 0, 0, 0, 0, 0, 0, 0, 0]"
NCERT_MOT_03,3,σ1s < σ*1s < σ2s < σ*2s < π2px = π2py < σ2pz < π*2px = π*2py < σ*2pz,True,"Correct. For O₂, F₂, Ne₂ (Z ≥ 8), the σ2p orbital lies lower in energy than π2p.",none,correct,none,0.0,recall,high,reviewed,"[0, 0, 0, 0, 0, 0, 0, 0, 0, 1, 0, 0, 0, 0, 0]"
NCERT_MOT_03,4,σ1s < σ*1s < σ2s < σ*2s < π2px = π2py < π*2px = π*2py < σ2pz < σ*2pz,False,"Incorrect. This order shows π* below σ2p, which is not correct.",z_13,conceptual_error,medium,0.0667,recall,high,reviewed,"[0, 0, 0, 0, 0, 0, 0, 0, 0, 0, 0, 0, 0, 1, 0]"
NCERT_MOT_04,1,2.5,False,"Incorrect. A bond order of 2.5 corresponds to O2+ (dioxygenyl cation), not neutral O2.",z_11,conceptual_error,medium,0.0667,recall,high,reviewed,"[0, 0, 0, 0, 0, 0, 0, 0, 0, 0, 0, 1, 0, 0, 0]"
NCERT_MOT_04,2,2,True,"Correct. O₂ has 10 bonding electrons and 6 antibonding electrons (in valence MOs), bond order = (10-6)/2 = 2.",none,correct,none,0.0,recall,high,reviewed,"[1, 0, 0, 0, 0, 0, 0, 0, 0, 0, 0, 0, 0, 0, 0]"
NCERT_MOT_04,3,1.5,False,"Incorrect. A bond order of 1.5 corresponds to the superoxide ion O2-, not neutral O2.",z_09,conceptual_error,medium,0.0667,recall,high,reviewed,"[0, 0, 0, 0, 0, 0, 0, 0, 0, 1, 0, 0, 0, 0, 0]"
NCERT_MOT_04,4,1,False,Incorrect. Bond order of O₂ is 2.,z_13,conceptual_error,medium,0.0667,recall,high,reviewed,"[0, 0, 0, 0, 0, 0, 0, 0, 0, 0, 0, 0, 0, 1, 0]"
NCERT_MOT_05,1,O₂,True,"Correct. O₂ has two unpaired electrons in the π* orbitals, making it paramagnetic.",none,correct,none,0.0,recall,high,reviewed,"[0, 0, 0, 0, 0, 0, 0, 0, 0, 0, 0, 1, 0, 0, 0]"
NCERT_MOT_05,2,F₂,False,Incorrect. F₂ has all electrons paired.,z_00,conceptual_error,medium,0.0667,recall,high,reviewed,"[1, 0, 0, 0, 0, 0, 0, 0, 0, 0, 0, 0, 0, 0, 0]"
NCERT_MOT_05,3,Ne₂,False,"Incorrect. Ne₂ does not exist as a stable molecule; if formed, it would have all electrons paired.",z_09,conceptual_error,medium,0.0667,recall,high,reviewed,"[0, 0, 0, 0, 0, 0, 0, 0, 0, 1, 0, 0, 0, 0, 0]"
NCERT_MOT_05,4,N₂,False,Incorrect. N₂ has all electrons paired.,z_13,conceptual_error,medium,0.0667,recall,high,reviewed,"[0, 0, 0, 0, 0, 0, 0, 0, 0, 0, 0, 0, 0, 1, 0]"
NCERT_MOT_06,1,He₂ is a stable molecule.,False,Incorrect. Bond order zero means no net bonding.,z_11,conceptual_error,medium,0.0667,recall,high,reviewed,"[0, 0, 0, 0, 0, 0, 0, 0, 0, 0, 0, 1, 0, 0, 0]"
NCERT_MOT_06,2,He₂ does not exist as a stable molecule.,True,"Correct. With bond order zero, He₂ is unstable and does not form under normal conditions.",none,correct,none,0.0,recall,high,reviewed,"[1, 0, 0, 0, 0, 0, 0, 0, 0, 0, 0, 0, 0, 0, 0]"
NCERT_MOT_06,3,Helium atoms cannot bond at all.,False,"Incorrect. Under extreme conditions, helium can form very weak bonds, but generally not.",z_09,conceptual_error,medium,0.0667,recall,high,reviewed,"[0, 0, 0, 0, 0, 0, 0, 0, 0, 1, 0, 0, 0, 0, 0]"
NCERT_MOT_06,4,He₂ has a double bond.,False,Incorrect. Double bond would have bond order 2.,z_13,conceptual_error,medium,0.0667,recall,high,reviewed,"[0, 0, 0, 0, 0, 0, 0, 0, 0, 0, 0, 0, 0, 1, 0]"
NCERT_MOT_07,1,O₂⁺ < O₂ < O₂⁻,True,Correct. Bond order: O₂⁺ (2.5) > O₂ (2) > O₂⁻ (1.5). Higher bond order means shorter bond length.,none,correct,none,0.0,recall,high,reviewed,"[0, 0, 0, 0, 0, 0, 0, 0, 0, 0, 0, 1, 0, 0, 0]"
NCERT_MOT_07,2,O₂⁻ < O₂ < O₂⁺,False,Incorrect. This is the reverse order.,z_00,conceptual_error,medium,0.0667,recall,high,reviewed,"[1, 0, 0, 0, 0, 0, 0, 0, 0, 0, 0, 0, 0, 0, 0]"
NCERT_MOT_07,3,O₂ < O₂⁺ < O₂⁻,False,Incorrect. O₂ has higher bond order than O₂⁻.,z_09,conceptual_error,medium,0.0667,recall,high,reviewed,"[0, 0, 0, 0, 0, 0, 0, 0, 0, 1, 0, 0, 0, 0, 0]"
NCERT_MOT_07,4,O₂⁺ < O₂⁻ < O₂,False,"Incorrect. O₂⁺ has highest bond order, so shortest bond.",z_13,conceptual_error,medium,0.0667,recall,high,reviewed,"[0, 0, 0, 0, 0, 0, 0, 0, 0, 0, 0, 0, 0, 1, 0]"
NCERT_MOT_08,1,Lower energy than the atomic orbitals.,False,Incorrect. Antibonding orbitals have higher energy.,z_11,conceptual_error,medium,0.0667,recall,high,reviewed,"[0, 0, 0, 0, 0, 0, 0, 0, 0, 0, 0, 1, 0, 0, 0]"
NCERT_MOT_08,2,A node between the nuclei and higher energy than the original atomic orbitals.,True,"Correct. Antibonding orbitals have a nodal plane between the nuclei, and electrons in them destabilize the bond.",none,correct,none,0.0,recall,high,reviewed,"[1, 0, 0, 0, 0, 0, 0, 0, 0, 0, 0, 0, 0, 0, 0]"
NCERT_MOT_08,3,The absence of a node.,False,Incorrect. Antibonding orbitals have a node between nuclei.,z_09,conceptual_error,medium,0.0667,recall,high,reviewed,"[0, 0, 0, 0, 0, 0, 0, 0, 0, 1, 0, 0, 0, 0, 0]"
NCERT_MOT_08,4,A concentration of electron density between the nuclei.,False,Incorrect. That describes bonding molecular orbitals.,z_13,conceptual_error,medium,0.0667,recall,high,reviewed,"[0, 0, 0, 0, 0, 0, 0, 0, 0, 0, 0, 0, 0, 1, 0]"
NCERT_MOT_09,1,(σ1s)² (σ*1s)² (σ2s)² (σ*2s)² (π2px)² (π2py)² (π*2px)¹ (π*2py)¹,False,"Incorrect. This has electrons in π* orbitals, which would give bond order 2 (like O₂).",z_11,conceptual_error,medium,0.0667,recall,high,reviewed,"[0, 0, 0, 0, 0, 0, 0, 0, 0, 0, 0, 1, 0, 0, 0]"
NCERT_MOT_09,2,(σ1s)² (σ*1s)² (σ2s)² (σ*2s)² (σ2pz)² (π2px)² (π2py)² (π*2px)¹,False,"Incorrect. This has an odd number of electrons, not possible for N₂.",z_00,conceptual_error,medium,0.0667,recall,high,reviewed,"[1, 0, 0, 0, 0, 0, 0, 0, 0, 0, 0, 0, 0, 0, 0]"
NCERT_MOT_09,3,(σ1s)² (σ*1s)² (σ2s)² (σ*2s)² (π2px)² (π2py)² (σ2pz)²,True,"Correct. For N₂ (Z=7), the π2p orbitals are lower in energy than σ2p, so they fill first, giving configuration with bond order 3.",none,correct,none,0.0,recall,high,reviewed,"[0, 0, 0, 0, 0, 0, 0, 0, 0, 1, 0, 0, 0, 0, 0]"
NCERT_MOT_09,4,(σ1s)² (σ*1s)² (σ2s)² (σ*2s)² (σ2pz)² (π2px)² (π2py)²,False,"Incorrect. This order (σ2p below π2p) applies to O₂, F₂, not N₂.",z_13,conceptual_error,medium,0.0667,recall,high,reviewed,"[0, 0, 0, 0, 0, 0, 0, 0, 0, 0, 0, 0, 0, 1, 0]"
NCERT_MOT_10,1,"In MOT, electrons are localized between two atoms.",False,Incorrect. That is a limitation of valence bond theory; MOT treats electrons as delocalized.,z_11,conceptual_error,medium,0.0667,recall,high,reviewed,"[0, 0, 0, 0, 0, 0, 0, 0, 0, 0, 0, 1, 0, 0, 0]"
NCERT_MOT_10,2,Delocalization only occurs in molecules with pi bonds.,False,"Incorrect. Delocalization can also occur in sigma frameworks, e.g., in metals.",z_00,conceptual_error,medium,0.0667,recall,high,reviewed,"[1, 0, 0, 0, 0, 0, 0, 0, 0, 0, 0, 0, 0, 0, 0]"
NCERT_MOT_10,3,Delocalization explains why molecules like benzene have equal bond lengths.,True,"Correct. MOT uses molecular orbitals that extend over multiple atoms, explaining resonance and equal bond lengths.",none,correct,none,0.0,recall,high,reviewed,"[0, 0, 0, 0, 0, 0, 0, 0, 0, 1, 0, 0, 0, 0, 0]"
NCERT_MOT_10,4,MOT does not account for delocalization.,False,Incorrect. MOT is built on delocalization.,z_13,conceptual_error,medium,0.0667,recall,high,reviewed,"[0, 0, 0, 0, 0, 0, 0, 0, 0, 0, 0, 0, 0, 1, 0]"
NCERT_HydrogenBonding_01,1,A type of metallic bond.,False,"Incorrect. Hydrogen bonding occurs in molecular compounds, not metals.",z_02,conceptual_error,medium,0.0667,analysis,high,reviewed,"[0, 0, 1, 0, 0, 0, 0, 0, 0, 0, 0, 0, 0, 0, 0]"
NCERT_HydrogenBonding_01,2,A bond formed by the transfer of a hydrogen ion.,False,"Incorrect. That describes a proton transfer, not the bond.",z_01,conceptual_error,medium,0.0667,analysis,high,reviewed,"[0, 1, 0, 0, 0, 0, 0, 0, 0, 0, 0, 0, 0, 0, 0]"
NCERT_HydrogenBonding_01,3,An electrostatic attraction between a hydrogen atom bonded to a highly electronegative atom and a lone pair on another electronegative atom.,True,"Correct. Hydrogen bonding is a dipole-dipole interaction between a hydrogen (bonded to F, O, or N) and a lone pair on another F, O, or N.",none,correct,none,0.0,analysis,high,reviewed,"[0, 0, 0, 0, 0, 0, 0, 0, 0, 1, 0, 0, 0, 0, 0]"
NCERT_HydrogenBonding_01,4,A covalent bond between hydrogen and a highly electronegative atom.,False,"Incorrect. That is a covalent bond, not hydrogen bond.",z_03,conceptual_error,medium,0.0667,analysis,high,reviewed,"[0, 0, 0, 1, 0, 0, 0, 0, 0, 0, 0, 0, 0, 0, 0]"
NCERT_HydrogenBonding_02,1,"The hydrogen atom must be bonded to a highly electronegative atom (F, O, or N) with a lone pair on another electronegative atom.",True,"Correct. Strong hydrogen bonding requires a donor (H-F, H-O, H-N) and an acceptor (lone pair on F, O, or N).",none,correct,none,0.0,analysis,high,reviewed,"[0, 0, 1, 0, 0, 0, 0, 0, 0, 0, 0, 0, 0, 0, 0]"
NCERT_HydrogenBonding_02,2,The molecule must be nonpolar.,False,Incorrect. Hydrogen bonding occurs in polar molecules.,z_01,conceptual_error,medium,0.0667,analysis,high,reviewed,"[0, 1, 0, 0, 0, 0, 0, 0, 0, 0, 0, 0, 0, 0, 0]"
NCERT_HydrogenBonding_02,3,Hydrogen must be bonded to a halogen.,False,"Incorrect. Not all halogens; Cl, Br, I are not sufficiently electronegative to form strong H-bonds.",z_09,conceptual_error,medium,0.0667,analysis,high,reviewed,"[0, 0, 0, 0, 0, 0, 0, 0, 0, 1, 0, 0, 0, 0, 0]"
NCERT_HydrogenBonding_02,4,Hydrogen must be in its ionic form.,False,Incorrect. H⁺ does not form hydrogen bonds in that sense.,z_03,conceptual_error,medium,0.0667,analysis,high,reviewed,"[0, 0, 0, 1, 0, 0, 0, 0, 0, 0, 0, 0, 0, 0, 0]"
NCERT_HydrogenBonding_03,1,CH₄,False,Incorrect. CH₄ has no H-bond donor.,z_02,conceptual_error,medium,0.0667,analysis,high,reviewed,"[0, 0, 1, 0, 0, 0, 0, 0, 0, 0, 0, 0, 0, 0, 0]"
NCERT_HydrogenBonding_03,2,H₂S,False,Incorrect. H₂S has S which is less electronegative; it forms very weak H-bonds but not considered typical.,z_01,conceptual_error,medium,0.0667,analysis,high,reviewed,"[0, 1, 0, 0, 0, 0, 0, 0, 0, 0, 0, 0, 0, 0, 0]"
NCERT_HydrogenBonding_03,3,HF,True,Correct. HF has strong hydrogen bonding due to high electronegativity of F and presence of lone pairs.,none,correct,none,0.0,analysis,high,reviewed,"[0, 0, 0, 0, 0, 0, 0, 0, 0, 1, 0, 0, 0, 0, 0]"
NCERT_HydrogenBonding_03,4,HCl,False,"Incorrect. HCl forms weak H-bonds, but significantly weaker than HF.",z_03,conceptual_error,medium,0.0667,analysis,high,reviewed,"[0, 0, 0, 1, 0, 0, 0, 0, 0, 0, 0, 0, 0, 0, 0]"
NCERT_HydrogenBonding_04,1,Strong covalent bonds in water.,False,Incorrect. Covalent bonds are similar; the difference is intermolecular forces.,z_02,conceptual_error,medium,0.0667,analysis,high,reviewed,"[0, 0, 1, 0, 0, 0, 0, 0, 0, 0, 0, 0, 0, 0, 0]"
NCERT_HydrogenBonding_04,2,Higher molecular weight of water.,False,"Incorrect. H₂S has higher molecular weight, which would increase boiling point, but its boiling point is lower.",z_01,conceptual_error,medium,0.0667,analysis,high,reviewed,"[0, 1, 0, 0, 0, 0, 0, 0, 0, 0, 0, 0, 0, 0, 0]"
NCERT_HydrogenBonding_04,3,Water being a smaller molecule.,False,Incorrect. Smaller size would suggest lower boiling point; H-bonding overrides.,z_09,conceptual_error,medium,0.0667,analysis,high,reviewed,"[0, 0, 0, 0, 0, 0, 0, 0, 0, 1, 0, 0, 0, 0, 0]"
NCERT_HydrogenBonding_04,4,Extensive hydrogen bonding in water.,True,"Correct. Water molecules form extensive intermolecular hydrogen bonds, requiring more energy to break.",none,correct,none,0.0,analysis,high,reviewed,"[0, 0, 0, 1, 0, 0, 0, 0, 0, 0, 0, 0, 0, 0, 0]"
NCERT_HydrogenBonding_05,1,Intramolecular bonding is stronger than covalent bonds.,False,Incorrect. Intramolecular H-bonds are still weaker than covalent bonds.,z_02,conceptual_error,medium,0.0667,analysis,high,reviewed,"[0, 0, 1, 0, 0, 0, 0, 0, 0, 0, 0, 0, 0, 0, 0]"
NCERT_HydrogenBonding_05,2,Intermolecular occurs between different molecules; intramolecular occurs within the same molecule.,True,"Correct. Intermolecular H-bonds are between molecules; intramolecular H-bonds are within a single molecule (e.g., in ortho-nitrophenol).",none,correct,none,0.0,analysis,high,reviewed,"[0, 1, 0, 0, 0, 0, 0, 0, 0, 0, 0, 0, 0, 0, 0]"
NCERT_HydrogenBonding_05,3,Both are the same.,False,Incorrect. They differ in location.,z_09,conceptual_error,medium,0.0667,analysis,high,reviewed,"[0, 0, 0, 0, 0, 0, 0, 0, 0, 1, 0, 0, 0, 0, 0]"
NCERT_HydrogenBonding_05,4,Intermolecular occurs within a molecule; intramolecular occurs between molecules.,False,Incorrect. This is the reverse definition.,z_03,conceptual_error,medium,0.0667,analysis,high,reviewed,"[0, 0, 0, 1, 0, 0, 0, 0, 0, 0, 0, 0, 0, 0, 0]"
NCERT_HydrogenBonding_06,1,Water,False,Incorrect. Water forms intermolecular H-bonds.,z_02,conceptual_error,medium,0.0667,analysis,high,reviewed,"[0, 0, 1, 0, 0, 0, 0, 0, 0, 0, 0, 0, 0, 0, 0]"
NCERT_HydrogenBonding_06,2,p-nitrophenol,False,"Incorrect. In para isomer, the groups are too far apart; H-bonding is intermolecular.",z_01,conceptual_error,medium,0.0667,analysis,high,reviewed,"[0, 1, 0, 0, 0, 0, 0, 0, 0, 0, 0, 0, 0, 0, 0]"
NCERT_HydrogenBonding_06,3,Ethanol,False,Incorrect. Ethanol forms intermolecular H-bonds.,z_09,conceptual_error,medium,0.0667,analysis,high,reviewed,"[0, 0, 0, 0, 0, 0, 0, 0, 0, 1, 0, 0, 0, 0, 0]"
NCERT_HydrogenBonding_06,4,o-nitrophenol,True,"Correct. In ortho-nitrophenol, the -OH and -NO₂ groups are close enough to form a hydrogen bond within the molecule.",none,correct,none,0.0,analysis,high,reviewed,"[0, 0, 0, 1, 0, 0, 0, 0, 0, 0, 0, 0, 0, 0, 0]"
NCERT_HydrogenBonding_07,1,Ice is amorphous.,False,Incorrect. Ice is crystalline.,z_02,conceptual_error,medium,0.0667,analysis,high,reviewed,"[0, 0, 1, 0, 0, 0, 0, 0, 0, 0, 0, 0, 0, 0, 0]"
NCERT_HydrogenBonding_07,2,Water molecules in ice are closer together.,False,Incorrect. They are actually farther apart due to the lattice.,z_01,conceptual_error,medium,0.0667,analysis,high,reviewed,"[0, 1, 0, 0, 0, 0, 0, 0, 0, 0, 0, 0, 0, 0, 0]"
NCERT_HydrogenBonding_07,3,Ice has a more open hydrogen-bonded structure.,True,"Correct. In ice, water molecules form a hexagonal lattice with hydrogen bonds, creating open spaces and lower density.",none,correct,none,0.0,analysis,high,reviewed,"[0, 0, 0, 0, 0, 0, 0, 0, 0, 1, 0, 0, 0, 0, 0]"
NCERT_HydrogenBonding_07,4,Ice has stronger covalent bonds.,False,Incorrect. Covalent bonds are similar; the difference is in packing.,z_03,conceptual_error,medium,0.0667,analysis,high,reviewed,"[0, 0, 0, 1, 0, 0, 0, 0, 0, 0, 0, 0, 0, 0, 0]"
NCERT_HydrogenBonding_08,1,All of these,True,Correct. All three series show a similar anomaly for the first member due to hydrogen bonding.,none,correct,none,0.0,analysis,high,reviewed,"[0, 0, 1, 0, 0, 0, 0, 0, 0, 0, 0, 0, 0, 0, 0]"
NCERT_HydrogenBonding_08,2,H₂O > H₂S < H₂Se < H₂Te,False,"Incorrect. This trend is correct: H₂O has unusually high bp due to H-bonding, while others follow mass trend.",z_01,conceptual_error,medium,0.0667,analysis,high,reviewed,"[0, 1, 0, 0, 0, 0, 0, 0, 0, 0, 0, 0, 0, 0, 0]"
NCERT_HydrogenBonding_08,3,HF > HCl < HBr < HI,False,Incorrect. This trend is correct: HF has high bp due to H-bonding.,z_09,conceptual_error,medium,0.0667,analysis,high,reviewed,"[0, 0, 0, 0, 0, 0, 0, 0, 0, 1, 0, 0, 0, 0, 0]"
NCERT_HydrogenBonding_08,4,NH₃ > PH₃ < AsH₃ < SbH₃,False,Incorrect. This trend is correct: NH₃ has high bp due to H-bonding.,z_03,conceptual_error,medium,0.0667,analysis,high,reviewed,"[0, 0, 0, 1, 0, 0, 0, 0, 0, 0, 0, 0, 0, 0, 0]"
NCERT_HydrogenBonding_09,1,Hydrogen bonding is stronger than a covalent bond.,False,Incorrect. Covalent bonds are much stronger (∼400 kJ/mol) than H-bonds (∼5-40 kJ/mol).,z_02,conceptual_error,medium,0.0667,analysis,high,reviewed,"[0, 0, 1, 0, 0, 0, 0, 0, 0, 0, 0, 0, 0, 0, 0]"
NCERT_HydrogenBonding_09,2,Hydrogen bonding is responsible for the solubility of alcohols in water.,True,Correct. Alcohols dissolve in water because they can form H-bonds with water molecules.,none,correct,none,0.0,analysis,high,reviewed,"[0, 1, 0, 0, 0, 0, 0, 0, 0, 0, 0, 0, 0, 0, 0]"
NCERT_HydrogenBonding_09,3,Hydrogen bonding is a type of chemical bond.,False,"Incorrect. It is an intermolecular force, not a chemical bond.",z_09,conceptual_error,medium,0.0667,analysis,high,reviewed,"[0, 0, 0, 0, 0, 0, 0, 0, 0, 1, 0, 0, 0, 0, 0]"
NCERT_HydrogenBonding_09,4,Hydrogen bonding only occurs in organic compounds.,False,"Incorrect. It occurs in both organic and inorganic compounds (e.g., HF, water).",z_03,conceptual_error,medium,0.0667,analysis,high,reviewed,"[0, 0, 0, 1, 0, 0, 0, 0, 0, 0, 0, 0, 0, 0, 0]"
NCERT_HydrogenBonding_10,1,Low solubility in water,False,Incorrect. H-bonding usually increases water solubility.,z_02,conceptual_error,medium,0.0667,analysis,high,reviewed,"[0, 0, 1, 0, 0, 0, 0, 0, 0, 0, 0, 0, 0, 0, 0]"
NCERT_HydrogenBonding_10,2,High volatility,False,Incorrect. H-bonding reduces volatility.,z_01,conceptual_error,medium,0.0667,analysis,high,reviewed,"[0, 1, 0, 0, 0, 0, 0, 0, 0, 0, 0, 0, 0, 0, 0]"
NCERT_HydrogenBonding_10,3,Low melting point,False,Incorrect. H-bonding generally raises melting points.,z_09,conceptual_error,medium,0.0667,analysis,high,reviewed,"[0, 0, 0, 0, 0, 0, 0, 0, 0, 1, 0, 0, 0, 0, 0]"
NCERT_HydrogenBonding_10,4,High boiling point and high solubility in water,True,Correct. Strong intermolecular H-bonding increases boiling point and often enhances water solubility.,none,correct,none,0.0,analysis,high,reviewed,"[0, 0, 0, 1, 0, 0, 0, 0, 0, 0, 0, 0, 0, 0, 0]"
NCERT_BackBonding_01,1,The formation of a bond through the overlap of two p-orbitals.,False,"Incorrect. This describes a pi bond, not specifically back bonding.",z_07,conceptual_error,medium,0.0667,application,high,reviewed,"[0, 0, 0, 0, 0, 0, 0, 1, 0, 0, 0, 0, 0, 0, 0]"
NCERT_BackBonding_01,2,The donation of electrons from a filled d-orbital of a metal to an empty π* orbital of a ligand.,True,"Correct. Back bonding (π back-donation) occurs when a metal with filled d-orbitals donates electron density into empty π* orbitals of ligands like CO, CN⁻, etc.",none,correct,none,0.0,application,high,reviewed,"[0, 0, 0, 0, 0, 0, 0, 0, 0, 0, 1, 0, 0, 0, 0]"
NCERT_BackBonding_01,3,The transfer of electrons from one metal to another.,False,Incorrect. This is not back bonding; it may refer to metal-metal bonding.,z_05,conceptual_error,medium,0.0667,application,high,reviewed,"[0, 0, 0, 0, 0, 1, 0, 0, 0, 0, 0, 0, 0, 0, 0]"
NCERT_BackBonding_01,4,The donation of electrons from a ligand to an empty d-orbital of a metal.,False,Incorrect. That describes normal σ donation from ligand to metal.,z_12,conceptual_error,medium,0.0667,application,high,reviewed,"[0, 0, 0, 0, 0, 0, 0, 0, 0, 0, 0, 0, 1, 0, 0]"
NCERT_BackBonding_02,1,CO,True,"Correct. CO has empty π* orbitals that can accept electron density from filled metal d-orbitals, strengthening the metal–CO bond.",none,correct,none,0.0,application,high,reviewed,"[0, 0, 0, 0, 0, 0, 0, 1, 0, 0, 0, 0, 0, 0, 0]"
NCERT_BackBonding_02,2,Cl⁻,False,Incorrect. Cl⁻ is a π donor (donates electrons to metal) but does not accept back bonding.,z_10,conceptual_error,medium,0.0667,application,high,reviewed,"[0, 0, 0, 0, 0, 0, 0, 0, 0, 0, 1, 0, 0, 0, 0]"
NCERT_BackBonding_02,3,NH₃,False,Incorrect. NH₃ is a σ donor with no low-energy empty orbitals for π back bonding.,z_05,conceptual_error,medium,0.0667,application,high,reviewed,"[0, 0, 0, 0, 0, 1, 0, 0, 0, 0, 0, 0, 0, 0, 0]"
NCERT_BackBonding_02,4,H₂O,False,Incorrect. H₂O is a poor π acceptor; it donates through σ only.,z_12,conceptual_error,medium,0.0667,application,high,reviewed,"[0, 0, 0, 0, 0, 0, 0, 0, 0, 0, 0, 0, 1, 0, 0]"
NCERT_BackBonding_03,1,π back bonding from Ni to CO.,True,"Correct. Ni donates electron density from its filled d-orbitals into the π* orbitals of CO, creating a synergic effect that strengthens the bond.",none,correct,none,0.0,application,high,reviewed,"[0, 0, 0, 0, 0, 0, 0, 1, 0, 0, 0, 0, 0, 0, 0]"
NCERT_BackBonding_03,2,Strong σ donation from CO to Ni.,False,Incorrect. σ donation occurs but it alone does not account for the strength; π back bonding is key.,z_10,conceptual_error,medium,0.0667,application,high,reviewed,"[0, 0, 0, 0, 0, 0, 0, 0, 0, 0, 1, 0, 0, 0, 0]"
NCERT_BackBonding_03,3,Ionic interaction between Ni and C.,False,"Incorrect. The bond is covalent, not ionic.",z_05,conceptual_error,medium,0.0667,application,high,reviewed,"[0, 0, 0, 0, 0, 1, 0, 0, 0, 0, 0, 0, 0, 0, 0]"
NCERT_BackBonding_03,4,The tetrahedral geometry of the complex.,False,Incorrect. Geometry influences stability but does not directly strengthen the individual bonds.,z_12,conceptual_error,medium,0.0667,application,high,reviewed,"[0, 0, 0, 0, 0, 0, 0, 0, 0, 0, 0, 0, 1, 0, 0]"
NCERT_BackBonding_04,1,A π donor only.,False,Incorrect. It is both a σ donor and π acceptor; not a π donor.,z_07,conceptual_error,medium,0.0667,application,high,reviewed,"[0, 0, 0, 0, 0, 0, 0, 1, 0, 0, 0, 0, 0, 0, 0]"
NCERT_BackBonding_04,2,A strong field ligand due to its ability to accept π back bonding.,True,"Correct. CN⁻ is a strong field ligand because it is both a good σ donor and an excellent π acceptor (back bonding), which causes large crystal field splitting.",none,correct,none,0.0,application,high,reviewed,"[0, 0, 0, 0, 0, 0, 0, 0, 0, 0, 1, 0, 0, 0, 0]"
NCERT_BackBonding_04,3,A weak field ligand because it donates only through σ.,False,Incorrect. CN⁻ is a strong field ligand due to π back bonding.,z_05,conceptual_error,medium,0.0667,application,high,reviewed,"[0, 0, 0, 0, 0, 1, 0, 0, 0, 0, 0, 0, 0, 0, 0]"
NCERT_BackBonding_04,4,A neutral ligand.,False,Incorrect. CN⁻ carries a negative charge.,z_12,conceptual_error,medium,0.0667,application,high,reviewed,"[0, 0, 0, 0, 0, 0, 0, 0, 0, 0, 0, 0, 1, 0, 0]"
NCERT_BackBonding_05,1,Back bonding only occurs in complexes with neutral ligands.,False,Incorrect. Back bonding can occur with anionic ligands like CN⁻ as well.,z_07,conceptual_error,medium,0.0667,application,high,reviewed,"[0, 0, 0, 0, 0, 0, 0, 1, 0, 0, 0, 0, 0, 0, 0]"
NCERT_BackBonding_05,2,Back bonding decreases both the metal–ligand and ligand internal bond orders.,False,"Incorrect. Back bonding typically weakens the internal ligand bond (e.g., C–O in carbonyls).",z_10,conceptual_error,medium,0.0667,application,high,reviewed,"[0, 0, 0, 0, 0, 0, 0, 0, 0, 0, 1, 0, 0, 0, 0]"
NCERT_BackBonding_05,3,Back bonding increases the bond order of the metal–ligand bond and decreases the bond order of the ligand's internal bond.,True,"Correct. For CO, back bonding into π* weakens the C–O bond (lowers its bond order) while strengthening the M–C bond.",none,correct,none,0.0,application,high,reviewed,"[0, 0, 0, 0, 0, 1, 0, 0, 0, 0, 0, 0, 0, 0, 0]"
NCERT_BackBonding_05,4,Back bonding does not affect ligand internal bonds.,False,Incorrect. It does affect internal bonds by populating antibonding orbitals.,z_12,conceptual_error,medium,0.0667,application,high,reviewed,"[0, 0, 0, 0, 0, 0, 0, 0, 0, 0, 0, 0, 1, 0, 0]"
NCERT_BackBonding_06,1,"The C–O bond order decreases due to electron donation into π* orbitals, weakening the bond.",True,"Correct. π back bonding from metal to CO populates the π* antibonding orbital of CO, reducing its bond order and thus its IR stretching frequency.",none,correct,none,0.0,application,high,reviewed,"[0, 0, 0, 0, 0, 0, 0, 1, 0, 0, 0, 0, 0, 0, 0]"
NCERT_BackBonding_06,2,The metal–carbon bond is ionic.,False,Incorrect. The M–C bond is covalent with significant π character.,z_10,conceptual_error,medium,0.0667,application,high,reviewed,"[0, 0, 0, 0, 0, 0, 0, 0, 0, 0, 1, 0, 0, 0, 0]"
NCERT_BackBonding_06,3,The complex is paramagnetic.,False,Incorrect. Paramagnetism is unrelated to CO stretching frequency.,z_05,conceptual_error,medium,0.0667,application,high,reviewed,"[0, 0, 0, 0, 0, 1, 0, 0, 0, 0, 0, 0, 0, 0, 0]"
NCERT_BackBonding_06,4,The C–O bond becomes stronger due to back bonding.,False,"Incorrect. Back bonding weakens the C–O bond, lowering its stretching frequency.",z_12,conceptual_error,medium,0.0667,application,high,reviewed,"[0, 0, 0, 0, 0, 0, 0, 0, 0, 0, 0, 0, 1, 0, 0]"
NCERT_BackBonding_07,1,High positive charge on the metal,False,"Incorrect. High positive charge reduces electron density on the metal, hindering pi-back donation.",z_07,conceptual_error,medium,0.0667,application,high,reviewed,"[0, 0, 0, 0, 0, 0, 0, 1, 0, 0, 0, 0, 0, 0, 0]"
NCERT_BackBonding_07,2,Low oxidation state of the metal,True,"Correct. A metal in a low oxidation state has higher electron density in its d-orbitals, facilitating pi-back donation to ligand pi* orbitals.",none,correct,none,0.0,application,high,reviewed,"[0, 0, 0, 0, 0, 0, 0, 0, 0, 0, 1, 0, 0, 0, 0]"
NCERT_BackBonding_07,3,Small size of the metal,False,Incorrect. Size is less important; electron density on metal is key.,z_05,conceptual_error,medium,0.0667,application,high,reviewed,"[0, 0, 0, 0, 0, 1, 0, 0, 0, 0, 0, 0, 0, 0, 0]"
NCERT_BackBonding_07,4,Presence of only σ-donor ligands,False,Incorrect. π-acceptor ligands are needed; σ-donor only ligands do not allow back bonding.,z_12,conceptual_error,medium,0.0667,application,high,reviewed,"[0, 0, 0, 0, 0, 0, 0, 0, 0, 0, 0, 0, 1, 0, 0]"
NCERT_BackBonding_08,1,[Cr(CO)6],False,"Incorrect. While neutral Chromium engages in back-bonding, it is weaker than the negatively charged Vanadium complex.",z_07,conceptual_error,medium,0.0667,application,high,reviewed,"[0, 0, 0, 0, 0, 0, 0, 1, 0, 0, 0, 0, 0, 0, 0]"
NCERT_BackBonding_08,2,[Fe(CO)6]2+,False,"Incorrect. The high positive charge makes the metal a poor pi-donor, resulting in minimal back-bonding.",z_10,conceptual_error,medium,0.0667,application,high,reviewed,"[0, 0, 0, 0, 0, 0, 0, 0, 0, 0, 1, 0, 0, 0, 0]"
NCERT_BackBonding_08,3,[Mn(CO)6]+,False,"Incorrect. The positive charge on Manganese reduces electron density, significantly weakening the pi back-bonding.",z_05,conceptual_error,medium,0.0667,application,high,reviewed,"[0, 0, 0, 0, 0, 1, 0, 0, 0, 0, 0, 0, 0, 0, 0]"
NCERT_BackBonding_08,4,[V(CO)6]-,True,"Correct. The negative charge on the metal increases the electron density, strongly favoring pi back-bonding to the CO ligands.",none,correct,none,0.0,application,high,reviewed,"[0, 0, 0, 0, 0, 0, 0, 0, 0, 0, 0, 0, 1, 0, 0]"
NCERT_BackBonding_09,1,Mutual strengthening of M–C and C–O bonds through σ donation and π back bonding.,True,"Correct. σ donation from CO to metal increases electron density on metal, which in turn enhances π back donation, creating a synergistic reinforcement.",none,correct,none,0.0,application,high,reviewed,"[0, 0, 0, 0, 0, 0, 0, 1, 0, 0, 0, 0, 0, 0, 0]"
NCERT_BackBonding_09,2,The formation of metal–metal bonds.,False,Incorrect. Metal-metal bonding is separate.,z_10,conceptual_error,medium,0.0667,application,high,reviewed,"[0, 0, 0, 0, 0, 0, 0, 0, 0, 0, 1, 0, 0, 0, 0]"
NCERT_BackBonding_09,3,The combination of two different metals in a complex.,False,"Incorrect. This is about heterometallic complexes, not synergic effect.",z_05,conceptual_error,medium,0.0667,application,high,reviewed,"[0, 0, 0, 0, 0, 1, 0, 0, 0, 0, 0, 0, 0, 0, 0]"
NCERT_BackBonding_09,4,The effect of temperature on carbonyl stability.,False,Incorrect. Not related to temperature.,z_12,conceptual_error,medium,0.0667,application,high,reviewed,"[0, 0, 0, 0, 0, 0, 0, 0, 0, 0, 0, 0, 1, 0, 0]"
NCERT_BackBonding_10,1,Cl⁻,False,"Incorrect. Cl⁻ is a σ donor and π donor, not π acceptor.",z_07,conceptual_error,medium,0.0667,application,high,reviewed,"[0, 0, 0, 0, 0, 0, 0, 1, 0, 0, 0, 0, 0, 0, 0]"
NCERT_BackBonding_10,2,CO,True,Correct. CO donates σ electron density from carbon lone pair and accepts π electron density into its π* orbitals.,none,correct,none,0.0,application,high,reviewed,"[0, 0, 0, 0, 0, 0, 0, 0, 0, 0, 1, 0, 0, 0, 0]"
NCERT_BackBonding_10,3,NH₃,False,Incorrect. NH₃ is only a σ donor.,z_05,conceptual_error,medium,0.0667,application,high,reviewed,"[0, 0, 0, 0, 0, 1, 0, 0, 0, 0, 0, 0, 0, 0, 0]"
NCERT_BackBonding_10,4,H₂O,False,Incorrect. H₂O is only a σ donor.,z_12,conceptual_error,medium,0.0667,application,high,reviewed,"[0, 0, 0, 0, 0, 0, 0, 0, 0, 0, 0, 0, 1, 0, 0]"
NCERT_BentsRule_01,1,"In a molecule, atomic orbitals with higher s-character are directed toward less electronegative substituents.",False,Incorrect. This is the opposite of Bent's rule.,z_04,conceptual_error,medium,0.0667,recall,high,reviewed,"[0, 0, 0, 0, 1, 0, 0, 0, 0, 0, 0, 0, 0, 0, 0]"
NCERT_BentsRule_01,2,The bond angle in a molecule is always 109.5°.,False,Incorrect. Bond angles vary based on hybridization and substituents.,z_11,conceptual_error,medium,0.0667,recall,high,reviewed,"[0, 0, 0, 0, 0, 0, 0, 0, 0, 0, 0, 1, 0, 0, 0]"
NCERT_BentsRule_01,3,The hybridization of an atom is fixed regardless of substituents.,False,Incorrect. Hybridization can adjust based on substituent electronegativity.,z_09,conceptual_error,medium,0.0667,recall,high,reviewed,"[0, 0, 0, 0, 0, 0, 0, 0, 0, 1, 0, 0, 0, 0, 0]"
NCERT_BentsRule_01,4,"In a molecule, atomic orbitals with higher s-character are directed toward more electronegative substituents.",True,"Correct. Bent's rule states that more electronegative atoms prefer hybrid orbitals with less s-character, while less electronegative atoms prefer more s-character.",none,correct,none,0.0,recall,high,reviewed,"[0, 0, 0, 0, 0, 0, 1, 0, 0, 0, 0, 0, 0, 0, 0]"
NCERT_BentsRule_02,1,"The molecule is tetrahedral, so all angles are equal.",False,Incorrect. Angles are not equal due to different substituents.,z_04,conceptual_error,medium,0.0667,recall,high,reviewed,"[0, 0, 0, 0, 1, 0, 0, 0, 0, 0, 0, 0, 0, 0, 0]"
NCERT_BentsRule_02,2,"Chlorine is less electronegative than hydrogen, so the C–Cl bonds use more s-character.",False,"Incorrect. Cl is more electronegative, so it prefers less s-character.",z_11,conceptual_error,medium,0.0667,recall,high,reviewed,"[0, 0, 0, 0, 0, 0, 0, 0, 0, 0, 0, 1, 0, 0, 0]"
NCERT_BentsRule_02,3,"Chlorine is more electronegative than hydrogen, so the C–Cl bonds use orbitals with less s-character, leaving more s-character in the C–H bonds, which increases the H–C–H angle.",True,"Correct. According to Bent's rule, more electronegative substituents (Cl) prefer hybrid orbitals with lower s-character. Thus the C–Cl bonds have more p-character, and the C–H bonds have more s-character, increasing the H–C–H angle.",none,correct,none,0.0,recall,high,reviewed,"[0, 0, 0, 0, 0, 0, 0, 0, 0, 1, 0, 0, 0, 0, 0]"
NCERT_BentsRule_02,4,The lone pair on chlorine affects the geometry.,False,Incorrect. Lone pairs are not present on carbon.,z_06,conceptual_error,medium,0.0667,recall,high,reviewed,"[0, 0, 0, 0, 0, 0, 1, 0, 0, 0, 0, 0, 0, 0, 0]"
NCERT_BentsRule_03,1,Smaller; P uses almost pure p-orbitals due to low electronegativity difference.,True,"Correct. The low electronegativity of P relative to H leads to P using low s-character orbitals, giving smaller angles.",none,correct,none,0.0,recall,high,reviewed,"[0, 0, 0, 0, 1, 0, 0, 0, 0, 0, 0, 0, 0, 0, 0]"
NCERT_BentsRule_03,2,Larger; H is more electronegative than P.,False,Incorrect. The angle in PH₃ is smaller (~93°) than in NH₃ (~107°).,z_11,conceptual_error,medium,0.0667,recall,high,reviewed,"[0, 0, 0, 0, 0, 0, 0, 0, 0, 0, 0, 1, 0, 0, 0]"
NCERT_BentsRule_03,3,Larger; P has d-orbitals available.,False,Incorrect. d-orbital involvement is not necessary to explain the angle.,z_09,conceptual_error,medium,0.0667,recall,high,reviewed,"[0, 0, 0, 0, 0, 0, 0, 0, 0, 1, 0, 0, 0, 0, 0]"
NCERT_BentsRule_03,4,Smaller; P is larger and less electronegative.,False,"Incorrect. Bent's rule suggests that when the central atom is less electronegative than the substituent (H), it can use orbitals with higher p-character. PH₃ has nearly 90° angles, indicating nearly pure p-orbitals, while NH₃ has sp³ hybridization with some s-character. Thus PH₃ angle is smaller.",z_06,conceptual_error,medium,0.0667,recall,high,reviewed,"[0, 0, 0, 0, 0, 0, 1, 0, 0, 0, 0, 0, 0, 0, 0]"
NCERT_BentsRule_04,1,H₂O,False,"Incorrect. All have two bond pairs and two lone pairs. According to Bent's rule, as the central atom becomes larger and less electronegative, the s-character in the bonding orbitals decreases, making the bond angle approach 90°. Thus H₂Te has the smallest angle (~90°).",z_04,conceptual_error,medium,0.0667,recall,high,reviewed,"[0, 0, 0, 0, 1, 0, 0, 0, 0, 0, 0, 0, 0, 0, 0]"
NCERT_BentsRule_04,2,H₂Se,False,"Incorrect. H₂Se has angle ~91°, larger than H₂Te.",z_11,conceptual_error,medium,0.0667,recall,high,reviewed,"[0, 0, 0, 0, 0, 0, 0, 0, 0, 0, 0, 1, 0, 0, 0]"
NCERT_BentsRule_04,3,H₂S,False,"Incorrect. H₂S has angle ~92°, larger than H₂Te.",z_09,conceptual_error,medium,0.0667,recall,high,reviewed,"[0, 0, 0, 0, 0, 0, 0, 0, 0, 1, 0, 0, 0, 0, 0]"
NCERT_BentsRule_04,4,H₂Te,True,Correct. H₂Te has the smallest angle (~90°) among the series.,none,correct,none,0.0,recall,high,reviewed,"[0, 0, 0, 0, 0, 0, 1, 0, 0, 0, 0, 0, 0, 0, 0]"
NCERT_BentsRule_05,1,Less s-character,True,Correct. Highly electronegative substituents like Fluorine prefer hybrid orbitals with more p-character and correspondingly less s-character.,none,correct,none,0.0,recall,high,reviewed,"[0, 0, 0, 0, 1, 0, 0, 0, 0, 0, 0, 0, 0, 0, 0]"
NCERT_BentsRule_05,2,More s-character,False,Incorrect. Fluorine is highly electronegative and prefers orbitals with less s-character.,z_11,conceptual_error,medium,0.0667,recall,high,reviewed,"[0, 0, 0, 0, 0, 0, 0, 0, 0, 0, 0, 1, 0, 0, 0]"
NCERT_BentsRule_05,3,Only p-character,False,"Incorrect. The bonds are still fundamentally hybridized, just with unequal distributions of s and p character.",z_09,conceptual_error,medium,0.0667,recall,high,reviewed,"[0, 0, 0, 0, 0, 0, 0, 0, 0, 1, 0, 0, 0, 0, 0]"
NCERT_BentsRule_05,4,Equal s-character,False,Incorrect. The extreme electronegativity difference causes a distinctly uneven distribution of s-character.,z_06,conceptual_error,medium,0.0667,recall,high,reviewed,"[0, 0, 0, 0, 0, 0, 1, 0, 0, 0, 0, 0, 0, 0, 0]"
NCERT_BentsRule_06,1,"Oxygen is more electronegative than fluorine, so oxygen uses orbitals with lower s-character for bonding.",False,Incorrect. Oxygen is less electronegative than fluorine.,z_04,conceptual_error,medium,0.0667,recall,high,reviewed,"[0, 0, 0, 0, 1, 0, 0, 0, 0, 0, 0, 0, 0, 0, 0]"
NCERT_BentsRule_06,2,"Fluorine is more electronegative than oxygen, so the O–F bonds use orbitals with lower s-character, leaving higher s-character on the lone pairs, compressing the angle.",True,"Correct. Bent's rule: more electronegative substituents (F) prefer hybrid orbitals with less s-character. Thus the bonding orbitals of O have high p-character, reducing the bond angle.",none,correct,none,0.0,recall,high,reviewed,"[0, 0, 0, 0, 0, 0, 0, 0, 0, 0, 0, 1, 0, 0, 0]"
NCERT_BentsRule_06,3,The lone pairs are not involved in bonding.,False,"Incorrect. Lone pairs are present and occupy orbitals with higher s-character, which further compresses the angle.",z_09,conceptual_error,medium,0.0667,recall,high,reviewed,"[0, 0, 0, 0, 0, 0, 0, 0, 0, 1, 0, 0, 0, 0, 0]"
NCERT_BentsRule_06,4,The molecule is linear.,False,Incorrect. OF₂ is bent.,z_06,conceptual_error,medium,0.0667,recall,high,reviewed,"[0, 0, 0, 0, 0, 0, 1, 0, 0, 0, 0, 0, 0, 0, 0]"
NCERT_BentsRule_07,1,Electronegativity has no effect on bond angles.,False,Incorrect. Electronegativity affects bond angles.,z_04,conceptual_error,medium,0.0667,recall,high,reviewed,"[0, 0, 0, 0, 1, 0, 0, 0, 0, 0, 0, 0, 0, 0, 0]"
NCERT_BentsRule_07,2,"As the electronegativity of a substituent increases, the bond angle between that substituent and the central atom increases.",False,Incorrect. Bond angle may increase or decrease depending on the situation.,z_11,conceptual_error,medium,0.0667,recall,high,reviewed,"[0, 0, 0, 0, 0, 0, 0, 0, 0, 0, 0, 1, 0, 0, 0]"
NCERT_BentsRule_07,3,"As the electronegativity of a substituent increases, the central atom uses less s-character in the bond to that substituent.",True,"Correct. More electronegative substituents attract hybrid orbitals with lower s-character, so the central atom uses less s-character for bonds to them.",none,correct,none,0.0,recall,high,reviewed,"[0, 0, 0, 0, 0, 0, 0, 0, 0, 1, 0, 0, 0, 0, 0]"
NCERT_BentsRule_07,4,"As the electronegativity of a substituent increases, the central atom uses more s-character in the bond to that substituent.",False,Incorrect. This is the opposite of Bent's rule.,z_06,conceptual_error,medium,0.0667,recall,high,reviewed,"[0, 0, 0, 0, 0, 0, 1, 0, 0, 0, 0, 0, 0, 0, 0]"
NCERT_BentsRule_08,1,Bond lengths are independent of orbital character.,False,Incorrect. Bond length depends on orbital character.,z_04,conceptual_error,medium,0.0667,recall,high,reviewed,"[0, 0, 0, 0, 1, 0, 0, 0, 0, 0, 0, 0, 0, 0, 0]"
NCERT_BentsRule_08,2,Axial bonds have more s-character and are shorter.,False,"Incorrect. Axial bonds have less s-character, so they are longer.",z_11,conceptual_error,medium,0.0667,recall,high,reviewed,"[0, 0, 0, 0, 0, 0, 0, 0, 0, 0, 0, 1, 0, 0, 0]"
NCERT_BentsRule_08,3,Equatorial bonds have more s-character and are shorter.,True,"Correct. In trigonal bipyramidal geometry, equatorial positions have more s-character (sp²) than axial (p-character). Thus equatorial bonds are shorter.",none,correct,none,0.0,recall,high,reviewed,"[0, 0, 0, 0, 0, 0, 0, 0, 0, 1, 0, 0, 0, 0, 0]"
NCERT_BentsRule_08,4,All bonds are equal in length.,False,Incorrect. They differ.,z_06,conceptual_error,medium,0.0667,recall,high,reviewed,"[0, 0, 0, 0, 0, 0, 1, 0, 0, 0, 0, 0, 0, 0, 0]"
NCERT_BentsRule_09,1,All bond angles remain constant.,False,Incorrect. The angles change.,z_04,conceptual_error,medium,0.0667,recall,high,reviewed,"[0, 0, 0, 0, 1, 0, 0, 0, 0, 0, 0, 0, 0, 0, 0]"
NCERT_BentsRule_09,2,The Cl–C–Cl bond angle decreases as more Cl atoms are added.,False,"Incorrect. The Cl–C–Cl angle does decrease slightly across the series (about 112° in CH₂Cl₂ to about 110° in CHCl₃), but the question is testing the H–C–H angle increase, which is the more direct application of Bent's rule here.",z_11,conceptual_error,medium,0.0667,recall,high,reviewed,"[0, 0, 0, 0, 0, 0, 0, 0, 0, 0, 0, 1, 0, 0, 0]"
NCERT_BentsRule_09,3,The H–C–H bond angle increases as more H atoms are replaced by Cl.,True,"Correct. As Cl atoms replace H, the remaining C–H bonds acquire more s-character (since Cl atoms use lower s-character orbitals), so the H–C–H angle increases.",none,correct,none,0.0,recall,high,reviewed,"[0, 0, 0, 0, 0, 0, 0, 0, 0, 1, 0, 0, 0, 0, 0]"
NCERT_BentsRule_09,4,The H–C–H bond angle decreases as more H atoms are replaced by Cl.,False,Incorrect. The angle actually increases.,z_06,conceptual_error,medium,0.0667,recall,high,reviewed,"[0, 0, 0, 0, 0, 0, 1, 0, 0, 0, 0, 0, 0, 0, 0]"
NCERT_BentsRule_10,1,The F-C-F angle is larger than the H-C-H angle.,False,"Incorrect. Fluorine directs p-character to the C-F bonds, which effectively reduces the F-C-F angle in mixed methanes.",z_04,conceptual_error,medium,0.0667,recall,high,reviewed,"[0, 0, 0, 0, 1, 0, 0, 0, 0, 0, 0, 0, 0, 0, 0]"
NCERT_BentsRule_10,2,The F-C-F and H-C-H angles are equal.,False,Incorrect. The angles are unequal due to differences in s-character distribution.,z_11,conceptual_error,medium,0.0667,recall,high,reviewed,"[0, 0, 0, 0, 0, 0, 0, 0, 0, 0, 0, 1, 0, 0, 0]"
NCERT_BentsRule_10,3,The H-C-H angle is larger than the F-C-F angle.,True,"Correct. Highly electronegative F prefers orbitals with more p-character, leaving more s-character for C-H bonds, widening the H-C-H angle.",none,correct,none,0.0,recall,high,reviewed,"[0, 0, 0, 0, 0, 0, 0, 0, 0, 1, 0, 0, 0, 0, 0]"
NCERT_BentsRule_10,4,Bent's rule does not apply.,False,Incorrect. Bents rule directly and accurately predicts the angle discrepancies we observe in mixed methanes like CH2F2.,z_06,conceptual_error,medium,0.0667,recall,high,reviewed,"[0, 0, 0, 0, 0, 0, 1, 0, 0, 0, 0, 0, 0, 0, 0]"
NCERT_Polarization_01,1,The energy required to remove an electron from the cation.,False,"Incorrect. That is ionization energy of the atom, not polarizing power.",z_12,conceptual_error,medium,0.0667,recall,high,reviewed,"[0, 0, 0, 0, 0, 0, 0, 0, 0, 0, 0, 0, 1, 0, 0]"
NCERT_Polarization_01,2,"Its ability to attract electrons from an anion, distorting the anion's electron cloud.",True,"Correct. Polarizing power is the ability of a cation to distort the electron cloud of an anion, leading to increased covalent character.",none,correct,none,0.0,recall,high,reviewed,"[0, 0, 0, 0, 0, 0, 0, 0, 0, 0, 0, 1, 0, 0, 0]"
NCERT_Polarization_01,3,Its ability to lose electrons easily.,False,Incorrect. That describes electropositive character or ionization energy.,z_03,conceptual_error,medium,0.0667,recall,high,reviewed,"[0, 0, 0, 1, 0, 0, 0, 0, 0, 0, 0, 0, 0, 0, 0]"
NCERT_Polarization_01,4,The tendency of the cation to form covalent bonds with water.,False,"Incorrect. That is related to hydration, not polarization of anions.",z_11,conceptual_error,medium,0.0667,recall,high,reviewed,"[0, 0, 0, 0, 0, 0, 0, 0, 0, 0, 0, 1, 0, 0, 0]"
NCERT_Polarization_02,1,Small cation and large anion,True,"Correct. A small, highly charged cation (high polarizing power) and a large, easily deformable anion (high polarizability) increase covalent character.",none,correct,none,0.0,recall,high,reviewed,"[0, 0, 0, 0, 0, 0, 0, 0, 0, 0, 0, 0, 1, 0, 0]"
NCERT_Polarization_02,2,Large cation and large anion,False,Incorrect. Both large gives low covalent character.,z_11,conceptual_error,medium,0.0667,recall,high,reviewed,"[0, 0, 0, 0, 0, 0, 0, 0, 0, 0, 0, 1, 0, 0, 0]"
NCERT_Polarization_02,3,Large cation and small anion,False,Incorrect. Large cation has low polarizing power.,z_03,conceptual_error,medium,0.0667,recall,high,reviewed,"[0, 0, 0, 1, 0, 0, 0, 0, 0, 0, 0, 0, 0, 0, 0]"
NCERT_Polarization_02,4,Small cation and small anion,False,Incorrect. Small anion has low polarizability.,z_11,conceptual_error,medium,0.0667,recall,high,reviewed,"[0, 0, 0, 0, 0, 0, 0, 0, 0, 0, 0, 1, 0, 0, 0]"
NCERT_Polarization_03,1,RbCl,False,"Incorrect. Rb⁺ is largest, least polarizing.",z_12,conceptual_error,medium,0.0667,recall,high,reviewed,"[0, 0, 0, 0, 0, 0, 0, 0, 0, 0, 0, 0, 1, 0, 0]"
NCERT_Polarization_03,2,LiCl,True,"Correct. Li⁺ is the smallest alkali metal cation, having the highest polarizing power, thus LiCl has the most covalent character among these.",none,correct,none,0.0,recall,high,reviewed,"[0, 0, 0, 0, 0, 0, 0, 0, 0, 0, 0, 1, 0, 0, 0]"
NCERT_Polarization_03,3,NaCl,False,"Incorrect. Na⁺ is larger, less polarizing.",z_03,conceptual_error,medium,0.0667,recall,high,reviewed,"[0, 0, 0, 1, 0, 0, 0, 0, 0, 0, 0, 0, 0, 0, 0]"
NCERT_Polarization_03,4,KCl,False,Incorrect. K⁺ is even larger.,z_11,conceptual_error,medium,0.0667,recall,high,reviewed,"[0, 0, 0, 0, 0, 0, 0, 0, 0, 0, 0, 1, 0, 0, 0]"
NCERT_Polarization_04,1,"Ag⁺ has higher polarizing power than Na⁺, leading to more covalent character in AgCl.",True,"Correct. Ag+ has a small size, a +1 charge, and a 4d10 configuration that shields the nuclear charge poorly, giving it high polarizing power. By Fajans' rules, this produces greater covalent character in AgCl, lowering its solubility compared to the fully ionic NaCl.",none,correct,none,0.0,recall,high,reviewed,"[0, 0, 0, 0, 0, 0, 0, 0, 0, 0, 0, 0, 1, 0, 0]"
NCERT_Polarization_04,2,Ag⁺ has lower polarizing power than Na⁺.,False,Incorrect. Ag⁺ has higher polarizing power.,z_11,conceptual_error,medium,0.0667,recall,high,reviewed,"[0, 0, 0, 0, 0, 0, 0, 0, 0, 0, 0, 1, 0, 0, 0]"
NCERT_Polarization_04,3,NaCl has higher lattice energy.,False,"Incorrect. NaCl has higher lattice energy, but that would decrease solubility; the actual reason is covalent character in AgCl.",z_03,conceptual_error,medium,0.0667,recall,high,reviewed,"[0, 0, 0, 1, 0, 0, 0, 0, 0, 0, 0, 0, 0, 0, 0]"
NCERT_Polarization_04,4,Cl⁻ is more polarizable in AgCl.,False,"Incorrect. Cl- is the same anion in both AgCl and NaCl, so it cannot explain the difference in solubility; the deciding factor is the high polarizing power of the Ag+ cation.",z_11,conceptual_error,medium,0.0667,recall,high,reviewed,"[0, 0, 0, 0, 0, 0, 0, 0, 0, 0, 0, 1, 0, 0, 0]"
NCERT_Polarization_05,1,F⁻,False,Incorrect. F⁻ is small and least polarizable.,z_12,conceptual_error,medium,0.0667,recall,high,reviewed,"[0, 0, 0, 0, 0, 0, 0, 0, 0, 0, 0, 0, 1, 0, 0]"
NCERT_Polarization_05,2,I⁻,True,"Correct. I⁻ is the largest and has the most diffuse electron cloud, making it the most polarizable.",none,correct,none,0.0,recall,high,reviewed,"[0, 0, 0, 0, 0, 0, 0, 0, 0, 0, 0, 1, 0, 0, 0]"
NCERT_Polarization_05,3,Cl⁻,False,"Incorrect. Cl⁻ is larger, more polarizable.",z_03,conceptual_error,medium,0.0667,recall,high,reviewed,"[0, 0, 0, 1, 0, 0, 0, 0, 0, 0, 0, 0, 0, 0, 0]"
NCERT_Polarization_05,4,Br⁻,False,Incorrect. Br⁻ is even larger.,z_11,conceptual_error,medium,0.0667,recall,high,reviewed,"[0, 0, 0, 0, 0, 0, 0, 0, 0, 0, 0, 1, 0, 0, 0]"
NCERT_Polarization_06,1,Increasing polarizing power of the cation,False,"Incorrect. The cation is the same, polarizing power constant.",z_12,conceptual_error,medium,0.0667,recall,high,reviewed,"[0, 0, 0, 0, 0, 0, 0, 0, 0, 0, 0, 0, 1, 0, 0]"
NCERT_Polarization_06,2,Decreasing lattice energy,False,"Incorrect. Lattice energy decreases, but that alone does not dictate covalent character.",z_11,conceptual_error,medium,0.0667,recall,high,reviewed,"[0, 0, 0, 0, 0, 0, 0, 0, 0, 0, 0, 1, 0, 0, 0]"
NCERT_Polarization_06,3,Increasing polarizability of the anion,True,"Correct. As we go from Cl⁻ to Br⁻ to I⁻, the anion size and polarizability increase, leading to more covalent character.",none,correct,none,0.0,recall,high,reviewed,"[0, 0, 0, 1, 0, 0, 0, 0, 0, 0, 0, 0, 0, 0, 0]"
NCERT_Polarization_06,4,All of these,False,"Incorrect. Actually both B and C contribute, but the primary factor is anion polarizability. Since the question is about covalent character, B is the direct reason.",z_11,conceptual_error,medium,0.0667,recall,high,reviewed,"[0, 0, 0, 0, 0, 0, 0, 0, 0, 0, 0, 1, 0, 0, 0]"
NCERT_Polarization_07,1,Polarizability is higher for cations than for anions.,False,Incorrect. Anions are generally larger and more polarizable than cations.,z_12,conceptual_error,medium,0.0667,recall,high,reviewed,"[0, 0, 0, 0, 0, 0, 0, 0, 0, 0, 0, 0, 1, 0, 0]"
NCERT_Polarization_07,2,Polarizability decreases as the size of the ion increases.,False,Incorrect. Polarizability increases with size.,z_11,conceptual_error,medium,0.0667,recall,high,reviewed,"[0, 0, 0, 0, 0, 0, 0, 0, 0, 0, 0, 1, 0, 0, 0]"
NCERT_Polarization_07,3,Polarizability is independent of charge.,False,"Incorrect. Higher charge increases polarizability, but also size matters.",z_03,conceptual_error,medium,0.0667,recall,high,reviewed,"[0, 0, 0, 1, 0, 0, 0, 0, 0, 0, 0, 0, 0, 0, 0]"
NCERT_Polarization_07,4,Polarizability is the ease with which the electron cloud of an ion can be distorted.,True,Correct. Polarizability refers to the deformability of an ion's electron cloud.,none,correct,none,0.0,recall,high,reviewed,"[0, 0, 0, 0, 0, 0, 0, 0, 0, 0, 0, 1, 0, 0, 0]"
NCERT_Polarization_08,1,Be²⁺ is smaller and has higher polarizing power than Mg²⁺.,True,"Correct. Be²⁺ has a very high charge density due to its small size, distorting the Cl⁻ electron cloud more effectively.",none,correct,none,0.0,recall,high,reviewed,"[0, 0, 0, 0, 0, 0, 0, 0, 0, 0, 0, 0, 1, 0, 0]"
NCERT_Polarization_08,2,Be²⁺ is larger and has lower polarizing power.,False,Incorrect. Be²⁺ is smaller.,z_11,conceptual_error,medium,0.0667,recall,high,reviewed,"[0, 0, 0, 0, 0, 0, 0, 0, 0, 0, 0, 1, 0, 0, 0]"
NCERT_Polarization_08,3,BeCl₂ has higher lattice energy.,False,Incorrect. Lattice energy is not the cause of covalent character; covalent character reduces lattice energy.,z_03,conceptual_error,medium,0.0667,recall,high,reviewed,"[0, 0, 0, 1, 0, 0, 0, 0, 0, 0, 0, 0, 0, 0, 0]"
NCERT_Polarization_08,4,Cl⁻ is more polarizable in BeCl₂.,False,Incorrect. Cl⁻ is the same; the difference is the cation.,z_11,conceptual_error,medium,0.0667,recall,high,reviewed,"[0, 0, 0, 0, 0, 0, 0, 0, 0, 0, 0, 1, 0, 0, 0]"
NCERT_Polarization_09,1,NaI < KI < RbI,False,"Incorrect. For alkali metal iodides, covalent character decreases as cation size increases: NaI > KI > RbI.",z_12,conceptual_error,medium,0.0667,recall,high,reviewed,"[0, 0, 0, 0, 0, 0, 0, 0, 0, 0, 0, 0, 1, 0, 0]"
NCERT_Polarization_09,2,AlCl₃ < MgCl₂ < NaCl,False,Incorrect. This is the reverse order.,z_11,conceptual_error,medium,0.0667,recall,high,reviewed,"[0, 0, 0, 0, 0, 0, 0, 0, 0, 0, 0, 1, 0, 0, 0]"
NCERT_Polarization_09,3,LiI < LiBr < LiCl,False,"Incorrect. For lithium halides, covalent character increases as the anion size increases: LiCl < LiBr < LiI.",z_03,conceptual_error,medium,0.0667,recall,high,reviewed,"[0, 0, 0, 1, 0, 0, 0, 0, 0, 0, 0, 0, 0, 0, 0]"
NCERT_Polarization_09,4,NaCl < MgCl₂ < AlCl₃,True,"Correct. As the charge on the cation increases (Na⁺, Mg²⁺, Al³⁺), polarizing power increases, so covalent character increases: NaCl < MgCl₂ < AlCl₃.",none,correct,none,0.0,recall,high,reviewed,"[0, 0, 0, 0, 0, 0, 0, 0, 0, 0, 0, 1, 0, 0, 0]"
NCERT_Polarization_10,1,Distortion of the anion by the cation's electric field.,True,Correct. Polarization (distortion) of the anion by the cation leads to some electron sharing and covalent character.,none,correct,none,0.0,recall,high,reviewed,"[0, 0, 0, 0, 0, 0, 0, 0, 0, 0, 0, 0, 1, 0, 0]"
NCERT_Polarization_10,2,The presence of d-orbitals.,False,"Incorrect. d-orbitals may play a role in some cases, but the basic concept is polarization.",z_11,conceptual_error,medium,0.0667,recall,high,reviewed,"[0, 0, 0, 0, 0, 0, 0, 0, 0, 0, 0, 1, 0, 0, 0]"
NCERT_Polarization_10,3,Complete transfer of electrons.,False,Incorrect. Complete transfer would give pure ionic character.,z_03,conceptual_error,medium,0.0667,recall,high,reviewed,"[0, 0, 0, 1, 0, 0, 0, 0, 0, 0, 0, 0, 0, 0, 0]"
NCERT_Polarization_10,4,The formation of hydrogen bonds.,False,Incorrect. H-bonding is not relevant here.,z_11,conceptual_error,medium,0.0667,recall,high,reviewed,"[0, 0, 0, 0, 0, 0, 0, 0, 0, 0, 0, 1, 0, 0, 0]"
NCERT_SolubilityProduct_01,1,"The equilibrium constant for the dissolution of the salt, always equal to 1.",False,Incorrect. K_sp varies with the salt; it is not always 1.,z_03,conceptual_error,medium,0.0667,recall,high,reviewed,"[0, 0, 0, 1, 0, 0, 0, 0, 0, 0, 0, 0, 0, 0, 0]"
NCERT_SolubilityProduct_01,2,The ratio of the concentration of the solid to the concentration of the ions.,False,Incorrect. The solid does not appear in the expression; its activity is 1.,z_02,conceptual_error,medium,0.0667,recall,high,reviewed,"[0, 0, 1, 0, 0, 0, 0, 0, 0, 0, 0, 0, 0, 0, 0]"
NCERT_SolubilityProduct_01,3,The product of the masses of the ions present in a saturated solution.,False,"Incorrect. K_sp uses concentrations, not masses.",z_11,conceptual_error,medium,0.0667,recall,high,reviewed,"[0, 0, 0, 0, 0, 0, 0, 0, 0, 0, 0, 1, 0, 0, 0]"
NCERT_SolubilityProduct_01,4,"The product of the concentrations of the ions in a saturated solution, each raised to the power of its stoichiometric coefficient, at a given temperature.",True,"Correct. K_sp is defined as the product of the equilibrium concentrations (activities) of the ions, each raised to the power of its coefficient in the balanced dissolution equation.",none,correct,none,0.0,recall,high,reviewed,"[0, 0, 0, 0, 0, 0, 0, 0, 1, 0, 0, 0, 0, 0, 0]"
NCERT_SolubilityProduct_02,1,K_sp = 4s³,True,"Correct. Ag₂CrO₄ → 2Ag⁺ + CrO₄²⁻. If s = solubility, then [Ag⁺] = 2s, [CrO₄²⁻] = s, so K_sp = (2s)²(s) = 4s³.",none,correct,none,0.0,recall,high,reviewed,"[0, 0, 0, 1, 0, 0, 0, 0, 0, 0, 0, 0, 0, 0, 0]"
NCERT_SolubilityProduct_02,2,K_sp = s³,False,"Incorrect. A K_sp expression of s³ (without a numeric coefficient) does not correspond to any simple binary salt stoichiometry relevant here; for a 1:2 salt like Ag₂CrO₄, the correct expression is 4s³.",z_02,conceptual_error,medium,0.0667,recall,high,reviewed,"[0, 0, 1, 0, 0, 0, 0, 0, 0, 0, 0, 0, 0, 0, 0]"
NCERT_SolubilityProduct_02,3,K_sp = s²,False,Incorrect. That would be for a 1:1 salt like AgCl.,z_11,conceptual_error,medium,0.0667,recall,high,reviewed,"[0, 0, 0, 0, 0, 0, 0, 0, 0, 0, 0, 1, 0, 0, 0]"
NCERT_SolubilityProduct_02,4,K_sp = 27s⁴,False,Incorrect. That expression (27s⁴) corresponds to a salt like A₃B or AB₃.,z_08,conceptual_error,medium,0.0667,recall,high,reviewed,"[0, 0, 0, 0, 0, 0, 0, 0, 1, 0, 0, 0, 0, 0, 0]"
NCERT_SolubilityProduct_03,1,The solution is saturated; no change occurs.,False,Incorrect. Saturation occurs when Q = K_sp.,z_03,conceptual_error,medium,0.0667,recall,high,reviewed,"[0, 0, 0, 1, 0, 0, 0, 0, 0, 0, 0, 0, 0, 0, 0]"
NCERT_SolubilityProduct_03,2,The solution is unsaturated; more salt will dissolve.,False,Incorrect. Q > K_sp indicates supersaturation; precipitation occurs.,z_02,conceptual_error,medium,0.0667,recall,high,reviewed,"[0, 0, 1, 0, 0, 0, 0, 0, 0, 0, 0, 0, 0, 0, 0]"
NCERT_SolubilityProduct_03,3,Precipitation will occur until Q equals K_sp.,True,"Correct. When Q > K_sp, the solution is supersaturated and precipitation will occur to reduce the ion concentrations until Q = K_sp.",none,correct,none,0.0,recall,high,reviewed,"[0, 0, 0, 0, 0, 0, 0, 0, 0, 0, 0, 1, 0, 0, 0]"
NCERT_SolubilityProduct_03,4,The salt will become more soluble.,False,Incorrect. Solubility is a constant at a given temperature; precipitation does not increase solubility.,z_08,conceptual_error,medium,0.0667,recall,high,reviewed,"[0, 0, 0, 0, 0, 0, 0, 0, 1, 0, 0, 0, 0, 0, 0]"
NCERT_SolubilityProduct_04,1,1.3 × 10⁻⁵,False,"Incorrect. This is the molar solubility (s) itself, not Ksp = s^2.",z_03,conceptual_error,medium,0.0667,recall,high,reviewed,"[0, 0, 0, 1, 0, 0, 0, 0, 0, 0, 0, 0, 0, 0, 0]"
NCERT_SolubilityProduct_04,2,1.69 × 10⁻⁵,False,"Incorrect. The digits are right (1.3^2 = 1.69) but the power of ten is wrong; squaring 10^-5 gives 10^-10, not 10^-5.",z_02,conceptual_error,medium,0.0667,recall,high,reviewed,"[0, 0, 1, 0, 0, 0, 0, 0, 0, 0, 0, 0, 0, 0, 0]"
NCERT_SolubilityProduct_04,3,2.6 × 10⁻⁵,False,"Incorrect. This equals 2s, which is not how Ksp is calculated for a 1:1 salt like AgCl.",z_11,conceptual_error,medium,0.0667,recall,high,reviewed,"[0, 0, 0, 0, 0, 0, 0, 0, 0, 0, 0, 1, 0, 0, 0]"
NCERT_SolubilityProduct_04,4,1.69 × 10⁻¹⁰,True,"Correct. For AgCl -> Ag+ + Cl-, Ksp = [Ag+][Cl-] = s^2 = (1.3 x 10^-5)^2 = 1.69 x 10^-10.",none,correct,none,0.0,recall,high,reviewed,"[0, 0, 0, 0, 0, 0, 0, 0, 1, 0, 0, 0, 0, 0, 0]"
NCERT_SolubilityProduct_05,1,Temperature,False,Incorrect. Only temperature changes K_sp.,z_03,conceptual_error,medium,0.0667,recall,high,reviewed,"[0, 0, 0, 1, 0, 0, 0, 0, 0, 0, 0, 0, 0, 0, 0]"
NCERT_SolubilityProduct_05,2,All of these,True,Correct. K_sp is an equilibrium constant and depends only on temperature. Common ion and pH affect the solubility but not the value of K_sp itself.,none,correct,none,0.0,recall,high,reviewed,"[0, 0, 1, 0, 0, 0, 0, 0, 0, 0, 0, 0, 0, 0, 0]"
NCERT_SolubilityProduct_05,3,Addition of a common ion,False,"Incorrect. Common ion effect changes solubility, not K_sp.",z_11,conceptual_error,medium,0.0667,recall,high,reviewed,"[0, 0, 0, 0, 0, 0, 0, 0, 0, 0, 0, 1, 0, 0, 0]"
NCERT_SolubilityProduct_05,4,Change in pH (if the anion is basic),False,"Incorrect. pH changes solubility, not K_sp.",z_08,conceptual_error,medium,0.0667,recall,high,reviewed,"[0, 0, 0, 0, 0, 0, 0, 0, 1, 0, 0, 0, 0, 0, 0]"
NCERT_SolubilityProduct_06,1,Less than s,True,"Correct. The presence of SO₄²⁻ from Na₂SO₄ (common ion) shifts the equilibrium BaSO₄(s) ⇌ Ba²⁺ + SO₄²⁻ left, decreasing solubility.",none,correct,none,0.0,recall,high,reviewed,"[0, 0, 0, 1, 0, 0, 0, 0, 0, 0, 0, 0, 0, 0, 0]"
NCERT_SolubilityProduct_06,2,Greater than s,False,Incorrect. Common ion effect reduces solubility.,z_02,conceptual_error,medium,0.0667,recall,high,reviewed,"[0, 0, 1, 0, 0, 0, 0, 0, 0, 0, 0, 0, 0, 0, 0]"
NCERT_SolubilityProduct_06,3,Unpredictable,False,Incorrect. It is predictable using K_sp and common ion effect.,z_11,conceptual_error,medium,0.0667,recall,high,reviewed,"[0, 0, 0, 0, 0, 0, 0, 0, 0, 0, 0, 1, 0, 0, 0]"
NCERT_SolubilityProduct_06,4,Equal to s,False,Incorrect.,z_08,conceptual_error,medium,0.0667,recall,high,reviewed,"[0, 0, 0, 0, 0, 0, 0, 0, 1, 0, 0, 0, 0, 0, 0]"
NCERT_SolubilityProduct_07,1,12.0,False,Incorrect. Precipitation begins much earlier at pH 9.0.,z_03,conceptual_error,medium,0.0667,recall,high,reviewed,"[0, 0, 0, 1, 0, 0, 0, 0, 0, 0, 0, 0, 0, 0, 0]"
NCERT_SolubilityProduct_07,2,5.0,False,"Incorrect. This is the pOH value, not the pH value.",z_02,arithmetic_error,medium,0.0667,recall,high,reviewed,"[0, 0, 1, 0, 0, 0, 0, 0, 0, 0, 0, 0, 0, 0, 0]"
NCERT_SolubilityProduct_07,3,9.0,True,Correct. [OH-] = sqrt(Ksp / [Mg2+]) = ~9.4e-6 M. pOH = ~5.0. pH = 14 - 5 = 9.0.,none,correct,none,0.0,recall,high,reviewed,"[0, 0, 0, 0, 0, 0, 0, 0, 0, 0, 0, 1, 0, 0, 0]"
NCERT_SolubilityProduct_07,4,10.5,False,Incorrect. A pH of 10.5 is far past the precipitation threshold.,z_08,conceptual_error,medium,0.0667,recall,high,reviewed,"[0, 0, 0, 0, 0, 0, 0, 0, 1, 0, 0, 0, 0, 0, 0]"
NCERT_SolubilityProduct_08,1,3.7 × 10⁻¹¹,True,"Correct. CaF₂ → Ca²⁺ + 2F⁻; s = 2.1×10⁻⁴; [Ca²⁺] = s, [F⁻] = 2s; K_sp = (s)(2s)² = 4s³ = 4×(2.1×10⁻⁴)³ = 4×9.26×10⁻¹² = 3.7×10⁻¹¹.",none,correct,none,0.0,recall,high,reviewed,"[0, 0, 0, 1, 0, 0, 0, 0, 0, 0, 0, 0, 0, 0, 0]"
NCERT_SolubilityProduct_08,2,9.3 × 10⁻¹²,False,"Incorrect. That would be s³, missing factor 4.",z_02,conceptual_error,medium,0.0667,recall,high,reviewed,"[0, 0, 1, 0, 0, 0, 0, 0, 0, 0, 0, 0, 0, 0, 0]"
NCERT_SolubilityProduct_08,3,4.4 × 10⁻⁸,False,"Incorrect. That would be 4s², wrong.",z_11,conceptual_error,medium,0.0667,recall,high,reviewed,"[0, 0, 0, 0, 0, 0, 0, 0, 0, 0, 0, 1, 0, 0, 0]"
NCERT_SolubilityProduct_08,4,2.1 × 10⁻⁴,False,"Incorrect. That is the solubility, not K_sp.",z_08,conceptual_error,medium,0.0667,recall,high,reviewed,"[0, 0, 0, 0, 0, 0, 0, 0, 1, 0, 0, 0, 0, 0, 0]"
NCERT_SolubilityProduct_09,1,Ionic product < K_sp,False,"Incorrect. When the ionic product (Q) is less than Ksp, the solution is unsaturated and no precipitate will form.",z_06,conceptual_error,medium,0.0667,application,high,reviewed,"[0, 0, 0, 0, 0, 0, 1, 0, 0, 0, 0, 0, 0, 0, 0]"
NCERT_SolubilityProduct_09,2,Ionic product is zero,False,Incorrect. The ionic product is non-zero in any mixed solution containing these ions.,z_08,conceptual_error,medium,0.0667,application,high,reviewed,"[0, 0, 0, 0, 0, 0, 0, 0, 1, 0, 0, 0, 0, 0, 0]"
NCERT_SolubilityProduct_09,3,Ionic product = K_sp,False,"Incorrect. When Q equals Ksp, the solution is exactly at saturation equilibrium without active precipitation.",z_09,conceptual_error,medium,0.0667,application,high,reviewed,"[0, 0, 0, 0, 0, 0, 0, 0, 0, 1, 0, 0, 0, 0, 0]"
NCERT_SolubilityProduct_09,4,Ionic product > K_sp,True,Correct. Precipitation begins the exact moment the ionic product (Q) exceeds the solubility product (Ksp).,none,correct,none,0.0,application,high,reviewed,"[0, 0, 0, 0, 0, 0, 0, 0, 0, 0, 0, 1, 0, 0, 0]"
NCERT_SolubilityProduct_10,1,"Yes, because Q > K_sp",True,"Correct. After mixing, volume doubles; [Ag⁺] = 0.005 M, [Cl⁻] = 0.005 M; Q = (0.005)(0.005) = 2.5 × 10⁻⁵. This is much greater than 1.8 × 10⁻¹⁰, so Q > K_sp, precipitate forms.",none,correct,none,0.0,recall,high,reviewed,"[0, 0, 0, 1, 0, 0, 0, 0, 0, 0, 0, 0, 0, 0, 0]"
NCERT_SolubilityProduct_10,2,"No, because Q = K_sp",False,Incorrect. Q is not equal to K_sp.,z_02,conceptual_error,medium,0.0667,recall,high,reviewed,"[0, 0, 1, 0, 0, 0, 0, 0, 0, 0, 0, 0, 0, 0, 0]"
NCERT_SolubilityProduct_10,3,Cannot be determined,False,Incorrect. It can be determined.,z_11,conceptual_error,medium,0.0667,recall,high,reviewed,"[0, 0, 0, 0, 0, 0, 0, 0, 0, 0, 0, 1, 0, 0, 0]"
NCERT_SolubilityProduct_10,4,"No, because Q < K_sp",False,"Incorrect. Q is larger, not smaller.",z_08,conceptual_error,medium,0.0667,recall,high,reviewed,"[0, 0, 0, 0, 0, 0, 0, 0, 1, 0, 0, 0, 0, 0, 0]"
NCERT_Diagonal_01,1,The similarity in properties between elements in the same group.,False,Incorrect. That describes group similarity.,z_07,conceptual_error,medium,0.0667,recall,high,reviewed,"[0, 0, 0, 0, 0, 0, 0, 1, 0, 0, 0, 0, 0, 0, 0]"
NCERT_Diagonal_01,2,The similarity in properties between elements in the same period.,False,Incorrect. That describes periodicity across a period.,z_12,conceptual_error,medium,0.0667,recall,high,reviewed,"[0, 0, 0, 0, 0, 0, 0, 0, 0, 0, 0, 0, 1, 0, 0]"
NCERT_Diagonal_01,3,The similarity in properties between an element of period 2 and the element diagonally below it in period 3 of the next group.,True,"Correct. Diagonal relationship refers to the resemblance between elements of the second period and the third period elements diagonally adjacent in the next group (e.g., Li-Mg, Be-Al, B-Si).",none,correct,none,0.0,recall,high,reviewed,"[0, 0, 0, 0, 0, 1, 0, 0, 0, 0, 0, 0, 0, 0, 0]"
NCERT_Diagonal_01,4,The difference in properties between elements in adjacent groups.,False,"Incorrect. Diagonal relationship is about similarity, not difference.",z_03,conceptual_error,medium,0.0667,recall,high,reviewed,"[0, 0, 0, 1, 0, 0, 0, 0, 0, 0, 0, 0, 0, 0, 0]"
NCERT_Diagonal_02,1,Be and B,False,"Incorrect. Be (period 2, group 2) and B (period 2, group 13) are not diagonal.",z_07,conceptual_error,medium,0.0667,recall,high,reviewed,"[0, 0, 0, 0, 0, 0, 0, 1, 0, 0, 0, 0, 0, 0, 0]"
NCERT_Diagonal_02,2,B and Al,False,"Incorrect. B (period 2) and Al (period 3) are in the same group, not diagonal.",z_12,conceptual_error,medium,0.0667,recall,high,reviewed,"[0, 0, 0, 0, 0, 0, 0, 0, 0, 0, 0, 0, 1, 0, 0]"
NCERT_Diagonal_02,3,Li and Mg,True,"Correct. Lithium (group 1, period 2) shows similarity with magnesium (group 2, period 3) due to comparable charge density.",none,correct,none,0.0,recall,high,reviewed,"[0, 0, 0, 0, 0, 1, 0, 0, 0, 0, 0, 0, 0, 0, 0]"
NCERT_Diagonal_02,4,Na and Mg,False,"Incorrect. Na (period 3) and Mg (period 3) are adjacent in the same period, not diagonal.",z_03,conceptual_error,medium,0.0667,recall,high,reviewed,"[0, 0, 0, 1, 0, 0, 0, 0, 0, 0, 0, 0, 0, 0, 0]"
NCERT_Diagonal_03,1,Similar electronegativity values,False,"Incorrect. Electronegativities are somewhat similar, but the primary reason is charge density.",z_07,conceptual_error,medium,0.0667,recall,high,reviewed,"[0, 0, 0, 0, 0, 0, 0, 1, 0, 0, 0, 0, 0, 0, 0]"
NCERT_Diagonal_03,2,Similar charge/radius ratios (ionic potentials),True,"Correct. Both Be²⁺ and Al³⁺ have high charge density, leading to similar polarizing power and chemical behavior.",none,correct,none,0.0,recall,high,reviewed,"[0, 0, 0, 0, 0, 0, 0, 0, 0, 0, 0, 0, 1, 0, 0]"
NCERT_Diagonal_03,3,Similar atomic sizes,False,Incorrect. Their atomic sizes are not very similar; Be is much smaller.,z_05,conceptual_error,medium,0.0667,recall,high,reviewed,"[0, 0, 0, 0, 0, 1, 0, 0, 0, 0, 0, 0, 0, 0, 0]"
NCERT_Diagonal_03,4,Similar electronic configurations,False,"Incorrect. Be has 2s², Al has 3s²3p¹; configurations differ.",z_03,conceptual_error,medium,0.0667,recall,high,reviewed,"[0, 0, 0, 1, 0, 0, 0, 0, 0, 0, 0, 0, 0, 0, 0]"
NCERT_Diagonal_04,1,"It reacts with nitrogen to form a nitride (Li₃N), and Mg forms Mg₃N₂.",False,Incorrect. Both form nitrides with nitrogen.,z_07,conceptual_error,medium,0.0667,recall,high,reviewed,"[0, 0, 0, 0, 0, 0, 0, 1, 0, 0, 0, 0, 0, 0, 0]"
NCERT_Diagonal_04,2,Its carbonate decomposes on heating.,False,"Incorrect. This is true, but it is only one of several similarities; option 4 (all of the above) is the complete answer.",z_12,conceptual_error,medium,0.0667,recall,high,reviewed,"[0, 0, 0, 0, 0, 0, 0, 0, 0, 0, 0, 0, 1, 0, 0]"
NCERT_Diagonal_04,3,"It forms an oxide with the formula Li₂O, while Mg forms MgO.",False,"Incorrect. This is true, but not the only similarity.",z_05,conceptual_error,medium,0.0667,recall,high,reviewed,"[0, 0, 0, 0, 0, 1, 0, 0, 0, 0, 0, 0, 0, 0, 0]"
NCERT_Diagonal_04,4,All of the above.,True,"Correct. All of these reflect the diagonal relationship between Li and Mg: both form nitrides directly with N2 (Li3N, Mg3N2), both carbonates decompose on heating, and both form simple ionic monoxides (Li2O, MgO).",none,correct,none,0.0,recall,high,reviewed,"[0, 0, 0, 1, 0, 0, 0, 0, 0, 0, 0, 0, 0, 0, 0]"
NCERT_Diagonal_05,1,Sodium,False,"Incorrect. Na is in the same group, not diagonal.",z_07,conceptual_error,medium,0.0667,recall,high,reviewed,"[0, 0, 0, 0, 0, 0, 0, 1, 0, 0, 0, 0, 0, 0, 0]"
NCERT_Diagonal_05,2,Calcium,False,Incorrect. Ca is further down; the diagonal relationship is with Mg.,z_12,conceptual_error,medium,0.0667,recall,high,reviewed,"[0, 0, 0, 0, 0, 0, 0, 0, 0, 0, 0, 0, 1, 0, 0]"
NCERT_Diagonal_05,3,Potassium,False,Incorrect. K is also in the same group.,z_05,conceptual_error,medium,0.0667,recall,high,reviewed,"[0, 0, 0, 0, 0, 1, 0, 0, 0, 0, 0, 0, 0, 0, 0]"
NCERT_Diagonal_05,4,Magnesium,True,Correct. Li shows similarities with Mg (diagonal) that explain its anomalous properties.,none,correct,none,0.0,recall,high,reviewed,"[0, 0, 0, 1, 0, 0, 0, 0, 0, 0, 0, 0, 0, 0, 0]"
NCERT_Diagonal_06,1,It is observed only among elements of periods 2 and 3.,False,"Incorrect. It is most prominent between periods 2 and 3, but similar effects exist between periods 3 and 4 to a lesser extent.",z_07,conceptual_error,medium,0.0667,recall,high,reviewed,"[0, 0, 0, 0, 0, 0, 0, 1, 0, 0, 0, 0, 0, 0, 0]"
NCERT_Diagonal_06,2,"It is due to the fact that moving diagonally down the table compensates for the increase in atomic size with a decrease in group number, leading to similar charge densities.",True,"Correct. The diagonal direction balances the increase in size (down a group) with the decrease in size (across a period), resulting in similar charge/radius ratios.",none,correct,none,0.0,recall,high,reviewed,"[0, 0, 0, 0, 0, 0, 0, 0, 0, 0, 0, 0, 1, 0, 0]"
NCERT_Diagonal_06,3,Elements showing diagonal relationship have the same number of valence electrons.,False,Incorrect. Li (1 valence electron) and Mg (2 valence electrons) differ.,z_05,conceptual_error,medium,0.0667,recall,high,reviewed,"[0, 0, 0, 0, 0, 1, 0, 0, 0, 0, 0, 0, 0, 0, 0]"
NCERT_Diagonal_06,4,It is observed only for metals.,False,Incorrect. Nonmetals like B and Si also show diagonal relationship.,z_03,conceptual_error,medium,0.0667,recall,high,reviewed,"[0, 0, 0, 1, 0, 0, 0, 0, 0, 0, 0, 0, 0, 0, 0]"
NCERT_Diagonal_07,1,Both form amphoteric oxides.,False,Incorrect. Both BeO and Al₂O₃ are amphoteric.,z_07,conceptual_error,medium,0.0667,recall,high,reviewed,"[0, 0, 0, 0, 0, 0, 0, 1, 0, 0, 0, 0, 0, 0, 0]"
NCERT_Diagonal_07,2,Both form ionic chlorides that are soluble in water.,True,"Correct. This is NOT a similarity - BeCl2 and AlCl3 are both covalent (not ionic) and undergo hydrolysis in water rather than simply dissolving as ionic salts, so this statement is the exception.",none,correct,none,0.0,recall,high,reviewed,"[0, 0, 0, 0, 0, 0, 0, 0, 0, 0, 0, 0, 1, 0, 0]"
NCERT_Diagonal_07,3,Both are resistant to attack by concentrated nitric acid due to passivation.,False,Incorrect. Both Be and Al are rendered passive by concentrated HNO₃.,z_05,conceptual_error,medium,0.0667,recall,high,reviewed,"[0, 0, 0, 0, 0, 1, 0, 0, 0, 0, 0, 0, 0, 0, 0]"
NCERT_Diagonal_07,4,Both form carbides that react with water to give methane.,False,Incorrect. Be₂C and Al₄C₃ both yield methane on hydrolysis.,z_03,conceptual_error,medium,0.0667,recall,high,reviewed,"[0, 0, 0, 1, 0, 0, 0, 0, 0, 0, 0, 0, 0, 0, 0]"
NCERT_Diagonal_08,1,Both form acidic oxides (B₂O₃ and SiO₂).,False,Incorrect. True.,z_07,conceptual_error,medium,0.0667,recall,high,reviewed,"[0, 0, 0, 0, 0, 0, 0, 1, 0, 0, 0, 0, 0, 0, 0]"
NCERT_Diagonal_08,2,Both are metalloids with high melting points.,False,Incorrect. True but not the only evidence.,z_12,conceptual_error,medium,0.0667,recall,high,reviewed,"[0, 0, 0, 0, 0, 0, 0, 0, 0, 0, 0, 0, 1, 0, 0]"
NCERT_Diagonal_08,3,Both form volatile hydrides (boranes and silanes) that are spontaneously flammable in air.,False,Incorrect. True.,z_05,conceptual_error,medium,0.0667,recall,high,reviewed,"[0, 0, 0, 0, 0, 1, 0, 0, 0, 0, 0, 0, 0, 0, 0]"
NCERT_Diagonal_08,4,All of the above.,True,Correct. All these are similarities between B and Si due to diagonal relationship.,none,correct,none,0.0,recall,high,reviewed,"[0, 0, 0, 1, 0, 0, 0, 0, 0, 0, 0, 0, 0, 0, 0]"
NCERT_Diagonal_09,1,Magnesium compounds,True,Correct. Both Li and Mg form compounds that are often more soluble than other group 1 or 2 elements due to high hydration enthalpy.,none,correct,none,0.0,recall,high,reviewed,"[0, 0, 0, 0, 0, 0, 0, 1, 0, 0, 0, 0, 0, 0, 0]"
NCERT_Diagonal_09,2,Sodium compounds,False,"Incorrect. Na compounds are generally very soluble, but the anomaly is Li's similarity to Mg.",z_12,conceptual_error,medium,0.0667,recall,high,reviewed,"[0, 0, 0, 0, 0, 0, 0, 0, 0, 0, 0, 0, 1, 0, 0]"
NCERT_Diagonal_09,3,Potassium compounds,False,"Incorrect. K compounds are also soluble, but the diagonal is with Mg.",z_05,conceptual_error,medium,0.0667,recall,high,reviewed,"[0, 0, 0, 0, 0, 1, 0, 0, 0, 0, 0, 0, 0, 0, 0]"
NCERT_Diagonal_09,4,Calcium compounds,False,Incorrect. Ca compounds have lower solubility than Mg.,z_03,conceptual_error,medium,0.0667,recall,high,reviewed,"[0, 0, 0, 1, 0, 0, 0, 0, 0, 0, 0, 0, 0, 0, 0]"
NCERT_Diagonal_10,1,Presence of same number of valence electrons,True,"Correct. Diagonal pairs do not have the same number of valence electrons (e.g., Li has 1, Mg has 2). This is not the reason; the reason is the charge density similarity despite different charges.",none,correct,none,0.0,recall,high,reviewed,"[0, 0, 0, 0, 0, 0, 0, 1, 0, 0, 0, 0, 0, 0, 0]"
NCERT_Diagonal_10,2,Similar ionic radii after accounting for charge differences,False,Incorrect. This is a factor; ions like Li⁺ and Mg²⁺ have similar sizes.,z_12,conceptual_error,medium,0.0667,recall,high,reviewed,"[0, 0, 0, 0, 0, 0, 0, 0, 0, 0, 0, 0, 1, 0, 0]"
NCERT_Diagonal_10,3,Similar polarizing power (charge/radius),False,Incorrect. Polarizing power is similar due to charge/size compensation.,z_05,conceptual_error,medium,0.0667,recall,high,reviewed,"[0, 0, 0, 0, 0, 1, 0, 0, 0, 0, 0, 0, 0, 0, 0]"
NCERT_Diagonal_10,4,Similar electronegativity values,False,Incorrect. Electronegativity values are indeed similar for diagonal pairs.,z_03,arithmetic_error,medium,0.0667,recall,high,reviewed,"[0, 0, 0, 1, 0, 0, 0, 0, 0, 0, 0, 0, 0, 0, 0]"
NCERT_InertPair_01,1,The tendency of the ns² electrons to participate readily in bonding.,False,Incorrect. This is the opposite of the inert pair effect.,z_05,conceptual_error,medium,0.0667,analysis,high,reviewed,"[0, 0, 0, 0, 0, 1, 0, 0, 0, 0, 0, 0, 0, 0, 0]"
NCERT_InertPair_01,2,The effect of inner d-electrons on the size of the atom.,False,Incorrect. That is shielding or contraction effects.,z_00,conceptual_error,medium,0.0667,analysis,high,reviewed,"[1, 0, 0, 0, 0, 0, 0, 0, 0, 0, 0, 0, 0, 0, 0]"
NCERT_InertPair_01,3,"The reluctance of the ns² electrons to participate in bonding, resulting in lower oxidation states being more stable for heavier p-block elements.",True,"Correct. In heavier p-block elements (e.g., Tl, Pb, Bi), the ns² electrons do not participate in bonding, making the +1, +2, +3 oxidation states more stable than higher ones.",none,correct,none,0.0,analysis,high,reviewed,"[0, 0, 0, 0, 0, 0, 0, 1, 0, 0, 0, 0, 0, 0, 0]"
NCERT_InertPair_01,4,The increase in ionization energy down a group.,False,"Incorrect. Ionization energy decreases down a group, not increases.",z_09,conceptual_error,medium,0.0667,analysis,high,reviewed,"[0, 0, 0, 0, 0, 0, 0, 0, 0, 1, 0, 0, 0, 0, 0]"
NCERT_InertPair_02,1,"All of these, increasing down the group",True,"Correct. The inert pair effect becomes more pronounced as we move down groups 13, 14, 15, 16.",none,correct,none,0.0,analysis,high,reviewed,"[0, 0, 0, 0, 0, 1, 0, 0, 0, 0, 0, 0, 0, 0, 0]"
NCERT_InertPair_02,2,Group 15,False,"Incorrect. It is seen in group 15, but also in others.",z_00,conceptual_error,medium,0.0667,analysis,high,reviewed,"[1, 0, 0, 0, 0, 0, 0, 0, 0, 0, 0, 0, 0, 0, 0]"
NCERT_InertPair_02,3,Group 13,False,"Incorrect. Group 13 shows it (Tl⁺ stable), but it is also seen in group 14 (Pb²⁺) and group 15 (Bi³⁺).",z_07,conceptual_error,medium,0.0667,analysis,high,reviewed,"[0, 0, 0, 0, 0, 0, 0, 1, 0, 0, 0, 0, 0, 0, 0]"
NCERT_InertPair_02,4,Group 14,False,"Incorrect. It is seen in group 14, but also in others.",z_09,conceptual_error,medium,0.0667,analysis,high,reviewed,"[0, 0, 0, 0, 0, 0, 0, 0, 0, 1, 0, 0, 0, 0, 0]"
NCERT_InertPair_03,1,+5,False,Incorrect. +5 is not common for Tl.,z_05,conceptual_error,medium,0.0667,analysis,high,reviewed,"[0, 0, 0, 0, 0, 1, 0, 0, 0, 0, 0, 0, 0, 0, 0]"
NCERT_InertPair_03,2,+1,True,"Correct. Due to the inert pair effect, Tl⁺ is more stable than Tl³⁺.",none,correct,none,0.0,analysis,high,reviewed,"[1, 0, 0, 0, 0, 0, 0, 0, 0, 0, 0, 0, 0, 0, 0]"
NCERT_InertPair_03,3,+7,False,Incorrect. Tl does not show +7.,z_07,conceptual_error,medium,0.0667,analysis,high,reviewed,"[0, 0, 0, 0, 0, 0, 0, 1, 0, 0, 0, 0, 0, 0, 0]"
NCERT_InertPair_03,4,+3,False,Incorrect. Tl³⁺ is less stable and acts as an oxidizing agent.,z_09,conceptual_error,medium,0.0667,analysis,high,reviewed,"[0, 0, 0, 0, 0, 0, 0, 0, 0, 1, 0, 0, 0, 0, 0]"
NCERT_InertPair_04,1,Because lead has a high ionization enthalpy.,False,"Incorrect. A high ionization enthalpy would make electrons harder to remove from Pb, which does not explain why Pb4+ acts as an oxidizing agent; the real explanation is the inert pair effect stabilizing Pb2+.",z_05,conceptual_error,medium,0.0667,analysis,high,reviewed,"[0, 0, 0, 0, 0, 1, 0, 0, 0, 0, 0, 0, 0, 0, 0]"
NCERT_InertPair_04,2,"Because Pb²⁺ is more stable due to the inert pair effect, and Pb⁴⁺ readily gains electrons to form Pb²⁺.",True,"Correct. The inert pair effect stabilizes Pb²⁺, so Pb⁴⁺ is a strong oxidizing agent (it is reduced to Pb²⁺).",none,correct,none,0.0,analysis,high,reviewed,"[1, 0, 0, 0, 0, 0, 0, 0, 0, 0, 0, 0, 0, 0, 0]"
NCERT_InertPair_04,3,Because Pb⁴⁺ is very stable.,False,Incorrect. Pb⁴⁺ is not stable; it is reduced to Pb²⁺.,z_07,conceptual_error,medium,0.0667,analysis,high,reviewed,"[0, 0, 0, 0, 0, 0, 0, 1, 0, 0, 0, 0, 0, 0, 0]"
NCERT_InertPair_04,4,Because Pb⁴⁺ has a noble gas configuration.,False,"Incorrect. Pb4+ does not have a noble gas configuration; after losing the 6s2 and 6p2 electrons, its configuration is [Xe]4f14 5d10, not that of a noble gas.",z_09,conceptual_error,medium,0.0667,analysis,high,reviewed,"[0, 0, 0, 0, 0, 0, 0, 0, 0, 1, 0, 0, 0, 0, 0]"
NCERT_InertPair_05,1,"Tl⁺ is more stable than Tl³⁺, while B³⁺ is the only stable state for boron.",True,"Correct. Boron shows only +3, aluminum and gallium show +3 as more stable, indium shows both, thallium shows +1 as more stable due to inert pair effect.",none,correct,none,0.0,analysis,high,reviewed,"[0, 0, 0, 0, 0, 1, 0, 0, 0, 0, 0, 0, 0, 0, 0]"
NCERT_InertPair_05,2,B > Al > Ga > In > Tl for +3,False,"Incorrect. For group 13, the +3 state is most stable for B, Al, Ga, In, but for Tl the +1 state becomes more stable. So the trend is not monotonic.",z_00,conceptual_error,medium,0.0667,analysis,high,reviewed,"[1, 0, 0, 0, 0, 0, 0, 0, 0, 0, 0, 0, 0, 0, 0]"
NCERT_InertPair_05,3,Both B⁺ and B³⁺ are stable.,False,Incorrect. B⁺ is not stable.,z_07,conceptual_error,medium,0.0667,analysis,high,reviewed,"[0, 0, 0, 0, 0, 0, 0, 1, 0, 0, 0, 0, 0, 0, 0]"
NCERT_InertPair_05,4,The +3 state becomes more stable down the group.,False,Incorrect. The +3 state becomes less stable down the group; +1 becomes more stable.,z_09,conceptual_error,medium,0.0667,analysis,high,reviewed,"[0, 0, 0, 0, 0, 0, 0, 0, 0, 1, 0, 0, 0, 0, 0]"
NCERT_InertPair_06,1,Poor shielding by d and f electrons in heavier elements.,False,"Incorrect. This is part of the reason, but not the whole story.",z_05,conceptual_error,medium,0.0667,analysis,high,reviewed,"[0, 0, 0, 0, 0, 1, 0, 0, 0, 0, 0, 0, 0, 0, 0]"
NCERT_InertPair_06,2,High ionization energy of s-electrons in heavy atoms due to relativistic effects and poor shielding.,False,Incorrect. This is also part of the reason.,z_00,conceptual_error,medium,0.0667,analysis,high,reviewed,"[1, 0, 0, 0, 0, 0, 0, 0, 0, 0, 0, 0, 0, 0, 0]"
NCERT_InertPair_06,3,Both A and B,True,Correct. Both poor shielding by inner d/f electrons and relativistic contraction of s-orbitals contribute to the ns² electrons being held more tightly and less available for bonding.,none,correct,none,0.0,analysis,high,reviewed,"[0, 0, 0, 0, 0, 0, 0, 1, 0, 0, 0, 0, 0, 0, 0]"
NCERT_InertPair_06,4,High electronegativity of heavy elements.,False,Incorrect. Heavy elements are not highly electronegative; electronegativity generally decreases down a group.,z_09,conceptual_error,medium,0.0667,analysis,high,reviewed,"[0, 0, 0, 0, 0, 0, 0, 0, 0, 1, 0, 0, 0, 0, 0]"
NCERT_InertPair_07,1,Increasing electronegativity,False,Incorrect. Electronegativity decreases down the group.,z_05,conceptual_error,medium,0.0667,analysis,high,reviewed,"[0, 0, 0, 0, 0, 1, 0, 0, 0, 0, 0, 0, 0, 0, 0]"
NCERT_InertPair_07,2,Increasing inert pair effect,True,"Correct. The inert pair effect becomes more pronounced, making the +2 state more stable for Sn and Pb.",none,correct,none,0.0,analysis,high,reviewed,"[1, 0, 0, 0, 0, 0, 0, 0, 0, 0, 0, 0, 0, 0, 0]"
NCERT_InertPair_07,3,Decreasing atomic size,False,"Incorrect. Atomic size increases down the group, not decreases.",z_07,conceptual_error,medium,0.0667,analysis,high,reviewed,"[0, 0, 0, 0, 0, 0, 0, 1, 0, 0, 0, 0, 0, 0, 0]"
NCERT_InertPair_07,4,Increasing ionization energy,False,Incorrect. Ionization energy decreases down the group.,z_09,conceptual_error,medium,0.0667,analysis,high,reviewed,"[0, 0, 0, 0, 0, 0, 0, 0, 0, 1, 0, 0, 0, 0, 0]"
NCERT_InertPair_08,1,It is negligible for elements of period 6.,False,"Incorrect. It is most pronounced for period 6 elements (Tl, Pb, Bi).",z_05,conceptual_error,medium,0.0667,analysis,high,reviewed,"[0, 0, 0, 0, 0, 1, 0, 0, 0, 0, 0, 0, 0, 0, 0]"
NCERT_InertPair_08,2,It is observed only in s-block elements.,False,Incorrect. It is observed in p-block elements of groups 13-16.,z_00,conceptual_error,medium,0.0667,analysis,high,reviewed,"[1, 0, 0, 0, 0, 0, 0, 0, 0, 0, 0, 0, 0, 0, 0]"
NCERT_InertPair_08,3,It results in higher oxidation states being more stable.,False,Incorrect. It makes lower oxidation states more stable.,z_07,conceptual_error,medium,0.0667,analysis,high,reviewed,"[0, 0, 0, 0, 0, 0, 0, 1, 0, 0, 0, 0, 0, 0, 0]"
NCERT_InertPair_08,4,It is due to the increasing stability of the ns² electron pair as we move down a group.,True,"Correct. As we move down, the ns² electrons become more tightly held due to poor shielding and relativistic effects, making them less available for bonding.",none,correct,none,0.0,analysis,high,reviewed,"[0, 0, 0, 0, 0, 0, 0, 0, 0, 1, 0, 0, 0, 0, 0]"
NCERT_InertPair_09,1,Pb²⁺ (PbO or Pb salts),True,"Correct. PbO₂ is reduced to Pb²⁺ compounds (e.g., PbO or Pb salts).",none,correct,none,0.0,analysis,high,reviewed,"[0, 0, 0, 0, 0, 1, 0, 0, 0, 0, 0, 0, 0, 0, 0]"
NCERT_InertPair_09,2,PbO,False,"Incorrect. PbO is Pb²⁺ with O²⁻; yes, that is Pb²⁺.",z_00,conceptual_error,medium,0.0667,analysis,high,reviewed,"[1, 0, 0, 0, 0, 0, 0, 0, 0, 0, 0, 0, 0, 0, 0]"
NCERT_InertPair_09,3,Pb,False,"Incorrect. PbO₂ is reduced to Pb²⁺, not Pb(0).",z_07,conceptual_error,medium,0.0667,analysis,high,reviewed,"[0, 0, 0, 0, 0, 0, 0, 1, 0, 0, 0, 0, 0, 0, 0]"
NCERT_InertPair_09,4,Pb₃O₄,False,Incorrect. Pb₃O₄ is a mixed oxide of Pb(II) and Pb(IV); not the primary reduction product.,z_09,conceptual_error,medium,0.0667,analysis,high,reviewed,"[0, 0, 0, 0, 0, 0, 0, 0, 0, 1, 0, 0, 0, 0, 0]"
NCERT_InertPair_10,1,Boron,False,Incorrect. Boron shows only +3.,z_05,conceptual_error,medium,0.0667,analysis,high,reviewed,"[0, 0, 0, 0, 0, 1, 0, 0, 0, 0, 0, 0, 0, 0, 0]"
NCERT_InertPair_10,2,Aluminum,False,Incorrect. Aluminum shows only +3.,z_00,conceptual_error,medium,0.0667,analysis,high,reviewed,"[1, 0, 0, 0, 0, 0, 0, 0, 0, 0, 0, 0, 0, 0, 0]"
NCERT_InertPair_10,3,Thallium,True,Correct. Thallium exhibits +1 as the most stable oxidation state due to the inert pair effect.,none,correct,none,0.0,analysis,high,reviewed,"[0, 0, 0, 0, 0, 0, 0, 1, 0, 0, 0, 0, 0, 0, 0]"
NCERT_InertPair_10,4,Gallium,False,"Incorrect. Gallium shows both, but +3 is more stable.",z_09,conceptual_error,medium,0.0667,analysis,high,reviewed,"[0, 0, 0, 0, 0, 0, 0, 0, 0, 1, 0, 0, 0, 0, 0]"
NCERT_SilicatePoly_01,1,Compounds containing silicon and carbon.,False,Incorrect. That is organosilicon compounds.,z_02,conceptual_error,medium,0.0667,application,high,reviewed,"[0, 0, 1, 0, 0, 0, 0, 0, 0, 0, 0, 0, 0, 0, 0]"
NCERT_SilicatePoly_01,2,Compounds containing only silicon and oxygen.,False,"Incorrect. That is silica (SiO₂), not silicates.",z_06,conceptual_error,medium,0.0667,application,high,reviewed,"[0, 0, 0, 0, 0, 0, 1, 0, 0, 0, 0, 0, 0, 0, 0]"
NCERT_SilicatePoly_01,3,Polymers of silicon hydrides.,False,"Incorrect. Silanes are silicon hydrides, not silicates.",z_03,conceptual_error,medium,0.0667,application,high,reviewed,"[0, 0, 0, 1, 0, 0, 0, 0, 0, 0, 0, 0, 0, 0, 0]"
NCERT_SilicatePoly_01,4,"Compounds containing silicon, oxygen, and metals, with the basic structural unit SiO₄⁴⁻.",True,"Correct. Silicates are minerals where the basic unit is the SiO₄⁴⁻ tetrahedron, with silicon bonded to four oxygen atoms.",none,correct,none,0.0,application,high,reviewed,"[0, 0, 0, 0, 0, 0, 0, 0, 0, 0, 0, 0, 0, 1, 0]"
NCERT_SilicatePoly_02,1,SiO₃²⁻,False,"Incorrect. This is the pyrosilicate unit, not the basic unit.",z_02,conceptual_error,medium,0.0667,application,high,reviewed,"[0, 0, 1, 0, 0, 0, 0, 0, 0, 0, 0, 0, 0, 0, 0]"
NCERT_SilicatePoly_02,2,SiO₂,False,"Incorrect. SiO₂ is silica, not the basic unit of silicates.",z_06,conceptual_error,medium,0.0667,application,high,reviewed,"[0, 0, 0, 0, 0, 0, 1, 0, 0, 0, 0, 0, 0, 0, 0]"
NCERT_SilicatePoly_02,3,Si₂O₇⁶⁻,False,"Incorrect. This is the pyrosilicate anion, formed by sharing one oxygen between two tetrahedra.",z_03,conceptual_error,medium,0.0667,application,high,reviewed,"[0, 0, 0, 1, 0, 0, 0, 0, 0, 0, 0, 0, 0, 0, 0]"
NCERT_SilicatePoly_02,4,SiO₄⁴⁻,True,Correct. The SiO₄⁴⁻ tetrahedron is the fundamental building block of all silicates.,none,correct,none,0.0,application,high,reviewed,"[0, 0, 0, 0, 0, 0, 0, 0, 0, 0, 0, 0, 0, 1, 0]"
NCERT_SilicatePoly_03,1,sp,False,"Incorrect. sp gives linear geometry, not tetrahedral.",z_02,conceptual_error,medium,0.0667,application,high,reviewed,"[0, 0, 1, 0, 0, 0, 0, 0, 0, 0, 0, 0, 0, 0, 0]"
NCERT_SilicatePoly_03,2,sp³,True,"Correct. Each silicon is tetrahedrally coordinated by four oxygen atoms, using sp³ hybrid orbitals.",none,correct,none,0.0,application,high,reviewed,"[0, 0, 0, 0, 0, 0, 1, 0, 0, 0, 0, 0, 0, 0, 0]"
NCERT_SilicatePoly_03,3,sp³d,False,"Incorrect. sp³d would give trigonal bipyramidal or square pyramidal, not tetrahedral.",z_03,conceptual_error,medium,0.0667,application,high,reviewed,"[0, 0, 0, 1, 0, 0, 0, 0, 0, 0, 0, 0, 0, 0, 0]"
NCERT_SilicatePoly_03,4,sp²,False,"Incorrect. sp² gives trigonal planar, not tetrahedral.",z_13,conceptual_error,medium,0.0667,application,high,reviewed,"[0, 0, 0, 0, 0, 0, 0, 0, 0, 0, 0, 0, 0, 1, 0]"
NCERT_SilicatePoly_04,1,Tectosilicates,True,"Correct. Tectosilicates (e.g., quartz, feldspar) have each oxygen shared between two tetrahedra, forming a 3D framework.",none,correct,none,0.0,application,high,reviewed,"[0, 0, 1, 0, 0, 0, 0, 0, 0, 0, 0, 0, 0, 0, 0]"
NCERT_SilicatePoly_04,2,Sheet silicates,False,"Incorrect. Sheet silicates (e.g., mica) have three oxygens shared per tetrahedron, forming sheets.",z_06,conceptual_error,medium,0.0667,application,high,reviewed,"[0, 0, 0, 0, 0, 0, 1, 0, 0, 0, 0, 0, 0, 0, 0]"
NCERT_SilicatePoly_04,3,Pyrosilicates,False,Incorrect. Pyrosilicates have two tetrahedra sharing one oxygen.,z_03,conceptual_error,medium,0.0667,application,high,reviewed,"[0, 0, 0, 1, 0, 0, 0, 0, 0, 0, 0, 0, 0, 0, 0]"
NCERT_SilicatePoly_04,4,Orthosilicates,False,"Incorrect. Orthosilicates have discrete SiO₄⁴⁻ units, no sharing.",z_13,conceptual_error,medium,0.0667,application,high,reviewed,"[0, 0, 0, 0, 0, 0, 0, 0, 0, 0, 0, 0, 0, 1, 0]"
NCERT_SilicatePoly_05,1,Formation of Si-Si bonds.,False,Incorrect. Si-Si bonds are not present in silicates (except in silicides).,z_02,conceptual_error,medium,0.0667,application,high,reviewed,"[0, 0, 1, 0, 0, 0, 0, 0, 0, 0, 0, 0, 0, 0, 0]"
NCERT_SilicatePoly_05,2,Sharing of oxygen atoms between SiO₄ tetrahedra.,True,"Correct. Silicate polymerization involves oxygen atoms being shared between adjacent SiO₄ tetrahedra, forming Si-O-Si bridges.",none,correct,none,0.0,application,high,reviewed,"[0, 0, 0, 0, 0, 0, 1, 0, 0, 0, 0, 0, 0, 0, 0]"
NCERT_SilicatePoly_05,3,Sharing of silicon atoms between units.,False,Incorrect. Silicon atoms are not directly shared.,z_03,conceptual_error,medium,0.0667,application,high,reviewed,"[0, 0, 0, 1, 0, 0, 0, 0, 0, 0, 0, 0, 0, 0, 0]"
NCERT_SilicatePoly_05,4,Loss of water molecules without bond formation.,False,Incorrect. Polymerization involves condensation (loss of water) but the key is sharing of oxygens.,z_13,conceptual_error,medium,0.0667,application,high,reviewed,"[0, 0, 0, 0, 0, 0, 0, 0, 0, 0, 0, 0, 0, 1, 0]"
NCERT_SilicatePoly_06,1,Talc,False,Incorrect. Talc is a sheet silicate.,z_02,conceptual_error,medium,0.0667,application,high,reviewed,"[0, 0, 1, 0, 0, 0, 0, 0, 0, 0, 0, 0, 0, 0, 0]"
NCERT_SilicatePoly_06,2,Feldspar,False,Incorrect. Feldspar is a tectosilicate.,z_06,conceptual_error,medium,0.0667,application,high,reviewed,"[0, 0, 0, 0, 0, 0, 1, 0, 0, 0, 0, 0, 0, 0, 0]"
NCERT_SilicatePoly_06,3,Quartz,False,Incorrect. Quartz is a tectosilicate (3D network).,z_03,conceptual_error,medium,0.0667,application,high,reviewed,"[0, 0, 0, 1, 0, 0, 0, 0, 0, 0, 0, 0, 0, 0, 0]"
NCERT_SilicatePoly_06,4,Asbestos,True,"Correct. Asbestos (e.g., chrysotile) is a chain silicate (inosilicate) with single or double chains of SiO₄ tetrahedra.",none,correct,none,0.0,application,high,reviewed,"[0, 0, 0, 0, 0, 0, 0, 0, 0, 0, 0, 0, 0, 1, 0]"
NCERT_SilicatePoly_07,1,4,False,Incorrect. Four shared oxygens give tectosilicates (3D framework).,z_02,conceptual_error,medium,0.0667,application,high,reviewed,"[0, 0, 1, 0, 0, 0, 0, 0, 0, 0, 0, 0, 0, 0, 0]"
NCERT_SilicatePoly_07,2,2,False,Incorrect. Two shared oxygens give chain silicates.,z_06,conceptual_error,medium,0.0667,application,high,reviewed,"[0, 0, 0, 0, 0, 0, 1, 0, 0, 0, 0, 0, 0, 0, 0]"
NCERT_SilicatePoly_07,3,3,True,"Correct. In sheet silicates, three oxygens of each tetrahedron are shared, forming infinite two-dimensional sheets.",none,correct,none,0.0,application,high,reviewed,"[0, 0, 0, 1, 0, 0, 0, 0, 0, 0, 0, 0, 0, 0, 0]"
NCERT_SilicatePoly_07,4,1,False,Incorrect. One shared oxygen gives pyrosilicates.,z_13,conceptual_error,medium,0.0667,application,high,reviewed,"[0, 0, 0, 0, 0, 0, 0, 0, 0, 0, 0, 0, 0, 1, 0]"
NCERT_SilicatePoly_08,1,Destruction of the tetrahedral structure.,False,"Incorrect. The structure remains tetrahedral, as Al³⁺ can also occupy tetrahedral sites.",z_02,conceptual_error,medium,0.0667,application,high,reviewed,"[0, 0, 1, 0, 0, 0, 0, 0, 0, 0, 0, 0, 0, 0, 0]"
NCERT_SilicatePoly_08,2,No change in charge.,False,Incorrect. Charge changes.,z_06,conceptual_error,medium,0.0667,application,high,reviewed,"[0, 0, 0, 0, 0, 0, 1, 0, 0, 0, 0, 0, 0, 0, 0]"
NCERT_SilicatePoly_08,3,A positive charge on the framework.,False,Incorrect. Substitution of lower valence cation creates negative charge.,z_03,conceptual_error,medium,0.0667,application,high,reviewed,"[0, 0, 0, 1, 0, 0, 0, 0, 0, 0, 0, 0, 0, 0, 0]"
NCERT_SilicatePoly_08,4,"A negative charge on the framework, requiring cations for charge balance.",True,"Correct. When Al³⁺ replaces Si⁴⁺ in the tetrahedral site, a negative charge develops, which is balanced by cations like K⁺, Na⁺, Ca²⁺.",none,correct,none,0.0,application,high,reviewed,"[0, 0, 0, 0, 0, 0, 0, 0, 0, 0, 0, 0, 0, 1, 0]"
NCERT_SilicatePoly_09,1,Tectosilicates < Sheet silicates < Chain silicates < Pyrosilicates < Orthosilicates,False,Incorrect. This is the reverse order.,z_02,conceptual_error,medium,0.0667,application,high,reviewed,"[0, 0, 1, 0, 0, 0, 0, 0, 0, 0, 0, 0, 0, 0, 0]"
NCERT_SilicatePoly_09,2,Sheet < Chain < Pyro < Ortho < Tecto,False,Incorrect. This order is mixed.,z_06,conceptual_error,medium,0.0667,application,high,reviewed,"[0, 0, 0, 0, 0, 0, 1, 0, 0, 0, 0, 0, 0, 0, 0]"
NCERT_SilicatePoly_09,3,Orthosilicates > Pyrosilicates > Chain > Sheet > Tecto,False,Incorrect. This is decreasing order.,z_03,conceptual_error,medium,0.0667,application,high,reviewed,"[0, 0, 0, 1, 0, 0, 0, 0, 0, 0, 0, 0, 0, 0, 0]"
NCERT_SilicatePoly_09,4,Orthosilicates < Pyrosilicates < Chain silicates < Sheet silicates < Tectosilicates,True,"Correct. Orthosilicates have discrete units (no sharing), pyrosilicates share one oxygen, chain silicates share two, sheet silicates share three, tectosilicates share all four.",none,correct,none,0.0,application,high,reviewed,"[0, 0, 0, 0, 0, 0, 0, 0, 0, 0, 0, 0, 0, 1, 0]"
NCERT_SilicatePoly_10,1,"Each SiO₄ tetrahedron shares two oxygens, forming infinite chains.",True,"Correct. In chain silicates, two oxygens per tetrahedron are shared, giving a repeating unit of SiO₃²⁻.",none,correct,none,0.0,application,high,reviewed,"[0, 0, 1, 0, 0, 0, 0, 0, 0, 0, 0, 0, 0, 0, 0]"
NCERT_SilicatePoly_10,2,It is a three-dimensional network.,False,"Incorrect. That describes tectosilicates (e.g., SiO₂).",z_06,conceptual_error,medium,0.0667,application,high,reviewed,"[0, 0, 0, 0, 0, 0, 1, 0, 0, 0, 0, 0, 0, 0, 0]"
NCERT_SilicatePoly_10,3,The structure contains discrete Si₃O₉⁶⁻ rings.,False,Incorrect. That describes cyclosilicates (ring silicates).,z_03,conceptual_error,medium,0.0667,application,high,reviewed,"[0, 0, 0, 1, 0, 0, 0, 0, 0, 0, 0, 0, 0, 0, 0]"
NCERT_SilicatePoly_10,4,Each SiO₄ tetrahedron shares three oxygens.,False,Incorrect. That would give sheet silicates with formula (Si₂O₅)ₙ²ⁿ⁻.,z_13,conceptual_error,medium,0.0667,application,high,reviewed,"[0, 0, 0, 0, 0, 0, 0, 0, 0, 0, 0, 0, 0, 1, 0]"
NCERT_ThermalStability_01,1,"The hydration enthalpy increases down the group, stabilizing the carbonate.",False,"Incorrect. Hydration enthalpy relates to solubility, not thermal stability of the solid carbonate.",z_03,conceptual_error,medium,0.0667,analysis,high,reviewed,"[0, 0, 0, 1, 0, 0, 0, 0, 0, 0, 0, 0, 0, 0, 0]"
NCERT_ThermalStability_01,2,"The lattice energy increases down the group, making decomposition more difficult.",False,Incorrect. Lattice energy actually decreases down the group; the trend in stability is not primarily due to lattice energy but to polarization of the anion.,z_06,conceptual_error,medium,0.0667,analysis,high,reviewed,"[0, 0, 0, 0, 0, 0, 1, 0, 0, 0, 0, 0, 0, 0, 0]"
NCERT_ThermalStability_01,3,"The size of the cation increases, decreasing its polarizing power, which makes the carbonate ion less distorted and more stable.",True,"Correct. As we move down Group 2, the cation size increases, polarizing power decreases. The carbonate ion is less distorted, so more energy is needed to decompose it.",none,correct,none,0.0,analysis,high,reviewed,"[0, 0, 0, 0, 0, 0, 0, 1, 0, 0, 0, 0, 0, 0, 0]"
NCERT_ThermalStability_01,4,"The size of the cation decreases, increasing its polarizing power, which makes the carbonate ion more distorted and less stable.",False,"Incorrect. Cation size increases, not decreases. Also, higher polarizing power would decrease stability, opposite to the observed trend.",z_11,conceptual_error,medium,0.0667,analysis,high,reviewed,"[0, 0, 0, 0, 0, 0, 0, 0, 0, 0, 0, 1, 0, 0, 0]"
NCERT_ThermalStability_02,1,Na₂CO₃ has a higher lattice energy.,False,"Incorrect. Na2CO3 actually has a lower lattice energy than Li2CO3 (Na+ is larger); the key factor in Li2CO3's instability is the strong polarization of the carbonate ion by the small, highly charged Li+, not lattice energy.",z_03,conceptual_error,medium,0.0667,analysis,high,reviewed,"[0, 0, 0, 1, 0, 0, 0, 0, 0, 0, 0, 0, 0, 0, 0]"
NCERT_ThermalStability_02,2,Li₂CO₃ is more soluble in water.,False,Incorrect. Solubility is not directly related to thermal stability.,z_06,conceptual_error,medium,0.0667,analysis,high,reviewed,"[0, 0, 0, 0, 0, 0, 1, 0, 0, 0, 0, 0, 0, 0, 0]"
NCERT_ThermalStability_02,3,"Li⁺ has a small size and high polarizing power, which distorts the CO₃²⁻ ion, leading to decomposition.",True,"Correct. The small Li⁺ with high charge density strongly polarizes the carbonate ion, weakening the C–O bonds and causing decomposition upon heating.",none,correct,none,0.0,analysis,high,reviewed,"[0, 0, 0, 0, 0, 0, 0, 1, 0, 0, 0, 0, 0, 0, 0]"
NCERT_ThermalStability_02,4,Li₂CO₃ has a higher hydration enthalpy.,False,"Incorrect. Hydration enthalpy affects solubility, not thermal decomposition of the solid.",z_11,conceptual_error,medium,0.0667,analysis,high,reviewed,"[0, 0, 0, 0, 0, 0, 0, 0, 0, 0, 0, 1, 0, 0, 0]"
NCERT_ThermalStability_03,1,BaCO₃ < SrCO₃ < CaCO₃ < MgCO₃,False,Incorrect. This is the reverse order.,z_03,conceptual_error,medium,0.0667,analysis,high,reviewed,"[0, 0, 0, 1, 0, 0, 0, 0, 0, 0, 0, 0, 0, 0, 0]"
NCERT_ThermalStability_03,2,MgCO₃ > CaCO₃ > SrCO₃ > BaCO₃,False,"Incorrect. MgCO₃ is the least stable, not the most.",z_06,conceptual_error,medium,0.0667,analysis,high,reviewed,"[0, 0, 0, 0, 0, 0, 1, 0, 0, 0, 0, 0, 0, 0, 0]"
NCERT_ThermalStability_03,3,MgCO₃ < CaCO₃ < SrCO₃ < BaCO₃,True,Correct. Thermal stability increases down Group 2 as cation size increases and polarizing power decreases.,none,correct,none,0.0,analysis,high,reviewed,"[0, 0, 0, 0, 0, 0, 0, 1, 0, 0, 0, 0, 0, 0, 0]"
NCERT_ThermalStability_03,4,CaCO₃ < MgCO₃ < SrCO₃ < BaCO₃,False,"Incorrect. MgCO₃ is the least stable, not CaCO₃.",z_11,conceptual_error,medium,0.0667,analysis,high,reviewed,"[0, 0, 0, 0, 0, 0, 0, 0, 0, 0, 0, 1, 0, 0, 0]"
NCERT_ThermalStability_04,1,Metal oxide and carbon monoxide,False,Incorrect. Carbon monoxide is not a typical product; it is CO₂.,z_03,conceptual_error,medium,0.0667,analysis,high,reviewed,"[0, 0, 0, 1, 0, 0, 0, 0, 0, 0, 0, 0, 0, 0, 0]"
NCERT_ThermalStability_04,2,Metal and carbon dioxide,False,Incorrect. Reduction to metal is not typical for carbonates; it requires stronger reducing conditions.,z_06,conceptual_error,medium,0.0667,analysis,high,reviewed,"[0, 0, 0, 0, 0, 0, 1, 0, 0, 0, 0, 0, 0, 0, 0]"
NCERT_ThermalStability_04,3,Metal hydroxide and carbon dioxide,False,Incorrect. Hydroxides are not formed; water is not involved in the decomposition.,z_07,conceptual_error,medium,0.0667,analysis,high,reviewed,"[0, 0, 0, 0, 0, 0, 0, 1, 0, 0, 0, 0, 0, 0, 0]"
NCERT_ThermalStability_04,4,Metal oxide and carbon dioxide,True,Correct. Most metal carbonates (except those of very active metals) decompose to the metal oxide and CO₂.,none,correct,none,0.0,analysis,high,reviewed,"[0, 0, 0, 0, 0, 0, 0, 0, 0, 0, 0, 1, 0, 0, 0]"
NCERT_ThermalStability_05,1,Nitrates of all alkali metals decompose to the metal oxide.,False,Incorrect. Only LiNO₃ decomposes to oxide; others give nitrite.,z_03,conceptual_error,medium,0.0667,analysis,high,reviewed,"[0, 0, 0, 1, 0, 0, 0, 0, 0, 0, 0, 0, 0, 0, 0]"
NCERT_ThermalStability_05,2,"LiNO₃ decomposes to lithium oxide, nitrogen dioxide, and oxygen, similar to Group 2 nitrates.",False,Incorrect. This is also true; LiNO₃ behaves like Mg(NO₃)₂.,z_06,conceptual_error,medium,0.0667,analysis,high,reviewed,"[0, 0, 0, 0, 0, 0, 1, 0, 0, 0, 0, 0, 0, 0, 0]"
NCERT_ThermalStability_05,3,Both A and B,True,Correct. Both statements A and B are correct. LiNO₃ behaves differently from other alkali metal nitrates due to the high polarizing power of Li⁺.,none,correct,none,0.0,analysis,high,reviewed,"[0, 0, 0, 0, 0, 0, 0, 1, 0, 0, 0, 0, 0, 0, 0]"
NCERT_ThermalStability_05,4,Group 1 nitrates (except LiNO₃) decompose to nitrites and oxygen.,False,"Incorrect. This is true for NaNO₃, KNO₃, etc.",z_11,conceptual_error,medium,0.0667,analysis,high,reviewed,"[0, 0, 0, 0, 0, 0, 0, 0, 0, 0, 0, 1, 0, 0, 0]"
NCERT_ThermalStability_06,1,Increasing hydration enthalpy,False,Incorrect. Hydration enthalpy is not directly related to thermal decomposition of the solid.,z_03,conceptual_error,medium,0.0667,analysis,high,reviewed,"[0, 0, 0, 1, 0, 0, 0, 0, 0, 0, 0, 0, 0, 0, 0]"
NCERT_ThermalStability_06,2,Increasing lattice energy,False,"Incorrect. Lattice energy decreases down the group, not increases.",z_06,conceptual_error,medium,0.0667,analysis,high,reviewed,"[0, 0, 0, 0, 0, 0, 1, 0, 0, 0, 0, 0, 0, 0, 0]"
NCERT_ThermalStability_06,3,Decreasing bond dissociation energy of C–O,False,Incorrect. The C–O bond strength is similar; distortion weakens the bond.,z_07,conceptual_error,medium,0.0667,analysis,high,reviewed,"[0, 0, 0, 0, 0, 0, 0, 1, 0, 0, 0, 0, 0, 0, 0]"
NCERT_ThermalStability_06,4,Decreasing polarizing power of the cation,True,"Correct. As cation size increases, polarizing power decreases, so the carbonate ion is less distorted and more stable to heat.",none,correct,none,0.0,analysis,high,reviewed,"[0, 0, 0, 0, 0, 0, 0, 0, 0, 0, 0, 1, 0, 0, 0]"
NCERT_ThermalStability_07,1,CaCO₃,False,Incorrect. CaCO₃ decomposes at a higher temperature than MgCO₃.,z_03,conceptual_error,medium,0.0667,analysis,high,reviewed,"[0, 0, 0, 1, 0, 0, 0, 0, 0, 0, 0, 0, 0, 0, 0]"
NCERT_ThermalStability_07,2,Na₂CO₃,False,Incorrect. Na₂CO₃ does not decompose on heating (except at very high temperatures).,z_06,conceptual_error,medium,0.0667,analysis,high,reviewed,"[0, 0, 0, 0, 0, 0, 1, 0, 0, 0, 0, 0, 0, 0, 0]"
NCERT_ThermalStability_07,3,BaCO₃,False,"Incorrect. BaCO₃ is the most stable, decomposing at the highest temperature.",z_07,conceptual_error,medium,0.0667,analysis,high,reviewed,"[0, 0, 0, 0, 0, 0, 0, 1, 0, 0, 0, 0, 0, 0, 0]"
NCERT_ThermalStability_07,4,MgCO₃,True,"Correct. MgCO₃ has the smallest cation with highest polarizing power, so it decomposes most easily at the lowest temperature.",none,correct,none,0.0,analysis,high,reviewed,"[0, 0, 0, 0, 0, 0, 0, 0, 0, 0, 0, 1, 0, 0, 0]"
NCERT_ThermalStability_08,1,Na⁺ has a smaller size and higher polarizing power.,False,Incorrect. Na⁺ is larger and has lower polarizing power.,z_03,conceptual_error,medium,0.0667,analysis,high,reviewed,"[0, 0, 0, 1, 0, 0, 0, 0, 0, 0, 0, 0, 0, 0, 0]"
NCERT_ThermalStability_08,2,Na₂CO₃ is more covalent.,False,"Incorrect. Li₂CO₃ is more covalent due to higher polarizing power, which makes it less stable.",z_06,conceptual_error,medium,0.0667,analysis,high,reviewed,"[0, 0, 0, 0, 0, 0, 1, 0, 0, 0, 0, 0, 0, 0, 0]"
NCERT_ThermalStability_08,3,Na₂CO₃ has a higher lattice energy.,False,"Incorrect. Lattice energy of Li₂CO₃ is higher than Na₂CO₃, but that alone doesn't explain the stability order. Polarization is the key.",z_07,conceptual_error,medium,0.0667,analysis,high,reviewed,"[0, 0, 0, 0, 0, 0, 0, 1, 0, 0, 0, 0, 0, 0, 0]"
NCERT_ThermalStability_08,4,"Na⁺ has a larger size and lower polarizing power, causing less distortion of the carbonate ion.",True,"Correct. Larger Na⁺ distorts the CO₃²⁻ ion less, making it more stable to heat.",none,correct,none,0.0,analysis,high,reviewed,"[0, 0, 0, 0, 0, 0, 0, 0, 0, 0, 0, 1, 0, 0, 0]"
NCERT_ThermalStability_09,1,Increasing bond dissociation energy of the H–X bond,False,"Incorrect. Bond dissociation energy decreases down the group, making decomposition easier.",z_03,conceptual_error,medium,0.0667,analysis,high,reviewed,"[0, 0, 0, 1, 0, 0, 0, 0, 0, 0, 0, 0, 0, 0, 0]"
NCERT_ThermalStability_09,2,Decreasing bond dissociation energy of the H–X bond,True,"Correct. As we move down, the H–X bond becomes weaker, so thermal stability decreases.",none,correct,none,0.0,analysis,high,reviewed,"[0, 0, 0, 0, 0, 0, 1, 0, 0, 0, 0, 0, 0, 0, 0]"
NCERT_ThermalStability_09,3,Increasing electronegativity of the central atom,False,Incorrect. Electronegativity decreases down the group.,z_07,conceptual_error,medium,0.0667,analysis,high,reviewed,"[0, 0, 0, 0, 0, 0, 0, 1, 0, 0, 0, 0, 0, 0, 0]"
NCERT_ThermalStability_09,4,Decreasing size of the central atom,False,"Incorrect. Size increases down the group, leading to weaker bonds.",z_11,conceptual_error,medium,0.0667,analysis,high,reviewed,"[0, 0, 0, 0, 0, 0, 0, 0, 0, 0, 0, 1, 0, 0, 0]"
NCERT_ThermalStability_10,1,CaCO₃ < BeCO₃ < MgCO₃ < BaCO₃,False,"Incorrect. BeCO₃ is the least stable, not in the middle.",z_03,conceptual_error,medium,0.0667,analysis,high,reviewed,"[0, 0, 0, 1, 0, 0, 0, 0, 0, 0, 0, 0, 0, 0, 0]"
NCERT_ThermalStability_10,2,BeCO₃ < MgCO₃ < CaCO₃ < SrCO₃ < BaCO₃,True,"Correct. BeCO₃ is the least stable (decomposes easily), and stability increases down the group due to decreasing polarizing power.",none,correct,none,0.0,analysis,high,reviewed,"[0, 0, 0, 0, 0, 0, 1, 0, 0, 0, 0, 0, 0, 0, 0]"
NCERT_ThermalStability_10,3,BeCO₃ > MgCO₃ > CaCO₃ > SrCO₃ > BaCO₃,False,Incorrect. This is the reverse order.,z_07,conceptual_error,medium,0.0667,analysis,high,reviewed,"[0, 0, 0, 0, 0, 0, 0, 1, 0, 0, 0, 0, 0, 0, 0]"
NCERT_ThermalStability_10,4,BeCO₃ > BaCO₃ > MgCO₃ > CaCO₃,False,"Incorrect. BeCO₃ is least stable, not most.",z_11,conceptual_error,medium,0.0667,analysis,high,reviewed,"[0, 0, 0, 0, 0, 0, 0, 0, 0, 0, 0, 1, 0, 0, 0]"
NCERT_OxoacidStrength_01,1,The number of oxygen atoms attached to X.,False,"Incorrect. Number of oxygens is a key factor, but not the only one.",z_04,conceptual_error,medium,0.0667,application,high,reviewed,"[0, 0, 0, 0, 1, 0, 0, 0, 0, 0, 0, 0, 0, 0, 0]"
NCERT_OxoacidStrength_01,2,"All of the above, but the key factor is the ability of the oxoacid to stabilize the conjugate base through electron withdrawal by oxygen atoms.",True,"Correct. The strength of an oxoacid is determined by how well the conjugate base is stabilized; this depends on the electronegativity and oxidation state of X, and the number of oxygen atoms that can delocalize the negative charge.",none,correct,none,0.0,application,high,reviewed,"[1, 0, 0, 0, 0, 0, 0, 0, 0, 0, 0, 0, 0, 0, 0]"
NCERT_OxoacidStrength_01,3,The oxidation state of X.,False,"Incorrect. Oxidation state is related to the number of oxygens, but the explanation is more nuanced.",z_09,conceptual_error,medium,0.0667,application,high,reviewed,"[0, 0, 0, 0, 0, 0, 0, 0, 0, 1, 0, 0, 0, 0, 0]"
NCERT_OxoacidStrength_01,4,The electronegativity of the central atom X.,False,"Incorrect. Electronegativity is important, but it is not the only factor.",z_13,conceptual_error,medium,0.0667,application,high,reviewed,"[0, 0, 0, 0, 0, 0, 0, 0, 0, 0, 0, 0, 0, 1, 0]"
NCERT_OxoacidStrength_02,1,HClO₄ < HClO₃ < HClO₂ < HClO,False,Incorrect. This is the reverse order.,z_04,conceptual_error,medium,0.0667,application,high,reviewed,"[0, 0, 0, 0, 1, 0, 0, 0, 0, 0, 0, 0, 0, 0, 0]"
NCERT_OxoacidStrength_02,2,HClO < HClO₄ < HClO₂ < HClO₃,False,"Incorrect. HClO is weakest, HClO₄ is strongest.",z_00,conceptual_error,medium,0.0667,application,high,reviewed,"[1, 0, 0, 0, 0, 0, 0, 0, 0, 0, 0, 0, 0, 0, 0]"
NCERT_OxoacidStrength_02,3,HClO₂ < HClO < HClO₃ < HClO₄,False,"Incorrect. HClO is the weakest, not in the middle.",z_09,conceptual_error,medium,0.0667,application,high,reviewed,"[0, 0, 0, 0, 0, 0, 0, 0, 0, 1, 0, 0, 0, 0, 0]"
NCERT_OxoacidStrength_02,4,HClO < HClO₂ < HClO₃ < HClO₄,True,"Correct. As the number of oxygen atoms increases, the oxidation state of Cl increases, and the conjugate base is stabilized by resonance, increasing acid strength.",none,correct,none,0.0,application,high,reviewed,"[0, 0, 0, 0, 0, 0, 0, 0, 0, 0, 0, 0, 0, 1, 0]"
NCERT_OxoacidStrength_03,1,H₂SO₄ has a lower molecular weight.,False,Incorrect. Molecular weight does not determine acid strength.,z_04,conceptual_error,medium,0.0667,application,high,reviewed,"[0, 0, 0, 0, 1, 0, 0, 0, 0, 0, 0, 0, 0, 0, 0]"
NCERT_OxoacidStrength_03,2,H₂SO₄ is more volatile.,False,Incorrect. Volatility is not directly related to acid strength in water.,z_00,conceptual_error,medium,0.0667,application,high,reviewed,"[1, 0, 0, 0, 0, 0, 0, 0, 0, 0, 0, 0, 0, 0, 0]"
NCERT_OxoacidStrength_03,3,"Sulfur in H₂SO₄ has a higher oxidation state (+6) compared to H₂SO₃ (+4), leading to greater electron withdrawal and stronger stabilization of the conjugate base.",True,"Correct. Higher oxidation state of S in H₂SO₄ means more oxygen atoms, which withdraw electron density and stabilize the anion after deprotonation, making it a stronger acid.",none,correct,none,0.0,application,high,reviewed,"[0, 0, 0, 0, 0, 0, 0, 0, 0, 1, 0, 0, 0, 0, 0]"
NCERT_OxoacidStrength_03,4,H₂SO₄ has more hydrogen atoms.,False,Incorrect. Number of hydrogen atoms is not the key factor.,z_13,conceptual_error,medium,0.0667,application,high,reviewed,"[0, 0, 0, 0, 0, 0, 0, 0, 0, 0, 0, 0, 0, 1, 0]"
NCERT_OxoacidStrength_04,1,"H₃PO₂ has fewer P–OH bonds and more P–H bonds, and the P–H bond does not contribute to acidity, so the first dissociation is easier.",True,"Correct. H3PO2 has one P-OH bond and two non-ionizable P-H bonds, while H3PO3 has two P-OH bonds. Since only P-OH hydrogens ionize, and H3PO2's single, more polarized P-OH bond releases its proton more readily, H3PO2 is the stronger acid of the two.",none,correct,none,0.0,application,high,reviewed,"[0, 0, 0, 0, 1, 0, 0, 0, 0, 0, 0, 0, 0, 0, 0]"
NCERT_OxoacidStrength_04,2,H₃PO₂ has a higher oxidation state of P.,False,Incorrect. Oxidation state is lower in H₃PO₂.,z_00,conceptual_error,medium,0.0667,application,high,reviewed,"[1, 0, 0, 0, 0, 0, 0, 0, 0, 0, 0, 0, 0, 0, 0]"
NCERT_OxoacidStrength_04,3,H₃PO₂ has more oxygen atoms.,False,Incorrect. It has fewer oxygens.,z_09,conceptual_error,medium,0.0667,application,high,reviewed,"[0, 0, 0, 0, 0, 0, 0, 0, 0, 1, 0, 0, 0, 0, 0]"
NCERT_OxoacidStrength_04,4,H₃PO₂ is a tribasic acid.,False,"Incorrect. H₃PO₂ is monobasic, not tribasic.",z_13,conceptual_error,medium,0.0667,application,high,reviewed,"[0, 0, 0, 0, 0, 0, 0, 0, 0, 0, 0, 0, 0, 1, 0]"
NCERT_OxoacidStrength_05,1,HNO₂,False,Incorrect. HNO₂ is a weak acid.,z_04,conceptual_error,medium,0.0667,application,high,reviewed,"[0, 0, 0, 0, 1, 0, 0, 0, 0, 0, 0, 0, 0, 0, 0]"
NCERT_OxoacidStrength_05,2,H₃PO₄,False,Incorrect. H₃PO₄ is a moderately weak acid.,z_00,conceptual_error,medium,0.0667,application,high,reviewed,"[1, 0, 0, 0, 0, 0, 0, 0, 0, 0, 0, 0, 0, 0, 0]"
NCERT_OxoacidStrength_05,3,HNO₃,True,Correct. HNO₃ is a strong acid due to high oxidation state of N (+5) and resonance stabilization of the nitrate ion.,none,correct,none,0.0,application,high,reviewed,"[0, 0, 0, 0, 0, 0, 0, 0, 0, 1, 0, 0, 0, 0, 0]"
NCERT_OxoacidStrength_05,4,H₂SO₃,False,Incorrect. H₂SO₃ is a weak acid.,z_13,conceptual_error,medium,0.0667,application,high,reviewed,"[0, 0, 0, 0, 0, 0, 0, 0, 0, 0, 0, 0, 0, 1, 0]"
NCERT_OxoacidStrength_06,1,The number of O–H bonds directly attached to the central atom.,True,"Correct. Only hydrogens bonded to oxygen (O–H) are ionizable; those directly bonded to the central atom (e.g., P–H) are not.",none,correct,none,0.0,application,high,reviewed,"[0, 0, 0, 0, 1, 0, 0, 0, 0, 0, 0, 0, 0, 0, 0]"
NCERT_OxoacidStrength_06,2,The oxidation state of the central atom.,False,"Incorrect. Oxidation state affects strength, not basicity (number of ionizable H).",z_00,conceptual_error,medium,0.0667,application,high,reviewed,"[1, 0, 0, 0, 0, 0, 0, 0, 0, 0, 0, 0, 0, 0, 0]"
NCERT_OxoacidStrength_06,3,The number of oxygen atoms.,False,Incorrect. Number of oxygens does not directly give the number of ionizable hydrogens.,z_09,conceptual_error,medium,0.0667,application,high,reviewed,"[0, 0, 0, 0, 0, 0, 0, 0, 0, 1, 0, 0, 0, 0, 0]"
NCERT_OxoacidStrength_06,4,The total number of hydrogen atoms in the formula.,False,"Incorrect. Not all hydrogens in an oxoacid are ionizable (e.g., H₃PO₂ has only one ionizable H).",z_13,conceptual_error,medium,0.0667,application,high,reviewed,"[0, 0, 0, 0, 0, 0, 0, 0, 0, 0, 0, 0, 0, 1, 0]"
NCERT_OxoacidStrength_07,1,H4P2O7,False,Incorrect. H4P2O7 is tetrabasic.,z_00,conceptual_error,medium,0.0667,application,high,reviewed,"[1, 0, 0, 0, 0, 0, 0, 0, 0, 0, 0, 0, 0, 0, 0]"
NCERT_OxoacidStrength_07,2,H3PO3,True,"Correct. H3PO3 has two P-OH bonds and one P-H bond, making it dibasic.",none,correct,none,0.0,application,high,reviewed,"[1, 0, 0, 0, 0, 0, 0, 0, 0, 0, 0, 0, 0, 0, 0]"
NCERT_OxoacidStrength_07,3,H3PO2,False,Incorrect. H3PO2 is monobasic (only one P-OH bond).,z_00,conceptual_error,medium,0.0667,application,high,reviewed,"[1, 0, 0, 0, 0, 0, 0, 0, 0, 0, 0, 0, 0, 0, 0]"
NCERT_OxoacidStrength_07,4,H3PO4,False,Incorrect. H3PO4 is tribasic (three P-OH bonds).,z_11,conceptual_error,medium,0.0667,application,high,reviewed,"[0, 0, 0, 0, 0, 0, 0, 0, 0, 0, 0, 1, 0, 0, 0]"
NCERT_OxoacidStrength_08,1,"H₃PO₃ has one P–H bond, so only two O–H groups are present.",True,"Correct. In H₃PO₃, one H is directly bonded to P (P–H) and is not ionizable; the other two are O–H. In H₃PO₄, all three H are in O–H groups.",none,correct,none,0.0,application,high,reviewed,"[0, 0, 0, 0, 1, 0, 0, 0, 0, 0, 0, 0, 0, 0, 0]"
NCERT_OxoacidStrength_08,2,H₃PO₃ has a lower oxidation state of P.,False,"Incorrect. Oxidation state affects acid strength, not basicity.",z_00,conceptual_error,medium,0.0667,application,high,reviewed,"[1, 0, 0, 0, 0, 0, 0, 0, 0, 0, 0, 0, 0, 0, 0]"
NCERT_OxoacidStrength_08,3,H₃PO₃ is a reducing agent.,False,Incorrect. Reducing ability is not the reason for basicity.,z_09,conceptual_error,medium,0.0667,application,high,reviewed,"[0, 0, 0, 0, 0, 0, 0, 0, 0, 1, 0, 0, 0, 0, 0]"
NCERT_OxoacidStrength_08,4,H₃PO₃ has fewer oxygen atoms.,False,"Incorrect. Fewer oxygens is true, but the direct reason is the presence of P–H.",z_13,conceptual_error,medium,0.0667,application,high,reviewed,"[0, 0, 0, 0, 0, 0, 0, 0, 0, 0, 0, 0, 0, 1, 0]"
NCERT_OxoacidStrength_09,1,Cl has a higher electronegativity than S.,False,"Incorrect as a standalone answer. It is true that Cl has higher electronegativity than S, but this is only one of two contributing factors - see option 3.",z_04,conceptual_error,medium,0.0667,application,high,reviewed,"[0, 0, 0, 0, 1, 0, 0, 0, 0, 0, 0, 0, 0, 0, 0]"
NCERT_OxoacidStrength_09,2,Both A and B,True,"Correct. Both the higher electronegativity of Cl and the higher oxidation state of Cl in HClO4 (+7) compared to S in H2SO4 (+6) work together to stabilize the conjugate base ClO4-, making HClO4 the stronger acid.",none,correct,none,0.0,application,high,reviewed,"[1, 0, 0, 0, 0, 0, 0, 0, 0, 0, 0, 0, 0, 0, 0]"
NCERT_OxoacidStrength_09,3,Cl has a higher oxidation state in HClO₄ than S in H₂SO₄.,False,"Incorrect as a standalone answer. The higher oxidation state of Cl (+7) versus S (+6) does help stabilize ClO4-, but electronegativity also contributes - both factors together give option 3.",z_09,conceptual_error,medium,0.0667,application,high,reviewed,"[0, 0, 0, 0, 0, 0, 0, 0, 0, 1, 0, 0, 0, 0, 0]"
NCERT_OxoacidStrength_09,4,The perchlorate ion is larger than the sulfate ion.,False,Incorrect. Size is not the primary reason; the conjugate base stability is key.,z_13,conceptual_error,medium,0.0667,application,high,reviewed,"[0, 0, 0, 0, 0, 0, 0, 0, 0, 0, 0, 0, 0, 1, 0]"
NCERT_OxoacidStrength_10,1,H₂S₂O₃ > H₂SO₄ > H₂SO₃,False,"Incorrect. This order wrongly places the weaker H2S2O3 ahead of H2SO4; the correct order is H2SO4 > H2SO3 > H2S2O3, as in option 1.",z_04,conceptual_error,medium,0.0667,application,high,reviewed,"[0, 0, 0, 0, 1, 0, 0, 0, 0, 0, 0, 0, 0, 0, 0]"
NCERT_OxoacidStrength_10,2,H₂SO₃ > H₂SO₄ > H₂S₂O₃,False,Incorrect.,z_00,conceptual_error,medium,0.0667,application,high,reviewed,"[1, 0, 0, 0, 0, 0, 0, 0, 0, 0, 0, 0, 0, 0, 0]"
NCERT_OxoacidStrength_10,3,H₂SO₄ > H₂SO₃ > H₂S₂O₃,True,"Correct. Sulfur is in its highest oxidation state (+6) in H2SO4, making it the strongest acid; it is +4 in H2SO3 (weaker); and thiosulfuric acid H2S2O3 is weaker still, giving the order H2SO4 > H2SO3 > H2S2O3.",none,correct,none,0.0,application,high,reviewed,"[0, 0, 0, 0, 0, 0, 0, 0, 0, 1, 0, 0, 0, 0, 0]"
NCERT_OxoacidStrength_10,4,H₂SO₄ > H₂S₂O₃ > H₂SO₃,False,Incorrect.,z_13,conceptual_error,medium,0.0667,application,high,reviewed,"[0, 0, 0, 0, 0, 0, 0, 0, 0, 0, 0, 0, 0, 1, 0]"
NCERT_LanthanoidContraction_01,1,The increase in atomic radius across the lanthanoid series.,False,"Incorrect. The radius decreases, not increases.",z_10,conceptual_error,medium,0.0667,application,high,reviewed,"[0, 0, 0, 0, 0, 0, 0, 0, 0, 0, 1, 0, 0, 0, 0]"
NCERT_LanthanoidContraction_01,2,The decrease in density across the lanthanoid series.,False,"Incorrect. Density actually increases, but the contraction refers to radius.",z_09,conceptual_error,medium,0.0667,application,high,reviewed,"[0, 0, 0, 0, 0, 0, 0, 0, 0, 1, 0, 0, 0, 0, 0]"
NCERT_LanthanoidContraction_01,3,The contraction of the lanthanoid elements at high pressure.,False,Incorrect. This is not the definition.,z_00,conceptual_error,medium,0.0667,application,high,reviewed,"[1, 0, 0, 0, 0, 0, 0, 0, 0, 0, 0, 0, 0, 0, 0]"
NCERT_LanthanoidContraction_01,4,The decrease in atomic and ionic radii across the lanthanoid series (from La to Lu) due to poor shielding of 4f electrons.,True,"Correct. As we move from Ce to Lu, the nuclear charge increases, but the added electrons enter the 4f orbital, which shields poorly, causing a gradual decrease in radius.",none,correct,none,0.0,application,high,reviewed,"[0, 0, 0, 0, 0, 0, 0, 0, 0, 0, 0, 0, 0, 1, 0]"
NCERT_LanthanoidContraction_02,1,Increase in the number of electron shells.,False,Incorrect. No new shells are added within the series.,z_10,arithmetic_error,medium,0.0667,application,high,reviewed,"[0, 0, 0, 0, 0, 0, 0, 0, 0, 0, 1, 0, 0, 0, 0]"
NCERT_LanthanoidContraction_02,2,"Poor shielding effect of 4f electrons, leading to a gradual increase in effective nuclear charge across the series.",True,"Correct. The 4f electrons are not effective at shielding the outer electrons from the increasing nuclear charge, so Z_eff increases gradually, pulling the electron cloud inward.",none,correct,none,0.0,application,high,reviewed,"[0, 0, 0, 0, 0, 0, 0, 0, 0, 1, 0, 0, 0, 0, 0]"
NCERT_LanthanoidContraction_02,3,Decrease in nuclear charge across the series.,False,Incorrect. Nuclear charge increases.,z_00,conceptual_error,medium,0.0667,application,high,reviewed,"[1, 0, 0, 0, 0, 0, 0, 0, 0, 0, 0, 0, 0, 0, 0]"
NCERT_LanthanoidContraction_02,4,"Excellent shielding by 4f electrons, which keeps the radius constant.",False,"Incorrect. 4f electrons provide poor shielding, not excellent.",z_13,conceptual_error,medium,0.0667,application,high,reviewed,"[0, 0, 0, 0, 0, 0, 0, 0, 0, 0, 0, 0, 0, 1, 0]"
NCERT_LanthanoidContraction_03,1,The lanthanoids have variable oxidation states.,False,"Incorrect. Variable oxidation states are due to the closeness of 4f and 5d/6s energy levels, not directly the contraction.",z_10,conceptual_error,medium,0.0667,application,high,reviewed,"[0, 0, 0, 0, 0, 0, 0, 0, 0, 0, 1, 0, 0, 0, 0]"
NCERT_LanthanoidContraction_03,2,The lanthanoids are paramagnetic.,False,Incorrect. Paramagnetism is due to unpaired 4f electrons.,z_09,conceptual_error,medium,0.0667,application,high,reviewed,"[0, 0, 0, 0, 0, 0, 0, 0, 0, 1, 0, 0, 0, 0, 0]"
NCERT_LanthanoidContraction_03,3,The lanthanoids are highly electropositive.,False,Incorrect. Electropositivity is a general property of metals.,z_00,conceptual_error,medium,0.0667,application,high,reviewed,"[1, 0, 0, 0, 0, 0, 0, 0, 0, 0, 0, 0, 0, 0, 0]"
NCERT_LanthanoidContraction_03,4,The atomic radii of the 4d and 5d transition series elements in the same group become nearly identical.,True,"Correct. Due to lanthanoid contraction, the radii of Zr and Hf, Nb and Ta, Mo and W, etc., are very similar, leading to chemical similarities.",none,correct,none,0.0,application,high,reviewed,"[0, 0, 0, 0, 0, 0, 0, 0, 0, 0, 0, 0, 0, 1, 0]"
NCERT_LanthanoidContraction_04,1,Zr and Hf,True,Correct. Zr (period 5) and Hf (period 6) have very similar atomic radii because the expected increase in radius from period 5 to 6 is counteracted by lanthanoid contraction.,none,correct,none,0.0,application,high,reviewed,"[0, 0, 0, 0, 0, 0, 0, 0, 0, 0, 1, 0, 0, 0, 0]"
NCERT_LanthanoidContraction_04,2,Cr and Mo,False,"Incorrect. Cr and Mo are also in the same group; there is some effect, but the most striking similarity is between 4d and 5d elements after the lanthanoids.",z_09,conceptual_error,medium,0.0667,application,high,reviewed,"[0, 0, 0, 0, 0, 0, 0, 0, 0, 1, 0, 0, 0, 0, 0]"
NCERT_LanthanoidContraction_04,3,Ti and Zr,False,Incorrect. Ti and Zr are in different groups and not affected similarly.,z_00,conceptual_error,medium,0.0667,application,high,reviewed,"[1, 0, 0, 0, 0, 0, 0, 0, 0, 0, 0, 0, 0, 0, 0]"
NCERT_LanthanoidContraction_04,4,Fe and Ru,False,Incorrect. Fe and Ru are not as close.,z_13,conceptual_error,medium,0.0667,application,high,reviewed,"[0, 0, 0, 0, 0, 0, 0, 0, 0, 0, 0, 0, 0, 1, 0]"
NCERT_LanthanoidContraction_05,1,Lu has a different electronic configuration.,False,"Incorrect. The 4f electron count does differ, but the deciding factor is poor shielding by those 4f electrons raising Z_eff, not simply 'a different configuration.'",z_10,conceptual_error,medium,0.0667,application,high,reviewed,"[0, 0, 0, 0, 0, 0, 0, 0, 0, 0, 1, 0, 0, 0, 0]"
NCERT_LanthanoidContraction_05,2,"Lu has a higher atomic number and the added electrons enter the 4f orbital, which does not shield effectively, increasing Z_eff.",True,"Correct. Across the lanthanide series electrons are added to the inner 4f orbitals, which shield the outer shell poorly. This raises the effective nuclear charge felt by the outer electrons, so Lu3+ (more 4f electrons) is smaller than La3+.",none,correct,none,0.0,application,high,reviewed,"[0, 0, 0, 0, 0, 0, 0, 0, 0, 1, 0, 0, 0, 0, 0]"
NCERT_LanthanoidContraction_05,3,"Lu is at the end of the series and has more electrons, causing greater repulsion.",False,"Incorrect. More electrons would tend to increase repulsion and radius, but this is outweighed by the poor shielding of 4f electrons, which causes net contraction.",z_00,conceptual_error,medium,0.0667,application,high,reviewed,"[1, 0, 0, 0, 0, 0, 0, 0, 0, 0, 0, 0, 0, 0, 0]"
NCERT_LanthanoidContraction_05,4,Lu has a higher principal quantum number.,False,"Incorrect. La3+ and Lu3+ have the same outer-shell principal quantum number; the radius difference comes from differing 4f electron counts, not from n.",z_13,conceptual_error,medium,0.0667,application,high,reviewed,"[0, 0, 0, 0, 0, 0, 0, 0, 0, 0, 0, 0, 0, 1, 0]"
NCERT_LanthanoidContraction_06,1,All of these,False,Incorrect. Only A is a direct consequence.,z_10,conceptual_error,medium,0.0667,application,high,reviewed,"[0, 0, 0, 0, 0, 0, 0, 0, 0, 0, 1, 0, 0, 0, 0]"
NCERT_LanthanoidContraction_06,2,High melting points of lanthanoids.,False,"Incorrect. Melting points are influenced by metallic bonding, not directly the contraction.",z_09,conceptual_error,medium,0.0667,application,high,reviewed,"[0, 0, 0, 0, 0, 0, 0, 0, 0, 1, 0, 0, 0, 0, 0]"
NCERT_LanthanoidContraction_06,3,Difficulty in separating lanthanoids due to similar ionic radii.,True,"Correct. The gradual decrease in radius across the series makes the ionic radii of adjacent lanthanoids very similar, leading to similar chemical properties and difficulty in separation.",none,correct,none,0.0,application,high,reviewed,"[1, 0, 0, 0, 0, 0, 0, 0, 0, 0, 0, 0, 0, 0, 0]"
NCERT_LanthanoidContraction_06,4,Ability of lanthanoids to form colored ions.,False,"Incorrect. Color arises from f–f transitions, not directly from the contraction.",z_13,conceptual_error,medium,0.0667,application,high,reviewed,"[0, 0, 0, 0, 0, 0, 0, 0, 0, 0, 0, 0, 0, 1, 0]"
NCERT_LanthanoidContraction_07,1,Lu³⁺,False,Incorrect. Lu³⁺ is smaller.,z_10,conceptual_error,medium,0.0667,application,high,reviewed,"[0, 0, 0, 0, 0, 0, 0, 0, 0, 0, 1, 0, 0, 0, 0]"
NCERT_LanthanoidContraction_07,2,Ce³⁺,False,Incorrect. Ce³⁺ is also larger.,z_09,conceptual_error,medium,0.0667,application,high,reviewed,"[0, 0, 0, 0, 0, 0, 0, 0, 0, 1, 0, 0, 0, 0, 0]"
NCERT_LanthanoidContraction_07,3,La³⁺,False,Incorrect. La³⁺ is larger.,z_00,conceptual_error,medium,0.0667,application,high,reviewed,"[1, 0, 0, 0, 0, 0, 0, 0, 0, 0, 0, 0, 0, 0, 0]"
NCERT_LanthanoidContraction_07,4,Ho³⁺,True,Correct. Y³⁺ has an ionic radius similar to Ho³⁺ or Er³⁺ due to lanthanoid contraction. Yttrium often occurs with heavy lanthanoids.,none,correct,none,0.0,application,high,reviewed,"[0, 0, 0, 0, 0, 0, 0, 0, 0, 0, 0, 0, 0, 1, 0]"
NCERT_LanthanoidContraction_08,1,It is caused by the poor shielding effect of 4f electrons.,True,"Correct. The 4f electrons do not shield the outer electrons effectively, causing the contraction.",none,correct,none,0.0,application,high,reviewed,"[0, 0, 0, 0, 0, 0, 0, 0, 0, 0, 1, 0, 0, 0, 0]"
NCERT_LanthanoidContraction_08,2,It results in the radii of 5d series elements being larger than their 4d counterparts.,False,"Incorrect. It makes the radii of 5d elements nearly equal to 4d, not larger.",z_09,conceptual_error,medium,0.0667,application,high,reviewed,"[0, 0, 0, 0, 0, 0, 0, 0, 0, 1, 0, 0, 0, 0, 0]"
NCERT_LanthanoidContraction_08,3,It only affects the lanthanoids themselves.,False,Incorrect. It affects post-lanthanoid elements (4d and 5d series) as well.,z_00,conceptual_error,medium,0.0667,application,high,reviewed,"[1, 0, 0, 0, 0, 0, 0, 0, 0, 0, 0, 0, 0, 0, 0]"
NCERT_LanthanoidContraction_08,4,It is a decrease in radius observed only in the +3 oxidation state.,False,"Incorrect. It is also observed in atomic radii and in other oxidation states, though most pronounced for +3.",z_13,conceptual_error,medium,0.0667,application,high,reviewed,"[0, 0, 0, 0, 0, 0, 0, 0, 0, 0, 0, 0, 0, 1, 0]"
NCERT_LanthanoidContraction_09,1,Inert pair effect,False,Incorrect. Inert pair effect is about stability of lower oxidation states.,z_10,conceptual_error,medium,0.0667,application,high,reviewed,"[0, 0, 0, 0, 0, 0, 0, 0, 0, 0, 1, 0, 0, 0, 0]"
NCERT_LanthanoidContraction_09,2,Diagonal relationship,False,Incorrect. Diagonal relationship is a similarity between period 2 and 3 elements.,z_09,conceptual_error,medium,0.0667,application,high,reviewed,"[0, 0, 0, 0, 0, 0, 0, 0, 0, 1, 0, 0, 0, 0, 0]"
NCERT_LanthanoidContraction_09,3,Actinoid contraction,True,Correct. Actinoid contraction is the similar decrease in radii across the actinoid series due to poor shielding of 5f electrons.,none,correct,none,0.0,application,high,reviewed,"[1, 0, 0, 0, 0, 0, 0, 0, 0, 0, 0, 0, 0, 0, 0]"
NCERT_LanthanoidContraction_09,4,D-block contraction,False,Incorrect. d-block elements do not show such a pronounced contraction within a series.,z_13,conceptual_error,medium,0.0667,application,high,reviewed,"[0, 0, 0, 0, 0, 0, 0, 0, 0, 0, 0, 0, 0, 1, 0]"
NCERT_LanthanoidContraction_10,1,"The ionic radius increases, decreasing the polarizing power.",False,"Incorrect. The radius decreases, not increases.",z_10,conceptual_error,medium,0.0667,application,high,reviewed,"[0, 0, 0, 0, 0, 0, 0, 0, 0, 0, 1, 0, 0, 0, 0]"
NCERT_LanthanoidContraction_10,2,The lattice energy increases.,False,"Incorrect. Lattice energy affects solubility, not basicity directly.",z_09,conceptual_error,medium,0.0667,application,high,reviewed,"[0, 0, 0, 0, 0, 0, 0, 0, 0, 1, 0, 0, 0, 0, 0]"
NCERT_LanthanoidContraction_10,3,"The ionic radius decreases, increasing the polarizing power of the Ln³⁺ ion, which weakens the O–H bond in the hydroxide.",True,"Correct. As the ionic radius decreases across the series, the charge density increases, making the Ln³⁺ more polarizing. This polarizes the O–H bond in the hydroxide, making it more acidic (less basic).",none,correct,none,0.0,application,high,reviewed,"[1, 0, 0, 0, 0, 0, 0, 0, 0, 0, 0, 0, 0, 0, 0]"
NCERT_LanthanoidContraction_10,4,The hydration enthalpy decreases.,False,"Incorrect. Hydration enthalpy increases, but the trend in basicity is due to polarizing power.",z_13,conceptual_error,medium,0.0667,application,high,reviewed,"[0, 0, 0, 0, 0, 0, 0, 0, 0, 0, 0, 0, 0, 1, 0]"
NCERT_ActinoidCont_01,1,The decrease in atomic and ionic radii across the actinoid series due to poor shielding of 5f electrons.,True,"Correct. Similar to lanthanoid contraction, the 5f electrons shield poorly, causing a gradual decrease in radius as nuclear charge increases.",none,correct,none,0.0,application,high,reviewed,"[0, 0, 0, 0, 0, 0, 0, 0, 0, 0, 0, 1, 0, 0, 0]"
NCERT_ActinoidCont_01,2,The increase in atomic and ionic radii across the actinoid series.,False,"Incorrect. Radii decrease, not increase.",z_08,conceptual_error,medium,0.0667,application,high,reviewed,"[0, 0, 0, 0, 0, 0, 0, 0, 1, 0, 0, 0, 0, 0, 0]"
NCERT_ActinoidCont_01,3,The decrease in radioactivity across the series.,False,Incorrect. Radioactivity is not directly related to the contraction.,z_14,conceptual_error,medium,0.0667,application,high,reviewed,"[0, 0, 0, 0, 0, 0, 0, 0, 0, 0, 0, 0, 0, 0, 1]"
NCERT_ActinoidCont_01,4,The contraction of actinoid elements at high pressure.,False,Incorrect. This is not the definition.,z_06,conceptual_error,medium,0.0667,application,high,reviewed,"[0, 0, 0, 0, 0, 0, 1, 0, 0, 0, 0, 0, 0, 0, 0]"
NCERT_ActinoidCont_02,1,The addition of electrons to the 6d orbital.,False,"Incorrect. Electrons are added to the 5f orbital, not 6d, across the actinoid series.",z_11,arithmetic_error,medium,0.0667,application,high,reviewed,"[0, 0, 0, 0, 0, 0, 0, 0, 0, 0, 0, 1, 0, 0, 0]"
NCERT_ActinoidCont_02,2,"Poor shielding effect of 5f electrons, leading to an increase in effective nuclear charge across the series.",True,"Correct. The 5f electrons do not shield the outer electrons effectively, so Z_eff increases, pulling the electron cloud inward.",none,correct,none,0.0,application,high,reviewed,"[0, 0, 0, 0, 0, 0, 0, 0, 1, 0, 0, 0, 0, 0, 0]"
NCERT_ActinoidCont_02,3,"Excellent shielding by 5f electrons, keeping the radius constant.",False,Incorrect. 5f electrons provide poor shielding.,z_14,conceptual_error,medium,0.0667,application,high,reviewed,"[0, 0, 0, 0, 0, 0, 0, 0, 0, 0, 0, 0, 0, 0, 1]"
NCERT_ActinoidCont_02,4,The presence of radioactive decay.,False,Incorrect. Radioactivity is not the cause of the contraction.,z_06,conceptual_error,medium,0.0667,application,high,reviewed,"[0, 0, 0, 0, 0, 0, 1, 0, 0, 0, 0, 0, 0, 0, 0]"
NCERT_ActinoidCont_03,1,Actinoids are all radioactive.,False,Incorrect. Radioactivity is not the reason for the contraction.,z_11,conceptual_error,medium,0.0667,application,high,reviewed,"[0, 0, 0, 0, 0, 0, 0, 0, 0, 0, 0, 1, 0, 0, 0]"
NCERT_ActinoidCont_03,2,The nuclear charge increases more slowly in actinoids.,False,"Incorrect. Nuclear charge increases by one per element, similar to lanthanoids.",z_08,conceptual_error,medium,0.0667,application,high,reviewed,"[0, 0, 0, 0, 0, 0, 0, 0, 1, 0, 0, 0, 0, 0, 0]"
NCERT_ActinoidCont_03,3,"5f orbitals penetrate better than 4f orbitals, increasing shielding.",False,"Incorrect. Poorer penetration means poorer shielding, not better.",z_14,conceptual_error,medium,0.0667,application,high,reviewed,"[0, 0, 0, 0, 0, 0, 0, 0, 0, 0, 0, 0, 0, 0, 1]"
NCERT_ActinoidCont_03,4,5f orbitals are more diffuse and shield even more poorly than 4f orbitals.,True,"Correct. The 5f orbitals are more extended and less penetrating than 4f orbitals, leading to even poorer shielding and a greater contraction effect.",none,correct,none,0.0,application,high,reviewed,"[0, 0, 0, 0, 0, 0, 1, 0, 0, 0, 0, 0, 0, 0, 0]"
NCERT_ActinoidCont_04,1,The similarity in radii of 5d and 6d transition series elements.,False,Incorrect. This is also true.,z_11,conceptual_error,medium,0.0667,application,high,reviewed,"[0, 0, 0, 0, 0, 0, 0, 0, 0, 0, 0, 1, 0, 0, 0]"
NCERT_ActinoidCont_04,2,The actinoids have variable oxidation states.,False,"Incorrect. Variable oxidation states arise from the closeness of 5f, 6d, and 7s energy levels, not directly from the contraction.",z_08,conceptual_error,medium,0.0667,application,high,reviewed,"[0, 0, 0, 0, 0, 0, 0, 0, 1, 0, 0, 0, 0, 0, 0]"
NCERT_ActinoidCont_04,3,"The radii of post-actinoid elements (e.g., lawrencium) are smaller than expected.",False,"Incorrect. Actinoid contraction causes the radii of 6d elements (like rutherfordium) to be similar to their 5d counterparts, and also affects the properties of post-actinoid elements.",z_14,conceptual_error,medium,0.0667,application,high,reviewed,"[0, 0, 0, 0, 0, 0, 0, 0, 0, 0, 0, 0, 0, 0, 1]"
NCERT_ActinoidCont_04,4,Both A and B,True,Correct. Both statements are consequences of actinoid contraction.,none,correct,none,0.0,application,high,reviewed,"[0, 0, 0, 0, 0, 0, 1, 0, 0, 0, 0, 0, 0, 0, 0]"
NCERT_ActinoidCont_05,1,"Am has a larger number of electrons, causing greater repulsion.",False,"Incorrect. More electrons would increase repulsion, but the contraction dominates.",z_11,conceptual_error,medium,0.0667,application,high,reviewed,"[0, 0, 0, 0, 0, 0, 0, 0, 0, 0, 0, 1, 0, 0, 0]"
NCERT_ActinoidCont_05,2,Pu has a more stable configuration.,False,"Incorrect. Pu has a half-filled 5f⁷ configuration, but that does not make it larger; radius still decreases.",z_08,conceptual_error,medium,0.0667,application,high,reviewed,"[0, 0, 0, 0, 0, 0, 0, 0, 1, 0, 0, 0, 0, 0, 0]"
NCERT_ActinoidCont_05,3,Am has a different oxidation state.,False,Incorrect. Both are in +3 state.,z_14,conceptual_error,medium,0.0667,application,high,reviewed,"[0, 0, 0, 0, 0, 0, 0, 0, 0, 0, 0, 0, 0, 0, 1]"
NCERT_ActinoidCont_05,4,"Am has a higher atomic number and the added electron enters the 5f orbital, which does not shield effectively, increasing Z_eff.",True,"Correct. Across the actinoid series, the increase in nuclear charge coupled with poor shielding of 5f electrons leads to a decrease in ionic radius.",none,correct,none,0.0,application,high,reviewed,"[0, 0, 0, 0, 0, 0, 1, 0, 0, 0, 0, 0, 0, 0, 0]"
NCERT_ActinoidCont_06,1,No change in basicity.,False,Incorrect.,z_11,conceptual_error,medium,0.0667,application,high,reviewed,"[0, 0, 0, 0, 0, 0, 0, 0, 0, 0, 0, 1, 0, 0, 0]"
NCERT_ActinoidCont_06,2,Increased solubility of actinoid compounds.,False,Incorrect. Solubility trends are more complex.,z_08,conceptual_error,medium,0.0667,application,high,reviewed,"[0, 0, 0, 0, 0, 0, 0, 0, 1, 0, 0, 0, 0, 0, 0]"
NCERT_ActinoidCont_06,3,Increased basicity of actinoid hydroxides across the series.,False,"Incorrect. Due to actinoid contraction, ionic radius decreases and polarizing power increases, making M-OH more covalent and less basic.",z_14,conceptual_error,medium,0.0667,application,high,reviewed,"[0, 0, 0, 0, 0, 0, 0, 0, 0, 0, 0, 0, 0, 0, 1]"
NCERT_ActinoidCont_06,4,Decreased basicity of actinoid hydroxides across the series.,True,"Correct. As ionic radius decreases across the actinoid series, cation polarizing power increases (Fajans rule), weakening OH- release and decreasing basicity.",none,correct,none,0.0,application,high,reviewed,"[0, 0, 0, 0, 0, 0, 1, 0, 0, 0, 0, 0, 0, 0, 0]"
NCERT_ActinoidCont_07,1,It is observed only in the +3 oxidation state.,False,Incorrect. It is observed in atomic and other ionic radii as well.,z_11,conceptual_error,medium,0.0667,application,high,reviewed,"[0, 0, 0, 0, 0, 0, 0, 0, 0, 0, 0, 1, 0, 0, 0]"
NCERT_ActinoidCont_07,2,It is caused by the poor shielding of 4f electrons.,False,"Incorrect. Actinoids involve 5f electrons, not 4f.",z_08,conceptual_error,medium,0.0667,application,high,reviewed,"[0, 0, 0, 0, 0, 0, 0, 0, 1, 0, 0, 0, 0, 0, 0]"
NCERT_ActinoidCont_07,3,It is analogous to lanthanoid contraction but with a more pronounced effect.,True,"Correct. Both are caused by poor f-orbital shielding, and the effect is greater in actinoids due to the more diffuse nature of 5f orbitals.",none,correct,none,0.0,application,high,reviewed,"[0, 0, 0, 0, 0, 0, 0, 0, 0, 0, 0, 0, 0, 0, 1]"
NCERT_ActinoidCont_07,4,It makes the radii of 6d elements larger than their 5d counterparts.,False,"Incorrect. It makes the radii of 6d elements similar to 5d, not larger.",z_06,conceptual_error,medium,0.0667,application,high,reviewed,"[0, 0, 0, 0, 0, 0, 1, 0, 0, 0, 0, 0, 0, 0, 0]"
NCERT_ActinoidCont_08,1,Their high radioactivity.,False,Incorrect. Radioactivity is not the cause of chemical similarity.,z_11,conceptual_error,medium,0.0667,application,high,reviewed,"[0, 0, 0, 0, 0, 0, 0, 0, 0, 0, 0, 1, 0, 0, 0]"
NCERT_ActinoidCont_08,2,Their ability to form oxocations.,False,Incorrect. This is a property of some actinoids but not the cause of similarity.,z_08,conceptual_error,medium,0.0667,application,high,reviewed,"[0, 0, 0, 0, 0, 0, 0, 0, 1, 0, 0, 0, 0, 0, 0]"
NCERT_ActinoidCont_08,3,Actinoid contraction making ionic radii very similar.,True,"Correct. The gradual decrease in radius across the series means adjacent actinoids have very similar sizes, leading to similar chemical behavior and difficulty in separation.",none,correct,none,0.0,application,high,reviewed,"[0, 0, 0, 0, 0, 0, 0, 0, 0, 0, 0, 0, 0, 0, 1]"
NCERT_ActinoidCont_08,4,The presence of 5f electrons.,False,"Incorrect. The presence of 5f electrons is common, but the contraction explains similarities across the series.",z_06,conceptual_error,medium,0.0667,application,high,reviewed,"[0, 0, 0, 0, 0, 0, 1, 0, 0, 0, 0, 0, 0, 0, 0]"
NCERT_ActinoidCont_09,1,Actinoid contraction,False,"Incorrect. Actinoid contraction affects elements in the 6d series, not 5d (Hf).",z_00,conceptual_error,medium,0.0667,application,high,reviewed,"[1, 0, 0, 0, 0, 0, 0, 0, 0, 0, 0, 0, 0, 0, 0]"
NCERT_ActinoidCont_09,2,Transition metal contraction,False,Incorrect. Transition metal contraction is a broader term; the specific chemical phenomenon causing this exact similarity is the lanthanoid contraction.,z_00,conceptual_error,medium,0.0667,application,high,reviewed,"[1, 0, 0, 0, 0, 0, 0, 0, 0, 0, 0, 0, 0, 0, 0]"
NCERT_ActinoidCont_09,3,Lanthanoid contraction,True,"Correct. The filling of 4f orbitals before Hf results in poor shielding, causing Hf to have a radius nearly identical to Zr.",none,correct,none,0.0,application,high,reviewed,"[1, 0, 0, 0, 0, 0, 0, 0, 0, 0, 0, 0, 0, 0, 0]"
NCERT_ActinoidCont_09,4,Inert pair effect,False,Incorrect. The inert pair effect relates to lower oxidation states in heavy p-block elements.,z_11,conceptual_error,medium,0.0667,application,high,reviewed,"[0, 0, 0, 0, 0, 0, 0, 0, 0, 0, 0, 1, 0, 0, 0]"
NCERT_ActinoidCont_10,1,U³⁺ > Np³⁺ > Pu³⁺ > Am³⁺,False,"Incorrect. This is a correct but incomplete subset of the full order; the complete correct sequence spans Ac3+ through Cf3+, as in option 1.",z_11,conceptual_error,medium,0.0667,application,high,reviewed,"[0, 0, 0, 0, 0, 0, 0, 0, 0, 0, 0, 1, 0, 0, 0]"
NCERT_ActinoidCont_10,2,Am³⁺ > Pu³⁺ > U³⁺ > Th³⁺ > Ac³⁺,False,"Incorrect. This sequence runs the wrong way - radius should decrease, not increase, as atomic number increases.",z_08,conceptual_error,medium,0.0667,application,high,reviewed,"[0, 0, 0, 0, 0, 0, 0, 0, 1, 0, 0, 0, 0, 0, 0]"
NCERT_ActinoidCont_10,3,Ac³⁺ > Th³⁺ > Pa³⁺ > U³⁺ > Np³⁺ > Pu³⁺ > Am³⁺ > Cm³⁺ > Bk³⁺ > Cf³⁺,True,"Correct. Ionic radii of the +3 actinoid ions decrease steadily with increasing atomic number because of actinoid contraction (poor shielding by 5f electrons), giving the full order Ac3+ > Th3+ > Pa3+ > U3+ > Np3+ > Pu3+ > Am3+ > Cm3+ > Bk3+ > Cf3+.",none,correct,none,0.0,application,high,reviewed,"[0, 0, 0, 0, 0, 0, 0, 0, 0, 0, 0, 0, 0, 0, 1]"
NCERT_ActinoidCont_10,4,Ac³⁺ < Th³⁺ < Pa³⁺ < U³⁺,False,"Incorrect. This sequence shows radius increasing with atomic number, the opposite of the actinoid contraction trend.",z_06,conceptual_error,medium,0.0667,application,high,reviewed,"[0, 0, 0, 0, 0, 0, 1, 0, 0, 0, 0, 0, 0, 0, 0]"
NCERT_4d5dSimilarity_01,1,The 4d and 5d series have the same number of unpaired electrons.,False,"Incorrect. Unpaired electron counts depend on configuration, not directly on similarity.",z_05,conceptual_error,medium,0.0667,application,high,reviewed,"[0, 0, 0, 0, 0, 1, 0, 0, 0, 0, 0, 0, 0, 0, 0]"
NCERT_4d5dSimilarity_01,2,Elements of the 4d and 5d series in the same group have nearly identical atomic and ionic radii due to lanthanoid contraction.,True,"Correct. The lanthanoid contraction compensates for the expected increase in radius from 4d to 5d, making their radii and chemical properties very similar.",none,correct,none,0.0,application,high,reviewed,"[0, 0, 0, 0, 0, 1, 0, 0, 0, 0, 0, 0, 0, 0, 0]"
NCERT_4d5dSimilarity_01,3,Elements of the 4d and 5d series have exactly the same properties.,False,Incorrect. They are similar but not exactly the same.,z_08,conceptual_error,medium,0.0667,application,high,reviewed,"[0, 0, 0, 0, 0, 0, 0, 0, 1, 0, 0, 0, 0, 0, 0]"
NCERT_4d5dSimilarity_01,4,The 4d and 5d series are both paramagnetic.,False,Incorrect. Paramagnetism varies; it is not a defining similarity.,z_04,conceptual_error,medium,0.0667,application,high,reviewed,"[0, 0, 0, 0, 1, 0, 0, 0, 0, 0, 0, 0, 0, 0, 0]"
NCERT_4d5dSimilarity_02,1,Cr and Mo,False,"Incorrect. Cr and Mo are also similar, but the most striking example is Zr-Hf and Nb-Ta.",z_05,conceptual_error,medium,0.0667,application,high,reviewed,"[0, 0, 0, 0, 0, 1, 0, 0, 0, 0, 0, 0, 0, 0, 0]"
NCERT_4d5dSimilarity_02,2,Fe and Ru,False,Incorrect. Fe and Ru are not as similar; there is a significant difference.,z_05,conceptual_error,medium,0.0667,application,high,reviewed,"[0, 0, 0, 0, 0, 1, 0, 0, 0, 0, 0, 0, 0, 0, 0]"
NCERT_4d5dSimilarity_02,3,Zr and Hf,True,Correct. Zirconium (4d) and hafnium (5d) have nearly identical radii due to lanthanoid contraction.,none,correct,none,0.0,application,high,reviewed,"[0, 0, 0, 0, 0, 0, 0, 0, 1, 0, 0, 0, 0, 0, 0]"
NCERT_4d5dSimilarity_02,4,Ti and Zr,False,"Incorrect. Ti is in period 4, Zr in period 5; the expected size difference is present.",z_04,conceptual_error,medium,0.0667,application,high,reviewed,"[0, 0, 0, 0, 1, 0, 0, 0, 0, 0, 0, 0, 0, 0, 0]"
NCERT_4d5dSimilarity_03,1,Lanthanoid contraction,False,"Incorrect. Actinoid contraction affects 6d elements, not 4d/5d.",z_05,conceptual_error,medium,0.0667,application,high,reviewed,"[0, 0, 0, 0, 0, 1, 0, 0, 0, 0, 0, 0, 0, 0, 0]"
NCERT_4d5dSimilarity_03,2,Actinoid contraction,True,"Correct. The lanthanoid contraction causes the 5d elements to have radii similar to their 4d counterparts, leading to similar chemical behavior.",none,correct,none,0.0,application,high,reviewed,"[0, 0, 0, 0, 0, 1, 0, 0, 0, 0, 0, 0, 0, 0, 0]"
NCERT_4d5dSimilarity_03,3,Diagonal relationship,False,Incorrect. Diagonal relationship is between period 2 and 3 elements.,z_08,conceptual_error,medium,0.0667,application,high,reviewed,"[0, 0, 0, 0, 0, 0, 0, 0, 1, 0, 0, 0, 0, 0, 0]"
NCERT_4d5dSimilarity_03,4,Inert pair effect,False,Incorrect. Inert pair effect is about oxidation states in p-block.,z_04,conceptual_error,medium,0.0667,application,high,reviewed,"[0, 0, 0, 0, 1, 0, 0, 0, 0, 0, 0, 0, 0, 0, 0]"
NCERT_4d5dSimilarity_04,1,The 5d elements have higher ionization energies than 4d elements.,False,Incorrect. Ionization energies are comparable; sometimes 5d are slightly higher due to relativistic effects.,z_05,conceptual_error,medium,0.0667,application,high,reviewed,"[0, 0, 0, 0, 0, 1, 0, 0, 0, 0, 0, 0, 0, 0, 0]"
NCERT_4d5dSimilarity_04,2,The 5d elements have radii almost equal to their 4d counterparts because of lanthanoid contraction.,True,Correct. The lanthanoid contraction offsets the expected increase in radius.,none,correct,none,0.0,application,high,reviewed,"[0, 0, 0, 0, 0, 1, 0, 0, 0, 0, 0, 0, 0, 0, 0]"
NCERT_4d5dSimilarity_04,3,The 4d elements are all radioactive.,False,"Incorrect. Some 4d elements are radioactive, but not all; that's not the reason for similarity.",z_08,conceptual_error,medium,0.0667,application,high,reviewed,"[0, 0, 0, 0, 0, 0, 0, 0, 1, 0, 0, 0, 0, 0, 0]"
NCERT_4d5dSimilarity_04,4,The 5d elements have significantly larger radii than their 4d counterparts.,False,"Incorrect. The radii are nearly equal, not significantly larger.",z_04,conceptual_error,medium,0.0667,application,high,reviewed,"[0, 0, 0, 0, 1, 0, 0, 0, 0, 0, 0, 0, 0, 0, 0]"
NCERT_4d5dSimilarity_05,1,Lanthanoid contraction,True,Correct. The lanthanoid contraction (through the 4f series) reduces the expected increase in radius when moving from the 4d to the 5d series.,none,correct,none,0.0,application,high,reviewed,"[0, 0, 0, 0, 0, 1, 0, 0, 0, 0, 0, 0, 0, 0, 0]"
NCERT_4d5dSimilarity_05,2,Poor shielding by d-electrons,False,Incorrect. d-electrons shield better than f-electrons.,z_05,conceptual_error,medium,0.0667,application,high,reviewed,"[0, 0, 0, 0, 0, 1, 0, 0, 0, 0, 0, 0, 0, 0, 0]"
NCERT_4d5dSimilarity_05,3,Actinoid contraction,False,Incorrect. Actinoid contraction affects elements after actinoids.,z_08,conceptual_error,medium,0.0667,application,high,reviewed,"[0, 0, 0, 0, 0, 0, 0, 0, 1, 0, 0, 0, 0, 0, 0]"
NCERT_4d5dSimilarity_05,4,Relativistic effects,False,Incorrect. Relativistic effects also contribute but the primary reason is lanthanoid contraction.,z_04,conceptual_error,medium,0.0667,application,high,reviewed,"[0, 0, 0, 0, 1, 0, 0, 0, 0, 0, 0, 0, 0, 0, 0]"
NCERT_4d5dSimilarity_06,1,Co and Rh,False,"Incorrect. Co and Rh also show similarity, but the classic example is Nb-Ta and Zr-Hf.",z_05,conceptual_error,medium,0.0667,application,high,reviewed,"[0, 0, 0, 0, 0, 1, 0, 0, 0, 0, 0, 0, 0, 0, 0]"
NCERT_4d5dSimilarity_06,2,Nb and Ta,True,"Correct. Niobium and tantalum are 4d and 5d elements in group 5; their radii are very close, and their chemistry is nearly identical.",none,correct,none,0.0,application,high,reviewed,"[0, 0, 0, 0, 0, 1, 0, 0, 0, 0, 0, 0, 0, 0, 0]"
NCERT_4d5dSimilarity_06,3,Cr and Mo,False,"Incorrect. Cr and Mo are also similar, but the effect is more pronounced for the heavier pairs because the contraction accumulates. Nb-Ta is a classic example.",z_08,conceptual_error,medium,0.0667,application,high,reviewed,"[0, 0, 0, 0, 0, 0, 0, 0, 1, 0, 0, 0, 0, 0, 0]"
NCERT_4d5dSimilarity_06,4,Fe and Ru,False,Incorrect. Fe and Ru are further apart in period and not as similar.,z_04,conceptual_error,medium,0.0667,application,high,reviewed,"[0, 0, 0, 0, 1, 0, 0, 0, 0, 0, 0, 0, 0, 0, 0]"
NCERT_4d5dSimilarity_07,1,Their nearly identical ionic radii caused by lanthanoid contraction.,True,"Correct. Zr⁴⁺ and Hf⁴⁺ have almost the same size, leading to very similar chemical behavior and making separation challenging.",none,correct,none,0.0,application,high,reviewed,"[0, 0, 0, 0, 0, 1, 0, 0, 0, 0, 0, 0, 0, 0, 0]"
NCERT_4d5dSimilarity_07,2,Their different oxidation states.,False,Incorrect. Both exhibit +4 as the most stable state.,z_05,conceptual_error,medium,0.0667,application,high,reviewed,"[0, 0, 0, 0, 0, 1, 0, 0, 0, 0, 0, 0, 0, 0, 0]"
NCERT_4d5dSimilarity_07,3,Their radioactivity.,False,Incorrect. They are not radioactive.,z_08,conceptual_error,medium,0.0667,application,high,reviewed,"[0, 0, 0, 0, 0, 0, 0, 0, 1, 0, 0, 0, 0, 0, 0]"
NCERT_4d5dSimilarity_07,4,Their magnetic properties.,False,Incorrect. Magnetic properties are not the cause.,z_04,conceptual_error,medium,0.0667,application,high,reviewed,"[0, 0, 0, 0, 1, 0, 0, 0, 0, 0, 0, 0, 0, 0, 0]"
NCERT_4d5dSimilarity_08,1,High melting points of 4d transition metals.,True,"Correct. The high melting points of 4d metals are due to metallic bonding, not directly related to lanthanoid contraction.",none,correct,none,0.0,application,high,reviewed,"[0, 0, 0, 0, 0, 1, 0, 0, 0, 0, 0, 0, 0, 0, 0]"
NCERT_4d5dSimilarity_08,2,Difficulty in separating lanthanoids.,False,Incorrect. This is a consequence.,z_05,conceptual_error,medium,0.0667,application,high,reviewed,"[0, 0, 0, 0, 0, 1, 0, 0, 0, 0, 0, 0, 0, 0, 0]"
NCERT_4d5dSimilarity_08,3,Basic strength of lanthanoid hydroxides decreases from La to Lu.,False,Incorrect. This is also a consequence.,z_08,conceptual_error,medium,0.0667,application,high,reviewed,"[0, 0, 0, 0, 0, 0, 0, 0, 1, 0, 0, 0, 0, 0, 0]"
NCERT_4d5dSimilarity_08,4,Similarity in radii of 4d and 5d elements in the same group.,False,Incorrect. This is a direct consequence.,z_04,conceptual_error,medium,0.0667,application,high,reviewed,"[0, 0, 0, 0, 1, 0, 0, 0, 0, 0, 0, 0, 0, 0, 0]"
NCERT_4d5dSimilarity_09,1,170 pm,False,Incorrect. Too high.,z_05,conceptual_error,medium,0.0667,application,high,reviewed,"[0, 0, 0, 0, 0, 1, 0, 0, 0, 0, 0, 0, 0, 0, 0]"
NCERT_4d5dSimilarity_09,2,155 pm,True,Correct. Approximately 155 pm.,none,correct,none,0.0,application,high,reviewed,"[0, 0, 0, 0, 0, 1, 0, 0, 0, 0, 0, 0, 0, 0, 0]"
NCERT_4d5dSimilarity_09,3,139 pm,False,"Incorrect. Without contraction, W would have a radius about 15-20 pm larger than Mo, around 155-160 pm. Option 155 pm is reasonable.",z_08,conceptual_error,medium,0.0667,application,high,reviewed,"[0, 0, 0, 0, 0, 0, 0, 0, 1, 0, 0, 0, 0, 0, 0]"
NCERT_4d5dSimilarity_09,4,145 pm,False,Incorrect. That is the actual radius.,z_04,conceptual_error,medium,0.0667,application,high,reviewed,"[0, 0, 0, 0, 1, 0, 0, 0, 0, 0, 0, 0, 0, 0, 0]"
NCERT_4d5dSimilarity_10,1,Complex formation tendencies,False,Incorrect. Complex formation is similar due to similar size and electronic configuration.,z_05,conceptual_error,medium,0.0667,application,high,reviewed,"[0, 0, 0, 0, 0, 1, 0, 0, 0, 0, 0, 0, 0, 0, 0]"
NCERT_4d5dSimilarity_10,2,Density,True,"Correct. Densities are quite different because the 5d elements are much heavier, though their atomic volumes are similar, the mass difference leads to higher density.",none,correct,none,0.0,application,high,reviewed,"[0, 0, 0, 0, 0, 1, 0, 0, 0, 0, 0, 0, 0, 0, 0]"
NCERT_4d5dSimilarity_10,3,Oxidation states,False,Incorrect. Oxidation states are similar.,z_08,conceptual_error,medium,0.0667,application,high,reviewed,"[0, 0, 0, 0, 0, 0, 0, 0, 1, 0, 0, 0, 0, 0, 0]"
NCERT_4d5dSimilarity_10,4,Ionic radii,False,Incorrect. Their ionic radii are practically identical as a direct result of the lanthanoid contraction.,z_04,conceptual_error,medium,0.0667,application,high,reviewed,"[0, 0, 0, 0, 1, 0, 0, 0, 0, 0, 0, 0, 0, 0, 0]"
NCERT_VariableOxState_01,1,Because they have vacant d-orbitals that can accommodate electrons.,False,Incorrect. Vacant d-orbitals are not the primary reason; it's the closeness in energy of d and s electrons.,z_04,conceptual_error,medium,0.0667,application,high,reviewed,"[0, 0, 0, 0, 1, 0, 0, 0, 0, 0, 0, 0, 0, 0, 0]"
NCERT_VariableOxState_01,2,Because they have high electronegativity.,False,Incorrect. Transition metals are not highly electronegative.,z_05,conceptual_error,medium,0.0667,application,high,reviewed,"[0, 0, 0, 0, 0, 1, 0, 0, 0, 0, 0, 0, 0, 0, 0]"
NCERT_VariableOxState_01,3,Because they are metals.,False,Incorrect. Many metals do not show variable oxidation states; it's specific to transition elements due to d-orbital energy.,z_09,conceptual_error,medium,0.0667,application,high,reviewed,"[0, 0, 0, 0, 0, 0, 0, 0, 0, 1, 0, 0, 0, 0, 0]"
NCERT_VariableOxState_01,4,"Because the energy difference between (n-1)d and ns orbitals is small, allowing electrons from both to participate in bonding.",True,"Correct. The small energy gap between ns and (n-1)d orbitals allows both sets of electrons to be involved in bonding, leading to multiple oxidation states.",none,correct,none,0.0,application,high,reviewed,"[0, 0, 0, 0, 0, 0, 1, 0, 0, 0, 0, 0, 0, 0, 0]"
NCERT_VariableOxState_02,1,Fe (Z=26),False,"Incorrect. Fe shows +2, +3, and +6 (rare).",z_04,conceptual_error,medium,0.0667,application,high,reviewed,"[0, 0, 0, 0, 1, 0, 0, 0, 0, 0, 0, 0, 0, 0, 0]"
NCERT_VariableOxState_02,2,Sc (Z=21),False,Incorrect. Sc shows only +3.,z_05,conceptual_error,medium,0.0667,application,high,reviewed,"[0, 0, 0, 0, 0, 1, 0, 0, 0, 0, 0, 0, 0, 0, 0]"
NCERT_VariableOxState_02,3,Cu (Z=29),False,"Incorrect. Cu shows +1, +2, and sometimes +3.",z_09,conceptual_error,medium,0.0667,application,high,reviewed,"[0, 0, 0, 0, 0, 0, 0, 0, 0, 1, 0, 0, 0, 0, 0]"
NCERT_VariableOxState_02,4,Mn (Z=25),True,"Correct. Manganese exhibits oxidation states from +2 to +7, the highest range in the 3d series.",none,correct,none,0.0,application,high,reviewed,"[0, 0, 0, 0, 0, 0, 1, 0, 0, 0, 0, 0, 0, 0, 0]"
NCERT_VariableOxState_03,1,Small size of the ion.,False,Incorrect. Size is not the primary reason.,z_04,conceptual_error,medium,0.0667,application,high,reviewed,"[0, 0, 0, 0, 1, 0, 0, 0, 0, 0, 0, 0, 0, 0, 0]"
NCERT_VariableOxState_03,2,High charge on the ion.,False,Incorrect. High charge alone does not explain stability; Fe³⁺ is stable despite high charge.,z_05,conceptual_error,medium,0.0667,application,high,reviewed,"[0, 0, 0, 0, 0, 1, 0, 0, 0, 0, 0, 0, 0, 0, 0]"
NCERT_VariableOxState_03,3,"Half-filled d subshell, which provides extra stability through exchange energy.",True,"Correct. A half-filled d subshell (d⁵) has high exchange energy and symmetrical distribution, making it particularly stable.",none,correct,none,0.0,application,high,reviewed,"[0, 0, 0, 0, 0, 0, 0, 0, 0, 1, 0, 0, 0, 0, 0]"
NCERT_VariableOxState_03,4,Fully filled d subshell.,False,"Incorrect. d⁵ is half-filled, not fully filled.",z_06,conceptual_error,medium,0.0667,application,high,reviewed,"[0, 0, 0, 0, 0, 0, 1, 0, 0, 0, 0, 0, 0, 0, 0]"
NCERT_VariableOxState_04,1,Because Cr⁶⁺ is small.,False,Incorrect. Small size contributes to oxidizing power but the main reason is the high oxidation state.,z_04,conceptual_error,medium,0.0667,application,high,reviewed,"[0, 0, 0, 0, 1, 0, 0, 0, 0, 0, 0, 0, 0, 0, 0]"
NCERT_VariableOxState_04,2,Because Cr has high electronegativity.,False,Incorrect. Cr is not highly electronegative.,z_05,conceptual_error,medium,0.0667,application,high,reviewed,"[0, 0, 0, 0, 0, 1, 0, 0, 0, 0, 0, 0, 0, 0, 0]"
NCERT_VariableOxState_04,3,Because Cr⁶⁺ has a stable d⁵ configuration.,False,"Incorrect. Cr⁶⁺ has d⁰ configuration, not d⁵.",z_09,conceptual_error,medium,0.0667,application,high,reviewed,"[0, 0, 0, 0, 0, 0, 0, 0, 0, 1, 0, 0, 0, 0, 0]"
NCERT_VariableOxState_04,4,Because Cr⁶⁺ readily gains electrons to achieve a more stable half-filled or noble gas configuration.,True,Correct. Cr⁶⁺ is easily reduced to Cr³⁺ (d³) or to other states; the high positive charge makes it strongly oxidizing. The most stable state is Cr³⁺ (d³) and sometimes Cr⁶⁺ is used as oxidizer. But the reason is high oxidation state.,none,correct,none,0.0,application,high,reviewed,"[0, 0, 0, 0, 0, 0, 1, 0, 0, 0, 0, 0, 0, 0, 0]"
NCERT_VariableOxState_05,1,Chlorides,False,Incorrect. Chlorides usually show lower oxidation states.,z_04,conceptual_error,medium,0.0667,application,high,reviewed,"[0, 0, 0, 0, 1, 0, 0, 0, 0, 0, 0, 0, 0, 0, 0]"
NCERT_VariableOxState_05,2,Sulfides,False,Incorrect. Sulfides also typically show lower oxidation states.,z_05,conceptual_error,medium,0.0667,application,high,reviewed,"[0, 0, 0, 0, 0, 1, 0, 0, 0, 0, 0, 0, 0, 0, 0]"
NCERT_VariableOxState_05,3,Oxides and fluorides,True,Correct. Oxygen and fluorine are highly electronegative and can stabilize high oxidation states through strong bonding.,none,correct,none,0.0,application,high,reviewed,"[0, 0, 0, 0, 0, 0, 0, 0, 0, 1, 0, 0, 0, 0, 0]"
NCERT_VariableOxState_05,4,Hydrides,False,Incorrect. Hydrides have low oxidation states.,z_06,conceptual_error,medium,0.0667,application,high,reviewed,"[0, 0, 0, 0, 0, 0, 1, 0, 0, 0, 0, 0, 0, 0, 0]"
NCERT_VariableOxState_06,1,Os,True,"Correct. Osmium (Os) can exhibit an oxidation state of +8 (e.g., in OsO4), the highest among transition metals.",none,correct,none,0.0,application,high,reviewed,"[0, 0, 0, 0, 1, 0, 0, 0, 0, 0, 0, 0, 0, 0, 0]"
NCERT_VariableOxState_06,2,Sc,False,Incorrect. Sc only shows a +3 oxidation state.,z_05,conceptual_error,medium,0.0667,application,high,reviewed,"[0, 0, 0, 0, 0, 1, 0, 0, 0, 0, 0, 0, 0, 0, 0]"
NCERT_VariableOxState_06,3,Fe,False,"Incorrect. Iron typically shows +2 and +3 oxidation states, and only very rarely forms +6 under highly specialized conditions.",z_09,conceptual_error,medium,0.0667,application,high,reviewed,"[0, 0, 0, 0, 0, 0, 0, 0, 0, 1, 0, 0, 0, 0, 0]"
NCERT_VariableOxState_06,4,Mn,False,"Incorrect. Mn shows a maximum of +7, but Osmium goes higher.",z_06,conceptual_error,medium,0.0667,application,high,reviewed,"[0, 0, 0, 0, 0, 0, 1, 0, 0, 0, 0, 0, 0, 0, 0]"
NCERT_VariableOxState_07,1,The atomic size decreases.,False,Incorrect. Size is not the primary reason.,z_04,conceptual_error,medium,0.0667,application,high,reviewed,"[0, 0, 0, 0, 1, 0, 0, 0, 0, 0, 0, 0, 0, 0, 0]"
NCERT_VariableOxState_07,2,The increased nuclear charge makes removal of the third electron more difficult.,True,"Correct. For Ni, Cu, Zn, the +2 state is common, and for Zn, +2 is the only state because the d¹⁰ configuration is very stable.",none,correct,none,0.0,application,high,reviewed,"[0, 0, 0, 0, 0, 1, 0, 0, 0, 0, 0, 0, 0, 0, 0]"
NCERT_VariableOxState_07,3,The ionization energy decreases.,False,Incorrect. Ionization energy increases across the series.,z_09,conceptual_error,medium,0.0667,application,high,reviewed,"[0, 0, 0, 0, 0, 0, 0, 0, 0, 1, 0, 0, 0, 0, 0]"
NCERT_VariableOxState_07,4,The d-orbital becomes completely filled (d¹⁰) for Cu⁺ and Zn²⁺.,False,Incorrect. The reason is the stability of d¹⁰ configuration.,z_06,conceptual_error,medium,0.0667,application,high,reviewed,"[0, 0, 0, 0, 0, 0, 1, 0, 0, 0, 0, 0, 0, 0, 0]"
NCERT_VariableOxState_08,1,+2 only,False,Incorrect.,z_04,conceptual_error,medium,0.0667,application,high,reviewed,"[0, 0, 0, 0, 1, 0, 0, 0, 0, 0, 0, 0, 0, 0, 0]"
NCERT_VariableOxState_08,2,+2 and +4,False,Incorrect.,z_05,conceptual_error,medium,0.0667,application,high,reviewed,"[0, 0, 0, 0, 0, 1, 0, 0, 0, 0, 0, 0, 0, 0, 0]"
NCERT_VariableOxState_08,3,Mixed (+2 and +3),True,Correct. Fe₃O₄ is a mixed-valence compound containing Fe²⁺ and Fe³⁺ ions.,none,correct,none,0.0,application,high,reviewed,"[0, 0, 0, 0, 0, 0, 0, 0, 0, 1, 0, 0, 0, 0, 0]"
NCERT_VariableOxState_08,4,+3 only,False,Incorrect.,z_06,conceptual_error,medium,0.0667,application,high,reviewed,"[0, 0, 0, 0, 0, 0, 1, 0, 0, 0, 0, 0, 0, 0, 0]"
NCERT_VariableOxState_09,1,+4,False,Incorrect. Cr⁴⁺ is less common.,z_04,conceptual_error,medium,0.0667,application,high,reviewed,"[0, 0, 0, 0, 1, 0, 0, 0, 0, 0, 0, 0, 0, 0, 0]"
NCERT_VariableOxState_09,2,+2,False,Incorrect. Cr²⁺ is easily oxidized.,z_05,conceptual_error,medium,0.0667,application,high,reviewed,"[0, 0, 0, 0, 0, 1, 0, 0, 0, 0, 0, 0, 0, 0, 0]"
NCERT_VariableOxState_09,3,+6,False,Incorrect. Cr⁶⁺ is a strong oxidant.,z_09,conceptual_error,medium,0.0667,application,high,reviewed,"[0, 0, 0, 0, 0, 0, 0, 0, 0, 1, 0, 0, 0, 0, 0]"
NCERT_VariableOxState_09,4,+3,True,Correct. Cr³⁺ has a stable d³ configuration and is the most common and stable state.,none,correct,none,0.0,application,high,reviewed,"[0, 0, 0, 0, 0, 0, 1, 0, 0, 0, 0, 0, 0, 0, 0]"
NCERT_VariableOxState_10,1,The participation of both ns and (n-1)d electrons in bonding.,True,Correct. The small energy difference allows both sets of electrons to be used.,none,correct,none,0.0,application,high,reviewed,"[0, 0, 0, 0, 1, 0, 0, 0, 0, 0, 0, 0, 0, 0, 0]"
NCERT_VariableOxState_10,2,Their high melting points.,False,"Incorrect. High melting points are due to strong metallic bonding, not the cause of variable oxidation states.",z_05,conceptual_error,medium,0.0667,application,high,reviewed,"[0, 0, 0, 0, 0, 1, 0, 0, 0, 0, 0, 0, 0, 0, 0]"
NCERT_VariableOxState_10,3,Their catalytic activity.,False,Incorrect. Catalytic activity is related to variable oxidation states but not the cause.,z_09,conceptual_error,medium,0.0667,application,high,reviewed,"[0, 0, 0, 0, 0, 0, 0, 0, 0, 1, 0, 0, 0, 0, 0]"
NCERT_VariableOxState_10,4,The presence of unpaired electrons.,False,"Incorrect. Unpaired electrons are a consequence, not the cause.",z_06,conceptual_error,medium,0.0667,application,high,reviewed,"[0, 0, 0, 0, 0, 0, 1, 0, 0, 0, 0, 0, 0, 0, 0]"
NCERT_ExchangeEnergy_01,1,"The energy lowering that occurs when electrons with parallel spins exchange positions in degenerate orbitals, due to the Coulomb repulsion being reduced.",True,Correct. Exchange energy is a quantum mechanical stabilization that arises from the indistinguishability of electrons with parallel spins; more parallel spins lead to greater exchange energy.,none,correct,none,0.0,application,high,reviewed,"[0, 0, 0, 0, 0, 0, 0, 0, 1, 0, 0, 0, 0, 0, 0]"
NCERT_ExchangeEnergy_01,2,The energy released when an electron is added to an atom.,False,Incorrect. This is electron gain enthalpy.,z_10,conceptual_error,medium,0.0667,application,high,reviewed,"[0, 0, 0, 0, 0, 0, 0, 0, 0, 0, 1, 0, 0, 0, 0]"
NCERT_ExchangeEnergy_01,3,The energy released when electrons are paired in the same orbital.,False,"Incorrect. This describes pairing energy, not exchange energy.",z_01,conceptual_error,medium,0.0667,application,high,reviewed,"[0, 1, 0, 0, 0, 0, 0, 0, 0, 0, 0, 0, 0, 0, 0]"
NCERT_ExchangeEnergy_01,4,The energy required to promote an electron to a higher orbital.,False,Incorrect. This is excitation energy.,z_06,conceptual_error,medium,0.0667,application,high,reviewed,"[0, 0, 0, 0, 0, 0, 1, 0, 0, 0, 0, 0, 0, 0, 0]"
NCERT_ExchangeEnergy_02,1,It has a symmetrical electron cloud.,False,Incorrect. Symmetry contributes but the key is exchange energy.,z_08,conceptual_error,medium,0.0667,application,high,reviewed,"[0, 0, 0, 0, 0, 0, 0, 0, 1, 0, 0, 0, 0, 0, 0]"
NCERT_ExchangeEnergy_02,2,"It has the maximum number of parallel spins, leading to the highest exchange energy.",True,"Correct. In a half-filled configuration, all five electrons have parallel spins (Hund's rule), maximizing exchange energy and providing extra stability.",none,correct,none,0.0,application,high,reviewed,"[0, 0, 0, 0, 0, 0, 0, 0, 0, 0, 1, 0, 0, 0, 0]"
NCERT_ExchangeEnergy_02,3,It has a completely filled d subshell.,False,Incorrect. Half-filled is not completely filled; d¹⁰ is completely filled.,z_01,conceptual_error,medium,0.0667,application,high,reviewed,"[0, 1, 0, 0, 0, 0, 0, 0, 0, 0, 0, 0, 0, 0, 0]"
NCERT_ExchangeEnergy_02,4,It has a low effective nuclear charge.,False,"Incorrect. Effective nuclear charge is high, not low.",z_06,conceptual_error,medium,0.0667,application,high,reviewed,"[0, 0, 0, 0, 0, 0, 1, 0, 0, 0, 0, 0, 0, 0, 0]"
NCERT_ExchangeEnergy_03,1,Higher exchange energy in the half-filled d⁵ configuration outweighing the energy cost of promoting a 4s electron to 3d.,True,"Correct. The exchange energy gained by having five unpaired electrons in the 3d orbitals (d⁵) is greater than the energy required to promote one electron from 4s to 3d, making the half-filled configuration more stable.",none,correct,none,0.0,application,high,reviewed,"[0, 0, 0, 0, 0, 0, 0, 0, 1, 0, 0, 0, 0, 0, 0]"
NCERT_ExchangeEnergy_03,2,The presence of a stable 4s¹ configuration.,False,"Incorrect. The stability comes from the d⁵ half-filled, not from 4s¹ alone.",z_10,conceptual_error,medium,0.0667,application,high,reviewed,"[0, 0, 0, 0, 0, 0, 0, 0, 0, 0, 1, 0, 0, 0, 0]"
NCERT_ExchangeEnergy_03,3,The 4s orbital having higher energy than 3d in chromium.,False,"Incorrect. For Cr, the 4s and 3d energies are very close; the 4s orbital is not higher in energy than 3d.",z_01,conceptual_error,medium,0.0667,application,high,reviewed,"[0, 1, 0, 0, 0, 0, 0, 0, 0, 0, 0, 0, 0, 0, 0]"
NCERT_ExchangeEnergy_03,4,The Pauli exclusion principle.,False,Incorrect. Pauli principle does not determine this anomaly.,z_06,conceptual_error,medium,0.0667,application,high,reviewed,"[0, 0, 0, 0, 0, 0, 1, 0, 0, 0, 0, 0, 0, 0, 0]"
NCERT_ExchangeEnergy_04,1,Co²⁺ (3d⁷),False,Incorrect. Co²⁺ (high-spin) has three unpaired.,z_08,conceptual_error,medium,0.0667,application,high,reviewed,"[0, 0, 0, 0, 0, 0, 0, 0, 1, 0, 0, 0, 0, 0, 0]"
NCERT_ExchangeEnergy_04,2,Mn²⁺ (3d⁵),True,"Correct. Mn²⁺ has five unpaired electrons, giving the maximum exchange energy among these. Fe²⁺ has four unpaired, Co²⁺ three, Ni²⁺ two (in high-spin configurations).",none,correct,none,0.0,application,high,reviewed,"[0, 0, 0, 0, 0, 0, 0, 0, 0, 0, 1, 0, 0, 0, 0]"
NCERT_ExchangeEnergy_04,3,Fe²⁺ (3d⁶),False,"Incorrect. Fe²⁺ (high-spin) has four unpaired, less than five.",z_01,conceptual_error,medium,0.0667,application,high,reviewed,"[0, 1, 0, 0, 0, 0, 0, 0, 0, 0, 0, 0, 0, 0, 0]"
NCERT_ExchangeEnergy_04,4,Ni²⁺ (3d⁸),False,Incorrect. Ni²⁺ has two unpaired (in high-spin octahedral).,z_06,conceptual_error,medium,0.0667,application,high,reviewed,"[0, 0, 0, 0, 0, 0, 1, 0, 0, 0, 0, 0, 0, 0, 0]"
NCERT_ExchangeEnergy_05,1,All of the above,True,"Correct. All three have a half-filled p or d subshell, leading to enhanced stability due to maximum exchange energy.",none,correct,none,0.0,application,high,reviewed,"[0, 0, 0, 0, 0, 0, 0, 0, 1, 0, 0, 0, 0, 0, 0]"
NCERT_ExchangeEnergy_05,2,Fe³⁺ (3d⁵),False,Incorrect.,z_10,conceptual_error,medium,0.0667,application,high,reviewed,"[0, 0, 0, 0, 0, 0, 0, 0, 0, 0, 1, 0, 0, 0, 0]"
NCERT_ExchangeEnergy_05,3,Mn²⁺ (3d⁵),False,Incorrect.,z_01,conceptual_error,medium,0.0667,application,high,reviewed,"[0, 1, 0, 0, 0, 0, 0, 0, 0, 0, 0, 0, 0, 0, 0]"
NCERT_ExchangeEnergy_05,4,N atom (2p³),False,Incorrect.,z_06,conceptual_error,medium,0.0667,application,high,reviewed,"[0, 0, 0, 0, 0, 0, 1, 0, 0, 0, 0, 0, 0, 0, 0]"
NCERT_ExchangeEnergy_06,1,Exchange energy is responsible for the pairing of electrons in orbitals.,False,Incorrect. Pairing reduces exchange energy; exchange energy favors unpaired electrons.,z_08,conceptual_error,medium,0.0667,application,high,reviewed,"[0, 0, 0, 0, 0, 0, 0, 0, 1, 0, 0, 0, 0, 0, 0]"
NCERT_ExchangeEnergy_06,2,Exchange energy is a stabilizing effect that increases with the number of parallel spins.,True,Correct. More unpaired electrons with parallel spins lead to greater exchange energy and greater stability.,none,correct,none,0.0,application,high,reviewed,"[0, 0, 0, 0, 0, 0, 0, 0, 0, 0, 1, 0, 0, 0, 0]"
NCERT_ExchangeEnergy_06,3,Exchange energy is always positive and destabilizing.,False,Incorrect. Exchange energy is a negative (stabilizing) contribution.,z_01,conceptual_error,medium,0.0667,application,high,reviewed,"[0, 1, 0, 0, 0, 0, 0, 0, 0, 0, 0, 0, 0, 0, 0]"
NCERT_ExchangeEnergy_06,4,Exchange energy is only important for p-block elements.,False,"Incorrect. It is important for all atoms with degenerate orbitals, including d-block.",z_06,conceptual_error,medium,0.0667,application,high,reviewed,"[0, 0, 0, 0, 0, 0, 1, 0, 0, 0, 0, 0, 0, 0, 0]"
NCERT_ExchangeEnergy_07,1,Unpaired electrons in degenerate orbitals,True,Correct. Exchange energy arises from interactions between electrons with parallel spins in degenerate orbitals; more unpaired electrons give more exchange interactions.,none,correct,none,0.0,application,high,reviewed,"[0, 0, 0, 0, 0, 0, 0, 0, 1, 0, 0, 0, 0, 0, 0]"
NCERT_ExchangeEnergy_07,2,Core electrons,False,Incorrect. Core electrons are usually paired and not in degenerate orbitals.,z_10,conceptual_error,medium,0.0667,application,high,reviewed,"[0, 0, 0, 0, 0, 0, 0, 0, 0, 0, 1, 0, 0, 0, 0]"
NCERT_ExchangeEnergy_07,3,Electron pairs,False,Incorrect. Pairs do not contribute to exchange energy.,z_01,conceptual_error,medium,0.0667,application,high,reviewed,"[0, 1, 0, 0, 0, 0, 0, 0, 0, 0, 0, 0, 0, 0, 0]"
NCERT_ExchangeEnergy_07,4,Electrons in the outermost shell,False,Incorrect. Valence electrons count alone is not the factor; it's about parallel spins in degenerate orbitals.,z_06,conceptual_error,medium,0.0667,application,high,reviewed,"[0, 0, 0, 0, 0, 0, 1, 0, 0, 0, 0, 0, 0, 0, 0]"
NCERT_ExchangeEnergy_08,1,"Nitrogen has a half-filled p subshell giving extra stability, so removing an electron from N requires more energy.",False,"Incorrect. N has a stable half-filled configuration; O has a paired electron, reducing exchange energy and making it easier to remove.",z_08,conceptual_error,medium,0.0667,application,high,reviewed,"[0, 0, 0, 0, 0, 0, 0, 0, 1, 0, 0, 0, 0, 0, 0]"
NCERT_ExchangeEnergy_08,2,Oxygen has a smaller atomic radius.,False,"Incorrect. Smaller radius would increase IE, not decrease.",z_10,conceptual_error,medium,0.0667,application,high,reviewed,"[0, 0, 0, 0, 0, 0, 0, 0, 0, 0, 1, 0, 0, 0, 0]"
NCERT_ExchangeEnergy_08,3,Both A and C,True,Correct. Both statements A and C explain the anomaly.,none,correct,none,0.0,application,high,reviewed,"[0, 1, 0, 0, 0, 0, 0, 0, 0, 0, 0, 0, 0, 0, 0]"
NCERT_ExchangeEnergy_08,4,Oxygen has a higher exchange energy in the 2p³ configuration of N compared to 2p⁴ of O.,False,Incorrect. This is partly correct but incomplete.,z_06,conceptual_error,medium,0.0667,application,high,reviewed,"[0, 0, 0, 0, 0, 0, 1, 0, 0, 0, 0, 0, 0, 0, 0]"
NCERT_ExchangeEnergy_09,1,The Pauli exclusion principle.,False,Incorrect.,z_08,conceptual_error,medium,0.0667,application,high,reviewed,"[0, 0, 0, 0, 0, 0, 0, 0, 1, 0, 0, 0, 0, 0, 0]"
NCERT_ExchangeEnergy_09,2,The 4s orbital being lower in energy than 3d.,False,"Incorrect. For Cu, 3d is lower than 4s after filling; the configuration reflects the stability of d¹⁰.",z_10,conceptual_error,medium,0.0667,application,high,reviewed,"[0, 0, 0, 0, 0, 0, 0, 0, 0, 0, 1, 0, 0, 0, 0]"
NCERT_ExchangeEnergy_09,3,Higher exchange energy in the completely filled d¹⁰ configuration.,True,"Correct. The completely filled d¹⁰ configuration has all d orbitals doubly occupied, providing maximal exchange energy stabilization and symmetrical distribution, giving it extra stability.",none,correct,none,0.0,application,high,reviewed,"[0, 1, 0, 0, 0, 0, 0, 0, 0, 0, 0, 0, 0, 0, 0]"
NCERT_ExchangeEnergy_09,4,The inert pair effect.,False,Incorrect. Inert pair effect is for p-block.,z_06,conceptual_error,medium,0.0667,application,high,reviewed,"[0, 0, 0, 0, 0, 0, 1, 0, 0, 0, 0, 0, 0, 0, 0]"
NCERT_ExchangeEnergy_10,1,Hund's rule of maximum multiplicity,True,"Correct. Hund's rule states that electrons occupy degenerate orbitals singly with parallel spins first, maximizing exchange energy and total spin.",none,correct,none,0.0,application,high,reviewed,"[0, 0, 0, 0, 0, 0, 0, 0, 1, 0, 0, 0, 0, 0, 0]"
NCERT_ExchangeEnergy_10,2,The periodic law,False,"Incorrect. Periodic law is about trends, not directly exchange energy.",z_10,conceptual_error,medium,0.0667,application,high,reviewed,"[0, 0, 0, 0, 0, 0, 0, 0, 0, 0, 1, 0, 0, 0, 0]"
NCERT_ExchangeEnergy_10,3,The Aufbau principle,False,"Incorrect. Aufbau is about order of filling, not directly exchange energy.",z_01,conceptual_error,medium,0.0667,application,high,reviewed,"[0, 1, 0, 0, 0, 0, 0, 0, 0, 0, 0, 0, 0, 0, 0]"
NCERT_ExchangeEnergy_10,4,The Pauli exclusion principle,False,Incorrect. Pauli principle deals with no two electrons having same quantum numbers.,z_06,conceptual_error,medium,0.0667,application,high,reviewed,"[0, 0, 0, 0, 0, 0, 1, 0, 0, 0, 0, 0, 0, 0, 0]"
NCERT_StdElectrode_01,1,The potential of a metal in its salt solution at any concentration.,False,Incorrect. This describes the non-standard potential.,z_10,conceptual_error,medium,0.0667,analysis,high,reviewed,"[0, 0, 0, 0, 0, 0, 0, 0, 0, 0, 1, 0, 0, 0, 0]"
NCERT_StdElectrode_01,2,The energy required to ionize a metal.,False,Incorrect. That is ionization energy.,z_03,conceptual_error,medium,0.0667,analysis,high,reviewed,"[0, 0, 0, 1, 0, 0, 0, 0, 0, 0, 0, 0, 0, 0, 0]"
NCERT_StdElectrode_01,3,The voltage generated by a Daniel cell.,False,"Incorrect. That is a specific cell, not the definition.",z_04,conceptual_error,medium,0.0667,analysis,high,reviewed,"[0, 0, 0, 0, 1, 0, 0, 0, 0, 0, 0, 0, 0, 0, 0]"
NCERT_StdElectrode_01,4,The potential difference between the half-cell and a standard hydrogen electrode under standard conditions.,True,"Correct. E° is measured relative to the SHE, with all species at 1 M, 1 bar, 298 K.",none,correct,none,0.0,analysis,high,reviewed,"[0, 0, 1, 0, 0, 0, 0, 0, 0, 0, 0, 0, 0, 0, 0]"
NCERT_StdElectrode_02,1,Decreasing metallic character,False,"Incorrect. Metallic character decreases, but the potential trend is more complex.",z_10,conceptual_error,medium,0.0667,analysis,high,reviewed,"[0, 0, 0, 0, 0, 0, 0, 0, 0, 0, 1, 0, 0, 0, 0]"
NCERT_StdElectrode_02,2,Increasing effective nuclear charge,False,"Incorrect. Z_eff increases, but the trend is not monotonic.",z_03,conceptual_error,medium,0.0667,analysis,high,reviewed,"[0, 0, 0, 1, 0, 0, 0, 0, 0, 0, 0, 0, 0, 0, 0]"
NCERT_StdElectrode_02,3,"Increasing ionization enthalpy and hydration enthalpy, but with significant anomalies at Mn and Zn due to electronic configuration stability.",False,"Incorrect. While atomic radius decreases, it's not the direct cause of the trend.",z_04,conceptual_error,medium,0.0667,analysis,high,reviewed,"[0, 0, 0, 0, 1, 0, 0, 0, 0, 0, 0, 0, 0, 0, 0]"
NCERT_StdElectrode_02,4,Decreasing atomic radius,True,"Correct. The general trend is governed by the sum of ionization enthalpies and hydration enthalpies; the anomalies (e.g., Mn²⁺/Mn more negative than expected) are due to the extra stability of half-filled d⁵ configuration in Mn²⁺.",none,correct,none,0.0,analysis,high,reviewed,"[0, 0, 1, 0, 0, 0, 0, 0, 0, 0, 0, 0, 0, 0, 0]"
NCERT_StdElectrode_03,1,Cr²⁺ has a d⁴ configuration which is less stable.,False,"Incorrect. Cr²⁺ is d⁴, but the anomaly is due to Mn²⁺ stability.",z_10,conceptual_error,medium,0.0667,analysis,high,reviewed,"[0, 0, 0, 0, 0, 0, 0, 0, 0, 0, 1, 0, 0, 0, 0]"
NCERT_StdElectrode_03,2,"Mn²⁺ has a half-filled d⁵ configuration, which is highly stable, making the reduction of Mn²⁺ to Mn less favorable (more negative E°).",True,"Correct. The stability of Mn²⁺ (d⁵) means that it is less easily reduced to Mn, resulting in a more negative reduction potential.",none,correct,none,0.0,analysis,high,reviewed,"[0, 0, 0, 1, 0, 0, 0, 0, 0, 0, 0, 0, 0, 0, 0]"
NCERT_StdElectrode_03,3,Mn has a larger atomic radius.,False,"Incorrect. Atomic radius of Mn is smaller than Cr, but this is not the primary reason.",z_04,conceptual_error,medium,0.0667,analysis,high,reviewed,"[0, 0, 0, 0, 1, 0, 0, 0, 0, 0, 0, 0, 0, 0, 0]"
NCERT_StdElectrode_03,4,Mn has a lower ionization enthalpy.,False,"Incorrect. Mn has higher ionization enthalpy than Cr, not lower.",z_02,conceptual_error,medium,0.0667,analysis,high,reviewed,"[0, 0, 1, 0, 0, 0, 0, 0, 0, 0, 0, 0, 0, 0, 0]"
NCERT_StdElectrode_04,1,Co²⁺,False,Incorrect. Co²⁺/Co is -0.28 V.,z_10,conceptual_error,medium,0.0667,analysis,high,reviewed,"[0, 0, 0, 0, 0, 0, 0, 0, 0, 0, 1, 0, 0, 0, 0]"
NCERT_StdElectrode_04,2,Ni²⁺,False,Incorrect. Ni²⁺/Ni is -0.25 V.,z_03,conceptual_error,medium,0.0667,analysis,high,reviewed,"[0, 0, 0, 1, 0, 0, 0, 0, 0, 0, 0, 0, 0, 0, 0]"
NCERT_StdElectrode_04,3,Zn²⁺,False,Incorrect. Zn²⁺/Zn is -0.76 V.,z_04,conceptual_error,medium,0.0667,analysis,high,reviewed,"[0, 0, 0, 0, 1, 0, 0, 0, 0, 0, 0, 0, 0, 0, 0]"
NCERT_StdElectrode_04,4,Cu²⁺,True,"Correct. Cu²⁺/Cu has a positive E° (+0.34 V), while others have negative values, indicating Cu²⁺ is most easily reduced.",none,correct,none,0.0,analysis,high,reviewed,"[0, 0, 1, 0, 0, 0, 0, 0, 0, 0, 0, 0, 0, 0, 0]"
NCERT_StdElectrode_05,1,Fe³⁺ is a stronger oxidizing agent than Fe²⁺.,False,"Incorrect. The positive potential indicates that Fe³⁺ + e⁻ → Fe²⁺ is spontaneous; thus Fe³⁺ is an oxidizing agent, and Fe²⁺ is a reducing agent.",z_10,conceptual_error,medium,0.0667,analysis,high,reviewed,"[0, 0, 0, 0, 0, 0, 0, 0, 0, 0, 1, 0, 0, 0, 0]"
NCERT_StdElectrode_05,2,Fe²⁺ is a stronger reducing agent than Fe³⁺.,False,Incorrect. This is also true; Fe²⁺ is a reducing agent.,z_03,conceptual_error,medium,0.0667,analysis,high,reviewed,"[0, 0, 0, 1, 0, 0, 0, 0, 0, 0, 0, 0, 0, 0, 0]"
NCERT_StdElectrode_05,3,Fe³⁺ is more stable than Fe²⁺.,False,Incorrect. Fe³⁺ is not necessarily more stable; it is higher in energy but gets reduced easily.,z_04,conceptual_error,medium,0.0667,analysis,high,reviewed,"[0, 0, 0, 0, 1, 0, 0, 0, 0, 0, 0, 0, 0, 0, 0]"
NCERT_StdElectrode_05,4,Both A and B,True,"Correct. Both statements are correct: Fe³⁺ is an oxidizer, Fe²⁺ is a reducer.",none,correct,none,0.0,analysis,high,reviewed,"[0, 0, 1, 0, 0, 0, 0, 0, 0, 0, 0, 0, 0, 0, 0]"
NCERT_StdElectrode_06,1,Cr²⁺ is easily oxidized.,False,"Incorrect. Cr2+ is indeed easily oxidized to Cr3+, but that is a consequence of Cr3+'s stability rather than the primary explanation; the stability of the half-filled t2g (d3) configuration in Cr3+ is the direct reason.",z_10,conceptual_error,medium,0.0667,analysis,high,reviewed,"[0, 0, 0, 0, 0, 0, 0, 0, 0, 0, 1, 0, 0, 0, 0]"
NCERT_StdElectrode_06,2,"Cr³⁺ has a stable d³ configuration, making it difficult to reduce to Cr²⁺ (d⁴).",True,"Correct. Cr³⁺ (d³) has a half-filled t₂g level in octahedral field, giving extra stability. Reducing it to Cr²⁺ (d⁴) is unfavorable, so E°(Cr³⁺/Cr²⁺) is negative (-0.41 V).",none,correct,none,0.0,analysis,high,reviewed,"[0, 0, 0, 1, 0, 0, 0, 0, 0, 0, 0, 0, 0, 0, 0]"
NCERT_StdElectrode_06,3,Cr³⁺ is a strong reducing agent.,False,Incorrect. Actually Cr²⁺ is a strong reducing agent; Cr³⁺ is stable.,z_04,conceptual_error,medium,0.0667,analysis,high,reviewed,"[0, 0, 0, 0, 1, 0, 0, 0, 0, 0, 0, 0, 0, 0, 0]"
NCERT_StdElectrode_06,4,Cr²⁺ has a stable half-filled configuration.,False,"Incorrect. Cr²⁺ has d⁴, not half-filled.",z_02,conceptual_error,medium,0.0667,analysis,high,reviewed,"[0, 0, 1, 0, 0, 0, 0, 0, 0, 0, 0, 0, 0, 0, 0]"
NCERT_StdElectrode_07,1,Mn has a high ionization energy.,False,Incorrect. Ionization energy is not the direct factor here.,z_10,conceptual_error,medium,0.0667,analysis,high,reviewed,"[0, 0, 0, 0, 0, 0, 0, 0, 0, 0, 1, 0, 0, 0, 0]"
NCERT_StdElectrode_07,2,Mn³⁺ has a stable d⁴ configuration.,False,"Incorrect. Mn³⁺ is d⁴, not particularly stable.",z_03,conceptual_error,medium,0.0667,analysis,high,reviewed,"[0, 0, 0, 1, 0, 0, 0, 0, 0, 0, 0, 0, 0, 0, 0]"
NCERT_StdElectrode_07,3,Mn²⁺ is easily reduced.,False,Incorrect. Mn²⁺ is not easily reduced; it is stable.,z_04,conceptual_error,medium,0.0667,analysis,high,reviewed,"[0, 0, 0, 0, 1, 0, 0, 0, 0, 0, 0, 0, 0, 0, 0]"
NCERT_StdElectrode_07,4,"Mn²⁺ has a stable d⁵ configuration, making oxidation to Mn³⁺ difficult, so the reduction potential is high.",True,"Correct. Mn²⁺ is very stable (half-filled d⁵). Therefore, Mn³⁺ is a strong oxidizing agent (tends to get reduced to Mn²⁺), giving a high positive E°.",none,correct,none,0.0,analysis,high,reviewed,"[0, 0, 1, 0, 0, 0, 0, 0, 0, 0, 0, 0, 0, 0, 0]"
NCERT_StdElectrode_08,1,The E° values for M²⁺/M are all positive.,False,Incorrect. Many are negative.,z_10,conceptual_error,medium,0.0667,analysis,high,reviewed,"[0, 0, 0, 0, 0, 0, 0, 0, 0, 0, 1, 0, 0, 0, 0]"
NCERT_StdElectrode_08,2,The E° values for M²⁺/M become progressively more positive from Ti to Cu.,False,Incorrect. The trend is not monotonic.,z_03,conceptual_error,medium,0.0667,analysis,high,reviewed,"[0, 0, 0, 1, 0, 0, 0, 0, 0, 0, 0, 0, 0, 0, 0]"
NCERT_StdElectrode_08,3,The E° values for M²⁺/M show a regular increase with atomic number.,False,Incorrect. It is not regular due to configuration effects.,z_04,conceptual_error,medium,0.0667,analysis,high,reviewed,"[0, 0, 0, 0, 1, 0, 0, 0, 0, 0, 0, 0, 0, 0, 0]"
NCERT_StdElectrode_08,4,"The E° values for M²⁺/M become more negative from Ti to Mn, then less negative from Fe to Cu.",True,"Correct. The trend is: Ti (-1.63), V (-1.18), Cr (-0.91), Mn (-1.18), Fe (-0.44), Co (-0.28), Ni (-0.25), Cu (+0.34). So it becomes more negative from Ti to Mn (with a dip at Mn) then less negative (more positive) from Fe to Cu.",none,correct,none,0.0,analysis,high,reviewed,"[0, 0, 1, 0, 0, 0, 0, 0, 0, 0, 0, 0, 0, 0, 0]"
NCERT_StdElectrode_09,1,Cu is a stronger reducing agent than Ni.,False,"Incorrect. Cu metal is a weaker reducing agent than Ni (since Ni has more negative E° for M²⁺/M, Ni is more easily oxidized).",z_10,conceptual_error,medium,0.0667,analysis,high,reviewed,"[0, 0, 0, 0, 0, 0, 0, 0, 0, 0, 1, 0, 0, 0, 0]"
NCERT_StdElectrode_09,2,Cu²⁺ is more easily reduced than Ni²⁺.,True,Correct. The more positive E° indicates a greater tendency to be reduced.,none,correct,none,0.0,analysis,high,reviewed,"[0, 0, 0, 1, 0, 0, 0, 0, 0, 0, 0, 0, 0, 0, 0]"
NCERT_StdElectrode_09,3,Ni²⁺ is a stronger oxidizing agent than Cu²⁺.,False,Incorrect. Cu²⁺ is a stronger oxidizing agent.,z_04,conceptual_error,medium,0.0667,analysis,high,reviewed,"[0, 0, 0, 0, 1, 0, 0, 0, 0, 0, 0, 0, 0, 0, 0]"
NCERT_StdElectrode_09,4,Ni²⁺ is more easily reduced than Cu²⁺.,False,"Incorrect. Ni²⁺ has a negative E°, so it is less easily reduced.",z_02,conceptual_error,medium,0.0667,analysis,high,reviewed,"[0, 0, 1, 0, 0, 0, 0, 0, 0, 0, 0, 0, 0, 0, 0]"
NCERT_StdElectrode_10,1,High hydration enthalpy of Mn²⁺,False,"Incorrect. Ionization enthalpy contributes to the overall energy cycle for M²⁺/M, but it is not the primary reason for Mn's unusually negative E°; the special stability of the half-filled d⁵ configuration in Mn²⁺ is the dominant factor.",z_10,conceptual_error,medium,0.0667,analysis,high,reviewed,"[0, 0, 0, 0, 0, 0, 0, 0, 0, 0, 1, 0, 0, 0, 0]"
NCERT_StdElectrode_10,2,High ionization enthalpy of Mn,False,"Incorrect. A higher ionization enthalpy for Mn contributes to the overall energy cycle, but it is not the main reason for the unusually negative E; the dominant factor is the extra stability of the half-filled d5 configuration in Mn2+, which disfavors reduction to Mn metal.",z_03,conceptual_error,medium,0.0667,analysis,high,reviewed,"[0, 0, 0, 1, 0, 0, 0, 0, 0, 0, 0, 0, 0, 0, 0]"
NCERT_StdElectrode_10,3,The extra stability of Mn²⁺ (d⁵) making the reduction Mn²⁺ + 2e⁻ → Mn less favorable.,True,"Correct. The stability of Mn²⁺ means that the reduction to Mn metal is less favorable, giving a more negative E°.",none,correct,none,0.0,analysis,high,reviewed,"[0, 0, 0, 0, 1, 0, 0, 0, 0, 0, 0, 0, 0, 0, 0]"
NCERT_StdElectrode_10,4,Small size of Mn²⁺,False,"Incorrect. Small size increases hydration enthalpy, which would make E° less negative.",z_02,conceptual_error,medium,0.0667,analysis,high,reviewed,"[0, 0, 1, 0, 0, 0, 0, 0, 0, 0, 0, 0, 0, 0, 0]"
NCERT_MagneticProperties_01,1,The phenomenon where a substance is weakly repelled by a magnetic field.,False,Incorrect. That is diamagnetism.,z_05,conceptual_error,medium,0.0667,analysis,high,reviewed,"[0, 0, 0, 0, 0, 1, 0, 0, 0, 0, 0, 0, 0, 0, 0]"
NCERT_MagneticProperties_01,2,The phenomenon where a substance shows no magnetic behavior.,False,Incorrect. That is diamagnetism or no magnetic moment.,z_08,conceptual_error,medium,0.0667,analysis,high,reviewed,"[0, 0, 0, 0, 0, 0, 0, 0, 1, 0, 0, 0, 0, 0, 0]"
NCERT_MagneticProperties_01,3,The phenomenon where a substance is strongly attracted to a magnetic field due to the presence of unpaired electrons.,True,Correct. Paramagnetism arises from unpaired electrons; the substance is attracted into a magnetic field.,none,correct,none,0.0,analysis,high,reviewed,"[0, 0, 0, 0, 1, 0, 0, 0, 0, 0, 0, 0, 0, 0, 0]"
NCERT_MagneticProperties_01,4,The phenomenon where a substance retains magnetism after removal of the field.,False,Incorrect. That is ferromagnetism.,z_06,conceptual_error,medium,0.0667,analysis,high,reviewed,"[0, 0, 0, 0, 0, 0, 1, 0, 0, 0, 0, 0, 0, 0, 0]"
NCERT_MagneticProperties_02,1,Ni²⁺ (3d⁸),False,Incorrect. Ni²⁺ has two unpaired electrons (high-spin octahedral).,z_05,conceptual_error,medium,0.0667,analysis,high,reviewed,"[0, 0, 0, 0, 0, 1, 0, 0, 0, 0, 0, 0, 0, 0, 0]"
NCERT_MagneticProperties_02,2,Cu²⁺ (3d⁹),False,Incorrect. Cu²⁺ has one unpaired electron (d⁹).,z_08,conceptual_error,medium,0.0667,analysis,high,reviewed,"[0, 0, 0, 0, 0, 0, 0, 0, 1, 0, 0, 0, 0, 0, 0]"
NCERT_MagneticProperties_02,3,Co²⁺ (3d⁷),False,Incorrect. Co²⁺ has three unpaired electrons (high-spin).,z_04,conceptual_error,medium,0.0667,analysis,high,reviewed,"[0, 0, 0, 0, 1, 0, 0, 0, 0, 0, 0, 0, 0, 0, 0]"
NCERT_MagneticProperties_02,4,Zn²⁺ (3d¹⁰),True,"Correct. Zn²⁺ has a filled d¹⁰ configuration with no unpaired electrons, hence diamagnetic.",none,correct,none,0.0,analysis,high,reviewed,"[0, 0, 0, 0, 0, 0, 1, 0, 0, 0, 0, 0, 0, 0, 0]"
NCERT_MagneticProperties_03,1,The principal quantum number.,False,Incorrect. n in the formula is the number of unpaired electrons.,z_05,conceptual_error,medium,0.0667,analysis,high,reviewed,"[0, 0, 0, 0, 0, 1, 0, 0, 0, 0, 0, 0, 0, 0, 0]"
NCERT_MagneticProperties_03,2,The total number of electrons in the ion.,True,Correct. The spin-only magnetic moment depends on the number of unpaired electrons (n).,none,correct,none,0.0,analysis,high,reviewed,"[0, 0, 0, 0, 0, 0, 0, 0, 1, 0, 0, 0, 0, 0, 0]"
NCERT_MagneticProperties_03,3,The number of unpaired electrons.,False,Incorrect. Total electrons do not directly give magnetic moment.,z_04,conceptual_error,medium,0.0667,analysis,high,reviewed,"[0, 0, 0, 0, 1, 0, 0, 0, 0, 0, 0, 0, 0, 0, 0]"
NCERT_MagneticProperties_03,4,The number of d-electrons.,False,Incorrect. The number of d-electrons does not directly give unpaired electrons due to pairing.,z_06,conceptual_error,medium,0.0667,analysis,high,reviewed,"[0, 0, 0, 0, 0, 0, 1, 0, 0, 0, 0, 0, 0, 0, 0]"
NCERT_MagneticProperties_04,1,3.87 BM,False,Incorrect. That is for three unpaired electrons.,z_05,conceptual_error,medium,0.0667,analysis,high,reviewed,"[0, 0, 0, 0, 0, 1, 0, 0, 0, 0, 0, 0, 0, 0, 0]"
NCERT_MagneticProperties_04,2,5.92 BM,True,"Correct. Fe³⁺ has five unpaired electrons (high-spin), μ = √(5×7) = √35 ≈ 5.92 BM.",none,correct,none,0.0,analysis,high,reviewed,"[0, 0, 0, 0, 0, 0, 0, 0, 1, 0, 0, 0, 0, 0, 0]"
NCERT_MagneticProperties_04,3,0 BM,False,Incorrect. Fe³⁺ is paramagnetic.,z_04,conceptual_error,medium,0.0667,analysis,high,reviewed,"[0, 0, 0, 0, 1, 0, 0, 0, 0, 0, 0, 0, 0, 0, 0]"
NCERT_MagneticProperties_04,4,1.73 BM,False,Incorrect. That is for one unpaired electron.,z_06,conceptual_error,medium,0.0667,analysis,high,reviewed,"[0, 0, 0, 0, 0, 0, 1, 0, 0, 0, 0, 0, 0, 0, 0]"
NCERT_MagneticProperties_05,1,"The magnetic moment of a complex depends only on the metal ion, not on the ligands.",False,"Incorrect. Ligand field strength can cause pairing, affecting the number of unpaired electrons.",z_05,conceptual_error,medium,0.0667,analysis,high,reviewed,"[0, 0, 0, 0, 0, 1, 0, 0, 0, 0, 0, 0, 0, 0, 0]"
NCERT_MagneticProperties_05,2,All transition metal ions are paramagnetic.,False,Incorrect. Ions with d⁰ or d¹⁰ are diamagnetic.,z_08,conceptual_error,medium,0.0667,analysis,high,reviewed,"[0, 0, 0, 0, 0, 0, 0, 0, 1, 0, 0, 0, 0, 0, 0]"
NCERT_MagneticProperties_05,3,Paramagnetic substances are repelled by a magnetic field.,False,Incorrect. Paramagnetic substances are attracted.,z_04,conceptual_error,medium,0.0667,analysis,high,reviewed,"[0, 0, 0, 0, 1, 0, 0, 0, 0, 0, 0, 0, 0, 0, 0]"
NCERT_MagneticProperties_05,4,The magnetic moment is directly proportional to the number of unpaired electrons.,True,"Correct. The spin-only magnetic moment increases with the number of unpaired electrons, though the relationship is not linear but via the formula.",none,correct,none,0.0,analysis,high,reviewed,"[0, 0, 0, 0, 0, 0, 1, 0, 0, 0, 0, 0, 0, 0, 0]"
NCERT_MagneticProperties_06,1,The different oxidation states of iron.,False,Incorrect. Both contain Fe²⁺ (d⁶).,z_05,conceptual_error,medium,0.0667,analysis,high,reviewed,"[0, 0, 0, 0, 0, 1, 0, 0, 0, 0, 0, 0, 0, 0, 0]"
NCERT_MagneticProperties_06,2,The size of the metal ion.,False,Incorrect. Metal ion is the same.,z_08,conceptual_error,medium,0.0667,analysis,high,reviewed,"[0, 0, 0, 0, 0, 0, 0, 0, 1, 0, 0, 0, 0, 0, 0]"
NCERT_MagneticProperties_06,3,The geometry of the complexes.,False,Incorrect. Both are octahedral.,z_04,conceptual_error,medium,0.0667,analysis,high,reviewed,"[0, 0, 0, 0, 1, 0, 0, 0, 0, 0, 0, 0, 0, 0, 0]"
NCERT_MagneticProperties_06,4,"The strong field CN⁻ ligand causing pairing of electrons (low-spin), while H₂O is a weak field ligand (high-spin).",True,"Correct. CN⁻ is a strong field ligand, causing pairing of the six d-electrons (t₂g⁶, eg⁰), giving no unpaired electrons. H₂O is a weak field ligand, giving high-spin configuration (t₂g⁴, eg²) with four unpaired electrons.",none,correct,none,0.0,analysis,high,reviewed,"[0, 0, 0, 0, 0, 0, 1, 0, 0, 0, 0, 0, 0, 0, 0]"
NCERT_MagneticProperties_07,1,[Co(NH₃)₆]³⁺ (low-spin),False,"Incorrect. Co³⁺ (d⁶) in strong field is low-spin, t₂g⁶, diamagnetic.",z_05,conceptual_error,medium,0.0667,analysis,high,reviewed,"[0, 0, 0, 0, 0, 1, 0, 0, 0, 0, 0, 0, 0, 0, 0]"
NCERT_MagneticProperties_07,2,[Zn(NH₃)₄]²⁺,False,"Incorrect. Zn²⁺ has d¹⁰, diamagnetic.",z_08,conceptual_error,medium,0.0667,analysis,high,reviewed,"[0, 0, 0, 0, 0, 0, 0, 0, 1, 0, 0, 0, 0, 0, 0]"
NCERT_MagneticProperties_07,3,[Ni(CN)₄]²⁻,False,"Incorrect. [Ni(CN)₄]²⁻ is square planar, Ni²⁺ (d⁸) in strong field gives no unpaired electrons (diamagnetic).",z_04,conceptual_error,medium,0.0667,analysis,high,reviewed,"[0, 0, 0, 0, 1, 0, 0, 0, 0, 0, 0, 0, 0, 0, 0]"
NCERT_MagneticProperties_07,4,[Cr(H₂O)₆]³⁺,True,"Correct. Cr³⁺ (d³) has three unpaired electrons in octahedral field regardless of ligand strength (t₂g³), paramagnetic.",none,correct,none,0.0,analysis,high,reviewed,"[0, 0, 0, 0, 0, 0, 1, 0, 0, 0, 0, 0, 0, 0, 0]"
NCERT_MagneticProperties_08,1,3.87 BM,True,Correct. μ = √(3×5) = √15 = 3.87 BM.,none,correct,none,0.0,analysis,high,reviewed,"[0, 0, 0, 0, 0, 1, 0, 0, 0, 0, 0, 0, 0, 0, 0]"
NCERT_MagneticProperties_08,2,2.83 BM,False,Incorrect. For two unpaired electrons (√8=2.83).,z_08,conceptual_error,medium,0.0667,analysis,high,reviewed,"[0, 0, 0, 0, 0, 0, 0, 0, 1, 0, 0, 0, 0, 0, 0]"
NCERT_MagneticProperties_08,3,4.90 BM,False,Incorrect. That would be for four unpaired electrons (√24=4.90).,z_04,conceptual_error,medium,0.0667,analysis,high,reviewed,"[0, 0, 0, 0, 1, 0, 0, 0, 0, 0, 0, 0, 0, 0, 0]"
NCERT_MagneticProperties_08,4,1.73 BM,False,Incorrect. For one unpaired electron (√3=1.73).,z_06,conceptual_error,medium,0.0667,analysis,high,reviewed,"[0, 0, 0, 0, 0, 0, 1, 0, 0, 0, 0, 0, 0, 0, 0]"
NCERT_MagneticProperties_09,1,Because they are good conductors.,False,"Incorrect. Conductivity is due to mobile electrons, not directly color/paramagnetism.",z_05,conceptual_error,medium,0.0667,analysis,high,reviewed,"[0, 0, 0, 0, 0, 1, 0, 0, 0, 0, 0, 0, 0, 0, 0]"
NCERT_MagneticProperties_09,2,Because they have high melting points.,False,"Incorrect. High melting point is due to metallic bonding, not directly color/paramagnetism.",z_08,conceptual_error,medium,0.0667,analysis,high,reviewed,"[0, 0, 0, 0, 0, 0, 0, 0, 1, 0, 0, 0, 0, 0, 0]"
NCERT_MagneticProperties_09,3,Because they have partially filled d-orbitals that can absorb light and have unpaired electrons.,True,Correct. Partially filled d-orbitals allow d-d transitions (color) and often have unpaired electrons (paramagnetism).,none,correct,none,0.0,analysis,high,reviewed,"[0, 0, 0, 0, 1, 0, 0, 0, 0, 0, 0, 0, 0, 0, 0]"
NCERT_MagneticProperties_09,4,Because they have completely filled d-orbitals.,False,Incorrect. Completely filled d-orbitals (d¹⁰) give colorless and diamagnetic compounds.,z_06,conceptual_error,medium,0.0667,analysis,high,reviewed,"[0, 0, 0, 0, 0, 0, 1, 0, 0, 0, 0, 0, 0, 0, 0]"
NCERT_MagneticProperties_10,1,"F⁻ is a strong field ligand, NH₃ is weak field.",False,"Incorrect. F⁻ is weak field, NH₃ is stronger field.",z_05,conceptual_error,medium,0.0667,analysis,high,reviewed,"[0, 0, 0, 0, 0, 1, 0, 0, 0, 0, 0, 0, 0, 0, 0]"
NCERT_MagneticProperties_10,2,"Co is in +3 state in both, but F⁻ causes high-spin (four unpaired electrons) and NH₃ causes low-spin (diamagnetic).",True,"Correct. Co³⁺ is d⁶. In weak field (F⁻), it is high-spin with four unpaired electrons (μ ≈ 4.9 BM); in strong field (NH₃), it is low-spin (t₂g⁶) with no unpaired electrons.",none,correct,none,0.0,analysis,high,reviewed,"[0, 0, 0, 0, 0, 0, 0, 0, 1, 0, 0, 0, 0, 0, 0]"
NCERT_MagneticProperties_10,3,The geometry is different.,False,Incorrect. Both are octahedral.,z_04,conceptual_error,medium,0.0667,analysis,high,reviewed,"[0, 0, 0, 0, 1, 0, 0, 0, 0, 0, 0, 0, 0, 0, 0]"
NCERT_MagneticProperties_10,4,Co³⁺ is d⁷ in one complex and d⁵ in the other.,False,Incorrect. Both are Co³⁺ (d⁶).,z_06,conceptual_error,medium,0.0667,analysis,high,reviewed,"[0, 0, 0, 0, 0, 0, 1, 0, 0, 0, 0, 0, 0, 0, 0]"
NCERT_HSAB_01,1,Heavy and Light Acid Base theory,False,Incorrect. This is not the correct expansion.,z_09,conceptual_error,medium,0.0667,recall,high,reviewed,"[0, 0, 0, 0, 0, 0, 0, 0, 0, 1, 0, 0, 0, 0, 0]"
NCERT_HSAB_01,2,High Spin and Low Spin Acids and Bases,False,"Incorrect. This refers to spin states in coordination chemistry, not HSAB.",z_14,conceptual_error,medium,0.0667,recall,high,reviewed,"[0, 0, 0, 0, 0, 0, 0, 0, 0, 0, 0, 0, 0, 0, 1]"
NCERT_HSAB_01,3,Hard and Soft Acids and Bases,True,"Correct. HSAB stands for Hard and Soft Acids and Bases, a classification based on polarizability and charge density.",none,correct,none,0.0,recall,high,reviewed,"[0, 0, 0, 0, 0, 0, 0, 0, 0, 0, 0, 0, 0, 0, 1]"
NCERT_HSAB_01,4,Hydrogen and Sulfur Acid Base theory,False,Incorrect. This is not the correct expansion.,z_11,conceptual_error,medium,0.0667,recall,high,reviewed,"[0, 0, 0, 0, 0, 0, 0, 0, 0, 0, 0, 1, 0, 0, 0]"
NCERT_HSAB_02,1,"Small size, low charge, high polarizability",False,Incorrect. Small size and high polarizability are not typical for hard acids.,z_09,conceptual_error,medium,0.0667,recall,high,reviewed,"[0, 0, 0, 0, 0, 0, 0, 0, 0, 1, 0, 0, 0, 0, 0]"
NCERT_HSAB_02,2,"Small size, high charge, low polarizability",True,"Correct. Hard acids are typically small, highly charged cations (e.g., Li⁺, Al³⁺) with low polarizability.",none,correct,none,0.0,recall,high,reviewed,"[0, 0, 0, 0, 0, 0, 0, 0, 0, 0, 0, 0, 0, 0, 1]"
NCERT_HSAB_02,3,"Large size, high charge, low polarizability",False,Incorrect. Large size with high charge is not a typical combination; also polarizability would be moderate.,z_14,conceptual_error,medium,0.0667,recall,high,reviewed,"[0, 0, 0, 0, 0, 0, 0, 0, 0, 0, 0, 0, 0, 0, 1]"
NCERT_HSAB_02,4,"Large size, low charge, high polarizability",False,Incorrect. This describes soft acids.,z_11,conceptual_error,medium,0.0667,recall,high,reviewed,"[0, 0, 0, 0, 0, 0, 0, 0, 0, 0, 0, 1, 0, 0, 0]"
NCERT_HSAB_03,1,Cl⁻,False,"Incorrect. Cl⁻ is intermediate, but harder than I⁻; it is often considered a borderline base.",z_09,conceptual_error,medium,0.0667,recall,high,reviewed,"[0, 0, 0, 0, 0, 0, 0, 0, 0, 1, 0, 0, 0, 0, 0]"
NCERT_HSAB_03,2,I⁻,True,"Correct. I⁻ is large, easily polarizable, and has low electronegativity, making it a soft base.",none,correct,none,0.0,recall,high,reviewed,"[0, 0, 0, 0, 0, 0, 0, 0, 0, 0, 0, 0, 0, 0, 1]"
NCERT_HSAB_03,3,OH⁻,False,"Incorrect. OH⁻ is a hard base (moderate size, but high charge density).",z_14,conceptual_error,medium,0.0667,recall,high,reviewed,"[0, 0, 0, 0, 0, 0, 0, 0, 0, 0, 0, 0, 0, 0, 1]"
NCERT_HSAB_03,4,F⁻,False,"Incorrect. F⁻ is a hard base (small, high electronegativity, low polarizability).",z_11,conceptual_error,medium,0.0667,recall,high,reviewed,"[0, 0, 0, 0, 0, 0, 0, 0, 0, 0, 0, 1, 0, 0, 0]"
NCERT_HSAB_04,1,All bases equally,False,Incorrect. Selectivity is governed by hard-hard and soft-soft interactions.,z_09,conceptual_error,medium,0.0667,recall,high,reviewed,"[0, 0, 0, 0, 0, 0, 0, 0, 0, 1, 0, 0, 0, 0, 0]"
NCERT_HSAB_04,2,Borderline bases,False,Incorrect. Borderline bases may form intermediate stability.,z_14,conceptual_error,medium,0.0667,recall,high,reviewed,"[0, 0, 0, 0, 0, 0, 0, 0, 0, 0, 0, 0, 0, 0, 1]"
NCERT_HSAB_04,3,Soft bases,False,"Incorrect. Hard acids prefer hard bases, not soft.",z_14,conceptual_error,medium,0.0667,recall,high,reviewed,"[0, 0, 0, 0, 0, 0, 0, 0, 0, 0, 0, 0, 0, 0, 1]"
NCERT_HSAB_04,4,Hard bases,True,"Correct. Hard acids form more stable complexes with hard bases, which are also small and of low polarizability (electrostatic interactions dominate).",none,correct,none,0.0,recall,high,reviewed,"[0, 0, 0, 0, 0, 0, 0, 0, 0, 0, 0, 1, 0, 0, 0]"
NCERT_HSAB_05,1,"[AgI]⁻ (Ag⁺ is soft, I⁻ is soft)",True,Correct. Both Ag⁺ (soft acid) and I⁻ (soft base) give a stable complex due to soft-soft interaction.,none,correct,none,0.0,recall,high,reviewed,"[0, 0, 0, 0, 0, 0, 0, 0, 0, 1, 0, 0, 0, 0, 0]"
NCERT_HSAB_05,2,"[LiI] (Li⁺ is hard, I⁻ is soft)",False,Incorrect. Hard-soft combination is less stable.,z_14,conceptual_error,medium,0.0667,recall,high,reviewed,"[0, 0, 0, 0, 0, 0, 0, 0, 0, 0, 0, 0, 0, 0, 1]"
NCERT_HSAB_05,3,"[AgF] (Ag⁺ is soft, F⁻ is hard)",False,Incorrect. Soft-hard combination is less stable.,z_14,conceptual_error,medium,0.0667,recall,high,reviewed,"[0, 0, 0, 0, 0, 0, 0, 0, 0, 0, 0, 0, 0, 0, 1]"
NCERT_HSAB_05,4,"[NaF] (Na⁺ is hard, F⁻ is hard)",False,"Incorrect. Hard-hard combination is stable, but the question asks for more stable; soft-soft also gives high stability. The classic example is AgI being more stable than AgF.",z_11,conceptual_error,medium,0.0667,recall,high,reviewed,"[0, 0, 0, 0, 0, 0, 0, 0, 0, 0, 0, 1, 0, 0, 0]"
NCERT_HSAB_06,1,The ligand field strength increases.,False,Incorrect. Ligand field strength is not the primary factor for halides with soft metals.,z_09,conceptual_error,medium,0.0667,recall,high,reviewed,"[0, 0, 0, 0, 0, 0, 0, 0, 0, 1, 0, 0, 0, 0, 0]"
NCERT_HSAB_06,2,"The ionic radius increases, making the bond more covalent.",True,"Correct. For soft metals, covalency and polarizability dominate the interaction; larger halides are softer and therefore form stronger, more stable bonds.",none,correct,none,0.0,recall,high,reviewed,"[0, 0, 0, 0, 0, 0, 0, 0, 0, 0, 0, 0, 0, 0, 1]"
NCERT_HSAB_06,3,"The electronegativity increases, increasing bond strength.",False,"Incorrect. Electronegativity decreases from F to I, so this doesn't explain the order.",z_14,conceptual_error,medium,0.0667,recall,high,reviewed,"[0, 0, 0, 0, 0, 0, 0, 0, 0, 0, 0, 0, 0, 0, 1]"
NCERT_HSAB_06,4,The basicity increases in the order I⁻ > Br⁻ > Cl⁻ > F⁻.,False,"Incorrect. Basicity order in water is F⁻ > Cl⁻ > Br⁻ > I⁻, opposite to stability for soft metals.",z_11,conceptual_error,medium,0.0667,recall,high,reviewed,"[0, 0, 0, 0, 0, 0, 0, 0, 0, 0, 0, 1, 0, 0, 0]"
NCERT_HSAB_07,1,"Low electronegativity, low polarizability",False,Incorrect. Low electronegativity would make them soft.,z_09,conceptual_error,medium,0.0667,recall,high,reviewed,"[0, 0, 0, 0, 0, 0, 0, 0, 0, 1, 0, 0, 0, 0, 0]"
NCERT_HSAB_07,2,"High electronegativity, high polarizability",False,Incorrect. High polarizability is not characteristic of hard bases.,z_14,conceptual_error,medium,0.0667,recall,high,reviewed,"[0, 0, 0, 0, 0, 0, 0, 0, 0, 0, 0, 0, 0, 0, 1]"
NCERT_HSAB_07,3,"Low electronegativity, high polarizability, large size",False,Incorrect. This describes soft bases.,z_14,conceptual_error,medium,0.0667,recall,high,reviewed,"[0, 0, 0, 0, 0, 0, 0, 0, 0, 0, 0, 0, 0, 0, 1]"
NCERT_HSAB_07,4,"High electronegativity, low polarizability, and small size",True,"Correct. Hard bases are small, highly electronegative atoms (like O, F, N) with low polarizability.",none,correct,none,0.0,recall,high,reviewed,"[0, 0, 0, 0, 0, 0, 0, 0, 0, 0, 0, 1, 0, 0, 0]"
NCERT_HSAB_08,1,"The HSAB principle: Hg²⁺ is a soft acid, I⁻ is a soft base.",True,"Correct. Hg²⁺ (soft) prefers soft base I⁻ over hard base F⁻, leading to greater stability.",none,correct,none,0.0,recall,high,reviewed,"[0, 0, 0, 0, 0, 0, 0, 0, 0, 1, 0, 0, 0, 0, 0]"
NCERT_HSAB_08,2,The inert pair effect.,False,"Incorrect. Inert pair effect is about oxidation states, not complex stability.",z_14,conceptual_error,medium,0.0667,recall,high,reviewed,"[0, 0, 0, 0, 0, 0, 0, 0, 0, 0, 0, 0, 0, 0, 1]"
NCERT_HSAB_08,3,The lanthanoid contraction.,False,"Incorrect. Lanthanoid contraction affects size of lanthanoids, not this.",z_14,conceptual_error,medium,0.0667,recall,high,reviewed,"[0, 0, 0, 0, 0, 0, 0, 0, 0, 0, 0, 0, 0, 0, 1]"
NCERT_HSAB_08,4,The high hydration enthalpy of F⁻.,False,"Incorrect. Hydration enthalpy affects solubility, not complex formation stability in non-aqueous or overall complex stability constant.",z_11,conceptual_error,medium,0.0667,recall,high,reviewed,"[0, 0, 0, 0, 0, 0, 0, 0, 0, 0, 0, 1, 0, 0, 0]"
NCERT_HSAB_09,1,Zn²⁺,True,"Correct. Zn²⁺ is often classified as borderline, with properties intermediate between hard and soft.",none,correct,none,0.0,recall,high,reviewed,"[0, 0, 0, 0, 0, 0, 0, 0, 0, 1, 0, 0, 0, 0, 0]"
NCERT_HSAB_09,2,Li⁺,False,Incorrect. Li⁺ is a hard acid.,z_14,conceptual_error,medium,0.0667,recall,high,reviewed,"[0, 0, 0, 0, 0, 0, 0, 0, 0, 0, 0, 0, 0, 0, 1]"
NCERT_HSAB_09,3,Cu⁺,False,Incorrect. Cu⁺ is a soft acid.,z_14,conceptual_error,medium,0.0667,recall,high,reviewed,"[0, 0, 0, 0, 0, 0, 0, 0, 0, 0, 0, 0, 0, 0, 1]"
NCERT_HSAB_09,4,Fe³⁺,False,Incorrect. Fe³⁺ is considered a hard acid.,z_11,conceptual_error,medium,0.0667,recall,high,reviewed,"[0, 0, 0, 0, 0, 0, 0, 0, 0, 0, 0, 1, 0, 0, 0]"
NCERT_HSAB_10,1,Hard acid with Soft base,False,Incorrect. Hard-soft interactions are mismatched and generally less stable.,z_06,conceptual_error,medium,0.0667,application,high,reviewed,"[0, 0, 0, 0, 0, 0, 1, 0, 0, 0, 0, 0, 0, 0, 0]"
NCERT_HSAB_10,2,Soft acid with Hard base,False,Incorrect. Soft-hard interactions are mismatched and less stable.,z_03,conceptual_error,medium,0.0667,application,high,reviewed,"[0, 0, 0, 1, 0, 0, 0, 0, 0, 0, 0, 0, 0, 0, 0]"
NCERT_HSAB_10,3,Soft acid with Soft base,True,"Correct. The HSAB principle states that hard acids prefer hard bases, and soft acids prefer soft bases for maximum stability.",none,correct,none,0.0,application,high,reviewed,"[0, 0, 1, 0, 0, 0, 0, 0, 0, 0, 0, 0, 0, 0, 0]"
NCERT_HSAB_10,4,Borderline acid with Hard base,False,Incorrect. A direct hard-hard or soft-soft match is fundamentally more favored.,z_09,conceptual_error,medium,0.0667,application,high,reviewed,"[0, 0, 0, 0, 0, 0, 0, 0, 0, 1, 0, 0, 0, 0, 0]"
NCERT_Boranes_01,1,Alloys of boron with metals.,False,Incorrect. Those are borides.,z_02,conceptual_error,medium,0.0667,recall,high,reviewed,"[0, 0, 1, 0, 0, 0, 0, 0, 0, 0, 0, 0, 0, 0, 0]"
NCERT_Boranes_01,2,Hydrides of boron that are always ionic.,False,"Incorrect. Boranes are covalent, not ionic.",z_11,conceptual_error,medium,0.0667,recall,high,reviewed,"[0, 0, 0, 0, 0, 0, 0, 0, 0, 0, 0, 1, 0, 0, 0]"
NCERT_Boranes_01,3,"Compounds containing boron and hydrogen, with general formula BₙHₙ₊ₓ.",True,"Correct. Boranes are binary compounds of boron and hydrogen, characterized by electron-deficient bonding.",none,correct,none,0.0,recall,high,reviewed,"[0, 0, 0, 0, 0, 0, 1, 0, 0, 0, 0, 0, 0, 0, 0]"
NCERT_Boranes_01,4,Compounds containing boron and oxygen.,False,Incorrect. Those are borates or boric acid derivatives.,z_01,conceptual_error,medium,0.0667,recall,high,reviewed,"[0, 1, 0, 0, 0, 0, 0, 0, 0, 0, 0, 0, 0, 0, 0]"
NCERT_Boranes_02,1,They contain boron in a negative oxidation state.,False,Incorrect. Boron is electropositive; in boranes it is in positive oxidation state.,z_02,conceptual_error,medium,0.0667,recall,high,reviewed,"[0, 0, 1, 0, 0, 0, 0, 0, 0, 0, 0, 0, 0, 0, 0]"
NCERT_Boranes_02,2,They have fewer valence electrons than required to form normal covalent bonds.,True,"Correct. In boranes, there are not enough valence electrons to form two-electron bonds between all pairs of bonded atoms; they utilize three-center two-electron bonds.",none,correct,none,0.0,recall,high,reviewed,"[0, 0, 0, 0, 0, 0, 0, 0, 0, 0, 0, 1, 0, 0, 0]"
NCERT_Boranes_02,3,They are highly reactive with water.,False,"Incorrect. Reactivity is a consequence, not the definition of electron deficiency.",z_06,conceptual_error,medium,0.0667,recall,high,reviewed,"[0, 0, 0, 0, 0, 0, 1, 0, 0, 0, 0, 0, 0, 0, 0]"
NCERT_Boranes_02,4,They have an excess of electrons.,False,"Incorrect. They are electron-deficient, not electron-rich.",z_01,conceptual_error,medium,0.0667,recall,high,reviewed,"[0, 1, 0, 0, 0, 0, 0, 0, 0, 0, 0, 0, 0, 0, 0]"
NCERT_Boranes_03,1,Two-center two-electron (2c-2e) bonds,False,"Incorrect. While 2c-2e bonds exist, the characteristic feature is 3c-2e bonds.",z_02,conceptual_error,medium,0.0667,recall,high,reviewed,"[0, 0, 1, 0, 0, 0, 0, 0, 0, 0, 0, 0, 0, 0, 0]"
NCERT_Boranes_03,2,Three-center four-electron (3c-4e) bonds,False,Incorrect. 3c-4e bonds are found in hypervalent compounds like XeF₂.,z_11,conceptual_error,medium,0.0667,recall,high,reviewed,"[0, 0, 0, 0, 0, 0, 0, 0, 0, 0, 0, 1, 0, 0, 0]"
NCERT_Boranes_03,3,Three-center two-electron (3c-2e) bonds,True,"Correct. Boranes contain three-center two-electron bonds, where two electrons are shared among three atoms (B–H–B bridges).",none,correct,none,0.0,recall,high,reviewed,"[0, 0, 0, 0, 0, 0, 1, 0, 0, 0, 0, 0, 0, 0, 0]"
NCERT_Boranes_03,4,Ionic bonds,False,Incorrect. Boranes are covalent.,z_01,conceptual_error,medium,0.0667,recall,high,reviewed,"[0, 1, 0, 0, 0, 0, 0, 0, 0, 0, 0, 0, 0, 0, 0]"
NCERT_Boranes_04,1,4,False,"Incorrect. Diborane has six B-H bonds in total, but only the two bridging B-H-B bonds are 3-center-2-electron bonds.",z_02,conceptual_error,medium,0.0667,recall,high,reviewed,"[0, 0, 1, 0, 0, 0, 0, 0, 0, 0, 0, 0, 0, 0, 0]"
NCERT_Boranes_04,2,2,True,"Correct. Diborane has two B–H–B bridging bonds, each a 3c-2e bond, and four terminal B–H bonds which are normal 2c-2e bonds.",none,correct,none,0.0,recall,high,reviewed,"[0, 0, 0, 0, 0, 0, 0, 0, 0, 0, 0, 1, 0, 0, 0]"
NCERT_Boranes_04,3,0,False,Incorrect. There are two 3c-2e bonds.,z_06,conceptual_error,medium,0.0667,recall,high,reviewed,"[0, 0, 0, 0, 0, 0, 1, 0, 0, 0, 0, 0, 0, 0, 0]"
NCERT_Boranes_04,4,6,False,"Incorrect. Diborane has six B–H bonds in total (four terminal 2-center-2-electron bonds plus two bridging 3-center-2-electron bonds), but only the two bridging B–H–B bonds are 3c-2e bonds.",z_01,conceptual_error,medium,0.0667,recall,high,reviewed,"[0, 1, 0, 0, 0, 0, 0, 0, 0, 0, 0, 0, 0, 0, 0]"
NCERT_Boranes_05,1,"Two BH₃ units linked by two B–H–B bridging bonds, with terminal H atoms on each B.",True,"Correct. Diborane consists of two boron atoms, each with two terminal H atoms, and two bridging hydrogen atoms forming B–H–B bonds.",none,correct,none,0.0,recall,high,reviewed,"[0, 0, 1, 0, 0, 0, 0, 0, 0, 0, 0, 0, 0, 0, 0]"
NCERT_Boranes_05,2,A linear chain of boron atoms.,False,Incorrect. The structure is not linear.,z_11,conceptual_error,medium,0.0667,recall,high,reviewed,"[0, 0, 0, 0, 0, 0, 0, 0, 0, 0, 0, 1, 0, 0, 0]"
NCERT_Boranes_05,3,Two BH₃ units linked by a B–B bond.,False,Incorrect. There is no B–B bond in diborane.,z_06,conceptual_error,medium,0.0667,recall,high,reviewed,"[0, 0, 0, 0, 0, 0, 1, 0, 0, 0, 0, 0, 0, 0, 0]"
NCERT_Boranes_05,4,A ring structure with alternating B and H.,False,Incorrect. The bridging hydrogens are not in the ring with B; it's not a simple ring.,z_01,conceptual_error,medium,0.0667,recall,high,reviewed,"[0, 1, 0, 0, 0, 0, 0, 0, 0, 0, 0, 0, 0, 0, 0]"
NCERT_Boranes_06,1,Ionic bond,False,Incorrect. Bonding is covalent.,z_02,conceptual_error,medium,0.0667,recall,high,reviewed,"[0, 0, 1, 0, 0, 0, 0, 0, 0, 0, 0, 0, 0, 0, 0]"
NCERT_Boranes_06,2,Three-center two-electron bond,False,Incorrect. That is a terminal B–H bond.,z_11,conceptual_error,medium,0.0667,recall,high,reviewed,"[0, 0, 0, 0, 0, 0, 0, 0, 0, 0, 0, 1, 0, 0, 0]"
NCERT_Boranes_06,3,Three-center four-electron bond,False,Incorrect. That type is found in compounds like XeF₂.,z_06,conceptual_error,medium,0.0667,recall,high,reviewed,"[0, 0, 0, 0, 0, 0, 1, 0, 0, 0, 0, 0, 0, 0, 0]"
NCERT_Boranes_06,4,Two-center two-electron bond,True,Correct. The bridging hydrogens are bonded to both boron atoms through a delocalized 3c-2e bond.,none,correct,none,0.0,recall,high,reviewed,"[0, 1, 0, 0, 0, 0, 0, 0, 0, 0, 0, 0, 0, 0, 0]"
NCERT_Boranes_07,1,Ionic solids,False,Incorrect. Boranes are covalent molecular compounds.,z_02,conceptual_error,medium,0.0667,recall,high,reviewed,"[0, 0, 1, 0, 0, 0, 0, 0, 0, 0, 0, 0, 0, 0, 0]"
NCERT_Boranes_07,2,Simple dimers like B₂H₆,False,Incorrect. Only B₂H₆ is a simple dimer.,z_11,conceptual_error,medium,0.0667,recall,high,reviewed,"[0, 0, 0, 0, 0, 0, 0, 0, 0, 0, 0, 1, 0, 0, 0]"
NCERT_Boranes_07,3,"Closo, nido, arachno structures (polyhedral fragments)",True,"Correct. Higher boranes are classified as closo (closed polyhedron), nido (nest-like), arachno (web-like), etc., based on their cage structures.",none,correct,none,0.0,recall,high,reviewed,"[0, 0, 0, 0, 0, 0, 1, 0, 0, 0, 0, 0, 0, 0, 0]"
NCERT_Boranes_07,4,Open chain structures,False,Incorrect. Higher boranes have polyhedral frameworks.,z_01,conceptual_error,medium,0.0667,recall,high,reviewed,"[0, 1, 0, 0, 0, 0, 0, 0, 0, 0, 0, 0, 0, 0, 0]"
NCERT_Boranes_08,1,The structure of boranes based on the number of skeletal electron pairs.,True,"Correct. Wade's rules relate the number of skeletal electron pairs to the geometry (closo, nido, arachno) of boranes and carboranes.",none,correct,none,0.0,recall,high,reviewed,"[0, 0, 1, 0, 0, 0, 0, 0, 0, 0, 0, 0, 0, 0, 0]"
NCERT_Boranes_08,2,The solubility of boranes.,False,Incorrect. Not directly related to solubility.,z_11,conceptual_error,medium,0.0667,recall,high,reviewed,"[0, 0, 0, 0, 0, 0, 0, 0, 0, 0, 0, 1, 0, 0, 0]"
NCERT_Boranes_08,3,The color of boranes.,False,Incorrect. Not related to color.,z_06,conceptual_error,medium,0.0667,recall,high,reviewed,"[0, 0, 0, 0, 0, 0, 1, 0, 0, 0, 0, 0, 0, 0, 0]"
NCERT_Boranes_08,4,The magnetic properties of boranes.,False,"Incorrect. Wade's rules are structural, not magnetic.",z_01,conceptual_error,medium,0.0667,recall,high,reviewed,"[0, 1, 0, 0, 0, 0, 0, 0, 0, 0, 0, 0, 0, 0, 0]"
NCERT_Boranes_09,1,"Boranes are highly reactive, often pyrophoric in air.",False,Incorrect. Boranes react vigorously with oxygen and water.,z_02,conceptual_error,medium,0.0667,recall,high,reviewed,"[0, 0, 1, 0, 0, 0, 0, 0, 0, 0, 0, 0, 0, 0, 0]"
NCERT_Boranes_09,2,Both B and C.,True,Correct. Both statements B and C are correct.,none,correct,none,0.0,recall,high,reviewed,"[0, 0, 0, 0, 0, 0, 0, 0, 0, 0, 0, 1, 0, 0, 0]"
NCERT_Boranes_09,3,Boranes are stable in air and water.,False,"Incorrect. Boranes are air and moisture sensitive, often spontaneously flammable.",z_06,conceptual_error,medium,0.0667,recall,high,reviewed,"[0, 0, 0, 0, 0, 0, 1, 0, 0, 0, 0, 0, 0, 0, 0]"
NCERT_Boranes_09,4,Boranes are used as reducing agents.,False,"Incorrect. Boranes, especially diborane, are strong reducing agents.",z_01,conceptual_error,medium,0.0667,recall,high,reviewed,"[0, 1, 0, 0, 0, 0, 0, 0, 0, 0, 0, 0, 0, 0, 0]"
NCERT_Boranes_10,1,B₆H₆²⁻,True,"Correct. Closo-boranes have the general formula [BₙHₙ]²⁻ (e.g., B₆H₆²⁻).",none,correct,none,0.0,recall,high,reviewed,"[0, 0, 1, 0, 0, 0, 0, 0, 0, 0, 0, 0, 0, 0, 0]"
NCERT_Boranes_10,2,B₆H₁₂,False,Incorrect. That formula does not fit closo pattern.,z_11,conceptual_error,medium,0.0667,recall,high,reviewed,"[0, 0, 0, 0, 0, 0, 0, 0, 0, 0, 0, 1, 0, 0, 0]"
NCERT_Boranes_10,3,B₆H₁₀,False,Incorrect. B₆H₁₀ would be nido.,z_06,conceptual_error,medium,0.0667,recall,high,reviewed,"[0, 0, 0, 0, 0, 0, 1, 0, 0, 0, 0, 0, 0, 0, 0]"
NCERT_Boranes_10,4,B₆H₈,False,Incorrect. That formula is not standard.,z_01,conceptual_error,medium,0.0667,recall,high,reviewed,"[0, 1, 0, 0, 0, 0, 0, 0, 0, 0, 0, 0, 0, 0, 0]"
NCERT_VSEPR_Hypervalent_01,1,A molecule with a central atom having an expanded octet using d-orbitals.,False,Incorrect. This is also part of the definition.,z_08,conceptual_error,medium,0.0667,analysis,high,reviewed,"[0, 0, 0, 0, 0, 0, 0, 0, 1, 0, 0, 0, 0, 0, 0]"
NCERT_VSEPR_Hypervalent_01,2,Both A and B,True,"Correct. Hypervalent molecules are those in which the central atom exceeds the octet, typically by involving d-orbitals (e.g., PCl₅, SF₆).",none,correct,none,0.0,analysis,high,reviewed,"[0, 0, 1, 0, 0, 0, 0, 0, 0, 0, 0, 0, 0, 0, 0]"
NCERT_VSEPR_Hypervalent_01,3,A molecule where the central atom has more than eight electrons in its valence shell.,False,Incorrect. This is part of the definition.,z_09,conceptual_error,medium,0.0667,analysis,high,reviewed,"[0, 0, 0, 0, 0, 0, 0, 0, 0, 1, 0, 0, 0, 0, 0]"
NCERT_VSEPR_Hypervalent_01,4,A molecule with high bond energy.,False,Incorrect. This is not the definition.,z_01,conceptual_error,medium,0.0667,analysis,high,reviewed,"[0, 1, 0, 0, 0, 0, 0, 0, 0, 0, 0, 0, 0, 0, 0]"
NCERT_VSEPR_Hypervalent_02,1,Square pyramidal,False,Incorrect. Square pyramidal would require five bond pairs and one lone pair.,z_08,conceptual_error,medium,0.0667,analysis,high,reviewed,"[0, 0, 0, 0, 0, 0, 0, 0, 1, 0, 0, 0, 0, 0, 0]"
NCERT_VSEPR_Hypervalent_02,2,Octahedral,False,Incorrect. Octahedral requires six bond pairs.,z_02,conceptual_error,medium,0.0667,analysis,high,reviewed,"[0, 0, 1, 0, 0, 0, 0, 0, 0, 0, 0, 0, 0, 0, 0]"
NCERT_VSEPR_Hypervalent_02,3,Tetrahedral,False,Incorrect. Tetrahedral requires four bond pairs.,z_09,conceptual_error,medium,0.0667,analysis,high,reviewed,"[0, 0, 0, 0, 0, 0, 0, 0, 0, 1, 0, 0, 0, 0, 0]"
NCERT_VSEPR_Hypervalent_02,4,Trigonal bipyramidal,True,"Correct. PCl₅ has five bond pairs and no lone pairs on P, giving trigonal bipyramidal geometry.",none,correct,none,0.0,analysis,high,reviewed,"[0, 1, 0, 0, 0, 0, 0, 0, 0, 0, 0, 0, 0, 0, 0]"
NCERT_VSEPR_Hypervalent_03,1,It has five bond pairs.,False,"Incorrect. Five bond pairs would give trigonal bipyramidal (e.g., PCl₅).",z_08,conceptual_error,medium,0.0667,analysis,high,reviewed,"[0, 0, 0, 0, 0, 0, 0, 0, 1, 0, 0, 0, 0, 0, 0]"
NCERT_VSEPR_Hypervalent_03,2,"It has four bond pairs and one lone pair, leading to a trigonal bipyramidal electron pair geometry with the lone pair occupying an equatorial position.",True,"Correct. SF₄ has five electron pairs (four bonding, one lone) around S. The lone pair occupies an equatorial site in the trigonal bipyramid, giving a seesaw shape.",none,correct,none,0.0,analysis,high,reviewed,"[0, 0, 1, 0, 0, 0, 0, 0, 0, 0, 0, 0, 0, 0, 0]"
NCERT_VSEPR_Hypervalent_03,3,It has four bond pairs and two lone pairs.,False,"Incorrect. Four bond pairs and two lone pairs would give square planar (e.g., XeF₄).",z_09,conceptual_error,medium,0.0667,analysis,high,reviewed,"[0, 0, 0, 0, 0, 0, 0, 0, 0, 1, 0, 0, 0, 0, 0]"
NCERT_VSEPR_Hypervalent_03,4,It has three bond pairs and two lone pairs.,False,"Incorrect. Three bond pairs and two lone pairs would give T-shaped (e.g., ClF₃).",z_01,conceptual_error,medium,0.0667,analysis,high,reviewed,"[0, 1, 0, 0, 0, 0, 0, 0, 0, 0, 0, 0, 0, 0, 0]"
NCERT_VSEPR_Hypervalent_04,1,H₂O,False,Incorrect. Oxygen does not exceed octet.,z_08,conceptual_error,medium,0.0667,analysis,high,reviewed,"[0, 0, 0, 0, 0, 0, 0, 0, 1, 0, 0, 0, 0, 0, 0]"
NCERT_VSEPR_Hypervalent_04,2,SF₆,True,"Correct. Sulfur in SF₆ has 12 electrons in its valence shell (expanded octet), making it hypervalent.",none,correct,none,0.0,analysis,high,reviewed,"[0, 0, 1, 0, 0, 0, 0, 0, 0, 0, 0, 0, 0, 0, 0]"
NCERT_VSEPR_Hypervalent_04,3,CH₄,False,Incorrect. Carbon does not exceed octet.,z_09,conceptual_error,medium,0.0667,analysis,high,reviewed,"[0, 0, 0, 0, 0, 0, 0, 0, 0, 1, 0, 0, 0, 0, 0]"
NCERT_VSEPR_Hypervalent_04,4,NH₃,False,Incorrect. Nitrogen does not exceed octet.,z_01,conceptual_error,medium,0.0667,analysis,high,reviewed,"[0, 1, 0, 0, 0, 0, 0, 0, 0, 0, 0, 0, 0, 0, 0]"
NCERT_VSEPR_Hypervalent_05,1,All of the above.,True,"Correct. Lone pairs occupy equatorial sites in trigonal bipyramidal to minimize repulsions, as equatorial positions are at 90° to only two other positions, while axial positions are at 90° to three.",none,correct,none,0.0,analysis,high,reviewed,"[0, 0, 0, 0, 0, 0, 0, 0, 1, 0, 0, 0, 0, 0, 0]"
NCERT_VSEPR_Hypervalent_05,2,Equatorial positions have more space and lone pairs experience less repulsion from other lone pairs.,False,Incorrect. This is also true.,z_02,conceptual_error,medium,0.0667,analysis,high,reviewed,"[0, 0, 1, 0, 0, 0, 0, 0, 0, 0, 0, 0, 0, 0, 0]"
NCERT_VSEPR_Hypervalent_05,3,Equatorial positions have lower electron density and reduce lone pair-bond pair repulsion.,False,Incorrect. This is part of the reason.,z_09,conceptual_error,medium,0.0667,analysis,high,reviewed,"[0, 0, 0, 0, 0, 0, 0, 0, 0, 1, 0, 0, 0, 0, 0]"
NCERT_VSEPR_Hypervalent_05,4,Axial positions have greater bond pair-lone pair repulsion.,False,Incorrect. This is also true.,z_01,conceptual_error,medium,0.0667,analysis,high,reviewed,"[0, 1, 0, 0, 0, 0, 0, 0, 0, 0, 0, 0, 0, 0, 0]"
NCERT_VSEPR_Hypervalent_06,1,1,True,"Correct. ClF₃ has three bond pairs and two lone pairs (total five electron pairs). The lone pairs occupy equatorial positions, leaving the three bonds in a T-shape.",none,correct,none,0.0,analysis,high,reviewed,"[0, 0, 0, 0, 0, 0, 0, 0, 1, 0, 0, 0, 0, 0, 0]"
NCERT_VSEPR_Hypervalent_06,2,2,False,"Incorrect. One lone pair would give seesaw (e.g., SF₄).",z_02,conceptual_error,medium,0.0667,analysis,high,reviewed,"[0, 0, 1, 0, 0, 0, 0, 0, 0, 0, 0, 0, 0, 0, 0]"
NCERT_VSEPR_Hypervalent_06,3,0,False,"Incorrect. No lone pairs would give trigonal bipyramidal (e.g., PCl₅).",z_09,conceptual_error,medium,0.0667,analysis,high,reviewed,"[0, 0, 0, 0, 0, 0, 0, 0, 0, 1, 0, 0, 0, 0, 0]"
NCERT_VSEPR_Hypervalent_06,4,3,False,"Incorrect. Three lone pairs would give linear (e.g., XeF₂).",z_01,conceptual_error,medium,0.0667,analysis,high,reviewed,"[0, 1, 0, 0, 0, 0, 0, 0, 0, 0, 0, 0, 0, 0, 0]"
NCERT_VSEPR_Hypervalent_07,1,It has three bond pairs.,False,Incorrect. Three bond pairs give trigonal planar.,z_08,conceptual_error,medium,0.0667,analysis,high,reviewed,"[0, 0, 0, 0, 0, 0, 0, 0, 1, 0, 0, 0, 0, 0, 0]"
NCERT_VSEPR_Hypervalent_07,2,"It has two bond pairs and two lone pairs, giving tetrahedral geometry with a bent shape.",False,Incorrect. That would be bent (~109°) for two bonds and two lone pairs.,z_02,conceptual_error,medium,0.0667,analysis,high,reviewed,"[0, 0, 1, 0, 0, 0, 0, 0, 0, 0, 0, 0, 0, 0, 0]"
NCERT_VSEPR_Hypervalent_07,3,It has two bond pairs and one lone pair.,False,Incorrect. That would be bent (~120°) if three electron pairs total.,z_09,conceptual_error,medium,0.0667,analysis,high,reviewed,"[0, 0, 0, 0, 0, 0, 0, 0, 0, 1, 0, 0, 0, 0, 0]"
NCERT_VSEPR_Hypervalent_07,4,"It has two bond pairs and three lone pairs, which arrange in a trigonal bipyramidal electron geometry, with the two bond pairs occupying axial positions.",True,"Correct. XeF₂ has five electron pairs (two bonding, three lone). The lone pairs occupy equatorial positions, leaving the two bond pairs axial, resulting in a linear shape.",none,correct,none,0.0,analysis,high,reviewed,"[0, 1, 0, 0, 0, 0, 0, 0, 0, 0, 0, 0, 0, 0, 0]"
NCERT_VSEPR_Hypervalent_08,1,SF₆,True,"Correct. SF₆ has six bond pairs, giving octahedral geometry.",none,correct,none,0.0,analysis,high,reviewed,"[0, 0, 0, 0, 0, 0, 0, 0, 1, 0, 0, 0, 0, 0, 0]"
NCERT_VSEPR_Hypervalent_08,2,ClF₃,False,Incorrect. ClF₃ is T-shaped.,z_02,conceptual_error,medium,0.0667,analysis,high,reviewed,"[0, 0, 1, 0, 0, 0, 0, 0, 0, 0, 0, 0, 0, 0, 0]"
NCERT_VSEPR_Hypervalent_08,3,SF₄,False,Incorrect. SF₄ is seesaw.,z_09,conceptual_error,medium,0.0667,analysis,high,reviewed,"[0, 0, 0, 0, 0, 0, 0, 0, 0, 1, 0, 0, 0, 0, 0]"
NCERT_VSEPR_Hypervalent_08,4,BrF₃,False,Incorrect. BrF₃ is T-shaped.,z_01,conceptual_error,medium,0.0667,analysis,high,reviewed,"[0, 1, 0, 0, 0, 0, 0, 0, 0, 0, 0, 0, 0, 0, 0]"
NCERT_VSEPR_Hypervalent_09,1,Nitrogen has a smaller atomic radius.,False,"Incorrect. Small size contributes to steric hindrance, but the key is lack of d-orbitals.",z_08,conceptual_error,medium,0.0667,analysis,high,reviewed,"[0, 0, 0, 0, 0, 0, 0, 0, 1, 0, 0, 0, 0, 0, 0]"
NCERT_VSEPR_Hypervalent_09,2,Fluorine is too electronegative for nitrogen.,False,Incorrect. This is a factor but not the main reason.,z_02,conceptual_error,medium,0.0667,analysis,high,reviewed,"[0, 0, 1, 0, 0, 0, 0, 0, 0, 0, 0, 0, 0, 0, 0]"
NCERT_VSEPR_Hypervalent_09,3,Nitrogen is more electronegative.,False,Incorrect. Electronegativity is not the primary reason.,z_09,conceptual_error,medium,0.0667,analysis,high,reviewed,"[0, 0, 0, 0, 0, 0, 0, 0, 0, 1, 0, 0, 0, 0, 0]"
NCERT_VSEPR_Hypervalent_09,4,"Nitrogen cannot expand its octet due to the absence of low-lying d-orbitals, whereas phosphorus can.",True,"Correct. Nitrogen (period 2) has no available d-orbitals to accommodate more than eight electrons, so NF₅ is not possible. Phosphorus (period 3) has accessible 3d orbitals, allowing hypervalency.",none,correct,none,0.0,analysis,high,reviewed,"[0, 1, 0, 0, 0, 0, 0, 0, 0, 0, 0, 0, 0, 0, 0]"
NCERT_VSEPR_Hypervalent_10,1,90° and 120° only,False,Incorrect. This misses the 180° angle between the two axial bonds.,z_00,conceptual_error,medium,0.0667,analysis,high,reviewed,"[1, 0, 0, 0, 0, 0, 0, 0, 0, 0, 0, 0, 0, 0, 0]"
NCERT_VSEPR_Hypervalent_10,2,"90°, 120°, and 180°",True,"Correct. A trigonal bipyramid contains 90° (axial-equatorial), 120° (equatorial-equatorial), and 180° (axial-axial) angles.",none,correct,none,0.0,analysis,high,reviewed,"[0, 0, 0, 0, 0, 0, 0, 0, 0, 1, 0, 0, 0, 0, 0]"
NCERT_VSEPR_Hypervalent_10,3,120° and 180° only,False,Incorrect. This misses the 90° angle between axial and equatorial bonds.,z_03,conceptual_error,medium,0.0667,analysis,high,reviewed,"[0, 0, 0, 1, 0, 0, 0, 0, 0, 0, 0, 0, 0, 0, 0]"
NCERT_VSEPR_Hypervalent_10,4,90° and 180° only,False,Incorrect. This misses the 120° angle between equatorial bonds.,z_00,conceptual_error,medium,0.0667,analysis,high,reviewed,"[1, 0, 0, 0, 0, 0, 0, 0, 0, 0, 0, 0, 0, 0, 0]"
NCERT_NobleGas_01,1,XeF₂,False,Incorrect. XeF₂ was synthesized later.,z_10,conceptual_error,medium,0.0667,analysis,high,reviewed,"[0, 0, 0, 0, 0, 0, 0, 0, 0, 0, 1, 0, 0, 0, 0]"
NCERT_NobleGas_01,2,XeF₄,False,Incorrect. XeF₄ was synthesized later.,z_05,conceptual_error,medium,0.0667,analysis,high,reviewed,"[0, 0, 0, 0, 0, 1, 0, 0, 0, 0, 0, 0, 0, 0, 0]"
NCERT_NobleGas_01,3,XePtF₆,True,"Correct. Neil Bartlett synthesized XePtF₆ in 1962, the first noble gas compound.",none,correct,none,0.0,analysis,high,reviewed,"[0, 0, 0, 0, 0, 0, 0, 0, 0, 0, 0, 0, 0, 1, 0]"
NCERT_NobleGas_01,4,KrF₂,False,Incorrect. KrF₂ was synthesized later.,z_11,conceptual_error,medium,0.0667,analysis,high,reviewed,"[0, 0, 0, 0, 0, 0, 0, 0, 0, 0, 0, 1, 0, 0, 0]"
NCERT_NobleGas_02,1,They are completely unreactive.,False,"Incorrect. They are not completely unreactive, as later discovered.",z_10,conceptual_error,medium,0.0667,analysis,high,reviewed,"[0, 0, 0, 0, 0, 0, 0, 0, 0, 0, 1, 0, 0, 0, 0]"
NCERT_NobleGas_02,2,They have no electrons.,False,Incorrect. They have electrons.,z_05,conceptual_error,medium,0.0667,analysis,high,reviewed,"[0, 0, 0, 0, 0, 1, 0, 0, 0, 0, 0, 0, 0, 0, 0]"
NCERT_NobleGas_02,3,They are radioactive.,False,Incorrect. Not all are radioactive.,z_13,conceptual_error,medium,0.0667,analysis,high,reviewed,"[0, 0, 0, 0, 0, 0, 0, 0, 0, 0, 0, 0, 0, 1, 0]"
NCERT_NobleGas_02,4,They have complete octets and very high ionization energies.,True,"Correct. Noble gases have stable ns²np⁶ configurations, requiring large amounts of energy to remove an electron, making bond formation difficult.",none,correct,none,0.0,analysis,high,reviewed,"[0, 0, 0, 0, 0, 0, 0, 0, 0, 0, 0, 1, 0, 0, 0]"
NCERT_NobleGas_03,1,Helium,False,Incorrect. Helium is inert.,z_10,conceptual_error,medium,0.0667,analysis,high,reviewed,"[0, 0, 0, 0, 0, 0, 0, 0, 0, 0, 1, 0, 0, 0, 0]"
NCERT_NobleGas_03,2,Xenon,True,"Correct. Xenon has the lowest ionization energy among stable noble gases and forms a wide variety of compounds (fluorides, oxides, etc.).",none,correct,none,0.0,analysis,high,reviewed,"[0, 0, 0, 0, 0, 1, 0, 0, 0, 0, 0, 0, 0, 0, 0]"
NCERT_NobleGas_03,3,Krypton,False,Incorrect. Krypton forms some compounds but fewer than xenon.,z_13,conceptual_error,medium,0.0667,analysis,high,reviewed,"[0, 0, 0, 0, 0, 0, 0, 0, 0, 0, 0, 0, 0, 1, 0]"
NCERT_NobleGas_03,4,Neon,False,Incorrect. Neon forms very few compounds.,z_11,conceptual_error,medium,0.0667,analysis,high,reviewed,"[0, 0, 0, 0, 0, 0, 0, 0, 0, 0, 0, 1, 0, 0, 0]"
NCERT_NobleGas_04,1,The small size of xenon.,False,"Incorrect. Xenon is large, not small.",z_10,conceptual_error,medium,0.0667,analysis,high,reviewed,"[0, 0, 0, 0, 0, 0, 0, 0, 0, 0, 1, 0, 0, 0, 0]"
NCERT_NobleGas_04,2,The high electronegativity of fluorine.,False,Incorrect. Electronegativity of F contributes but the key is orbital availability.,z_05,conceptual_error,medium,0.0667,analysis,high,reviewed,"[0, 0, 0, 0, 0, 1, 0, 0, 0, 0, 0, 0, 0, 0, 0]"
NCERT_NobleGas_04,3,The availability of vacant 5d orbitals in xenon that can participate in bonding.,True,"Correct. Xenon has empty 5d orbitals that can accommodate extra electrons, allowing it to expand its octet and form bonds.",none,correct,none,0.0,analysis,high,reviewed,"[0, 0, 0, 0, 0, 0, 0, 0, 0, 0, 0, 0, 0, 1, 0]"
NCERT_NobleGas_04,4,The low electron affinity of fluorine.,False,Incorrect. Fluorine has high electron affinity.,z_11,conceptual_error,medium,0.0667,analysis,high,reviewed,"[0, 0, 0, 0, 0, 0, 0, 0, 0, 0, 0, 1, 0, 0, 0]"
NCERT_NobleGas_05,1,ArF₂,False,Incorrect. ArF₂ is not stable under normal conditions; it has been detected at low temperatures but is highly unstable.,z_10,conceptual_error,medium,0.0667,analysis,high,reviewed,"[0, 0, 0, 0, 0, 0, 0, 0, 0, 0, 1, 0, 0, 0, 0]"
NCERT_NobleGas_05,2,KrF₂,True,"Correct. KrF₂ is a stable, well-characterized compound.",none,correct,none,0.0,analysis,high,reviewed,"[0, 0, 0, 0, 0, 1, 0, 0, 0, 0, 0, 0, 0, 0, 0]"
NCERT_NobleGas_05,3,NeF₂,False,Incorrect. Neon does not form stable fluorides.,z_13,conceptual_error,medium,0.0667,analysis,high,reviewed,"[0, 0, 0, 0, 0, 0, 0, 0, 0, 0, 0, 0, 0, 1, 0]"
NCERT_NobleGas_05,4,HeF₂,False,Incorrect. Helium does not form stable fluorides.,z_11,conceptual_error,medium,0.0667,analysis,high,reviewed,"[0, 0, 0, 0, 0, 0, 0, 0, 0, 0, 0, 1, 0, 0, 0]"
NCERT_NobleGas_06,1,Ar < Ne < He < Kr < Xe,False,Incorrect. This order is not correct.,z_10,conceptual_error,medium,0.0667,analysis,high,reviewed,"[0, 0, 0, 0, 0, 0, 0, 0, 0, 0, 1, 0, 0, 0, 0]"
NCERT_NobleGas_06,2,He < Ne < Ar < Kr < Xe,True,"Correct. Reactivity increases with increasing atomic number (decreasing ionization energy). Helium and neon are almost inert, argon forms ArF₂ only under extreme conditions, krypton forms KrF₂, and xenon forms multiple fluorides.",none,correct,none,0.0,analysis,high,reviewed,"[0, 0, 0, 0, 0, 1, 0, 0, 0, 0, 0, 0, 0, 0, 0]"
NCERT_NobleGas_06,3,Ne < He < Ar < Kr < Xe,False,Incorrect. This order is not accurate.,z_13,conceptual_error,medium,0.0667,analysis,high,reviewed,"[0, 0, 0, 0, 0, 0, 0, 0, 0, 0, 0, 0, 0, 1, 0]"
NCERT_NobleGas_06,4,Xe < Kr < Ar < Ne < He,False,Incorrect. This is the reverse order.,z_11,conceptual_error,medium,0.0667,analysis,high,reviewed,"[0, 0, 0, 0, 0, 0, 0, 0, 0, 0, 0, 1, 0, 0, 0]"
NCERT_NobleGas_07,1,A colorless solid that is explosive.,True,Correct. XeO₃ is a colorless solid that is highly explosive and a strong oxidizing agent.,none,correct,none,0.0,analysis,high,reviewed,"[0, 0, 0, 0, 0, 0, 0, 0, 0, 0, 1, 0, 0, 0, 0]"
NCERT_NobleGas_07,2,A stable liquid.,False,Incorrect. It is not stable as a liquid.,z_05,conceptual_error,medium,0.0667,analysis,high,reviewed,"[0, 0, 0, 0, 0, 1, 0, 0, 0, 0, 0, 0, 0, 0, 0]"
NCERT_NobleGas_07,3,A strong reducing agent.,False,"Incorrect. It is an oxidizing agent, not reducing.",z_13,conceptual_error,medium,0.0667,analysis,high,reviewed,"[0, 0, 0, 0, 0, 0, 0, 0, 0, 0, 0, 0, 0, 1, 0]"
NCERT_NobleGas_07,4,A gas at room temperature.,False,Incorrect. It is a solid.,z_11,conceptual_error,medium,0.0667,analysis,high,reviewed,"[0, 0, 0, 0, 0, 0, 0, 0, 0, 0, 0, 1, 0, 0, 0]"
NCERT_NobleGas_08,1,It has a tetrahedral geometry.,False,Incorrect. XeF₄ has square planar geometry with two lone pairs on Xe.,z_10,conceptual_error,medium,0.0667,analysis,high,reviewed,"[0, 0, 0, 0, 0, 0, 0, 0, 0, 0, 1, 0, 0, 0, 0]"
NCERT_NobleGas_08,2,It has a square planar geometry.,True,"Correct. XeF₄ has sp³d² hybridization, square planar shape.",none,correct,none,0.0,analysis,high,reviewed,"[0, 0, 0, 0, 0, 1, 0, 0, 0, 0, 0, 0, 0, 0, 0]"
NCERT_NobleGas_08,3,It reacts with water to give Xe and O₂.,False,"Incorrect. It hydrolyzes to give Xe, O₂, and HF, but the primary products are XeO₃ or Xe depending on conditions.",z_13,conceptual_error,medium,0.0667,analysis,high,reviewed,"[0, 0, 0, 0, 0, 0, 0, 0, 0, 0, 0, 0, 0, 1, 0]"
NCERT_NobleGas_08,4,It is a strong reducing agent.,False,Incorrect. XeF₄ is an oxidizing agent.,z_11,conceptual_error,medium,0.0667,analysis,high,reviewed,"[0, 0, 0, 0, 0, 0, 0, 0, 0, 0, 0, 1, 0, 0, 0]"
NCERT_NobleGas_09,1,A fluorinating agent,True,Correct. XeF₂ is a mild fluorinating agent in organic synthesis.,none,correct,none,0.0,analysis,high,reviewed,"[0, 0, 0, 0, 0, 0, 0, 0, 0, 0, 1, 0, 0, 0, 0]"
NCERT_NobleGas_09,2,A catalyst,False,Incorrect. It is not used as a catalyst.,z_05,conceptual_error,medium,0.0667,analysis,high,reviewed,"[0, 0, 0, 0, 0, 1, 0, 0, 0, 0, 0, 0, 0, 0, 0]"
NCERT_NobleGas_09,3,An inert gas,False,Incorrect. It is reactive.,z_13,conceptual_error,medium,0.0667,analysis,high,reviewed,"[0, 0, 0, 0, 0, 0, 0, 0, 0, 0, 0, 0, 0, 1, 0]"
NCERT_NobleGas_09,4,A reducing agent,False,Incorrect. XeF₂ is an oxidizing and fluorinating agent.,z_11,conceptual_error,medium,0.0667,analysis,high,reviewed,"[0, 0, 0, 0, 0, 0, 0, 0, 0, 0, 0, 1, 0, 0, 0]"
NCERT_NobleGas_10,1,High ionization energy of the noble gas and low electronegativity of the combining element.,False,Incorrect. High IE makes it difficult.,z_10,conceptual_error,medium,0.0667,analysis,high,reviewed,"[0, 0, 0, 0, 0, 0, 0, 0, 0, 0, 1, 0, 0, 0, 0]"
NCERT_NobleGas_10,2,Low ionization energy of the noble gas and high electronegativity of the combining element.,True,"Correct. Noble gases with lower IE (Xe, Kr) can be oxidized by highly electronegative elements like F and O.",none,correct,none,0.0,analysis,high,reviewed,"[0, 0, 0, 0, 0, 1, 0, 0, 0, 0, 0, 0, 0, 0, 0]"
NCERT_NobleGas_10,3,Low electron affinity of the combining element.,False,Incorrect. High EA is needed.,z_13,conceptual_error,medium,0.0667,analysis,high,reviewed,"[0, 0, 0, 0, 0, 0, 0, 0, 0, 0, 0, 0, 0, 1, 0]"
NCERT_NobleGas_10,4,Large atomic radius of the noble gas only.,False,Incorrect. Size alone is not sufficient; low IE and electronegativity of partner are key.,z_11,conceptual_error,medium,0.0667,analysis,high,reviewed,"[0, 0, 0, 0, 0, 0, 0, 0, 0, 0, 0, 1, 0, 0, 0]"
NCERT_RedoxDisprop_01,1,A reaction in which oxidation state of an element increases only.,False,Incorrect. That is oxidation only.,z_01,conceptual_error,medium,0.0667,recall,high,reviewed,"[0, 1, 0, 0, 0, 0, 0, 0, 0, 0, 0, 0, 0, 0, 0]"
NCERT_RedoxDisprop_01,2,A reaction in which oxidation state of an element decreases only.,False,Incorrect. That is reduction only.,z_14,conceptual_error,medium,0.0667,recall,high,reviewed,"[0, 0, 0, 0, 0, 0, 0, 0, 0, 0, 0, 0, 0, 0, 1]"
NCERT_RedoxDisprop_01,3,"A reaction in which a single substance is simultaneously oxidized and reduced, forming two different products.",True,Correct. Disproportionation (dismutation) involves the same element undergoing both oxidation and reduction.,none,correct,none,0.0,recall,high,reviewed,"[0, 0, 0, 0, 0, 0, 0, 0, 0, 1, 0, 0, 0, 0, 0]"
NCERT_RedoxDisprop_01,4,A reaction in which two substances exchange electrons.,False,Incorrect. That is a redox reaction between two species.,z_03,conceptual_error,medium,0.0667,recall,high,reviewed,"[0, 0, 0, 1, 0, 0, 0, 0, 0, 0, 0, 0, 0, 0, 0]"
NCERT_RedoxDisprop_02,1,2Cu⁺ → Cu + Cu²⁺,True,"Correct. Cu⁺ (oxidation state +1) is oxidized to Cu²⁺ (+2) and reduced to Cu(0), thus disproportionation.",none,correct,none,0.0,recall,high,reviewed,"[0, 1, 0, 0, 0, 0, 0, 0, 0, 0, 0, 0, 0, 0, 0]"
NCERT_RedoxDisprop_02,2,2H₂ + O₂ → 2H₂O,False,Incorrect. This is combination.,z_14,conceptual_error,medium,0.0667,recall,high,reviewed,"[0, 0, 0, 0, 0, 0, 0, 0, 0, 0, 0, 0, 0, 0, 1]"
NCERT_RedoxDisprop_02,3,Zn + CuSO₄ → ZnSO₄ + Cu,False,"Incorrect. This is a single displacement, not disproportionation.",z_09,conceptual_error,medium,0.0667,recall,high,reviewed,"[0, 0, 0, 0, 0, 0, 0, 0, 0, 1, 0, 0, 0, 0, 0]"
NCERT_RedoxDisprop_02,4,Fe + S → FeS,False,Incorrect. This is combination.,z_03,conceptual_error,medium,0.0667,recall,high,reviewed,"[0, 0, 0, 1, 0, 0, 0, 0, 0, 0, 0, 0, 0, 0, 0]"
NCERT_RedoxDisprop_03,1,The lattice energy.,False,"Incorrect. Lattice energy relates to solids, not solution disproportionation.",z_01,conceptual_error,medium,0.0667,recall,high,reviewed,"[0, 1, 0, 0, 0, 0, 0, 0, 0, 0, 0, 0, 0, 0, 0]"
NCERT_RedoxDisprop_03,2,The ionic radii.,False,Incorrect. Size is not directly predictive.,z_14,conceptual_error,medium,0.0667,recall,high,reviewed,"[0, 0, 0, 0, 0, 0, 0, 0, 0, 0, 0, 0, 0, 0, 1]"
NCERT_RedoxDisprop_03,3,The magnetic moment.,False,Incorrect. Magnetic properties do not determine redox stability.,z_09,conceptual_error,medium,0.0667,recall,high,reviewed,"[0, 0, 0, 0, 0, 0, 0, 0, 0, 1, 0, 0, 0, 0, 0]"
NCERT_RedoxDisprop_03,4,The standard electrode potentials for the two relevant half-reactions.,True,"Correct. If the potential for the reduction of the higher oxidation state to the intermediate state is more positive than the potential for reduction of the intermediate to the lower state, disproportionation is favored.",none,correct,none,0.0,recall,high,reviewed,"[0, 0, 0, 1, 0, 0, 0, 0, 0, 0, 0, 0, 0, 0, 0]"
NCERT_RedoxDisprop_04,1,E° for Cu²⁺/Cu⁺ is +0.15 V and E° for Cu⁺/Cu is +0.52 V; the combination gives a positive overall cell potential.,True,"Correct. For disproportionation 2Cu⁺ → Cu + Cu²⁺, the cell potential = E°(Cu⁺/Cu) - E°(Cu²⁺/Cu⁺) = 0.52 - 0.15 = +0.37 V > 0, hence spontaneous.",none,correct,none,0.0,recall,high,reviewed,"[0, 1, 0, 0, 0, 0, 0, 0, 0, 0, 0, 0, 0, 0, 0]"
NCERT_RedoxDisprop_04,2,Cu⁺ is very stable.,False,Incorrect. Cu⁺ is unstable in water.,z_14,conceptual_error,medium,0.0667,recall,high,reviewed,"[0, 0, 0, 0, 0, 0, 0, 0, 0, 0, 0, 0, 0, 0, 1]"
NCERT_RedoxDisprop_04,3,Cu²⁺ is a strong reducing agent.,False,Incorrect. Cu²⁺ is not a strong reducing agent.,z_09,conceptual_error,medium,0.0667,recall,high,reviewed,"[0, 0, 0, 0, 0, 0, 0, 0, 0, 1, 0, 0, 0, 0, 0]"
NCERT_RedoxDisprop_04,4,E° for Cu²⁺/Cu⁺ is negative.,False,Incorrect. It is positive.,z_03,conceptual_error,medium,0.0667,recall,high,reviewed,"[0, 0, 0, 1, 0, 0, 0, 0, 0, 0, 0, 0, 0, 0, 0]"
NCERT_RedoxDisprop_05,1,Au⁺,False,Incorrect. Au⁺ disproportionates to Au and Au³⁺.,z_01,conceptual_error,medium,0.0667,recall,high,reviewed,"[0, 1, 0, 0, 0, 0, 0, 0, 0, 0, 0, 0, 0, 0, 0]"
NCERT_RedoxDisprop_05,2,Cu⁺,False,Incorrect. Cu⁺ disproportionates.,z_14,conceptual_error,medium,0.0667,recall,high,reviewed,"[0, 0, 0, 0, 0, 0, 0, 0, 0, 0, 0, 0, 0, 0, 1]"
NCERT_RedoxDisprop_05,3,Fe²⁺,True,Correct. Fe²⁺ does not disproportionate; it can be oxidized to Fe³⁺ but the reverse reaction (Fe³⁺ → Fe²⁺) is reduction. Fe²⁺ is stable in absence of strong oxidants.,none,correct,none,0.0,recall,high,reviewed,"[0, 0, 0, 0, 0, 0, 0, 0, 0, 1, 0, 0, 0, 0, 0]"
NCERT_RedoxDisprop_05,4,Mn³⁺,False,Incorrect. Mn³⁺ disproportionates to Mn²⁺ and MnO₂.,z_03,conceptual_error,medium,0.0667,recall,high,reviewed,"[0, 0, 0, 1, 0, 0, 0, 0, 0, 0, 0, 0, 0, 0, 0]"
NCERT_RedoxDisprop_06,1,Mn²⁺ and Mn,False,Incorrect. Mn metal is not formed.,z_01,conceptual_error,medium,0.0667,recall,high,reviewed,"[0, 1, 0, 0, 0, 0, 0, 0, 0, 0, 0, 0, 0, 0, 0]"
NCERT_RedoxDisprop_06,2,MnO₂ and O₂,False,Incorrect. Oxygen evolution is not part of this disproportionation.,z_14,conceptual_error,medium,0.0667,recall,high,reviewed,"[0, 0, 0, 0, 0, 0, 0, 0, 0, 0, 0, 0, 0, 0, 1]"
NCERT_RedoxDisprop_06,3,Mn²⁺ and MnO₂,False,Incorrect. MnO₄⁻ is a higher oxidation state but not the product; MnO₂ is formed.,z_09,conceptual_error,medium,0.0667,recall,high,reviewed,"[0, 0, 0, 0, 0, 0, 0, 0, 0, 1, 0, 0, 0, 0, 0]"
NCERT_RedoxDisprop_06,4,Mn²⁺ and MnO₄⁻,True,Correct. 2Mn³⁺ + 2H₂O → Mn²⁺ + MnO₂ + 4H⁺; Mn³⁺ is reduced to Mn²⁺ and oxidized to MnO₂.,none,correct,none,0.0,recall,high,reviewed,"[0, 0, 0, 1, 0, 0, 0, 0, 0, 0, 0, 0, 0, 0, 0]"
NCERT_RedoxDisprop_07,1,ClO4-,False,Incorrect. ClO4- is in its highest oxidation state (+7) and cannot be further oxidized.,z_12,conceptual_error,medium,0.0667,recall,high,reviewed,"[0, 0, 0, 0, 0, 0, 0, 0, 0, 0, 0, 0, 1, 0, 0]"
NCERT_RedoxDisprop_07,2,Cl2,True,Correct. Cl2 (oxidation state 0) disproportionates into Cl- (-1) and ClO- or ClO3- in alkaline solution.,none,correct,none,0.0,recall,high,reviewed,"[0, 0, 0, 0, 0, 0, 0, 0, 0, 0, 0, 0, 0, 1, 0]"
NCERT_RedoxDisprop_07,3,F2,False,"Incorrect. F2 is the strongest oxidizing agent and only undergoes reduction, never disproportionation.",z_08,conceptual_error,medium,0.0667,recall,high,reviewed,"[0, 0, 0, 0, 0, 0, 0, 0, 1, 0, 0, 0, 0, 0, 0]"
NCERT_RedoxDisprop_07,4,Cl-,False,Incorrect. Cl- is in its lowest oxidation state (-1) and cannot be further reduced.,z_10,conceptual_error,medium,0.0667,recall,high,reviewed,"[0, 0, 0, 0, 0, 0, 0, 0, 0, 0, 1, 0, 0, 0, 0]"
NCERT_RedoxDisprop_08,1,Cu⁺ is more stable than Ag⁺.,False,Incorrect. Ag⁺ is more stable than Cu⁺.,z_01,conceptual_error,medium,0.0667,recall,high,reviewed,"[0, 1, 0, 0, 0, 0, 0, 0, 0, 0, 0, 0, 0, 0, 0]"
NCERT_RedoxDisprop_08,2,Cu²⁺/Cu⁺ has a lower reduction potential compared to Ag²⁺/Ag⁺.,True,"Correct. The key is that E° for Ag²⁺/Ag⁺ is very high (1.98 V), so Ag⁺ cannot be oxidized to Ag²⁺ easily; hence Ag⁺ does not disproportionate. For Cu, the potentials favor disproportionation.",none,correct,none,0.0,recall,high,reviewed,"[0, 0, 0, 0, 0, 0, 0, 0, 0, 0, 0, 0, 0, 0, 1]"
NCERT_RedoxDisprop_08,3,The hydration enthalpy of Ag⁺ is higher.,False,Incorrect. Hydration enthalpy of Ag⁺ is lower due to larger size.,z_09,conceptual_error,medium,0.0667,recall,high,reviewed,"[0, 0, 0, 0, 0, 0, 0, 0, 0, 1, 0, 0, 0, 0, 0]"
NCERT_RedoxDisprop_08,4,Ag⁺ has a larger ionic radius.,False,Incorrect. Radius is not the direct reason.,z_03,conceptual_error,medium,0.0667,recall,high,reviewed,"[0, 0, 0, 1, 0, 0, 0, 0, 0, 0, 0, 0, 0, 0, 0]"
NCERT_RedoxDisprop_09,1,NaCl and NaClO,True,"Correct. Cl₂ + 2NaOH → NaCl + NaClO + H₂O (cold, dilute).",none,correct,none,0.0,recall,high,reviewed,"[0, 1, 0, 0, 0, 0, 0, 0, 0, 0, 0, 0, 0, 0, 0]"
NCERT_RedoxDisprop_09,2,NaCl and Cl₂,False,Incorrect. That is not a disproportionation product.,z_14,conceptual_error,medium,0.0667,recall,high,reviewed,"[0, 0, 0, 0, 0, 0, 0, 0, 0, 0, 0, 0, 0, 0, 1]"
NCERT_RedoxDisprop_09,3,NaCl and NaClO₃,False,Incorrect. That occurs on heating.,z_09,conceptual_error,medium,0.0667,recall,high,reviewed,"[0, 0, 0, 0, 0, 0, 0, 0, 0, 1, 0, 0, 0, 0, 0]"
NCERT_RedoxDisprop_09,4,NaClO and NaClO₃,False,Incorrect. That is a mixture but not the primary cold product.,z_03,conceptual_error,medium,0.0667,recall,high,reviewed,"[0, 0, 0, 1, 0, 0, 0, 0, 0, 0, 0, 0, 0, 0, 0]"
NCERT_RedoxDisprop_10,1,All of the above.,True,"Correct. Disproportionation depends on the reduction potentials, which can be altered by pH and complexation (which changes effective potentials).",none,correct,none,0.0,recall,high,reviewed,"[0, 1, 0, 0, 0, 0, 0, 0, 0, 0, 0, 0, 0, 0, 0]"
NCERT_RedoxDisprop_10,2,The pH of the medium.,False,Incorrect.,z_14,conceptual_error,medium,0.0667,recall,high,reviewed,"[0, 0, 0, 0, 0, 0, 0, 0, 0, 0, 0, 0, 0, 0, 1]"
NCERT_RedoxDisprop_10,3,The standard reduction potentials of the half-reactions.,False,Incorrect.,z_09,conceptual_error,medium,0.0667,recall,high,reviewed,"[0, 0, 0, 0, 0, 0, 0, 0, 0, 1, 0, 0, 0, 0, 0]"
NCERT_RedoxDisprop_10,4,The presence of complexing agents.,False,Incorrect.,z_03,conceptual_error,medium,0.0667,recall,high,reviewed,"[0, 0, 0, 1, 0, 0, 0, 0, 0, 0, 0, 0, 0, 0, 0]"
NCERT_Spectrochemical_01,1,A series of ligands arranged by their charge.,False,Incorrect. The series is not based primarily on charge.,z_01,conceptual_error,medium,0.0667,analysis,high,reviewed,"[0, 1, 0, 0, 0, 0, 0, 0, 0, 0, 0, 0, 0, 0, 0]"
NCERT_Spectrochemical_01,2,A series of colors shown by coordination compounds.,False,Incorrect. That is related to color but not the series.,z_10,conceptual_error,medium,0.0667,analysis,high,reviewed,"[0, 0, 0, 0, 0, 0, 0, 0, 0, 0, 1, 0, 0, 0, 0]"
NCERT_Spectrochemical_01,3,A series of ligands arranged in order of their ability to cause crystal field splitting (Δ).,True,Correct. The spectrochemical series orders ligands by the magnitude of Δ (crystal field splitting) they produce in a complex.,none,correct,none,0.0,analysis,high,reviewed,"[0, 0, 0, 0, 0, 0, 0, 0, 0, 0, 0, 1, 0, 0, 0]"
NCERT_Spectrochemical_01,4,A series of metal ions arranged by their atomic number.,False,Incorrect. That is not the definition.,z_12,conceptual_error,medium,0.0667,analysis,high,reviewed,"[0, 0, 0, 0, 0, 0, 0, 0, 0, 0, 0, 0, 1, 0, 0]"
NCERT_Spectrochemical_02,1,CN⁻,True,"Correct. CN⁻ is a strong field ligand, causing large Δ and often leading to low-spin configurations.",none,correct,none,0.0,analysis,high,reviewed,"[0, 1, 0, 0, 0, 0, 0, 0, 0, 0, 0, 0, 0, 0, 0]"
NCERT_Spectrochemical_02,2,H₂O,False,Incorrect. H₂O is intermediate.,z_10,conceptual_error,medium,0.0667,analysis,high,reviewed,"[0, 0, 0, 0, 0, 0, 0, 0, 0, 0, 1, 0, 0, 0, 0]"
NCERT_Spectrochemical_02,3,F⁻,False,Incorrect. F⁻ is a weak field ligand.,z_11,conceptual_error,medium,0.0667,analysis,high,reviewed,"[0, 0, 0, 0, 0, 0, 0, 0, 0, 0, 0, 1, 0, 0, 0]"
NCERT_Spectrochemical_02,4,I⁻,False,Incorrect. I⁻ is a weak field ligand.,z_12,conceptual_error,medium,0.0667,analysis,high,reviewed,"[0, 0, 0, 0, 0, 0, 0, 0, 0, 0, 0, 0, 1, 0, 0]"
NCERT_Spectrochemical_03,1,I⁻ < Br⁻ < Cl⁻ < F⁻ < OH⁻ < H₂O < NH₃ < en < NO₂⁻ < CN⁻ < CO,True,Correct. This is the approximate order from weak to strong field.,none,correct,none,0.0,analysis,high,reviewed,"[0, 1, 0, 0, 0, 0, 0, 0, 0, 0, 0, 0, 0, 0, 0]"
NCERT_Spectrochemical_03,2,H₂O < NH₃ < en < CN⁻ < CO < I⁻ < Br⁻ < Cl⁻ < F⁻,False,Incorrect. H₂O is weaker than NH₃ and CN⁻; order is mixed.,z_10,conceptual_error,medium,0.0667,analysis,high,reviewed,"[0, 0, 0, 0, 0, 0, 0, 0, 0, 0, 1, 0, 0, 0, 0]"
NCERT_Spectrochemical_03,3,F⁻ < Cl⁻ < Br⁻ < I⁻ < OH⁻ < H₂O < NH₃ < en < CN⁻ < CO,False,Incorrect. Halides order is reversed; F⁻ is stronger than I⁻.,z_11,conceptual_error,medium,0.0667,analysis,high,reviewed,"[0, 0, 0, 0, 0, 0, 0, 0, 0, 0, 0, 1, 0, 0, 0]"
NCERT_Spectrochemical_03,4,CO < CN⁻ < NO₂⁻ < en < NH₃ < H₂O < OH⁻ < F⁻ < Cl⁻ < Br⁻ < I⁻,False,Incorrect. This is reversed order.,z_12,conceptual_error,medium,0.0667,analysis,high,reviewed,"[0, 0, 0, 0, 0, 0, 0, 0, 0, 0, 0, 0, 1, 0, 0]"
NCERT_Spectrochemical_04,1,The electronegativity of the donor atom.,False,Incorrect. This is a factor.,z_01,conceptual_error,medium,0.0667,analysis,high,reviewed,"[0, 1, 0, 0, 0, 0, 0, 0, 0, 0, 0, 0, 0, 0, 0]"
NCERT_Spectrochemical_04,2,The size of the ligand only.,False,Incorrect. Size is not the primary factor.,z_10,conceptual_error,medium,0.0667,analysis,high,reviewed,"[0, 0, 0, 0, 0, 0, 0, 0, 0, 0, 1, 0, 0, 0, 0]"
NCERT_Spectrochemical_04,3,Both A and B,True,Correct. Both electronegativity and π-bonding capabilities (π donation or acceptance) determine the ligand field strength.,none,correct,none,0.0,analysis,high,reviewed,"[0, 0, 0, 0, 0, 0, 0, 0, 0, 0, 0, 1, 0, 0, 0]"
NCERT_Spectrochemical_04,4,The ability of the ligand to participate in π bonding.,False,Incorrect. This is a major factor; π acceptor ligands are strong field.,z_12,conceptual_error,medium,0.0667,analysis,high,reviewed,"[0, 0, 0, 0, 0, 0, 0, 0, 0, 0, 0, 0, 1, 0, 0]"
NCERT_Spectrochemical_05,1,Cl⁻,False,"Incorrect. Cl⁻ is a π donor, weak field.",z_01,conceptual_error,medium,0.0667,analysis,high,reviewed,"[0, 1, 0, 0, 0, 0, 0, 0, 0, 0, 0, 0, 0, 0, 0]"
NCERT_Spectrochemical_05,2,NH₃,False,"Incorrect. NH₃ is a σ donor, intermediate field.",z_10,conceptual_error,medium,0.0667,analysis,high,reviewed,"[0, 0, 0, 0, 0, 0, 0, 0, 0, 0, 1, 0, 0, 0, 0]"
NCERT_Spectrochemical_05,3,F⁻,False,"Incorrect. F⁻ is a π donor, weak field.",z_11,conceptual_error,medium,0.0667,analysis,high,reviewed,"[0, 0, 0, 0, 0, 0, 0, 0, 0, 0, 0, 1, 0, 0, 0]"
NCERT_Spectrochemical_05,4,CO,True,"Correct. CO has empty π* orbitals that accept electron density from the metal, making it a strong field ligand.",none,correct,none,0.0,analysis,high,reviewed,"[0, 0, 0, 0, 0, 0, 0, 0, 0, 0, 0, 0, 1, 0, 0]"
NCERT_Spectrochemical_06,1,H₂O is weaker than both OH⁻ and NH₃.,False,Incorrect.,z_01,conceptual_error,medium,0.0667,analysis,high,reviewed,"[0, 1, 0, 0, 0, 0, 0, 0, 0, 0, 0, 0, 0, 0, 0]"
NCERT_Spectrochemical_06,2,H₂O has no effect on crystal field splitting.,False,Incorrect.,z_10,conceptual_error,medium,0.0667,analysis,high,reviewed,"[0, 0, 0, 0, 0, 0, 0, 0, 0, 0, 1, 0, 0, 0, 0]"
NCERT_Spectrochemical_06,3,H₂O is stronger than NH₃ but weaker than OH⁻.,False,Incorrect.,z_11,conceptual_error,medium,0.0667,analysis,high,reviewed,"[0, 0, 0, 0, 0, 0, 0, 0, 0, 0, 0, 1, 0, 0, 0]"
NCERT_Spectrochemical_06,4,H₂O is a stronger field ligand than OH⁻ but weaker than NH₃.,True,Correct. The order is ... OH⁻ < H₂O < NH₃ ... so H₂O is stronger than OH⁻ and weaker than NH₃.,none,correct,none,0.0,analysis,high,reviewed,"[0, 0, 0, 0, 0, 0, 0, 0, 0, 0, 0, 0, 1, 0, 0]"
NCERT_Spectrochemical_07,1,Both A and B.,True,"Correct. The field strength influences spin state (high/low) and also affects the energy of d-d transitions, hence color.",none,correct,none,0.0,analysis,high,reviewed,"[0, 1, 0, 0, 0, 0, 0, 0, 0, 0, 0, 0, 0, 0, 0]"
NCERT_Spectrochemical_07,2,Whether a complex will be high-spin or low-spin.,False,Incorrect.,z_10,conceptual_error,medium,0.0667,analysis,high,reviewed,"[0, 0, 0, 0, 0, 0, 0, 0, 0, 0, 1, 0, 0, 0, 0]"
NCERT_Spectrochemical_07,3,The geometry of the complex.,False,Incorrect.,z_11,conceptual_error,medium,0.0667,analysis,high,reviewed,"[0, 0, 0, 0, 0, 0, 0, 0, 0, 0, 0, 1, 0, 0, 0]"
NCERT_Spectrochemical_07,4,The color of the complex.,False,Incorrect.,z_12,conceptual_error,medium,0.0667,analysis,high,reviewed,"[0, 0, 0, 0, 0, 0, 0, 0, 0, 0, 0, 0, 1, 0, 0]"
NCERT_Spectrochemical_08,1,F⁻,True,"Correct. F⁻ is a π donor; it donates electron density into metal d-orbitals, reducing Δ, thus weak field.",none,correct,none,0.0,analysis,high,reviewed,"[0, 1, 0, 0, 0, 0, 0, 0, 0, 0, 0, 0, 0, 0, 0]"
NCERT_Spectrochemical_08,2,PPh₃,False,"Incorrect. PPh₃ is a π acceptor, strong field.",z_10,conceptual_error,medium,0.0667,analysis,high,reviewed,"[0, 0, 0, 0, 0, 0, 0, 0, 0, 0, 1, 0, 0, 0, 0]"
NCERT_Spectrochemical_08,3,CN⁻,False,"Incorrect. CN⁻ is a π acceptor, strong field.",z_11,conceptual_error,medium,0.0667,analysis,high,reviewed,"[0, 0, 0, 0, 0, 0, 0, 0, 0, 0, 0, 1, 0, 0, 0]"
NCERT_Spectrochemical_08,4,CO,False,"Incorrect. CO is a π acceptor, strong field.",z_12,conceptual_error,medium,0.0667,analysis,high,reviewed,"[0, 0, 0, 0, 0, 0, 0, 0, 0, 0, 0, 0, 1, 0, 0]"
NCERT_Spectrochemical_09,1,The donor atom's position in the periodic table and π-bonding characteristics.,True,Correct. Ligands are ordered based on the donor atom's properties and ability to π bond.,none,correct,none,0.0,analysis,high,reviewed,"[0, 1, 0, 0, 0, 0, 0, 0, 0, 0, 0, 0, 0, 0, 0]"
NCERT_Spectrochemical_09,2,The metal ion to which they are bonded.,False,Incorrect. The series is independent of the metal; it's a ligand property.,z_10,conceptual_error,medium,0.0667,analysis,high,reviewed,"[0, 0, 0, 0, 0, 0, 0, 0, 0, 0, 1, 0, 0, 0, 0]"
NCERT_Spectrochemical_09,3,The oxidation state of the metal.,False,Incorrect. Metal oxidation state affects Δ magnitude but not the relative order.,z_11,conceptual_error,medium,0.0667,analysis,high,reviewed,"[0, 0, 0, 0, 0, 0, 0, 0, 0, 0, 0, 1, 0, 0, 0]"
NCERT_Spectrochemical_09,4,The solvent used.,False,Incorrect. Solvent effects are secondary.,z_12,conceptual_error,medium,0.0667,analysis,high,reviewed,"[0, 0, 0, 0, 0, 0, 0, 0, 0, 0, 0, 0, 1, 0, 0]"
NCERT_Spectrochemical_10,1,[CoF₆]³⁻,False,"Incorrect. The fluoride ion is classified as a weak field ligand, which results in a relatively small crystal field splitting energy.",z_01,conceptual_error,medium,0.0667,analysis,high,reviewed,"[0, 1, 0, 0, 0, 0, 0, 0, 0, 0, 0, 0, 0, 0, 0]"
NCERT_Spectrochemical_10,2,[Co(H₂O)₆]³⁺,False,"Incorrect. H₂O is intermediate, Δ less than CN⁻.",z_10,conceptual_error,medium,0.0667,analysis,high,reviewed,"[0, 0, 0, 0, 0, 0, 0, 0, 0, 0, 1, 0, 0, 0, 0]"
NCERT_Spectrochemical_10,3,[Co(NH₃)₆]³⁺,False,"Incorrect. NH₃ is intermediate field, moderate Δ.",z_11,conceptual_error,medium,0.0667,analysis,high,reviewed,"[0, 0, 0, 0, 0, 0, 0, 0, 0, 0, 0, 1, 0, 0, 0]"
NCERT_Spectrochemical_10,4,[Co(CN)₆]³⁻,True,"Correct. CN⁻ is a strong field ligand, causing large Δ.",none,correct,none,0.0,analysis,high,reviewed,"[0, 0, 0, 0, 0, 0, 0, 0, 0, 0, 0, 0, 1, 0, 0]"
NCERT_CrystalFieldOcta_01,1,"dxy, dx²-y²",False,Incorrect. This mixes sets.,z_14,conceptual_error,medium,0.0667,recall,high,reviewed,"[0, 0, 0, 0, 0, 0, 0, 0, 0, 0, 0, 0, 0, 0, 1]"
NCERT_CrystalFieldOcta_01,2,"dx²-y², dz²",True,"Correct. The eg set consists of the dx²-y² and dz² orbitals, which point directly at the ligands and experience greater repulsion, hence higher energy.",none,correct,none,0.0,recall,high,reviewed,"[0, 0, 0, 0, 0, 0, 0, 0, 0, 0, 0, 0, 0, 0, 1]"
NCERT_CrystalFieldOcta_01,3,"dz², dyz",False,Incorrect. This is one eg and one t₂g.,z_10,conceptual_error,medium,0.0667,recall,high,reviewed,"[0, 0, 0, 0, 0, 0, 0, 0, 0, 0, 1, 0, 0, 0, 0]"
NCERT_CrystalFieldOcta_01,4,"dxy, dyz, dxz",False,Incorrect. These are the t₂g orbitals (lower energy).,z_09,conceptual_error,medium,0.0667,recall,high,reviewed,"[0, 0, 0, 0, 0, 0, 0, 0, 0, 1, 0, 0, 0, 0, 0]"
NCERT_CrystalFieldOcta_02,1,dx²-y² and dz² orbitals.,False,Incorrect. Both eg orbitals are degenerate; the splitting is between t₂g and eg sets.,z_14,conceptual_error,medium,0.0667,recall,high,reviewed,"[0, 0, 0, 0, 0, 0, 0, 0, 0, 0, 0, 0, 0, 0, 1]"
NCERT_CrystalFieldOcta_02,2,the metal and ligand orbitals.,False,"Incorrect. Δ₀ refers to d-orbital splitting, not metal-ligand energy difference.",z_14,conceptual_error,medium,0.0667,recall,high,reviewed,"[0, 0, 0, 0, 0, 0, 0, 0, 0, 0, 0, 0, 0, 0, 1]"
NCERT_CrystalFieldOcta_02,3,t₂g and eg orbitals in an octahedral field.,True,Correct. Δ₀ = E(eg) – E(t₂g) in an octahedral complex.,none,correct,none,0.0,recall,high,reviewed,"[0, 0, 0, 0, 0, 0, 0, 0, 0, 0, 1, 0, 0, 0, 0]"
NCERT_CrystalFieldOcta_02,4,dxy and dxz orbitals.,False,Incorrect. These are both t₂g orbitals; they remain degenerate.,z_09,conceptual_error,medium,0.0667,recall,high,reviewed,"[0, 0, 0, 0, 0, 0, 0, 0, 0, 1, 0, 0, 0, 0, 0]"
NCERT_CrystalFieldOcta_03,1,All five orbitals are stabilized equally.,False,"Incorrect. The t₂g set is stabilized, eg set is destabilized.",z_14,conceptual_error,medium,0.0667,recall,high,reviewed,"[0, 0, 0, 0, 0, 0, 0, 0, 0, 0, 0, 0, 0, 0, 1]"
NCERT_CrystalFieldOcta_03,2,No orbitals are stabilized; all are destabilized.,False,Incorrect. t₂g are stabilized; eg are destabilized.,z_14,conceptual_error,medium,0.0667,recall,high,reviewed,"[0, 0, 0, 0, 0, 0, 0, 0, 0, 0, 0, 0, 0, 0, 1]"
NCERT_CrystalFieldOcta_03,3,dx²-y² and dz²,False,Incorrect. The eg orbitals are destabilized.,z_10,conceptual_error,medium,0.0667,recall,high,reviewed,"[0, 0, 0, 0, 0, 0, 0, 0, 0, 0, 1, 0, 0, 0, 0]"
NCERT_CrystalFieldOcta_03,4,"dxy, dyz, dxz",True,"Correct. The t₂g orbitals (dxy, dyz, dxz) point between the ligands, experience less repulsion, and are stabilized.",none,correct,none,0.0,recall,high,reviewed,"[0, 0, 0, 0, 0, 0, 0, 0, 0, 1, 0, 0, 0, 0, 0]"
NCERT_CrystalFieldOcta_04,1,"Nature of the metal ion (oxidation state, size)",False,Incorrect. Higher oxidation state increases Δ₀; smaller metal size increases Δ₀.,z_14,conceptual_error,medium,0.0667,recall,high,reviewed,"[0, 0, 0, 0, 0, 0, 0, 0, 0, 0, 0, 0, 0, 0, 1]"
NCERT_CrystalFieldOcta_04,2,Nature of the ligand (spectrochemical series),False,Incorrect. Strong field ligands increase Δ₀.,z_14,conceptual_error,medium,0.0667,recall,high,reviewed,"[0, 0, 0, 0, 0, 0, 0, 0, 0, 0, 0, 0, 0, 0, 1]"
NCERT_CrystalFieldOcta_04,3,Number of d-electrons on the metal,True,"Correct. Δ₀ depends on metal ion, its oxidation state, and ligands; it does not depend on how many d-electrons are present. The splitting is a property of the metal-ligand interaction.",none,correct,none,0.0,recall,high,reviewed,"[0, 0, 0, 0, 0, 0, 0, 0, 0, 0, 1, 0, 0, 0, 0]"
NCERT_CrystalFieldOcta_04,4,Geometry of the complex (octahedral vs tetrahedral),False,"Incorrect. Geometry is fixed here; we are comparing within octahedral, but comparing octahedral vs tetrahedral, Δ₀ is different. However the question asks does NOT affect Δ₀"" for octahedral complexes; geometry is not a variable within octahedral complexes themselves. The number of d-electrons does not affect the splitting parameter; it affects how electrons fill the orbitals but not the Δ₀ value.""",z_09,arithmetic_error,medium,0.0667,recall,high,reviewed,"[0, 0, 0, 0, 0, 0, 0, 0, 0, 1, 0, 0, 0, 0, 0]"
NCERT_CrystalFieldOcta_05,1,4d and 5d orbitals have lower energy.,False,"Incorrect. They are actually higher in energy, but the key is better overlap.",z_14,conceptual_error,medium,0.0667,recall,high,reviewed,"[0, 0, 0, 0, 0, 0, 0, 0, 0, 0, 0, 0, 0, 0, 1]"
NCERT_CrystalFieldOcta_05,2,"4d and 5d orbitals are more diffuse, leading to stronger overlap with ligands.",True,"Correct. The radial extension of 4d and 5d orbitals is greater, resulting in better overlap and larger Δ₀.",none,correct,none,0.0,recall,high,reviewed,"[0, 0, 0, 0, 0, 0, 0, 0, 0, 0, 0, 0, 0, 0, 1]"
NCERT_CrystalFieldOcta_05,3,4d and 5d metals have more d-electrons.,False,Incorrect. The number of d-electrons does not determine the magnitude of splitting.,z_10,conceptual_error,medium,0.0667,recall,high,reviewed,"[0, 0, 0, 0, 0, 0, 0, 0, 0, 0, 1, 0, 0, 0, 0]"
NCERT_CrystalFieldOcta_05,4,4d and 5d metals have higher oxidation states.,False,Incorrect. Oxidation state is independent of period.,z_09,conceptual_error,medium,0.0667,recall,high,reviewed,"[0, 0, 0, 0, 0, 0, 0, 0, 0, 1, 0, 0, 0, 0, 0]"
NCERT_CrystalFieldOcta_06,1,2,False,Incorrect. That would be low-spin d⁴ (t₂g⁴ eg⁰) with two unpaired.,z_14,conceptual_error,medium,0.0667,recall,high,reviewed,"[0, 0, 0, 0, 0, 0, 0, 0, 0, 0, 0, 0, 0, 0, 1]"
NCERT_CrystalFieldOcta_06,2,4,True,"Correct. In high-spin d⁴ (weak field), the electrons occupy all t₂g orbitals singly and one eg orbital, giving four unpaired electrons.",none,correct,none,0.0,recall,high,reviewed,"[0, 0, 0, 0, 0, 0, 0, 0, 0, 0, 0, 0, 0, 0, 1]"
NCERT_CrystalFieldOcta_06,3,3,False,Incorrect. That would be d⁵ or d³.,z_10,conceptual_error,medium,0.0667,recall,high,reviewed,"[0, 0, 0, 0, 0, 0, 0, 0, 0, 0, 1, 0, 0, 0, 0]"
NCERT_CrystalFieldOcta_06,4,1,False,Incorrect.,z_09,conceptual_error,medium,0.0667,recall,high,reviewed,"[0, 0, 0, 0, 0, 0, 0, 0, 0, 1, 0, 0, 0, 0, 0]"
NCERT_CrystalFieldOcta_07,1,Paramagnetic,False,Incorrect. It could be paramagnetic or diamagnetic depending on configuration.,z_14,conceptual_error,medium,0.0667,recall,high,reviewed,"[0, 0, 0, 0, 0, 0, 0, 0, 0, 0, 0, 0, 0, 0, 1]"
NCERT_CrystalFieldOcta_07,2,Diamagnetic,False,"Incorrect. Low-spin may still be paramagnetic if there are unpaired electrons (e.g., d⁵ low-spin has one unpaired).",z_14,conceptual_error,medium,0.0667,recall,high,reviewed,"[0, 0, 0, 0, 0, 0, 0, 0, 0, 0, 0, 0, 0, 0, 1]"
NCERT_CrystalFieldOcta_07,3,High-spin,False,Incorrect. High-spin configuration occurs when Delta_o < P.,z_10,conceptual_error,medium,0.0667,recall,high,reviewed,"[0, 0, 0, 0, 0, 0, 0, 0, 0, 0, 1, 0, 0, 0, 0]"
NCERT_CrystalFieldOcta_07,4,Low-spin,True,"Correct. When Delta_o > P, the energy cost of pairing in lower t2g orbitals is less than promoting to eg, resulting in a low-spin complex.",none,correct,none,0.0,recall,high,reviewed,"[0, 0, 0, 0, 0, 0, 0, 0, 0, 1, 0, 0, 0, 0, 0]"
NCERT_CrystalFieldOcta_08,1,-0.4 Δ₀,True,"Correct. High-spin d6 has configuration t2g^4 eg^2, giving CFSE = (4 x -0.4 Delta_o) + (2 x 0.6 Delta_o) = -0.4 Delta_o.",none,correct,none,0.0,recall,high,reviewed,"[0, 0, 0, 0, 0, 0, 0, 0, 0, 0, 0, 0, 0, 0, 1]"
NCERT_CrystalFieldOcta_08,2,-1.2 Δ₀,False,"Incorrect. This value corresponds to a low-spin d6 configuration, not high-spin d6.",z_14,arithmetic_error,medium,0.0667,recall,high,reviewed,"[0, 0, 0, 0, 0, 0, 0, 0, 0, 0, 0, 0, 0, 0, 1]"
NCERT_CrystalFieldOcta_08,3,-0.6 Δ₀,False,Incorrect. -0.6 Delta_o does not correspond to any standard high-spin or low-spin octahedral d-electron configuration.,z_10,conceptual_error,medium,0.0667,recall,high,reviewed,"[0, 0, 0, 0, 0, 0, 0, 0, 0, 0, 1, 0, 0, 0, 0]"
NCERT_CrystalFieldOcta_08,4,-0.8 Δ₀,False,"Incorrect. This value corresponds to a high-spin d3 or high-spin d8 configuration, not high-spin d6.",z_09,arithmetic_error,medium,0.0667,recall,high,reviewed,"[0, 0, 0, 0, 0, 0, 0, 0, 0, 1, 0, 0, 0, 0, 0]"
NCERT_CrystalFieldOcta_09,1,Charge transfer from metal to ligand.,False,Incorrect. Charge transfer transitions can also cause color but are not the primary reason for most transition metal complexes; d-d transitions are the main cause.,z_14,conceptual_error,medium,0.0667,recall,high,reviewed,"[0, 0, 0, 0, 0, 0, 0, 0, 0, 0, 0, 0, 0, 0, 1]"
NCERT_CrystalFieldOcta_09,2,d-d transitions where an electron is excited from the t₂g set to the eg set.,True,"Correct. The absorption of light in the visible region corresponds to the energy difference Δ₀, causing promotion of an electron from lower energy t₂g to higher energy eg orbitals.",none,correct,none,0.0,recall,high,reviewed,"[0, 0, 0, 0, 0, 0, 0, 0, 0, 0, 0, 0, 0, 0, 1]"
NCERT_CrystalFieldOcta_09,3,The presence of unpaired electrons.,False,"Incorrect. Paramagnetism is related to unpaired electrons, not directly to color.",z_10,conceptual_error,medium,0.0667,recall,high,reviewed,"[0, 0, 0, 0, 0, 0, 0, 0, 0, 0, 1, 0, 0, 0, 0]"
NCERT_CrystalFieldOcta_09,4,Vibrational transitions.,False,Incorrect. Vibrational transitions are in the infrared region.,z_09,conceptual_error,medium,0.0667,recall,high,reviewed,"[0, 0, 0, 0, 0, 0, 0, 0, 0, 1, 0, 0, 0, 0, 0]"
NCERT_CrystalFieldOcta_10,1,"CN⁻ is a stronger field ligand due to π-acceptor ability, while F⁻ is a π donor that reduces Δ₀.",True,"Correct. CN⁻ is a strong field π-acceptor, increasing Δ₀; F⁻ is a weak field π-donor, decreasing Δ₀.",none,correct,none,0.0,recall,high,reviewed,"[0, 0, 0, 0, 0, 0, 0, 0, 0, 0, 0, 0, 0, 0, 1]"
NCERT_CrystalFieldOcta_10,2,The metal ion size is different.,False,Incorrect. Same metal ion.,z_14,conceptual_error,medium,0.0667,recall,high,reviewed,"[0, 0, 0, 0, 0, 0, 0, 0, 0, 0, 0, 0, 0, 0, 1]"
NCERT_CrystalFieldOcta_10,3,Co has a higher oxidation state in the cyanide complex.,False,Incorrect. Both have Co³⁺.,z_10,conceptual_error,medium,0.0667,recall,high,reviewed,"[0, 0, 0, 0, 0, 0, 0, 0, 0, 0, 1, 0, 0, 0, 0]"
NCERT_CrystalFieldOcta_10,4,The geometry is different.,False,Incorrect. Both are octahedral.,z_09,conceptual_error,medium,0.0667,recall,high,reviewed,"[0, 0, 0, 0, 0, 0, 0, 0, 0, 1, 0, 0, 0, 0, 0]"
NCERT_CrystalFieldTetra_01,1,Both sets are degenerate.,False,Incorrect. They are split.,z_02,conceptual_error,medium,0.0667,analysis,high,reviewed,"[0, 0, 1, 0, 0, 0, 0, 0, 0, 0, 0, 0, 0, 0, 0]"
NCERT_CrystalFieldTetra_01,2,"e (dx²-y², dz²)",False,"Incorrect. In tetrahedral field, the e set (dx²-y², dz²) are lower in energy, and the t₂ set are higher.",z_04,conceptual_error,medium,0.0667,analysis,high,reviewed,"[0, 0, 0, 0, 1, 0, 0, 0, 0, 0, 0, 0, 0, 0, 0]"
NCERT_CrystalFieldTetra_01,3,"t₂ (dxy, dyz, dxz)",True,"Correct. In tetrahedral geometry, the orbitals pointing more directly at the ligands (dxy, dyz, dxz) experience greater repulsion and are higher in energy.",none,correct,none,0.0,analysis,high,reviewed,"[0, 0, 0, 0, 1, 0, 0, 0, 0, 0, 0, 0, 0, 0, 0]"
NCERT_CrystalFieldTetra_01,4,The splitting pattern is opposite to octahedral.,False,"Incorrect. The pattern is indeed opposite to octahedral (where t₂g is lower, eg higher).",z_10,conceptual_error,medium,0.0667,analysis,high,reviewed,"[0, 0, 0, 0, 0, 0, 0, 0, 0, 0, 1, 0, 0, 0, 0]"
NCERT_CrystalFieldTetra_02,1,0.9 Δ₀,False,Incorrect. This is too high.,z_02,conceptual_error,medium,0.0667,analysis,high,reviewed,"[0, 0, 1, 0, 0, 0, 0, 0, 0, 0, 0, 0, 0, 0, 0]"
NCERT_CrystalFieldTetra_02,2,1.0 Δ₀,False,Incorrect. Δₜ is smaller.,z_04,conceptual_error,medium,0.0667,analysis,high,reviewed,"[0, 0, 0, 0, 1, 0, 0, 0, 0, 0, 0, 0, 0, 0, 0]"
NCERT_CrystalFieldTetra_02,3,1.5 Δ₀,False,Incorrect. Δₜ is smaller.,z_04,conceptual_error,medium,0.0667,analysis,high,reviewed,"[0, 0, 0, 0, 1, 0, 0, 0, 0, 0, 0, 0, 0, 0, 0]"
NCERT_CrystalFieldTetra_02,4,0.5 Δ₀,True,"Correct. In tetrahedral complexes, there are only four ligands and the orbital overlap is less effective; Δₜ ≈ (4/9) Δ₀, roughly 0.44 Δ₀. 0.5 is the closest approximation.",none,correct,none,0.0,analysis,high,reviewed,"[0, 0, 0, 0, 0, 0, 0, 0, 0, 0, 1, 0, 0, 0, 0]"
NCERT_CrystalFieldTetra_03,1,They exhibit Jahn-Teller distortion more often than octahedral complexes.,False,Incorrect. Jahn-Teller distortion is less common in tetrahedral geometry.,z_02,conceptual_error,medium,0.0667,analysis,high,reviewed,"[0, 0, 1, 0, 0, 0, 0, 0, 0, 0, 0, 0, 0, 0, 0]"
NCERT_CrystalFieldTetra_03,2,They are always diamagnetic.,False,Incorrect. They can be paramagnetic depending on d-electron count.,z_04,conceptual_error,medium,0.0667,analysis,high,reviewed,"[0, 0, 0, 0, 1, 0, 0, 0, 0, 0, 0, 0, 0, 0, 0]"
NCERT_CrystalFieldTetra_03,3,They are always high-spin because Δₜ is small compared to pairing energy.,True,"Correct. Since Δₜ is about half of Δ₀ and typically less than the pairing energy, tetrahedral complexes are almost always high-spin.",none,correct,none,0.0,analysis,high,reviewed,"[0, 0, 0, 0, 1, 0, 0, 0, 0, 0, 0, 0, 0, 0, 0]"
NCERT_CrystalFieldTetra_03,4,They are always low-spin.,False,Incorrect. Tetrahedral complexes rarely show low-spin due to small Δₜ.,z_10,conceptual_error,medium,0.0667,analysis,high,reviewed,"[0, 0, 0, 0, 0, 0, 0, 0, 0, 0, 1, 0, 0, 0, 0]"
NCERT_CrystalFieldTetra_04,1,1,False,Incorrect. That would be for d⁹.,z_02,conceptual_error,medium,0.0667,analysis,high,reviewed,"[0, 0, 1, 0, 0, 0, 0, 0, 0, 0, 0, 0, 0, 0, 0]"
NCERT_CrystalFieldTetra_04,2,0,True,"Correct. d⁸ in tetrahedral field: e⁴ t₂⁴, all orbitals doubly occupied, no unpaired electrons (diamagnetic).",none,correct,none,0.0,analysis,high,reviewed,"[0, 0, 0, 0, 1, 0, 0, 0, 0, 0, 0, 0, 0, 0, 0]"
NCERT_CrystalFieldTetra_04,3,2,False,Incorrect. That would be for high-spin octahedral d⁸.,z_04,conceptual_error,medium,0.0667,analysis,high,reviewed,"[0, 0, 0, 0, 1, 0, 0, 0, 0, 0, 0, 0, 0, 0, 0]"
NCERT_CrystalFieldTetra_04,4,3,False,Incorrect. That would be for d⁵ or d⁷.,z_10,conceptual_error,medium,0.0667,analysis,high,reviewed,"[0, 0, 0, 0, 0, 0, 0, 0, 0, 0, 1, 0, 0, 0, 0]"
NCERT_CrystalFieldTetra_05,1,-0.8 Δₜ,True,"Correct. For tetrahedral, e orbitals are stabilized by -0.6Δₜ each, t₂ orbitals are destabilized by +0.4Δₜ each. CFSE = (2 × -0.6Δₜ) + (1 × 0.4Δₜ) = -1.2Δₜ + 0.4Δₜ = -0.8Δₜ.",none,correct,none,0.0,analysis,high,reviewed,"[0, 0, 1, 0, 0, 0, 0, 0, 0, 0, 0, 0, 0, 0, 0]"
NCERT_CrystalFieldTetra_05,2,-1.2 Δₜ,False,Incorrect.,z_04,conceptual_error,medium,0.0667,analysis,high,reviewed,"[0, 0, 0, 0, 1, 0, 0, 0, 0, 0, 0, 0, 0, 0, 0]"
NCERT_CrystalFieldTetra_05,3,-0.6 Δₜ,False,Incorrect.,z_04,conceptual_error,medium,0.0667,analysis,high,reviewed,"[0, 0, 0, 0, 1, 0, 0, 0, 0, 0, 0, 0, 0, 0, 0]"
NCERT_CrystalFieldTetra_05,4,-0.4 Δₜ,False,Incorrect.,z_10,conceptual_error,medium,0.0667,analysis,high,reviewed,"[0, 0, 0, 0, 0, 0, 0, 0, 0, 0, 1, 0, 0, 0, 0]"
NCERT_CrystalFieldTetra_06,1,They are always low-spin.,False,Incorrect. Tetrahedral complexes are generally high-spin.,z_02,conceptual_error,medium,0.0667,analysis,high,reviewed,"[0, 0, 1, 0, 0, 0, 0, 0, 0, 0, 0, 0, 0, 0, 0]"
NCERT_CrystalFieldTetra_06,2,"These configurations have zero CFSE in tetrahedral geometry, making them less favorable compared to octahedral.",True,"Correct. For d⁰, d⁵, d¹⁰, the CFSE in tetrahedral geometry is zero (or very small), so there is no strong preference for octahedral geometry, and tetrahedral complexes are often formed due to steric reasons.",none,correct,none,0.0,analysis,high,reviewed,"[0, 0, 0, 0, 1, 0, 0, 0, 0, 0, 0, 0, 0, 0, 0]"
NCERT_CrystalFieldTetra_06,3,They have high CFSE in tetrahedral geometry.,False,"Incorrect. CFSE is zero for these configurations, not high.",z_04,conceptual_error,medium,0.0667,analysis,high,reviewed,"[0, 0, 0, 0, 1, 0, 0, 0, 0, 0, 0, 0, 0, 0, 0]"
NCERT_CrystalFieldTetra_06,4,They form stronger bonds with ligands.,False,Incorrect. Bond strength is not the primary factor.,z_10,conceptual_error,medium,0.0667,analysis,high,reviewed,"[0, 0, 0, 0, 0, 0, 0, 0, 0, 0, 1, 0, 0, 0, 0]"
NCERT_CrystalFieldTetra_07,1,Tetrahedral complexes are always colorless.,False,Incorrect. Many are colored.,z_02,conceptual_error,medium,0.0667,analysis,high,reviewed,"[0, 0, 1, 0, 0, 0, 0, 0, 0, 0, 0, 0, 0, 0, 0]"
NCERT_CrystalFieldTetra_07,2,"Δₜ is larger, leading to absorption at shorter wavelengths.",False,"Incorrect. Δₜ is smaller, not larger.",z_04,conceptual_error,medium,0.0667,analysis,high,reviewed,"[0, 0, 0, 0, 1, 0, 0, 0, 0, 0, 0, 0, 0, 0, 0]"
NCERT_CrystalFieldTetra_07,3,Tetrahedral complexes have no d-d transitions.,False,Incorrect. They do have d-d transitions.,z_04,conceptual_error,medium,0.0667,analysis,high,reviewed,"[0, 0, 0, 0, 1, 0, 0, 0, 0, 0, 0, 0, 0, 0, 0]"
NCERT_CrystalFieldTetra_07,4,"Δₜ is smaller, leading to absorption at longer wavelengths.",True,"Correct. Since Δₜ ≈ 0.44 Δ₀, the energy gap is smaller, so the complex absorbs lower energy (longer wavelength) light, often appearing different in color.",none,correct,none,0.0,analysis,high,reviewed,"[0, 0, 0, 0, 0, 0, 0, 0, 0, 0, 1, 0, 0, 0, 0]"
NCERT_CrystalFieldTetra_08,1,Stabilized relative to the barycenter,True,"Correct. In tetrahedral geometry, the t₂ set (dxy, dyz, dxz) points more directly at the ligands and is destabilized (higher energy).",none,correct,none,0.0,analysis,high,reviewed,"[0, 0, 1, 0, 0, 0, 0, 0, 0, 0, 0, 0, 0, 0, 0]"
NCERT_CrystalFieldTetra_08,2,Destabilized relative to the barycenter,False,Incorrect. The e set is stabilized.,z_04,conceptual_error,medium,0.0667,analysis,high,reviewed,"[0, 0, 0, 0, 1, 0, 0, 0, 0, 0, 0, 0, 0, 0, 0]"
NCERT_CrystalFieldTetra_08,3,Split into two sublevels,False,Incorrect. They remain degenerate.,z_04,conceptual_error,medium,0.0667,analysis,high,reviewed,"[0, 0, 0, 0, 1, 0, 0, 0, 0, 0, 0, 0, 0, 0, 0]"
NCERT_CrystalFieldTetra_08,4,Neither stabilized nor destabilized,False,Incorrect. They are destabilized.,z_10,conceptual_error,medium,0.0667,analysis,high,reviewed,"[0, 0, 0, 0, 0, 0, 0, 0, 0, 0, 1, 0, 0, 0, 0]"
NCERT_CrystalFieldTetra_09,1,Zn²⁺ (d¹⁰),True,Correct. Zn²⁺ has d¹⁰ configuration with zero CFSE in any geometry; it often forms tetrahedral complexes due to steric factors and lack of CFSE preference.,none,correct,none,0.0,analysis,high,reviewed,"[0, 0, 1, 0, 0, 0, 0, 0, 0, 0, 0, 0, 0, 0, 0]"
NCERT_CrystalFieldTetra_09,2,Co²⁺ (d⁷),False,Incorrect. Co²⁺ forms both tetrahedral and octahedral.,z_04,conceptual_error,medium,0.0667,analysis,high,reviewed,"[0, 0, 0, 0, 1, 0, 0, 0, 0, 0, 0, 0, 0, 0, 0]"
NCERT_CrystalFieldTetra_09,3,Cu²⁺ (d⁹),False,Incorrect. Cu²⁺ prefers octahedral or square planar.,z_04,conceptual_error,medium,0.0667,analysis,high,reviewed,"[0, 0, 0, 0, 1, 0, 0, 0, 0, 0, 0, 0, 0, 0, 0]"
NCERT_CrystalFieldTetra_09,4,Ni²⁺ (d⁸),False,"Incorrect. Ni²⁺ often forms square planar or octahedral, but tetrahedral Ni²⁺ complexes exist (e.g., [NiCl₄]²⁻). However, Zn²⁺ is more common for tetrahedral.",z_10,conceptual_error,medium,0.0667,analysis,high,reviewed,"[0, 0, 0, 0, 0, 0, 0, 0, 0, 0, 1, 0, 0, 0, 0]"
NCERT_CrystalFieldTetra_10,1,"Cl⁻ is a strong field ligand, forcing tetrahedral geometry.",False,Incorrect. Cl⁻ is weak field.,z_02,conceptual_error,medium,0.0667,analysis,high,reviewed,"[0, 0, 1, 0, 0, 0, 0, 0, 0, 0, 0, 0, 0, 0, 0]"
NCERT_CrystalFieldTetra_10,2,Both complexes have the same geometry.,False,Incorrect. They differ.,z_04,conceptual_error,medium,0.0667,analysis,high,reviewed,"[0, 0, 0, 0, 1, 0, 0, 0, 0, 0, 0, 0, 0, 0, 0]"
NCERT_CrystalFieldTetra_10,3,"H₂O is a strong field ligand, causing low-spin and octahedral geometry.",False,Incorrect. H₂O is not strong enough to cause low-spin in Co²⁺; it is intermediate.,z_04,conceptual_error,medium,0.0667,analysis,high,reviewed,"[0, 0, 0, 0, 1, 0, 0, 0, 0, 0, 0, 0, 0, 0, 0]"
NCERT_CrystalFieldTetra_10,4,"Cl⁻ is a weak field ligand and cannot cause pairing, but tetrahedral geometry is favored for Co²⁺ when CFSE is not large.",True,"Correct. For Co²⁺ (d⁷), the CFSE in octahedral geometry is significant, but with weak field ligands like Cl⁻, the CFSE difference between octahedral and tetrahedral is small, and steric factors favor tetrahedral. Water is a stronger field ligand and forms stable octahedral complexes.",none,correct,none,0.0,analysis,high,reviewed,"[0, 0, 0, 0, 0, 0, 0, 0, 0, 0, 1, 0, 0, 0, 0]"
NCERT_CFSE_01,1,The energy released when a complex is formed from metal and ligands.,False,Incorrect. That is the overall formation enthalpy.,z_07,conceptual_error,medium,0.0667,recall,high,reviewed,"[0, 0, 0, 0, 0, 0, 0, 1, 0, 0, 0, 0, 0, 0, 0]"
NCERT_CFSE_01,2,The energy required to pair electrons in a complex.,False,Incorrect. That is pairing energy.,z_08,conceptual_error,medium,0.0667,recall,high,reviewed,"[0, 0, 0, 0, 0, 0, 0, 0, 1, 0, 0, 0, 0, 0, 0]"
NCERT_CFSE_01,3,The energy gained by the d-electrons when they occupy the lower energy set of orbitals in a complex compared to the barycenter.,True,Correct. CFSE is the stabilization arising from the splitting of d-orbitals; it is the sum of the energies of d-electrons relative to the barycenter.,none,correct,none,0.0,recall,high,reviewed,"[0, 0, 0, 0, 0, 0, 0, 1, 0, 0, 0, 0, 0, 0, 0]"
NCERT_CFSE_01,4,The total bond energy of a complex.,False,Incorrect. That is different.,z_11,conceptual_error,medium,0.0667,recall,high,reviewed,"[0, 0, 0, 0, 0, 0, 0, 0, 0, 0, 0, 1, 0, 0, 0]"
NCERT_CFSE_02,1,-0.8 Δ₀,False,"Incorrect. -0.8 Delta_o corresponds to a high-spin d3 or high-spin d8 configuration, not low-spin d6.",z_07,conceptual_error,medium,0.0667,recall,high,reviewed,"[0, 0, 0, 0, 0, 0, 0, 1, 0, 0, 0, 0, 0, 0, 0]"
NCERT_CFSE_02,2,-0.4 Δ₀,False,"Incorrect. -0.4 Delta_o corresponds to high-spin d6, not low-spin d6.",z_08,conceptual_error,medium,0.0667,recall,high,reviewed,"[0, 0, 0, 0, 0, 0, 0, 0, 1, 0, 0, 0, 0, 0, 0]"
NCERT_CFSE_02,3,-1.6 Δ₀,False,"Incorrect. -1.6 Delta_o corresponds to a high-spin d7 configuration, not low-spin d6.",z_07,conceptual_error,medium,0.0667,recall,high,reviewed,"[0, 0, 0, 0, 0, 0, 0, 1, 0, 0, 0, 0, 0, 0, 0]"
NCERT_CFSE_02,4,-2.4 Δ₀,True,"Correct. Low-spin d6 has configuration t2g^6 eg^0, giving CFSE = 6 x -0.4 Delta_o = -2.4 Delta_o.",none,correct,none,0.0,recall,high,reviewed,"[0, 0, 0, 0, 0, 0, 0, 0, 0, 0, 0, 1, 0, 0, 0]"
NCERT_CFSE_03,1,-0.8 Δ₀,False,Incorrect.,z_07,conceptual_error,medium,0.0667,recall,high,reviewed,"[0, 0, 0, 0, 0, 0, 0, 1, 0, 0, 0, 0, 0, 0, 0]"
NCERT_CFSE_03,2,0,True,Correct. Weak-field (high-spin) d⁵: t₂g³ eg². CFSE = (3 × -0.4Δ₀) + (2 × 0.6Δ₀) = -1.2Δ₀ + 1.2Δ₀ = 0.,none,correct,none,0.0,recall,high,reviewed,"[0, 0, 0, 0, 0, 0, 0, 0, 1, 0, 0, 0, 0, 0, 0]"
NCERT_CFSE_03,3,-1.0 Δ₀,False,Incorrect.,z_07,conceptual_error,medium,0.0667,recall,high,reviewed,"[0, 0, 0, 0, 0, 0, 0, 1, 0, 0, 0, 0, 0, 0, 0]"
NCERT_CFSE_03,4,-0.4 Δ₀,False,Incorrect.,z_11,conceptual_error,medium,0.0667,recall,high,reviewed,"[0, 0, 0, 0, 0, 0, 0, 0, 0, 0, 0, 1, 0, 0, 0]"
NCERT_CFSE_04,1,Maximum Crystal Field Stabilization Energy (CFSE),False,Incorrect. High-spin d5 and all d10 configurations have a CFSE of zero.,z_00,conceptual_error,medium,0.0667,application,high,reviewed,"[1, 0, 0, 0, 0, 0, 0, 0, 0, 0, 0, 0, 0, 0, 0]"
NCERT_CFSE_04,2,Strong Jahn-Teller distortions,False,Incorrect. d5 (high spin) and d10 complexes are symmetrically arranged and do NOT undergo Jahn-Teller distortion.,z_00,conceptual_error,medium,0.0667,application,high,reviewed,"[1, 0, 0, 0, 0, 0, 0, 0, 0, 0, 0, 0, 0, 0, 0]"
NCERT_CFSE_04,3,Exchange energy and symmetrical electron distribution,True,"Correct. Even with zero CFSE, these configurations are highly stable due to maximized exchange energy and spherical symmetry.",none,correct,none,0.0,application,high,reviewed,"[1, 0, 0, 0, 0, 0, 0, 0, 0, 0, 0, 0, 0, 0, 0]"
NCERT_CFSE_04,4,Extremely high pairing energy,False,Incorrect. Pairing energy opposes stability; it does not cause the extra stability of half/full subshells.,z_11,conceptual_error,medium,0.0667,application,high,reviewed,"[0, 0, 0, 0, 0, 0, 0, 0, 0, 0, 0, 1, 0, 0, 0]"
NCERT_CFSE_05,1,-0.6 Δₜ,False,Incorrect. That would be for d¹.,z_07,conceptual_error,medium,0.0667,recall,high,reviewed,"[0, 0, 0, 0, 0, 0, 0, 1, 0, 0, 0, 0, 0, 0, 0]"
NCERT_CFSE_05,2,-0.8 Δₜ,True,Correct. Tetrahedral d⁶: e³ t₂³. CFSE = (3 × -0.6Δₜ) + (3 × 0.4Δₜ) = -1.8Δₜ + 1.2Δₜ = -0.6Δₜ.,none,correct,none,0.0,recall,high,reviewed,"[0, 0, 0, 0, 0, 0, 0, 0, 1, 0, 0, 0, 0, 0, 0]"
NCERT_CFSE_05,3,-1.2 Δₜ,False,Incorrect. That would be for d³.,z_07,conceptual_error,medium,0.0667,recall,high,reviewed,"[0, 0, 0, 0, 0, 0, 0, 1, 0, 0, 0, 0, 0, 0, 0]"
NCERT_CFSE_05,4,-0.4 Δₜ,False,Incorrect. That would be for d⁸.,z_11,conceptual_error,medium,0.0667,recall,high,reviewed,"[0, 0, 0, 0, 0, 0, 0, 0, 0, 0, 0, 1, 0, 0, 0]"
NCERT_CFSE_06,1,All of the above,True,"Correct. CFSE depends on the number of d-electrons, the splitting pattern (geometry), and the magnitude of Δ (ligand field strength).",none,correct,none,0.0,recall,high,reviewed,"[0, 0, 0, 0, 0, 0, 0, 1, 0, 0, 0, 0, 0, 0, 0]"
NCERT_CFSE_06,2,Geometry of the complex,False,Incorrect.,z_08,conceptual_error,medium,0.0667,recall,high,reviewed,"[0, 0, 0, 0, 0, 0, 0, 0, 1, 0, 0, 0, 0, 0, 0]"
NCERT_CFSE_06,3,Number of d-electrons,False,Incorrect.,z_07,conceptual_error,medium,0.0667,recall,high,reviewed,"[0, 0, 0, 0, 0, 0, 0, 1, 0, 0, 0, 0, 0, 0, 0]"
NCERT_CFSE_06,4,Ligand field strength,False,Incorrect.,z_11,conceptual_error,medium,0.0667,recall,high,reviewed,"[0, 0, 0, 0, 0, 0, 0, 0, 0, 0, 0, 1, 0, 0, 0]"
NCERT_CFSE_07,1,-0.8 Δ₀,False,"Incorrect. -0.8 Delta_o corresponds to a high-spin d8 configuration, not d3.",z_07,conceptual_error,medium,0.0667,recall,high,reviewed,"[0, 0, 0, 0, 0, 0, 0, 1, 0, 0, 0, 0, 0, 0, 0]"
NCERT_CFSE_07,2,-0.4 Δ₀,False,"Incorrect. -0.4 Delta_o corresponds to a high-spin d6 configuration, not d3.",z_08,conceptual_error,medium,0.0667,recall,high,reviewed,"[0, 0, 0, 0, 0, 0, 0, 0, 1, 0, 0, 0, 0, 0, 0]"
NCERT_CFSE_07,3,-2.4 Δ₀,False,"Incorrect. -2.4 Delta_o corresponds to a low-spin d6 configuration, not d3.",z_07,conceptual_error,medium,0.0667,recall,high,reviewed,"[0, 0, 0, 0, 0, 0, 0, 1, 0, 0, 0, 0, 0, 0, 0]"
NCERT_CFSE_07,4,-1.2 Δ₀,True,"Correct. d3 (e.g. Cr3+) has configuration t2g^3 eg^0, giving CFSE = 3 x -0.4 Delta_o = -1.2 Delta_o.",none,correct,none,0.0,recall,high,reviewed,"[0, 0, 0, 0, 0, 0, 0, 0, 0, 0, 0, 1, 0, 0, 0]"
NCERT_CFSE_08,1,Low-spin configurations have more unpaired electrons.,False,Incorrect. Low-spin usually has fewer unpaired electrons.,z_07,conceptual_error,medium,0.0667,recall,high,reviewed,"[0, 0, 0, 0, 0, 0, 0, 1, 0, 0, 0, 0, 0, 0, 0]"
NCERT_CFSE_08,2,Both A and C,True,Correct. Both A and C are true.,none,correct,none,0.0,recall,high,reviewed,"[0, 0, 0, 0, 0, 0, 0, 0, 1, 0, 0, 0, 0, 0, 0]"
NCERT_CFSE_08,3,High-spin configurations have more electrons in eg orbitals.,False,"Incorrect. High-spin has electrons in destabilized eg orbitals, reducing CFSE.",z_07,conceptual_error,medium,0.0667,recall,high,reviewed,"[0, 0, 0, 0, 0, 0, 0, 1, 0, 0, 0, 0, 0, 0, 0]"
NCERT_CFSE_08,4,Low-spin configurations place more electrons in the stabilized t₂g orbitals.,False,"Incorrect. Low-spin maximizes the number of electrons in the lower energy t₂g set, increasing CFSE.",z_11,conceptual_error,medium,0.0667,recall,high,reviewed,"[0, 0, 0, 0, 0, 0, 0, 0, 0, 0, 0, 1, 0, 0, 0]"
NCERT_CFSE_09,1,Mn²⁺ > Fe²⁺ > Co²⁺ > Ni²⁺ > Cu²⁺ < Zn²⁺,False,Incorrect. This is reversed.,z_07,conceptual_error,medium,0.0667,recall,high,reviewed,"[0, 0, 0, 0, 0, 0, 0, 1, 0, 0, 0, 0, 0, 0, 0]"
NCERT_CFSE_09,2,Mn²⁺ < Fe²⁺ < Co²⁺ < Ni²⁺ < Cu²⁺ > Zn²⁺,True,"Correct. The Irving-Williams series for stability of octahedral complexes is Mn²⁺ < Fe²⁺ < Co²⁺ < Ni²⁺ < Cu²⁺ > Zn²⁺, following CFSE values (d⁵ < d⁶ < d⁷ < d⁸ < d⁹ > d¹⁰).",none,correct,none,0.0,recall,high,reviewed,"[0, 0, 0, 0, 0, 0, 0, 0, 1, 0, 0, 0, 0, 0, 0]"
NCERT_CFSE_09,3,Fe²⁺ < Mn²⁺ < Co²⁺ < Ni²⁺ < Cu²⁺ < Zn²⁺,False,Incorrect.,z_07,conceptual_error,medium,0.0667,recall,high,reviewed,"[0, 0, 0, 0, 0, 0, 0, 1, 0, 0, 0, 0, 0, 0, 0]"
NCERT_CFSE_09,4,Zn²⁺ < Cu²⁺ < Ni²⁺ < Co²⁺ < Fe²⁺ < Mn²⁺,False,Incorrect.,z_11,conceptual_error,medium,0.0667,recall,high,reviewed,"[0, 0, 0, 0, 0, 0, 0, 0, 0, 0, 0, 1, 0, 0, 0]"
NCERT_CFSE_10,1,-0.8 Δ₀,False,"Incorrect. -0.8 Delta_o corresponds to a d2 or high-spin d7 configuration, not d9.",z_07,conceptual_error,medium,0.0667,recall,high,reviewed,"[0, 0, 0, 0, 0, 0, 0, 1, 0, 0, 0, 0, 0, 0, 0]"
NCERT_CFSE_10,2,-1.2 Δ₀,False,"Incorrect. -1.2 Delta_o corresponds to a d3 or high-spin d8 configuration, not d9.",z_08,conceptual_error,medium,0.0667,recall,high,reviewed,"[0, 0, 0, 0, 0, 0, 0, 0, 1, 0, 0, 0, 0, 0, 0]"
NCERT_CFSE_10,3,-0.4 Δ₀,False,"Incorrect. -0.4 Delta_o corresponds to a high-spin d6 configuration, not d9.",z_07,conceptual_error,medium,0.0667,recall,high,reviewed,"[0, 0, 0, 0, 0, 0, 0, 1, 0, 0, 0, 0, 0, 0, 0]"
NCERT_CFSE_10,4,-0.6 Δ₀,True,"Correct. d9 has configuration t2g^6 eg^3, giving CFSE = (6 x -0.4 Delta_o) + (3 x 0.6 Delta_o) = -0.6 Delta_o.",none,correct,none,0.0,recall,high,reviewed,"[0, 0, 0, 0, 0, 0, 0, 0, 0, 0, 0, 1, 0, 0, 0]"
NCERT_HighSpinLowSpin_01,1,The oxidation state of the metal only.,False,Incorrect. Oxidation state influences Δ₀ but is not the sole determinant.,z_12,conceptual_error,medium,0.0667,analysis,high,reviewed,"[0, 0, 0, 0, 0, 0, 0, 0, 0, 0, 0, 0, 1, 0, 0]"
NCERT_HighSpinLowSpin_01,2,The number of d-electrons only.,False,Incorrect. The number of d-electrons determines possible configurations but not the spin state itself.,z_11,conceptual_error,medium,0.0667,analysis,high,reviewed,"[0, 0, 0, 0, 0, 0, 0, 0, 0, 0, 0, 1, 0, 0, 0]"
NCERT_HighSpinLowSpin_01,3,The magnitude of crystal field splitting (Δ₀) relative to the pairing energy (P).,True,"Correct. If Δ₀ > P, electrons pair in the lower t₂g orbitals (low-spin); if Δ₀ < P, electrons occupy all orbitals singly as far as possible (high-spin).",none,correct,none,0.0,analysis,high,reviewed,"[1, 0, 0, 0, 0, 0, 0, 0, 0, 0, 0, 0, 0, 0, 0]"
NCERT_HighSpinLowSpin_01,4,The geometry of the complex.,False,"Incorrect. Geometry affects the magnitude of splitting, but for a given geometry, the spin state depends on Δ vs P.",z_13,conceptual_error,medium,0.0667,analysis,high,reviewed,"[0, 0, 0, 0, 0, 0, 0, 0, 0, 0, 0, 0, 0, 1, 0]"
NCERT_HighSpinLowSpin_02,1,[Co(NH₃)₆]³⁺,True,"Correct. NH₃ is a stronger field ligand; for Co³⁺ (d⁶), Δ₀ > P, low-spin (t₂g⁶, diamagnetic).",none,correct,none,0.0,analysis,high,reviewed,"[0, 0, 0, 0, 0, 0, 0, 0, 0, 0, 0, 0, 1, 0, 0]"
NCERT_HighSpinLowSpin_02,2,[Mn(H₂O)₆]²⁺,False,"Incorrect. Mn²⁺ (d⁵) weak field, high-spin (Δ₀ < P).",z_11,conceptual_error,medium,0.0667,analysis,high,reviewed,"[0, 0, 0, 0, 0, 0, 0, 0, 0, 0, 0, 1, 0, 0, 0]"
NCERT_HighSpinLowSpin_02,3,[CoF₆]³⁻,False,"Incorrect. F⁻ is a weak field ligand, Δ₀ small, high-spin.",z_00,conceptual_error,medium,0.0667,analysis,high,reviewed,"[1, 0, 0, 0, 0, 0, 0, 0, 0, 0, 0, 0, 0, 0, 0]"
NCERT_HighSpinLowSpin_02,4,[Fe(H₂O)₆]²⁺,False,"Incorrect. H₂O is intermediate; for Fe²⁺ (d⁶), Δ₀ < P, high-spin.",z_13,conceptual_error,medium,0.0667,analysis,high,reviewed,"[0, 0, 0, 0, 0, 0, 0, 0, 0, 0, 0, 0, 0, 1, 0]"
NCERT_HighSpinLowSpin_03,1,4,True,"Correct. High-spin d⁴: t₂g³ eg¹, four unpaired electrons.",none,correct,none,0.0,analysis,high,reviewed,"[0, 0, 0, 0, 0, 0, 0, 0, 0, 0, 0, 0, 1, 0, 0]"
NCERT_HighSpinLowSpin_03,2,1,False,Incorrect.,z_11,conceptual_error,medium,0.0667,analysis,high,reviewed,"[0, 0, 0, 0, 0, 0, 0, 0, 0, 0, 0, 1, 0, 0, 0]"
NCERT_HighSpinLowSpin_03,3,2,False,"Incorrect. That is low-spin d⁴: t₂g⁴ eg⁰, two unpaired.",z_00,conceptual_error,medium,0.0667,analysis,high,reviewed,"[1, 0, 0, 0, 0, 0, 0, 0, 0, 0, 0, 0, 0, 0, 0]"
NCERT_HighSpinLowSpin_03,4,3,False,Incorrect. That would be d⁵ or d³.,z_13,conceptual_error,medium,0.0667,analysis,high,reviewed,"[0, 0, 0, 0, 0, 0, 0, 0, 0, 0, 0, 0, 0, 1, 0]"
NCERT_HighSpinLowSpin_04,1,Mn²⁺ (d⁵),False,"Incorrect. Mn2+ (d5) can form a low-spin complex with a very strong field ligand, but high-spin d5 already has extra stability from being half-filled, so an unusually strong field is needed to force pairing - it is not the most typical example.",z_12,conceptual_error,medium,0.0667,analysis,high,reviewed,"[0, 0, 0, 0, 0, 0, 0, 0, 0, 0, 0, 0, 1, 0, 0]"
NCERT_HighSpinLowSpin_04,2,Ni²⁺ (d⁸),False,"Incorrect. Ni2+ (d8) has configuration t2g^6 eg^2, which is unaffected by ligand field strength since the eg orbitals must each hold at least one electron regardless of pairing; Ni2+ therefore shows no high-spin/low-spin distinction.",z_11,conceptual_error,medium,0.0667,analysis,high,reviewed,"[0, 0, 0, 0, 0, 0, 0, 0, 0, 0, 0, 1, 0, 0, 0]"
NCERT_HighSpinLowSpin_04,3,Fe²⁺ (d⁶),True,"Correct. Fe2+ (d6) with a strong-field ligand such as CN- readily adopts the low-spin t2g^6 eg^0 configuration, giving the classic diamagnetic complex [Fe(CN)6]4- - the most commonly cited example of a strong-field-induced low-spin complex.",none,correct,none,0.0,analysis,high,reviewed,"[1, 0, 0, 0, 0, 0, 0, 0, 0, 0, 0, 0, 0, 0, 0]"
NCERT_HighSpinLowSpin_04,4,Co²⁺ (d⁷),False,"Incorrect. Co2+ (d7) can occasionally form low-spin complexes with very strong field ligands, but this is far less common and less stable than the low-spin behavior of Fe2+.",z_13,conceptual_error,medium,0.0667,analysis,high,reviewed,"[0, 0, 0, 0, 0, 0, 0, 0, 0, 0, 0, 0, 0, 1, 0]"
NCERT_HighSpinLowSpin_05,1,"The ligand is weak field (e.g., F⁻, H₂O).",False,Incorrect. Weak field favors high-spin.,z_12,conceptual_error,medium,0.0667,analysis,high,reviewed,"[0, 0, 0, 0, 0, 0, 0, 0, 0, 0, 0, 0, 1, 0, 0]"
NCERT_HighSpinLowSpin_05,2,The complex is tetrahedral.,False,Incorrect. Tetrahedral complexes have small Δₜ and are almost always high-spin.,z_11,conceptual_error,medium,0.0667,analysis,high,reviewed,"[0, 0, 0, 0, 0, 0, 0, 0, 0, 0, 0, 1, 0, 0, 0]"
NCERT_HighSpinLowSpin_05,3,"The metal ion has a high oxidation state and/or the ligand is strong field (e.g., CN⁻, CO).",True,"Correct. High oxidation state increases Δ₀; strong field ligands also increase Δ₀, both making Δ₀ > P and favoring low-spin.",none,correct,none,0.0,analysis,high,reviewed,"[1, 0, 0, 0, 0, 0, 0, 0, 0, 0, 0, 0, 0, 0, 0]"
NCERT_HighSpinLowSpin_05,4,The metal ion has a low oxidation state.,False,"Incorrect. Low oxidation state decreases Δ₀, favoring high-spin.",z_13,conceptual_error,medium,0.0667,analysis,high,reviewed,"[0, 0, 0, 0, 0, 0, 0, 0, 0, 0, 0, 0, 0, 1, 0]"
NCERT_HighSpinLowSpin_06,1,High-spin complexes have more unpaired electrons than low-spin complexes for the same d-electron count.,True,"Correct. For a given dⁿ, low-spin configuration has more pairing, hence fewer unpaired electrons.",none,correct,none,0.0,analysis,high,reviewed,"[0, 0, 0, 0, 0, 0, 0, 0, 0, 0, 0, 0, 1, 0, 0]"
NCERT_HighSpinLowSpin_06,2,Low-spin complexes are always diamagnetic.,False,"Incorrect. Low-spin d⁵ has one unpaired, paramagnetic.",z_11,conceptual_error,medium,0.0667,analysis,high,reviewed,"[0, 0, 0, 0, 0, 0, 0, 0, 0, 0, 0, 1, 0, 0, 0]"
NCERT_HighSpinLowSpin_06,3,High-spin complexes are always paramagnetic.,False,Incorrect. High-spin d¹⁰ has no unpaired electrons (diamagnetic).,z_00,conceptual_error,medium,0.0667,analysis,high,reviewed,"[1, 0, 0, 0, 0, 0, 0, 0, 0, 0, 0, 0, 0, 0, 0]"
NCERT_HighSpinLowSpin_06,4,Low-spin complexes always have zero unpaired electrons.,False,"Incorrect. A low-spin d5 complex actually possesses one unpaired electron, whereas this option incorrectly implies a different magnetic state.",z_13,conceptual_error,medium,0.0667,analysis,high,reviewed,"[0, 0, 0, 0, 0, 0, 0, 0, 0, 0, 0, 0, 0, 1, 0]"
NCERT_HighSpinLowSpin_07,1,"CN⁻ is a strong field ligand causing large Δ₀, while H₂O is a weak field ligand.",True,"Correct. CN⁻ is a strong field π-acceptor, leading to large Δ₀ > P, pairing all electrons (t₂g⁶). H₂O is weaker field, Δ₀ < P, giving high-spin (t₂g⁴ eg²).",none,correct,none,0.0,analysis,high,reviewed,"[0, 0, 0, 0, 0, 0, 0, 0, 0, 0, 0, 0, 1, 0, 0]"
NCERT_HighSpinLowSpin_07,2,The hydration enthalpy differs.,False,Incorrect. Hydration enthalpy is not the direct cause of spin state.,z_11,conceptual_error,medium,0.0667,analysis,high,reviewed,"[0, 0, 0, 0, 0, 0, 0, 0, 0, 0, 0, 1, 0, 0, 0]"
NCERT_HighSpinLowSpin_07,3,Fe has a higher oxidation state in the cyanide complex.,False,Incorrect. Both contain Fe²⁺.,z_00,conceptual_error,medium,0.0667,analysis,high,reviewed,"[1, 0, 0, 0, 0, 0, 0, 0, 0, 0, 0, 0, 0, 0, 0]"
NCERT_HighSpinLowSpin_07,4,The geometry is different.,False,Incorrect. Both are octahedral.,z_13,conceptual_error,medium,0.0667,analysis,high,reviewed,"[0, 0, 0, 0, 0, 0, 0, 0, 0, 0, 0, 0, 0, 1, 0]"
NCERT_HighSpinLowSpin_08,1,Both are high-spin.,False,Incorrect.,z_12,conceptual_error,medium,0.0667,analysis,high,reviewed,"[0, 0, 0, 0, 0, 0, 0, 0, 0, 0, 0, 0, 1, 0, 0]"
NCERT_HighSpinLowSpin_08,2,The cobalt oxidation state is different.,False,Incorrect. Both are Co³⁺.,z_11,conceptual_error,medium,0.0667,analysis,high,reviewed,"[0, 0, 0, 0, 0, 0, 0, 0, 0, 0, 0, 1, 0, 0, 0]"
NCERT_HighSpinLowSpin_08,3,"[Co(NH₃)₆]³⁺ is low-spin (d⁶, t₂g⁶) and [CoF₆]³⁻ is high-spin (d⁶, t₂g⁴ eg²).",True,"Correct. Co³⁺ (d⁶). NH₃ is a stronger field ligand, causing low-spin (paired, diamagnetic). F⁻ is weak field, giving high-spin (four unpaired electrons, μ ≈ √(4×6)=√24=4.9 BM).",none,correct,none,0.0,analysis,high,reviewed,"[1, 0, 0, 0, 0, 0, 0, 0, 0, 0, 0, 0, 0, 0, 0]"
NCERT_HighSpinLowSpin_08,4,Both are low-spin.,False,Incorrect.,z_13,conceptual_error,medium,0.0667,analysis,high,reviewed,"[0, 0, 0, 0, 0, 0, 0, 0, 0, 0, 0, 0, 0, 1, 0]"
NCERT_HighSpinLowSpin_09,1,Magnetic susceptibility measurements.,True,"Correct. Magnetic moment (from magnetic susceptibility) directly gives the number of unpaired electrons, distinguishing high-spin from low-spin.",none,correct,none,0.0,analysis,high,reviewed,"[0, 0, 0, 0, 0, 0, 0, 0, 0, 0, 0, 0, 1, 0, 0]"
NCERT_HighSpinLowSpin_09,2,Conductivity measurements.,False,"Incorrect. Conductivity indicates electrolyte type, not spin state.",z_11,conceptual_error,medium,0.0667,analysis,high,reviewed,"[0, 0, 0, 0, 0, 0, 0, 0, 0, 0, 0, 1, 0, 0, 0]"
NCERT_HighSpinLowSpin_09,3,IR spectroscopy.,False,"Incorrect. IR gives ligand information, not spin state.",z_00,conceptual_error,medium,0.0667,analysis,high,reviewed,"[1, 0, 0, 0, 0, 0, 0, 0, 0, 0, 0, 0, 0, 0, 0]"
NCERT_HighSpinLowSpin_09,4,UV-Vis spectroscopy.,False,Incorrect. UV-Vis gives Δ₀ but not directly the spin state without additional data.,z_13,arithmetic_error,medium,0.0667,analysis,high,reviewed,"[0, 0, 0, 0, 0, 0, 0, 0, 0, 0, 0, 0, 0, 1, 0]"
NCERT_HighSpinLowSpin_10,1,4,False,Incorrect. That would be d⁵.,z_12,conceptual_error,medium,0.0667,analysis,high,reviewed,"[0, 0, 0, 0, 0, 0, 0, 0, 0, 0, 0, 0, 1, 0, 0]"
NCERT_HighSpinLowSpin_10,2,1,False,"Incorrect. Low-spin d⁷: t₂g⁶ eg¹, one unpaired.",z_11,conceptual_error,medium,0.0667,analysis,high,reviewed,"[0, 0, 0, 0, 0, 0, 0, 0, 0, 0, 0, 1, 0, 0, 0]"
NCERT_HighSpinLowSpin_10,3,2,False,Incorrect. That would be d⁸.,z_00,conceptual_error,medium,0.0667,analysis,high,reviewed,"[1, 0, 0, 0, 0, 0, 0, 0, 0, 0, 0, 0, 0, 0, 0]"
NCERT_HighSpinLowSpin_10,4,3,True,"Correct. High-spin d⁷: t₂g⁵ eg², three unpaired electrons.",none,correct,none,0.0,analysis,high,reviewed,"[0, 0, 0, 0, 0, 0, 0, 0, 0, 0, 0, 0, 0, 1, 0]"
NCERT_JahnTeller_01,1,The distortion of a non-linear molecule to remove orbital degeneracy and lower its energy.,True,Correct. The Jahn-Teller theorem states that any non-linear molecule in a degenerate electronic state will distort to remove the degeneracy and achieve a lower energy.,none,correct,none,0.0,application,high,reviewed,"[0, 0, 0, 0, 0, 0, 1, 0, 0, 0, 0, 0, 0, 0, 0]"
NCERT_JahnTeller_01,2,The pairing of electrons in a strong field.,False,Incorrect. That is spin pairing.,z_10,conceptual_error,medium,0.0667,application,high,reviewed,"[0, 0, 0, 0, 0, 0, 0, 0, 0, 0, 1, 0, 0, 0, 0]"
NCERT_JahnTeller_01,3,The splitting of d-orbitals in a crystal field.,False,Incorrect. That is crystal field splitting.,z_02,conceptual_error,medium,0.0667,application,high,reviewed,"[0, 0, 1, 0, 0, 0, 0, 0, 0, 0, 0, 0, 0, 0, 0]"
NCERT_JahnTeller_01,4,The color change of complexes with temperature.,False,"Incorrect. That is thermochromism, not Jahn-Teller.",z_12,conceptual_error,medium,0.0667,application,high,reviewed,"[0, 0, 0, 0, 0, 0, 0, 0, 0, 0, 0, 0, 1, 0, 0]"
NCERT_JahnTeller_02,1,d³ (t₂g³),False,Incorrect. d³ has no degeneracy in the eg orbitals (t₂g³ only).,z_06,conceptual_error,medium,0.0667,application,high,reviewed,"[0, 0, 0, 0, 0, 0, 1, 0, 0, 0, 0, 0, 0, 0, 0]"
NCERT_JahnTeller_02,2,"d⁵ (t₂g³ eg², high-spin)",False,"Incorrect. High-spin d⁵ has one electron in each of the five d-orbitals (t₂g³eg²), so the eg set is symmetrically half-filled with no unequal occupation — there is no Jahn-Teller distortion.",z_10,conceptual_error,medium,0.0667,application,high,reviewed,"[0, 0, 0, 0, 0, 0, 0, 0, 0, 0, 1, 0, 0, 0, 0]"
NCERT_JahnTeller_02,3,d⁹ (t₂g⁶ eg³),True,"Correct. d⁹ has the configuration t₂g⁶eg³, meaning the two eg orbitals are unequally occupied (one has 2 electrons, the other has 1). This asymmetry is the classic case of strong Jahn-Teller distortion, as seen in Cu²⁺ complexes.",none,correct,none,0.0,application,high,reviewed,"[0, 0, 1, 0, 0, 0, 0, 0, 0, 0, 0, 0, 0, 0, 0]"
NCERT_JahnTeller_02,4,d¹⁰ (t₂g⁶ eg⁴),False,Incorrect. d¹⁰ has no unpaired electrons and no degeneracy.,z_12,conceptual_error,medium,0.0667,application,high,reviewed,"[0, 0, 0, 0, 0, 0, 0, 0, 0, 0, 0, 0, 1, 0, 0]"
NCERT_JahnTeller_03,1,[Zn(NH₃)₄]²⁺,False,Incorrect. Zn²⁺ (d¹⁰) has no degeneracy.,z_06,conceptual_error,medium,0.0667,application,high,reviewed,"[0, 0, 0, 0, 0, 0, 1, 0, 0, 0, 0, 0, 0, 0, 0]"
NCERT_JahnTeller_03,2,[Co(NH₃)₆]³⁺,False,"Incorrect. Co³⁺ (d⁶, low-spin) has no degeneracy (t₂g⁶).",z_10,conceptual_error,medium,0.0667,application,high,reviewed,"[0, 0, 0, 0, 0, 0, 0, 0, 0, 0, 1, 0, 0, 0, 0]"
NCERT_JahnTeller_03,3,[Cr(H₂O)₆]³⁺,False,Incorrect. Cr³⁺ (d³) has no degeneracy; regular octahedral.,z_02,conceptual_error,medium,0.0667,application,high,reviewed,"[0, 0, 1, 0, 0, 0, 0, 0, 0, 0, 0, 0, 0, 0, 0]"
NCERT_JahnTeller_03,4,[Cu(H₂O)₆]²⁺,True,"Correct. Cu²⁺ (d⁹) is the classic example of Jahn-Teller distortion, leading to elongated octahedral geometry.",none,correct,none,0.0,application,high,reviewed,"[0, 0, 0, 0, 0, 0, 0, 0, 0, 0, 0, 0, 1, 0, 0]"
NCERT_JahnTeller_04,1,A loss of all unpaired electrons.,False,Incorrect. Distortion does not change the electron count.,z_06,conceptual_error,medium,0.0667,application,high,reviewed,"[0, 0, 0, 0, 0, 0, 1, 0, 0, 0, 0, 0, 0, 0, 0]"
NCERT_JahnTeller_04,2,A change in the oxidation state of the metal.,False,Incorrect. Oxidation state remains unchanged.,z_10,conceptual_error,medium,0.0667,application,high,reviewed,"[0, 0, 0, 0, 0, 0, 0, 0, 0, 0, 1, 0, 0, 0, 0]"
NCERT_JahnTeller_04,3,A change from octahedral to tetrahedral geometry.,False,"Incorrect. The geometry remains octahedral (distorted), not tetrahedral.",z_02,conceptual_error,medium,0.0667,application,high,reviewed,"[0, 0, 1, 0, 0, 0, 0, 0, 0, 0, 0, 0, 0, 0, 0]"
NCERT_JahnTeller_04,4,Elongation along one axis (z-axis) or compression.,True,"Correct. The most common distortion is elongation along the z-axis (or compression), lowering the symmetry from Oₕ to D₄ₕ.",none,correct,none,0.0,application,high,reviewed,"[0, 0, 0, 0, 0, 0, 0, 0, 0, 0, 0, 0, 1, 0, 0]"
NCERT_JahnTeller_05,1,Because Cu²⁺ is small.,False,Incorrect. Size is not the direct cause.,z_06,conceptual_error,medium,0.0667,application,high,reviewed,"[0, 0, 0, 0, 0, 0, 1, 0, 0, 0, 0, 0, 0, 0, 0]"
NCERT_JahnTeller_05,2,Because Cu²⁺ has a d¹⁰ configuration.,False,"Incorrect. Cu²⁺ is d⁹, not d¹⁰.",z_10,conceptual_error,medium,0.0667,application,high,reviewed,"[0, 0, 0, 0, 0, 0, 0, 0, 0, 0, 1, 0, 0, 0, 0]"
NCERT_JahnTeller_05,3,"In an octahedral field, the d⁹ configuration has an uneven occupancy of the eg orbitals (one orbital doubly occupied, one singly), leading to a degenerate ground state that distorts to remove degeneracy.",True,"Correct. The degeneracy arises from the fact that the two eg orbitals (dx²-y² and dz²) are not equally filled; one has two electrons, the other one. This results in a degenerate electronic state that distorts.",none,correct,none,0.0,application,high,reviewed,"[0, 0, 1, 0, 0, 0, 0, 0, 0, 0, 0, 0, 0, 0, 0]"
NCERT_JahnTeller_05,4,Because Cu²⁺ has a high charge density.,False,Incorrect. Charge density is not the direct cause.,z_12,conceptual_error,medium,0.0667,application,high,reviewed,"[0, 0, 0, 0, 0, 0, 0, 0, 0, 0, 0, 0, 1, 0, 0]"
NCERT_JahnTeller_06,1,d⁹,False,"Incorrect. d9 has configuration t2g^6 eg^3, with the eg orbitals unequally occupied (one doubly, one singly), causing strong Jahn-Teller distortion.",z_06,conceptual_error,medium,0.0667,application,high,reviewed,"[0, 0, 0, 0, 0, 0, 1, 0, 0, 0, 0, 0, 0, 0, 0]"
NCERT_JahnTeller_06,2,Low-spin d⁷,False,"Incorrect. Low-spin d7 has configuration t2g^6 eg^1, an unequal occupation of the eg orbitals, which causes strong Jahn-Teller distortion.",z_10,conceptual_error,medium,0.0667,application,high,reviewed,"[0, 0, 0, 0, 0, 0, 0, 0, 0, 0, 1, 0, 0, 0, 0]"
NCERT_JahnTeller_06,3,d³,True,"Correct. d3 has configuration t2g^3 eg^0. The t2g orbitals point between the ligands and their symmetric, singly-occupied arrangement produces no significant electronic degeneracy, so d3 shows no Jahn-Teller distortion.",none,correct,none,0.0,application,high,reviewed,"[0, 0, 1, 0, 0, 0, 0, 0, 0, 0, 0, 0, 0, 0, 0]"
NCERT_JahnTeller_06,4,High-spin d⁴,False,"Incorrect. High-spin d4 has configuration t2g^3 eg^1, an unequal (single) occupation of the two eg orbitals, which causes strong Jahn-Teller distortion.",z_12,conceptual_error,medium,0.0667,application,high,reviewed,"[0, 0, 0, 0, 0, 0, 0, 0, 0, 0, 0, 0, 1, 0, 0]"
NCERT_JahnTeller_07,1,"Strongly bonded, forming an octahedron.",False,"Incorrect. They are weakly bonded, not strongly.",z_06,conceptual_error,medium,0.0667,application,high,reviewed,"[0, 0, 0, 0, 0, 0, 1, 0, 0, 0, 0, 0, 0, 0, 0]"
NCERT_JahnTeller_07,2,Replaced by water.,False,"Incorrect. They may be replaced, but the key is the distortion weakens axial bonds.",z_10,conceptual_error,medium,0.0667,application,high,reviewed,"[0, 0, 0, 0, 0, 0, 0, 0, 0, 0, 1, 0, 0, 0, 0]"
NCERT_JahnTeller_07,3,The complex becomes tetrahedral.,False,"Incorrect. The geometry is distorted octahedral/square planar, not tetrahedral.",z_02,conceptual_error,medium,0.0667,application,high,reviewed,"[0, 0, 1, 0, 0, 0, 0, 0, 0, 0, 0, 0, 0, 0, 0]"
NCERT_JahnTeller_07,4,"Very weakly bonded, often not present in solution.",True,"Correct. In aqueous solution, [Cu(NH₃)₄]²⁺ actually exists as [Cu(NH₃)₄(H₂O)₂]²⁺ with elongated axial bonds; often the axial ligands are very weakly bound and may be omitted in formulas, giving a square planar appearance.",none,correct,none,0.0,application,high,reviewed,"[0, 0, 0, 0, 0, 0, 0, 0, 0, 0, 0, 0, 1, 0, 0]"
NCERT_JahnTeller_08,1,Zn²⁺ (d¹⁰),False,"Incorrect. Zn2+ (d10) has configuration t2g^6 eg^4, a fully symmetric filled arrangement, so it shows no Jahn-Teller distortion.",z_06,conceptual_error,medium,0.0667,application,high,reviewed,"[0, 0, 0, 0, 0, 0, 1, 0, 0, 0, 0, 0, 0, 0, 0]"
NCERT_JahnTeller_08,2,"Mn²⁺ (d⁵, high-spin)",False,"Incorrect. High-spin Mn2+ (d5) has configuration t2g^3 eg^2, a symmetric half-filled arrangement with no unequal orbital occupation, so it shows no Jahn-Teller distortion.",z_10,conceptual_error,medium,0.0667,application,high,reviewed,"[0, 0, 0, 0, 0, 0, 0, 0, 0, 0, 1, 0, 0, 0, 0]"
NCERT_JahnTeller_08,3,Ni²⁺ (d⁸),False,"Incorrect. Ni2+ (d8) has configuration t2g^6 eg^2, with both eg orbitals equally occupied, so there is no Jahn-Teller distortion.",z_02,conceptual_error,medium,0.0667,application,high,reviewed,"[0, 0, 1, 0, 0, 0, 0, 0, 0, 0, 0, 0, 0, 0, 0]"
NCERT_JahnTeller_08,4,Cu²⁺ (d⁹),True,Correct. Cu2+ (d9) has configuration t2g^6 eg^3: one eg orbital is doubly occupied and the other singly occupied. This unequal occupation of orbitals pointing directly at the ligands produces strong Jahn-Teller distortion.,none,correct,none,0.0,application,high,reviewed,"[0, 0, 0, 0, 0, 0, 0, 0, 0, 0, 0, 0, 1, 0, 0]"
NCERT_JahnTeller_09,1,The pairing of electrons in d-orbitals.,False,Incorrect. Pairing is a separate phenomenon.,z_06,conceptual_error,medium,0.0667,application,high,reviewed,"[0, 0, 0, 0, 0, 0, 1, 0, 0, 0, 0, 0, 0, 0, 0]"
NCERT_JahnTeller_09,2,"The lowering of symmetry to remove electronic degeneracy, thereby lowering the total energy.",True,"Correct. Distortion removes degeneracy, which stabilizes the system (the energy lowering outweighs the increase in strain).",none,correct,none,0.0,application,high,reviewed,"[0, 0, 0, 0, 0, 0, 0, 0, 0, 0, 1, 0, 0, 0, 0]"
NCERT_JahnTeller_09,3,The interaction with the magnetic field.,False,"Incorrect. It is an electronic effect, not magnetic field dependent.",z_02,conceptual_error,medium,0.0667,application,high,reviewed,"[0, 0, 1, 0, 0, 0, 0, 0, 0, 0, 0, 0, 0, 0, 0]"
NCERT_JahnTeller_09,4,The increase in bond angles to reduce repulsion.,False,"Incorrect. The distortion changes bond lengths, not primarily bond angles.",z_12,conceptual_error,medium,0.0667,application,high,reviewed,"[0, 0, 0, 0, 0, 0, 0, 0, 0, 0, 0, 0, 1, 0, 0]"
NCERT_JahnTeller_10,1,It results in a regular octahedral geometry.,False,"Incorrect. It results in distorted geometry, not regular.",z_06,conceptual_error,medium,0.0667,application,high,reviewed,"[0, 0, 0, 0, 0, 0, 1, 0, 0, 0, 0, 0, 0, 0, 0]"
NCERT_JahnTeller_10,2,It only occurs for high-spin complexes.,False,"Incorrect. It can occur in low-spin configurations with eg degeneracy (e.g., low-spin d⁷).",z_10,conceptual_error,medium,0.0667,application,high,reviewed,"[0, 0, 0, 0, 0, 0, 0, 0, 0, 0, 1, 0, 0, 0, 0]"
NCERT_JahnTeller_10,3,It is most pronounced for configurations with degeneracy in the eg orbitals.,True,"Correct. The Jahn-Teller effect is strongest when the degeneracy involves the eg orbitals (σ-bonding orbitals), as the distortion directly affects bond lengths and gives a large energy lowering.",none,correct,none,0.0,application,high,reviewed,"[0, 0, 1, 0, 0, 0, 0, 0, 0, 0, 0, 0, 0, 0, 0]"
NCERT_JahnTeller_10,4,It is observed only in complexes with tetrahedral geometry.,False,"Incorrect. It is observed in octahedral and other geometries, especially octahedral.",z_12,conceptual_error,medium,0.0667,application,high,reviewed,"[0, 0, 0, 0, 0, 0, 0, 0, 0, 0, 0, 0, 1, 0, 0]"
NCERT_ColorOrigin_01,1,Because they emit light.,False,"Incorrect. They absorb, not emit (though some may fluoresce, that's not the primary reason).",z_06,conceptual_error,medium,0.0667,application,high,reviewed,"[0, 0, 0, 0, 0, 0, 1, 0, 0, 0, 0, 0, 0, 0, 0]"
NCERT_ColorOrigin_01,2,Because they reflect all visible light.,False,"Incorrect. They absorb certain wavelengths, not reflect all.",z_00,conceptual_error,medium,0.0667,application,high,reviewed,"[1, 0, 0, 0, 0, 0, 0, 0, 0, 0, 0, 0, 0, 0, 0]"
NCERT_ColorOrigin_01,3,Because they are paramagnetic.,False,Incorrect. Paramagnetism is not directly related to color.,z_12,conceptual_error,medium,0.0667,application,high,reviewed,"[0, 0, 0, 0, 0, 0, 0, 0, 0, 0, 0, 0, 1, 0, 0]"
NCERT_ColorOrigin_01,4,Because they absorb light in the visible region due to d-d transitions.,True,"Correct. The energy difference between the split d-orbitals (Δ) corresponds to the visible region; absorption of a photon promotes an electron from lower to higher d-orbitals, and the complementary color is observed.",none,correct,none,0.0,application,high,reviewed,"[0, 0, 0, 0, 0, 1, 0, 0, 0, 0, 0, 0, 0, 0, 0]"
NCERT_ColorOrigin_02,1,Transmits,False,"Incorrect. The transmitted color is complementary to absorbed, but in solution, we observe the transmitted color.",z_06,conceptual_error,medium,0.0667,application,high,reviewed,"[0, 0, 0, 0, 0, 0, 1, 0, 0, 0, 0, 0, 0, 0, 0]"
NCERT_ColorOrigin_02,2,Reflects,False,Incorrect. Reflection is not the primary factor; the absorbed light determines the color.,z_00,conceptual_error,medium,0.0667,application,high,reviewed,"[1, 0, 0, 0, 0, 0, 0, 0, 0, 0, 0, 0, 0, 0, 0]"
NCERT_ColorOrigin_02,3,Emits,False,Incorrect. Emission is not the source of color for most complexes.,z_12,conceptual_error,medium,0.0667,application,high,reviewed,"[0, 0, 0, 0, 0, 0, 0, 0, 0, 0, 0, 0, 1, 0, 0]"
NCERT_ColorOrigin_02,4,Absorbs,True,Correct. The observed color is the complementary color of the absorbed light.,none,correct,none,0.0,application,high,reviewed,"[0, 0, 0, 0, 0, 1, 0, 0, 0, 0, 0, 0, 0, 0, 0]"
NCERT_ColorOrigin_03,1,The oxidation state of the metal,False,Incorrect.,z_06,conceptual_error,medium,0.0667,application,high,reviewed,"[0, 0, 0, 0, 0, 0, 1, 0, 0, 0, 0, 0, 0, 0, 0]"
NCERT_ColorOrigin_03,2,All of these,True,"Correct. All three affect Δ, which determines the wavelength of absorbed light and hence the color.",none,correct,none,0.0,application,high,reviewed,"[1, 0, 0, 0, 0, 0, 0, 0, 0, 0, 0, 0, 0, 0, 0]"
NCERT_ColorOrigin_03,3,The geometry of the complex,False,Incorrect.,z_12,conceptual_error,medium,0.0667,application,high,reviewed,"[0, 0, 0, 0, 0, 0, 0, 0, 0, 0, 0, 0, 1, 0, 0]"
NCERT_ColorOrigin_03,4,The nature of the ligand (spectrochemical series),False,Incorrect.,z_05,conceptual_error,medium,0.0667,application,high,reviewed,"[0, 0, 0, 0, 0, 1, 0, 0, 0, 0, 0, 0, 0, 0, 0]"
NCERT_ColorOrigin_04,1,Blue,False,Incorrect. Blue absorbs orange.,z_06,conceptual_error,medium,0.0667,application,high,reviewed,"[0, 0, 0, 0, 0, 0, 1, 0, 0, 0, 0, 0, 0, 0, 0]"
NCERT_ColorOrigin_04,2,Red,False,Incorrect. Red absorbs cyan/blue-green.,z_00,conceptual_error,medium,0.0667,application,high,reviewed,"[1, 0, 0, 0, 0, 0, 0, 0, 0, 0, 0, 0, 0, 0, 0]"
NCERT_ColorOrigin_04,3,Yellow-green,True,Correct. Violet complex absorbs yellow-green light (complementary colors).,none,correct,none,0.0,application,high,reviewed,"[0, 0, 0, 0, 0, 0, 0, 0, 0, 0, 0, 0, 1, 0, 0]"
NCERT_ColorOrigin_04,4,Violet,False,Incorrect. Violet absorbs yellow-green.,z_05,conceptual_error,medium,0.0667,application,high,reviewed,"[0, 0, 0, 0, 0, 1, 0, 0, 0, 0, 0, 0, 0, 0, 0]"
NCERT_ColorOrigin_05,1,It absorbs blue light.,False,"Incorrect. If it absorbed blue, it would appear orange.",z_06,conceptual_error,medium,0.0667,application,high,reviewed,"[0, 0, 0, 0, 0, 0, 1, 0, 0, 0, 0, 0, 0, 0, 0]"
NCERT_ColorOrigin_05,2,"It absorbs red light, and blue is complementary.",True,Correct. Blue color indicates absorption of red/orange light (complementary).,none,correct,none,0.0,application,high,reviewed,"[1, 0, 0, 0, 0, 0, 0, 0, 0, 0, 0, 0, 0, 0, 0]"
NCERT_ColorOrigin_05,3,It reflects blue light.,False,"Incorrect. It transmits/reflects blue, but the reason is absorption of complementary red.",z_12,conceptual_error,medium,0.0667,application,high,reviewed,"[0, 0, 0, 0, 0, 0, 0, 0, 0, 0, 0, 0, 1, 0, 0]"
NCERT_ColorOrigin_05,4,It has a d⁹ configuration.,False,"Incorrect. d⁹ configuration leads to splitting, but the color depends on Δ.",z_05,conceptual_error,medium,0.0667,application,high,reviewed,"[0, 0, 0, 0, 0, 1, 0, 0, 0, 0, 0, 0, 0, 0, 0]"
NCERT_ColorOrigin_06,1,The geometry changes from octahedral to tetrahedral.,False,Incorrect. Both are octahedral.,z_06,conceptual_error,medium,0.0667,application,high,reviewed,"[0, 0, 0, 0, 0, 0, 1, 0, 0, 0, 0, 0, 0, 0, 0]"
NCERT_ColorOrigin_06,2,"NH₃ is a weaker field ligand, decreasing Δ.",False,Incorrect. NH₃ is stronger field.,z_00,conceptual_error,medium,0.0667,application,high,reviewed,"[1, 0, 0, 0, 0, 0, 0, 0, 0, 0, 0, 0, 0, 0, 0]"
NCERT_ColorOrigin_06,3,"NH₃ is a stronger field ligand than H₂O, increasing Δ, causing absorption at shorter wavelengths (blue shift).",True,"Correct. NH₃ lies higher in the spectrochemical series than H₂O, so Δ increases, the absorbed wavelength shifts to shorter wavelengths (blue shift), changing the observed color.",none,correct,none,0.0,application,high,reviewed,"[0, 0, 0, 0, 0, 0, 0, 0, 0, 0, 0, 0, 1, 0, 0]"
NCERT_ColorOrigin_06,4,The oxidation state of Ni changes.,False,Incorrect. Ni remains +2.,z_05,conceptual_error,medium,0.0667,application,high,reviewed,"[0, 0, 0, 0, 0, 1, 0, 0, 0, 0, 0, 0, 0, 0, 0]"
NCERT_ColorOrigin_07,1,[Co(NH₃)₆]³⁺,False,"Incorrect. NH₃ is stronger, but CN⁻ is strongest.",z_06,conceptual_error,medium,0.0667,application,high,reviewed,"[0, 0, 0, 0, 0, 0, 1, 0, 0, 0, 0, 0, 0, 0, 0]"
NCERT_ColorOrigin_07,2,[CoF₆]³⁻,False,"Incorrect. F⁻ is weak field, small Δ, long wavelength.",z_00,conceptual_error,medium,0.0667,application,high,reviewed,"[1, 0, 0, 0, 0, 0, 0, 0, 0, 0, 0, 0, 0, 0, 0]"
NCERT_ColorOrigin_07,3,[Co(H₂O)₆]³⁺,False,Incorrect. H₂O is intermediate.,z_12,conceptual_error,medium,0.0667,application,high,reviewed,"[0, 0, 0, 0, 0, 0, 0, 0, 0, 0, 0, 0, 1, 0, 0]"
NCERT_ColorOrigin_07,4,[Co(CN)₆]³⁻,True,"Correct. CN⁻ is a strong field ligand, giving the largest Δ, thus highest energy (shortest wavelength) absorption.",none,correct,none,0.0,application,high,reviewed,"[0, 0, 0, 0, 0, 1, 0, 0, 0, 0, 0, 0, 0, 0, 0]"
NCERT_ColorOrigin_08,1,They are diamagnetic.,False,"Incorrect. Diamagnetism is a consequence, not the cause of colorlessness.",z_06,conceptual_error,medium,0.0667,application,high,reviewed,"[0, 0, 0, 0, 0, 0, 1, 0, 0, 0, 0, 0, 0, 0, 0]"
NCERT_ColorOrigin_08,2,They have all electrons paired.,False,Incorrect. Pairing is not the reason.,z_00,conceptual_error,medium,0.0667,application,high,reviewed,"[1, 0, 0, 0, 0, 0, 0, 0, 0, 0, 0, 0, 0, 0, 0]"
NCERT_ColorOrigin_08,3,They absorb in the UV region only.,False,Incorrect. d¹⁰ has electrons but no vacancies in the d-orbitals for a d-d transition.,z_12,conceptual_error,medium,0.0667,application,high,reviewed,"[0, 0, 0, 0, 0, 0, 0, 0, 0, 0, 0, 0, 1, 0, 0]"
NCERT_ColorOrigin_08,4,They have no d-electrons available for d-d transitions.,True,"Correct. For d⁰ (e.g., Ti⁴⁺) or d¹⁰ (e.g., Zn²⁺), there are no d-electrons to promote (d⁰) or no empty d-orbitals of the same set (d¹⁰ all orbitals full), so no d-d transitions occur in the visible region; they may absorb in UV.",none,correct,none,0.0,application,high,reviewed,"[0, 0, 0, 0, 0, 1, 0, 0, 0, 0, 0, 0, 0, 0, 0]"
NCERT_ColorOrigin_09,1,en is a weaker field ligand than H₂O.,True,"Correct. en is a stronger field ligand (higher in spectrochemical series) than H₂O, so Δ increases, shifting absorption to shorter wavelengths, changing color.",none,correct,none,0.0,application,high,reviewed,"[0, 0, 0, 0, 0, 0, 1, 0, 0, 0, 0, 0, 0, 0, 0]"
NCERT_ColorOrigin_09,2,The complex becomes diamagnetic.,False,Incorrect. Ni²⁺ (d⁸) remains paramagnetic; spin state does not change.,z_00,conceptual_error,medium,0.0667,application,high,reviewed,"[1, 0, 0, 0, 0, 0, 0, 0, 0, 0, 0, 0, 0, 0, 0]"
NCERT_ColorOrigin_09,3,The geometry changes from octahedral to tetrahedral.,False,Incorrect. Both are octahedral.,z_12,conceptual_error,medium,0.0667,application,high,reviewed,"[0, 0, 0, 0, 0, 0, 0, 0, 0, 0, 0, 0, 1, 0, 0]"
NCERT_ColorOrigin_09,4,"en is a stronger field ligand than H₂O, increasing Δ.",False,Incorrect. en is stronger.,z_05,conceptual_error,medium,0.0667,application,high,reviewed,"[0, 0, 0, 0, 0, 1, 0, 0, 0, 0, 0, 0, 0, 0, 0]"
NCERT_ColorOrigin_10,1,The energy gap Δ between the t₂g and eg orbitals.,True,Correct. The energy of the absorbed photon (hν) equals Δ (for octahedral complexes) when an electron is excited from t₂g to eg.,none,correct,none,0.0,application,high,reviewed,"[0, 0, 0, 0, 0, 0, 1, 0, 0, 0, 0, 0, 0, 0, 0]"
NCERT_ColorOrigin_10,2,The lattice energy.,False,Incorrect. Lattice energy is for solids.,z_00,conceptual_error,medium,0.0667,application,high,reviewed,"[1, 0, 0, 0, 0, 0, 0, 0, 0, 0, 0, 0, 0, 0, 0]"
NCERT_ColorOrigin_10,3,The hydration enthalpy.,False,Incorrect. Hydration enthalpy is for solvation.,z_12,conceptual_error,medium,0.0667,application,high,reviewed,"[0, 0, 0, 0, 0, 0, 0, 0, 0, 0, 0, 0, 1, 0, 0]"
NCERT_ColorOrigin_10,4,The pairing energy P.,False,"Incorrect. Pairing energy is related to spin state, not directly the absorption energy.",z_05,conceptual_error,medium,0.0667,application,high,reviewed,"[0, 0, 0, 0, 0, 1, 0, 0, 0, 0, 0, 0, 0, 0, 0]"
NCERT_LigandField_01,1,It only considers electrostatic interactions between metal and ligand.,False,Incorrect. That is the CFT approach; LFT goes beyond electrostatic.,z_07,conceptual_error,medium,0.0667,application,high,reviewed,"[0, 0, 0, 0, 0, 0, 0, 1, 0, 0, 0, 0, 0, 0, 0]"
NCERT_LigandField_01,2,It assumes that all ligands are point charges.,False,Incorrect. LFT considers ligands as having orbitals that can overlap with metal d-orbitals.,z_11,conceptual_error,medium,0.0667,application,high,reviewed,"[0, 0, 0, 0, 0, 0, 0, 0, 0, 0, 0, 1, 0, 0, 0]"
NCERT_LigandField_01,3,It incorporates covalent character into the metal-ligand bond by allowing for σ and π interactions between metal and ligand orbitals.,True,"Correct. LFT combines the electrostatic model of CFT with molecular orbital theory, accounting for the partial covalent nature of metal-ligand bonds through orbital overlap.",none,correct,none,0.0,application,high,reviewed,"[0, 0, 0, 0, 0, 0, 0, 0, 0, 0, 0, 1, 0, 0, 0]"
NCERT_LigandField_01,4,It ignores metal-ligand orbital overlap entirely.,False,Incorrect. That is the limitation of CFT that LFT overcomes.,z_12,conceptual_error,medium,0.0667,application,high,reviewed,"[0, 0, 0, 0, 0, 0, 0, 0, 0, 0, 0, 0, 1, 0, 0]"
NCERT_LigandField_02,1,"Overlap of ligand π orbitals with metal dxy, dyz, dxz orbitals.",False,"Incorrect. That describes π interactions, not σ.",z_07,conceptual_error,medium,0.0667,application,high,reviewed,"[0, 0, 0, 0, 0, 0, 0, 1, 0, 0, 0, 0, 0, 0, 0]"
NCERT_LigandField_02,2,Metal d-orbitals overlapping with ligand d-orbitals.,False,Incorrect. Ligand d-orbitals are usually higher in energy and not involved in σ bonding for typical ligands.,z_11,conceptual_error,medium,0.0667,application,high,reviewed,"[0, 0, 0, 0, 0, 0, 0, 0, 0, 0, 0, 1, 0, 0, 0]"
NCERT_LigandField_02,3,"Overlap of ligand lone pair orbital with the metal s, p, and d orbitals that point directly at the ligands (e.g., dz², dx²-y²).",True,"Correct. σ donation occurs when a ligand lone pair (or σ orbital) overlaps with metal orbitals that have electron density along the bond axis, primarily the eg set (dz², dx²-y²) and also s and p orbitals.",none,correct,none,0.0,application,high,reviewed,"[0, 0, 0, 0, 0, 0, 0, 0, 0, 0, 0, 1, 0, 0, 0]"
NCERT_LigandField_02,4,Electrostatic attraction only.,False,"Incorrect. LFT includes covalent overlap, not just electrostatics.",z_12,conceptual_error,medium,0.0667,application,high,reviewed,"[0, 0, 0, 0, 0, 0, 0, 0, 0, 0, 0, 0, 1, 0, 0]"
NCERT_LigandField_03,1,"They accept electron density from the metal d-orbitals into their empty π* orbitals, lowering the energy of the metal t₂g orbitals.",True,"Correct. π back-bonding from the metal t₂g orbitals (which have π symmetry) into ligand π* orbitals stabilizes the t₂g set, increasing Δ₀ (since t₂g are stabilized, eg remain destabilized by σ donation).",none,correct,none,0.0,application,high,reviewed,"[0, 0, 0, 0, 0, 0, 0, 1, 0, 0, 0, 0, 0, 0, 0]"
NCERT_LigandField_03,2,"They donate electron density into the metal d-orbitals, destabilizing them.",False,Incorrect. That describes σ donation.,z_11,conceptual_error,medium,0.0667,application,high,reviewed,"[0, 0, 0, 0, 0, 0, 0, 0, 0, 0, 0, 1, 0, 0, 0]"
NCERT_LigandField_03,3,They have high electronegativity.,False,Incorrect. Electronegativity alone does not explain the strong field effect.,z_11,conceptual_error,medium,0.0667,application,high,reviewed,"[0, 0, 0, 0, 0, 0, 0, 0, 0, 0, 0, 1, 0, 0, 0]"
NCERT_LigandField_03,4,They are highly charged.,False,Incorrect. Charge is not the primary factor; π-acceptor ability is key.,z_12,conceptual_error,medium,0.0667,application,high,reviewed,"[0, 0, 0, 0, 0, 0, 0, 0, 0, 0, 0, 0, 1, 0, 0]"
NCERT_LigandField_04,1,CFT includes π bonding; LFT ignores it.,False,Incorrect. CFT does not include π bonding; LFT does.,z_07,conceptual_error,medium,0.0667,application,high,reviewed,"[0, 0, 0, 0, 0, 0, 0, 1, 0, 0, 0, 0, 0, 0, 0]"
NCERT_LigandField_04,2,CFT treats metal-ligand bonding as purely ionic; LFT incorporates covalency.,True,Correct. CFT assumes point charges or dipoles; LFT uses molecular orbital concepts to include orbital overlap and covalency.,none,correct,none,0.0,application,high,reviewed,"[0, 0, 0, 0, 0, 0, 0, 0, 0, 0, 0, 1, 0, 0, 0]"
NCERT_LigandField_04,3,Both theories are identical.,False,Incorrect. They are different; LFT is an extension.,z_11,conceptual_error,medium,0.0667,application,high,reviewed,"[0, 0, 0, 0, 0, 0, 0, 0, 0, 0, 0, 1, 0, 0, 0]"
NCERT_LigandField_04,4,CFT explains the spectrochemical series; LFT does not.,False,"Incorrect. CFT cannot fully explain the spectrochemical series; LFT, through π-bonding considerations, provides a better explanation.",z_12,conceptual_error,medium,0.0667,application,high,reviewed,"[0, 0, 0, 0, 0, 0, 0, 0, 0, 0, 0, 0, 1, 0, 0]"
NCERT_LigandField_05,1,Have no effect on Δ₀.,False,Incorrect. They significantly affect Δ₀.,z_07,conceptual_error,medium,0.0667,application,high,reviewed,"[0, 0, 0, 0, 0, 0, 0, 1, 0, 0, 0, 0, 0, 0, 0]"
NCERT_LigandField_05,2,Decrease Δ₀ by destabilizing the t₂g orbitals (since they donate electron density into the metal t₂g orbitals).,True,"Correct. π donation raises t₂g energy, reducing the gap between t₂g and eg, hence smaller Δ₀.",none,correct,none,0.0,application,high,reviewed,"[0, 0, 0, 0, 0, 0, 0, 0, 0, 0, 0, 1, 0, 0, 0]"
NCERT_LigandField_05,3,Always form low-spin complexes.,False,Incorrect. They favor high-spin due to smaller Δ₀.,z_11,conceptual_error,medium,0.0667,application,high,reviewed,"[0, 0, 0, 0, 0, 0, 0, 0, 0, 0, 0, 1, 0, 0, 0]"
NCERT_LigandField_05,4,Increase Δ₀ by stabilizing the t₂g orbitals.,False,"Incorrect. π donors raise the energy of the t₂g set because their filled p-orbitals overlap with metal d-orbitals of π symmetry, increasing electron-electron repulsion and destabilizing t₂g, thus decreasing Δ₀.",z_12,conceptual_error,medium,0.0667,application,high,reviewed,"[0, 0, 0, 0, 0, 0, 0, 0, 0, 0, 0, 0, 1, 0, 0]"
NCERT_LigandField_06,1,Cl⁻,False,Incorrect. Cl⁻ is a π donor.,z_07,conceptual_error,medium,0.0667,application,high,reviewed,"[0, 0, 0, 0, 0, 0, 0, 1, 0, 0, 0, 0, 0, 0, 0]"
NCERT_LigandField_06,2,CN⁻,True,"Correct. CN⁻ has empty π* orbitals that accept electron density from the metal, making it a strong field π-acceptor.",none,correct,none,0.0,application,high,reviewed,"[0, 0, 0, 0, 0, 0, 0, 0, 0, 0, 0, 1, 0, 0, 0]"
NCERT_LigandField_06,3,F⁻,False,Incorrect. F⁻ is a π donor.,z_11,conceptual_error,medium,0.0667,application,high,reviewed,"[0, 0, 0, 0, 0, 0, 0, 0, 0, 0, 0, 1, 0, 0, 0]"
NCERT_LigandField_06,4,H₂O,False,Incorrect. H₂O is a σ donor with weak π donor ability; not a strong π acceptor.,z_12,conceptual_error,medium,0.0667,application,high,reviewed,"[0, 0, 0, 0, 0, 0, 0, 0, 0, 0, 0, 0, 1, 0, 0]"
NCERT_LigandField_07,1,The use of point charges for ligands.,False,Incorrect. CFT uses point charges and cannot explain the series fully.,z_07,conceptual_error,medium,0.0667,application,high,reviewed,"[0, 0, 0, 0, 0, 0, 0, 1, 0, 0, 0, 0, 0, 0, 0]"
NCERT_LigandField_07,2,The inclusion of π-bonding effects (π-donor vs π-acceptor abilities of ligands).,True,Correct. The order of ligands in the spectrochemical series (I⁻ < Br⁻ < Cl⁻ < F⁻ < OH⁻ < H₂O < NH₃ < en < NO₂⁻ < CN⁻ < CO) correlates with increasing π-acceptor and decreasing π-donor character.,none,correct,none,0.0,application,high,reviewed,"[0, 0, 0, 0, 0, 0, 0, 0, 0, 0, 0, 1, 0, 0, 0]"
NCERT_LigandField_07,3,The assumption of spherical symmetry.,False,Incorrect. LFT accounts for directionality.,z_11,conceptual_error,medium,0.0667,application,high,reviewed,"[0, 0, 0, 0, 0, 0, 0, 0, 0, 0, 0, 1, 0, 0, 0]"
NCERT_LigandField_07,4,The neglect of metal-ligand overlap.,False,Incorrect. LFT includes overlap.,z_12,conceptual_error,medium,0.0667,application,high,reviewed,"[0, 0, 0, 0, 0, 0, 0, 0, 0, 0, 0, 0, 1, 0, 0]"
NCERT_LigandField_08,1,π bonding only,True,Correct. t2g orbitals participate in pi bonding (pi-donor or pi-acceptor interactions).,none,correct,none,0.0,application,high,reviewed,"[0, 0, 1, 0, 0, 0, 0, 0, 0, 0, 0, 0, 0, 0, 0]"
NCERT_LigandField_08,2,Neither σ nor π bonding,False,Incorrect. t2g orbitals can and do participate in pi bonding.,z_05,conceptual_error,medium,0.0667,application,high,reviewed,"[0, 0, 0, 0, 0, 1, 0, 0, 0, 0, 0, 0, 0, 0, 0]"
NCERT_LigandField_08,3,σ bonding only,False,Incorrect. The t2g orbitals point exactly between the coordinating ligands and therefore do not participate in direct sigma bonding.,z_14,conceptual_error,medium,0.0667,application,high,reviewed,"[0, 0, 0, 0, 0, 0, 0, 0, 0, 0, 0, 0, 0, 0, 1]"
NCERT_LigandField_08,4,Both σ and π bonding,False,"Incorrect. t2g orbitals are involved in pi bonding only, not sigma bonding.",z_03,conceptual_error,medium,0.0667,application,high,reviewed,"[0, 0, 0, 1, 0, 0, 0, 0, 0, 0, 0, 0, 0, 0, 0]"
NCERT_LigandField_09,1,[Co(CN)₆]³⁻,True,"Correct. CN⁻ is a strong π acceptor, stabilizes t₂g, increases Δ₀ significantly.",none,correct,none,0.0,application,high,reviewed,"[0, 0, 0, 0, 0, 0, 0, 1, 0, 0, 0, 0, 0, 0, 0]"
NCERT_LigandField_09,2,[CoCl₆]³⁻,False,"Incorrect. Cl⁻ is a π donor, decreases Δ₀.",z_11,conceptual_error,medium,0.0667,application,high,reviewed,"[0, 0, 0, 0, 0, 0, 0, 0, 0, 0, 0, 1, 0, 0, 0]"
NCERT_LigandField_09,3,[Co(H₂O)₆]³⁺,False,Incorrect. H₂O is a σ donor with weak π effects; Δ₀ is smaller than for CN⁻.,z_11,conceptual_error,medium,0.0667,application,high,reviewed,"[0, 0, 0, 0, 0, 0, 0, 0, 0, 0, 0, 1, 0, 0, 0]"
NCERT_LigandField_09,4,[CoF₆]³⁻,False,"Incorrect. F⁻ is a π donor, decreases Δ₀.",z_12,conceptual_error,medium,0.0667,application,high,reviewed,"[0, 0, 0, 0, 0, 0, 0, 0, 0, 0, 0, 0, 1, 0, 0]"
NCERT_LigandField_10,1,All of the above,True,Correct. LFT accounts for all these interactions: σ donation raises the eg set; π donation raises t₂g (destabilizing); π acceptance lowers t₂g (stabilizing). The net Δ₀ depends on the balance.,none,correct,none,0.0,application,high,reviewed,"[0, 0, 0, 0, 0, 0, 0, 1, 0, 0, 0, 0, 0, 0, 0]"
NCERT_LigandField_10,2,π donation from ligands (raises t₂g),False,Incorrect.,z_11,conceptual_error,medium,0.0667,application,high,reviewed,"[0, 0, 0, 0, 0, 0, 0, 0, 0, 0, 0, 1, 0, 0, 0]"
NCERT_LigandField_10,3,π acceptance by ligands (lowers t₂g),False,Incorrect.,z_11,conceptual_error,medium,0.0667,application,high,reviewed,"[0, 0, 0, 0, 0, 0, 0, 0, 0, 0, 0, 1, 0, 0, 0]"
NCERT_LigandField_10,4,σ donation from ligands (raises eg),False,Incorrect.,z_12,conceptual_error,medium,0.0667,application,high,reviewed,"[0, 0, 0, 0, 0, 0, 0, 0, 0, 0, 0, 0, 1, 0, 0]"
NCERT_ChelateEffect_01,1,The color change when a chelate forms.,False,Incorrect. Color change may occur but is not the definition.,z_10,conceptual_error,medium,0.0667,recall,high,reviewed,"[0, 0, 0, 0, 0, 0, 0, 0, 0, 0, 1, 0, 0, 0, 0]"
NCERT_ChelateEffect_01,2,The enhanced stability of a complex containing a multidentate ligand compared to the analogous complex with monodentate ligands.,True,Correct. The chelate effect refers to the thermodynamic stability of chelate complexes relative to complexes with monodentate ligands of similar donor atoms.,none,correct,none,0.0,recall,high,reviewed,"[0, 0, 0, 0, 0, 0, 0, 0, 1, 0, 0, 0, 0, 0, 0]"
NCERT_ChelateEffect_01,3,The increase in solubility of a complex upon chelation.,False,Incorrect. Chelation generally does not increase solubility; stability is the key.,z_04,conceptual_error,medium,0.0667,recall,high,reviewed,"[0, 0, 0, 0, 1, 0, 0, 0, 0, 0, 0, 0, 0, 0, 0]"
NCERT_ChelateEffect_01,4,The tendency of ligands to form ring structures.,False,"Incorrect. Chelation involves ring formation, but the chelate effect specifically refers to stability enhancement.",z_00,conceptual_error,medium,0.0667,recall,high,reviewed,"[1, 0, 0, 0, 0, 0, 0, 0, 0, 0, 0, 0, 0, 0, 0]"
NCERT_ChelateEffect_02,1,Favorable enthalpy change (more negative ΔH),False,Incorrect. Enthalpy changes are often comparable between chelating and monodentate ligands; enthalpy is not the driving factor.,z_10,conceptual_error,medium,0.0667,recall,high,reviewed,"[0, 0, 0, 0, 0, 0, 0, 0, 0, 0, 1, 0, 0, 0, 0]"
NCERT_ChelateEffect_02,2,Higher crystal field stabilization energy,False,Incorrect. CFSE may contribute but is not the primary reason.,z_08,conceptual_error,medium,0.0667,recall,high,reviewed,"[0, 0, 0, 0, 0, 0, 0, 0, 1, 0, 0, 0, 0, 0, 0]"
NCERT_ChelateEffect_02,3,Favorable entropy change (more positive ΔS),True,"Correct. The chelate effect is predominantly entropic. When a multidentate ligand displaces multiple monodentate ligands, the total number of free molecules in solution increases, giving a positive Delta S.",none,correct,none,0.0,recall,high,reviewed,"[0, 0, 0, 0, 1, 0, 0, 0, 0, 0, 0, 0, 0, 0, 0]"
NCERT_ChelateEffect_02,4,Stronger metal-ligand bonds,False,Incorrect. Bond strengths are comparable; the effect is thermodynamic.,z_00,conceptual_error,medium,0.0667,recall,high,reviewed,"[1, 0, 0, 0, 0, 0, 0, 0, 0, 0, 0, 0, 0, 0, 0]"
NCERT_ChelateEffect_03,1,[NiCl₄]²⁻,False,Incorrect. Cl⁻ is monodentate and tetrahedral geometry.,z_10,conceptual_error,medium,0.0667,recall,high,reviewed,"[0, 0, 0, 0, 0, 0, 0, 0, 0, 0, 1, 0, 0, 0, 0]"
NCERT_ChelateEffect_03,2,[Ni(en)₃]²⁺ (en = ethylenediamine),True,Correct. Ethylenediamine (en) is bidentate; the chelate effect makes [Ni(en)₃]²⁺ much more stable than the analogous complex with six NH₃ ligands.,none,correct,none,0.0,recall,high,reviewed,"[0, 0, 0, 0, 0, 0, 0, 0, 1, 0, 0, 0, 0, 0, 0]"
NCERT_ChelateEffect_03,3,[Ni(NH₃)₆]²⁺,False,Incorrect. NH₃ is monodentate.,z_04,conceptual_error,medium,0.0667,recall,high,reviewed,"[0, 0, 0, 0, 1, 0, 0, 0, 0, 0, 0, 0, 0, 0, 0]"
NCERT_ChelateEffect_03,4,[Ni(H₂O)₆]²⁺,False,Incorrect. H₂O is monodentate and weak field.,z_00,conceptual_error,medium,0.0667,recall,high,reviewed,"[1, 0, 0, 0, 0, 0, 0, 0, 0, 0, 0, 0, 0, 0, 0]"
NCERT_ChelateEffect_04,1,A large exothermic enthalpy change.,False,Incorrect. Enthalpy changes are often small or even unfavorable; entropy is the dominant factor.,z_10,conceptual_error,medium,0.0667,recall,high,reviewed,"[0, 0, 0, 0, 0, 0, 0, 0, 0, 0, 1, 0, 0, 0, 0]"
NCERT_ChelateEffect_04,2,"An increase in the number of particles in solution, leading to a positive entropy change.",True,"Correct. When a multidentate ligand replaces several monodentate ligands, the number of free molecules increases, making ΔS positive, which favors complex formation.",none,correct,none,0.0,recall,high,reviewed,"[0, 0, 0, 0, 0, 0, 0, 0, 1, 0, 0, 0, 0, 0, 0]"
NCERT_ChelateEffect_04,3,"A decrease in the number of particles, leading to a negative entropy change.",False,"Incorrect. The particle count increases, not decreases.",z_04,conceptual_error,medium,0.0667,recall,high,reviewed,"[0, 0, 0, 0, 1, 0, 0, 0, 0, 0, 0, 0, 0, 0, 0]"
NCERT_ChelateEffect_04,4,No change in entropy.,False,Incorrect. Entropy increases significantly.,z_00,conceptual_error,medium,0.0667,recall,high,reviewed,"[1, 0, 0, 0, 0, 0, 0, 0, 0, 0, 0, 0, 0, 0, 0]"
NCERT_ChelateEffect_05,1,"NH₂CH₂CH₂CH₂NH₂ (1,3-diaminopropane)",False,Incorrect. Larger chelate rings are less stable due to increased ring strain and less favorable entropy.,z_10,conceptual_error,medium,0.0667,recall,high,reviewed,"[0, 0, 0, 0, 0, 0, 0, 0, 0, 0, 1, 0, 0, 0, 0]"
NCERT_ChelateEffect_05,2,All form equally stable complexes.,False,Incorrect. Stability depends on ring size and steric factors.,z_08,conceptual_error,medium,0.0667,recall,high,reviewed,"[0, 0, 0, 0, 0, 0, 0, 0, 1, 0, 0, 0, 0, 0, 0]"
NCERT_ChelateEffect_05,3,NH₂CH₂CH₂OCH₂CH₂NH₂ (a larger chelate ring),False,Incorrect. Larger rings are less stable.,z_04,conceptual_error,medium,0.0667,recall,high,reviewed,"[0, 0, 0, 0, 1, 0, 0, 0, 0, 0, 0, 0, 0, 0, 0]"
NCERT_ChelateEffect_05,4,NH₂CH₂CH₂NH₂ (en),True,"Correct. Ethylenediamine (en) forms a five-membered chelate ring, which is generally more stable than six-membered or larger rings due to less ring strain and favorable entropy.",none,correct,none,0.0,recall,high,reviewed,"[1, 0, 0, 0, 0, 0, 0, 0, 0, 0, 0, 0, 0, 0, 0]"
NCERT_ChelateEffect_06,1,A complex undergoes oxidation.,False,Incorrect. Oxidation state change is unrelated.,z_10,conceptual_error,medium,0.0667,recall,high,reviewed,"[0, 0, 0, 0, 0, 0, 0, 0, 0, 0, 1, 0, 0, 0, 0]"
NCERT_ChelateEffect_06,2,A ligand with a single donor atom coordinates.,False,Incorrect. That is not chelation.,z_08,conceptual_error,medium,0.0667,recall,high,reviewed,"[0, 0, 0, 0, 0, 0, 0, 0, 1, 0, 0, 0, 0, 0, 0]"
NCERT_ChelateEffect_06,3,A monodentate ligand is replaced by a bidentate ligand.,True,Correct. Replacing two monodentate ligands with one bidentate ligand increases stability.,none,correct,none,0.0,recall,high,reviewed,"[0, 0, 0, 0, 1, 0, 0, 0, 0, 0, 0, 0, 0, 0, 0]"
NCERT_ChelateEffect_06,4,A bidentate ligand is replaced by two monodentate ligands.,False,Incorrect. That would be the reverse process and would be less stable.,z_00,conceptual_error,medium,0.0667,recall,high,reviewed,"[1, 0, 0, 0, 0, 0, 0, 0, 0, 0, 0, 0, 0, 0, 0]"
NCERT_ChelateEffect_07,1,It is observed only in octahedral complexes.,False,Incorrect. It occurs in various geometries.,z_10,conceptual_error,medium,0.0667,recall,high,reviewed,"[0, 0, 0, 0, 0, 0, 0, 0, 0, 0, 1, 0, 0, 0, 0]"
NCERT_ChelateEffect_07,2,It is a kinetic phenomenon.,False,"Incorrect. It is thermodynamic, not kinetic.",z_08,conceptual_error,medium,0.0667,recall,high,reviewed,"[0, 0, 0, 0, 0, 0, 0, 0, 1, 0, 0, 0, 0, 0, 0]"
NCERT_ChelateEffect_07,3,It results in higher stability constants for chelate complexes compared to similar monodentate complexes.,True,Correct. The chelate effect is reflected in the larger formation constants (K_f) for chelate complexes.,none,correct,none,0.0,recall,high,reviewed,"[0, 0, 0, 0, 1, 0, 0, 0, 0, 0, 0, 0, 0, 0, 0]"
NCERT_ChelateEffect_07,4,It only applies to transition metals.,False,"Incorrect. It applies to many metal ions, including main group metals.",z_00,conceptual_error,medium,0.0667,recall,high,reviewed,"[1, 0, 0, 0, 0, 0, 0, 0, 0, 0, 0, 0, 0, 0, 0]"
NCERT_ChelateEffect_08,1,Greater entropy change in the formation of [Cu(en)₂]²⁺.,True,"Correct. The chelate effect increases the entropy because two en molecules replace four NH₃ molecules, increasing the number of free particles.",none,correct,none,0.0,recall,high,reviewed,"[0, 0, 0, 0, 0, 0, 0, 0, 0, 0, 1, 0, 0, 0, 0]"
NCERT_ChelateEffect_08,2,Stronger Cu–N bonds in the en complex.,False,Incorrect. Bond strengths are similar; the difference is thermodynamic.,z_08,conceptual_error,medium,0.0667,recall,high,reviewed,"[0, 0, 0, 0, 0, 0, 0, 0, 1, 0, 0, 0, 0, 0, 0]"
NCERT_ChelateEffect_08,3,Smaller size of en compared to NH₃.,False,Incorrect. en is larger; size is not the reason.,z_04,conceptual_error,medium,0.0667,recall,high,reviewed,"[0, 0, 0, 0, 1, 0, 0, 0, 0, 0, 0, 0, 0, 0, 0]"
NCERT_ChelateEffect_08,4,Higher crystal field splitting for en.,False,"Incorrect. Both ligands are N-donors; the CFSE is comparable, but the chelate effect adds extra stability.",z_00,arithmetic_error,medium,0.0667,recall,high,reviewed,"[1, 0, 0, 0, 0, 0, 0, 0, 0, 0, 0, 0, 0, 0, 0]"
NCERT_ChelateEffect_09,1,The formation of [Fe(CN)₆]⁴⁻.,False,"Incorrect. This is a simple hexacyano complex, not macrocyclic.",z_10,conceptual_error,medium,0.0667,recall,high,reviewed,"[0, 0, 0, 0, 0, 0, 0, 0, 0, 0, 1, 0, 0, 0, 0]"
NCERT_ChelateEffect_09,2,The exceptionally high stability of [Ni(cyclam)]²⁺ compared to [Ni(en)₂]²⁺.,True,Correct. Cyclam is a macrocyclic ligand; its complexes are often much more stable than those of analogous open-chain chelates due to the macrocyclic effect (a combination of entropic and enthalpic factors).,none,correct,none,0.0,recall,high,reviewed,"[0, 0, 0, 0, 0, 0, 0, 0, 1, 0, 0, 0, 0, 0, 0]"
NCERT_ChelateEffect_09,3,The precipitation of Ni(DMG)₂.,False,"Incorrect. This is a precipitation reaction, not the macrocyclic effect.",z_04,conceptual_error,medium,0.0667,recall,high,reviewed,"[0, 0, 0, 0, 1, 0, 0, 0, 0, 0, 0, 0, 0, 0, 0]"
NCERT_ChelateEffect_09,4,The color change from blue to green upon addition of NH₃.,False,"Incorrect. This is a ligand substitution, not the macrocyclic effect.",z_00,conceptual_error,medium,0.0667,recall,high,reviewed,"[1, 0, 0, 0, 0, 0, 0, 0, 0, 0, 0, 0, 0, 0, 0]"
NCERT_ChelateEffect_10,1,It determines the geometry of complexes.,False,Incorrect. Geometry is determined by coordination number and ligand constraints; chelation influences geometry but that's not the primary importance.,z_10,conceptual_error,medium,0.0667,recall,high,reviewed,"[0, 0, 0, 0, 0, 0, 0, 0, 0, 0, 1, 0, 0, 0, 0]"
NCERT_ChelateEffect_10,2,"Many enzymes contain metal ions coordinated by multidentate ligands (e.g., porphyrin in hemoglobin).",True,"Correct. Nature uses chelation to achieve high stability; for example, heme in hemoglobin contains a porphyrin macrocycle that chelates iron.",none,correct,none,0.0,recall,high,reviewed,"[0, 0, 0, 0, 0, 0, 0, 0, 1, 0, 0, 0, 0, 0, 0]"
NCERT_ChelateEffect_10,3,It explains why hard acids prefer hard bases.,False,Incorrect. That is HSAB principle.,z_04,conceptual_error,medium,0.0667,recall,high,reviewed,"[0, 0, 0, 0, 1, 0, 0, 0, 0, 0, 0, 0, 0, 0, 0]"
NCERT_ChelateEffect_10,4,It is responsible for the color of transition metal complexes.,False,"Incorrect. Color arises from d-d transitions, not directly the chelate effect.",z_00,conceptual_error,medium,0.0667,recall,high,reviewed,"[1, 0, 0, 0, 0, 0, 0, 0, 0, 0, 0, 0, 0, 0, 0]"
NCERT_StabilityConstants_01,1,The rate constant for complex formation.,False,"Incorrect. Rate constant is kinetic, not equilibrium.",z_04,conceptual_error,medium,0.0667,recall,high,reviewed,"[0, 0, 0, 0, 1, 0, 0, 0, 0, 0, 0, 0, 0, 0, 0]"
NCERT_StabilityConstants_01,2,The inverse of the dissociation constant.,False,Incorrect. It is related: K_f = 1/K_d (dissociation constant). But the primary definition is the equilibrium constant for formation.,z_00,conceptual_error,medium,0.0667,recall,high,reviewed,"[1, 0, 0, 0, 0, 0, 0, 0, 0, 0, 0, 0, 0, 0, 0]"
NCERT_StabilityConstants_01,3,The product of concentrations of the complex and the ligands.,False,"Incorrect. That would be the expression, but not the full definition.",z_04,conceptual_error,medium,0.0667,recall,high,reviewed,"[0, 0, 0, 0, 1, 0, 0, 0, 0, 0, 0, 0, 0, 0, 0]"
NCERT_StabilityConstants_01,4,The equilibrium constant for the formation of the complex from its constituent metal ion and ligands.,True,Correct. K_f = [complex] / ([metal][ligand]ⁿ) for the reaction M + nL → MLₙ.,none,correct,none,0.0,recall,high,reviewed,"[1, 0, 0, 0, 0, 0, 0, 0, 0, 0, 0, 0, 0, 0, 0]"
NCERT_StabilityConstants_02,1,K₁ ≈ K₂ ≈ K₃ ≈ K₄,False,Incorrect. They decrease gradually.,z_04,conceptual_error,medium,0.0667,recall,high,reviewed,"[0, 0, 0, 0, 1, 0, 0, 0, 0, 0, 0, 0, 0, 0, 0]"
NCERT_StabilityConstants_02,2,K₁ < K₂ < K₃ < K₄,False,"Incorrect. They decrease, not increase.",z_00,conceptual_error,medium,0.0667,recall,high,reviewed,"[1, 0, 0, 0, 0, 0, 0, 0, 0, 0, 0, 0, 0, 0, 0]"
NCERT_StabilityConstants_02,3,K₁ > K₂ > K₃ > K₄,True,Correct. Stepwise stability constants generally decrease due to statistical factors and increasing electrostatic repulsion as more ligands are added.,none,correct,none,0.0,recall,high,reviewed,"[0, 0, 0, 0, 1, 0, 0, 0, 0, 0, 0, 0, 0, 0, 0]"
NCERT_StabilityConstants_02,4,K₁ = K₂ = K₃ = K₄,False,Incorrect. They are not equal.,z_00,conceptual_error,medium,0.0667,recall,high,reviewed,"[1, 0, 0, 0, 0, 0, 0, 0, 0, 0, 0, 0, 0, 0, 0]"
NCERT_StabilityConstants_03,1,βₙ = K₁ × K₂ × ... × Kₙ,True,Correct. The overall constant is the product of the stepwise constants.,none,correct,none,0.0,recall,high,reviewed,"[0, 0, 0, 0, 1, 0, 0, 0, 0, 0, 0, 0, 0, 0, 0]"
NCERT_StabilityConstants_03,2,βₙ = 1/(K₁ × K₂ × ... × Kₙ),False,Incorrect.,z_00,conceptual_error,medium,0.0667,recall,high,reviewed,"[1, 0, 0, 0, 0, 0, 0, 0, 0, 0, 0, 0, 0, 0, 0]"
NCERT_StabilityConstants_03,3,βₙ = K₁ + K₂ + ... + Kₙ,False,Incorrect.,z_04,conceptual_error,medium,0.0667,recall,high,reviewed,"[0, 0, 0, 0, 1, 0, 0, 0, 0, 0, 0, 0, 0, 0, 0]"
NCERT_StabilityConstants_03,4,βₙ = K₁/K₂,False,Incorrect.,z_00,conceptual_error,medium,0.0667,recall,high,reviewed,"[1, 0, 0, 0, 0, 0, 0, 0, 0, 0, 0, 0, 0, 0, 0]"
NCERT_StabilityConstants_04,1,All of these,True,"Correct. All these factors influence complex stability: more basic ligands form stronger bonds; smaller, higher-charged metal ions give higher stability; chelating ligands give higher stability.",none,correct,none,0.0,recall,high,reviewed,"[0, 0, 0, 0, 1, 0, 0, 0, 0, 0, 0, 0, 0, 0, 0]"
NCERT_StabilityConstants_04,2,The chelate effect,False,Incorrect.,z_00,conceptual_error,medium,0.0667,recall,high,reviewed,"[1, 0, 0, 0, 0, 0, 0, 0, 0, 0, 0, 0, 0, 0, 0]"
NCERT_StabilityConstants_04,3,The basicity of the ligand (its proton affinity),False,Incorrect.,z_04,conceptual_error,medium,0.0667,recall,high,reviewed,"[0, 0, 0, 0, 1, 0, 0, 0, 0, 0, 0, 0, 0, 0, 0]"
NCERT_StabilityConstants_04,4,The charge and size of the metal ion,False,Incorrect.,z_00,conceptual_error,medium,0.0667,recall,high,reviewed,"[1, 0, 0, 0, 0, 0, 0, 0, 0, 0, 0, 0, 0, 0, 0]"
NCERT_StabilityConstants_05,1,Fe²⁺ < Co²⁺ < Ni²⁺ < Cu²⁺ < Zn²⁺,False,Incorrect.,z_04,conceptual_error,medium,0.0667,recall,high,reviewed,"[0, 0, 0, 0, 1, 0, 0, 0, 0, 0, 0, 0, 0, 0, 0]"
NCERT_StabilityConstants_05,2,Zn²⁺ < Cu²⁺ < Ni²⁺ < Co²⁺ < Fe²⁺,False,Incorrect.,z_00,conceptual_error,medium,0.0667,recall,high,reviewed,"[1, 0, 0, 0, 0, 0, 0, 0, 0, 0, 0, 0, 0, 0, 0]"
NCERT_StabilityConstants_05,3,Mn²⁺ < Fe²⁺ < Co²⁺ < Ni²⁺ < Cu²⁺ > Zn²⁺,True,"Correct. This series reflects increasing CFSE (for high-spin octahedral) from d⁵ to d⁹, with a peak at Cu²⁺ (d⁹) due to Jahn-Teller effect, then drop for Zn²⁺ (d¹⁰).",none,correct,none,0.0,recall,high,reviewed,"[0, 0, 0, 0, 1, 0, 0, 0, 0, 0, 0, 0, 0, 0, 0]"
NCERT_StabilityConstants_05,4,Cu²⁺ < Ni²⁺ < Co²⁺ < Fe²⁺ < Mn²⁺,False,Incorrect.,z_00,conceptual_error,medium,0.0667,recall,high,reviewed,"[1, 0, 0, 0, 0, 0, 0, 0, 0, 0, 0, 0, 0, 0, 0]"
NCERT_StabilityConstants_06,1,Fe²⁺ is in a higher oxidation state in the cyanide complex.,False,Incorrect. Both contain Fe²⁺.,z_04,conceptual_error,medium,0.0667,recall,high,reviewed,"[0, 0, 0, 0, 1, 0, 0, 0, 0, 0, 0, 0, 0, 0, 0]"
NCERT_StabilityConstants_06,2,CN⁻ is a strong field ligand and forms low-spin complex with high CFSE.,True,"Correct. CN⁻ is a strong field π-acceptor ligand, leading to a large Δ₀ and high CFSE for the low-spin d⁶ configuration, increasing stability.",none,correct,none,0.0,recall,high,reviewed,"[1, 0, 0, 0, 0, 0, 0, 0, 0, 0, 0, 0, 0, 0, 0]"
NCERT_StabilityConstants_06,3,The water complex is tetrahedral.,False,Incorrect. Both are octahedral.,z_04,conceptual_error,medium,0.0667,recall,high,reviewed,"[0, 0, 0, 0, 1, 0, 0, 0, 0, 0, 0, 0, 0, 0, 0]"
NCERT_StabilityConstants_06,4,CN⁻ forms stronger σ bonds.,False,Incorrect. σ bonding strength is not the only factor; π back-bonding and CFSE are crucial.,z_00,conceptual_error,medium,0.0667,recall,high,reviewed,"[1, 0, 0, 0, 0, 0, 0, 0, 0, 0, 0, 0, 0, 0, 0]"
NCERT_StabilityConstants_07,1,The first three constants are always equal.,False,Incorrect. They are not equal.,z_04,conceptual_error,medium,0.0667,recall,high,reviewed,"[0, 0, 0, 0, 1, 0, 0, 0, 0, 0, 0, 0, 0, 0, 0]"
NCERT_StabilityConstants_07,2,The fourth NH₃ adds with difficulty due to Jahn-Teller distortion and steric factors.,True,"Correct. For Cu²⁺ (d⁹), the Jahn-Teller effect causes the fourth ligand in the equatorial plane to be more weakly bound, and the axial ligands are even more labile. The stepwise constants reflect this.",none,correct,none,0.0,recall,high,reviewed,"[1, 0, 0, 0, 0, 0, 0, 0, 0, 0, 0, 0, 0, 0, 0]"
NCERT_StabilityConstants_07,3,NH₃ is a weak field ligand.,False,"Incorrect. NH₃ is intermediate field, but the drop is due to geometry and Jahn-Teller.",z_04,conceptual_error,medium,0.0667,recall,high,reviewed,"[0, 0, 0, 0, 1, 0, 0, 0, 0, 0, 0, 0, 0, 0, 0]"
NCERT_StabilityConstants_07,4,The complex becomes diamagnetic after three NH₃.,False,Incorrect. The complex remains paramagnetic.,z_00,conceptual_error,medium,0.0667,recall,high,reviewed,"[1, 0, 0, 0, 0, 0, 0, 0, 0, 0, 0, 0, 0, 0, 0]"
NCERT_StabilityConstants_08,1,ΔH° = -RT ln K_f,False,"Incorrect. That is the relationship for ΔG°, not ΔH°.",z_04,conceptual_error,medium,0.0667,recall,high,reviewed,"[0, 0, 0, 0, 1, 0, 0, 0, 0, 0, 0, 0, 0, 0, 0]"
NCERT_StabilityConstants_08,2,ΔG° = -RT ln K_f,True,"Correct. ΔG° = -RT ln K_f. A larger K_f corresponds to a more negative ΔG°, indicating greater stability.",none,correct,none,0.0,recall,high,reviewed,"[1, 0, 0, 0, 0, 0, 0, 0, 0, 0, 0, 0, 0, 0, 0]"
NCERT_StabilityConstants_08,3,ΔS° = RT ln K_f,False,Incorrect. ΔS° is not directly given by ln K_f.,z_04,conceptual_error,medium,0.0667,recall,high,reviewed,"[0, 0, 0, 0, 1, 0, 0, 0, 0, 0, 0, 0, 0, 0, 0]"
NCERT_StabilityConstants_08,4,ΔG° = RT ln K_f,False,Incorrect. The negative sign is important.,z_00,conceptual_error,medium,0.0667,recall,high,reviewed,"[1, 0, 0, 0, 0, 0, 0, 0, 0, 0, 0, 0, 0, 0, 0]"
NCERT_StabilityConstants_09,1,Decreasing the basicity of the ligand,False,Incorrect. More basic ligands (higher proton affinity) generally form more stable complexes.,z_04,conceptual_error,medium,0.0667,recall,high,reviewed,"[0, 0, 0, 0, 1, 0, 0, 0, 0, 0, 0, 0, 0, 0, 0]"
NCERT_StabilityConstants_09,2,Using a monodentate ligand instead of a chelating ligand,False,Incorrect. Chelating ligands increase stability (chelate effect).,z_00,conceptual_error,medium,0.0667,recall,high,reviewed,"[1, 0, 0, 0, 0, 0, 0, 0, 0, 0, 0, 0, 0, 0, 0]"
NCERT_StabilityConstants_09,3,Increasing the size of the metal ion,False,Incorrect. Larger size decreases charge density and stability.,z_04,conceptual_error,medium,0.0667,recall,high,reviewed,"[0, 0, 0, 0, 1, 0, 0, 0, 0, 0, 0, 0, 0, 0, 0]"
NCERT_StabilityConstants_09,4,Increasing the charge on the metal ion,True,"Correct. Higher charge on the metal ion increases electrostatic attraction and CFSE, leading to higher stability.",none,correct,none,0.0,recall,high,reviewed,"[1, 0, 0, 0, 0, 0, 0, 0, 0, 0, 0, 0, 0, 0, 0]"
NCERT_StabilityConstants_10,1,0°C and 1 atm,False,Incorrect. 0°C is not standard.,z_04,conceptual_error,medium,0.0667,recall,high,reviewed,"[0, 0, 0, 0, 1, 0, 0, 0, 0, 0, 0, 0, 0, 0, 0]"
NCERT_StabilityConstants_10,2,25°C and 1 M concentration,True,Correct. Stability constants are typically reported at 298 K (25°C) and ionic strength adjusted to 1 M (or infinite dilution).,none,correct,none,0.0,recall,high,reviewed,"[1, 0, 0, 0, 0, 0, 0, 0, 0, 0, 0, 0, 0, 0, 0]"
NCERT_StabilityConstants_10,3,Room temperature and variable concentrations,False,Incorrect. Standard conditions are required for comparison.,z_04,conceptual_error,medium,0.0667,recall,high,reviewed,"[0, 0, 0, 0, 1, 0, 0, 0, 0, 0, 0, 0, 0, 0, 0]"
NCERT_StabilityConstants_10,4,High temperature and pressure,False,Incorrect. High T usually reduces stability.,z_00,conceptual_error,medium,0.0667,recall,high,reviewed,"[1, 0, 0, 0, 0, 0, 0, 0, 0, 0, 0, 0, 0, 0, 0]"
NCERT_LinkageIsom_01,1,Isomerism arising from the exchange of ligands between the coordination sphere and outside.,False,Incorrect. That describes ionization isomerism.,z_13,conceptual_error,medium,0.0667,recall,high,reviewed,"[0, 0, 0, 0, 0, 0, 0, 0, 0, 0, 0, 0, 0, 1, 0]"
NCERT_LinkageIsom_01,2,Isomerism due to different spatial arrangements of ligands around the metal.,False,Incorrect. That describes geometric isomerism.,z_07,conceptual_error,medium,0.0667,recall,high,reviewed,"[0, 0, 0, 0, 0, 0, 0, 1, 0, 0, 0, 0, 0, 0, 0]"
NCERT_LinkageIsom_01,3,Isomerism due to the presence of a chiral center.,False,Incorrect. That describes optical isomerism.,z_07,conceptual_error,medium,0.0667,recall,high,reviewed,"[0, 0, 0, 0, 0, 0, 0, 1, 0, 0, 0, 0, 0, 0, 0]"
NCERT_LinkageIsom_01,4,Isomerism arising from the possibility of a ligand coordinating through different donor atoms.,True,"Correct. Linkage isomerism occurs when a ligand (e.g., NO₂⁻, SCN⁻) can bind through two different atoms, leading to distinct isomers.",none,correct,none,0.0,recall,high,reviewed,"[0, 0, 0, 0, 0, 0, 0, 0, 0, 0, 0, 0, 0, 1, 0]"
NCERT_LinkageIsom_02,1,NO₂⁻,True,"Correct. Nitrite ion (NO₂⁻) can bind through N (nitro) or through O (nitrito), giving linkage isomers.",none,correct,none,0.0,recall,high,reviewed,"[0, 0, 0, 0, 0, 0, 0, 0, 0, 0, 0, 0, 0, 1, 0]"
NCERT_LinkageIsom_02,2,H₂O,False,Incorrect. H₂O binds only through O.,z_07,conceptual_error,medium,0.0667,recall,high,reviewed,"[0, 0, 0, 0, 0, 0, 0, 1, 0, 0, 0, 0, 0, 0, 0]"
NCERT_LinkageIsom_02,3,NH₃,False,"Incorrect. NH3 has only one type of donor atom (N) and cannot bind through an alternative atom, so it does not show linkage isomerism.",z_07,conceptual_error,medium,0.0667,recall,high,reviewed,"[0, 0, 0, 0, 0, 0, 0, 1, 0, 0, 0, 0, 0, 0, 0]"
NCERT_LinkageIsom_02,4,CN⁻,False,"Incorrect. Although cyanide can occasionally coordinate through either atom, the classic and most commonly tested example of linkage isomerism is the nitrite ion, NO2-.",z_13,conceptual_error,medium,0.0667,recall,high,reviewed,"[0, 0, 0, 0, 0, 0, 0, 0, 0, 0, 0, 0, 0, 1, 0]"
NCERT_LinkageIsom_03,1,Nitro and nitrato,False,Incorrect. Nitrato is not the correct name for O-bonded nitrite.,z_13,conceptual_error,medium,0.0667,recall,high,reviewed,"[0, 0, 0, 0, 0, 0, 0, 0, 0, 0, 0, 0, 0, 1, 0]"
NCERT_LinkageIsom_03,2,Nitrato and nitrito,False,Incorrect. Nitrato refers to NO₃⁻.,z_07,conceptual_error,medium,0.0667,recall,high,reviewed,"[0, 0, 0, 0, 0, 0, 0, 1, 0, 0, 0, 0, 0, 0, 0]"
NCERT_LinkageIsom_03,3,Amine and ammine,False,Incorrect. Amine/ammine refer to NH₃ ligands.,z_07,conceptual_error,medium,0.0667,recall,high,reviewed,"[0, 0, 0, 0, 0, 0, 0, 1, 0, 0, 0, 0, 0, 0, 0]"
NCERT_LinkageIsom_03,4,Nitro and nitrito,True,"Correct. When NO₂⁻ binds through N, it is called nitro; when through O, it is called nitrito.",none,correct,none,0.0,recall,high,reviewed,"[0, 0, 0, 0, 0, 0, 0, 0, 0, 0, 0, 0, 0, 1, 0]"
NCERT_LinkageIsom_04,1,[Co(NH₃)₅Cl]²⁺ and [Co(NH₃)₅Cl]²⁺ (same),False,Incorrect. That's the same complex.,z_13,conceptual_error,medium,0.0667,recall,high,reviewed,"[0, 0, 0, 0, 0, 0, 0, 0, 0, 0, 0, 0, 0, 1, 0]"
NCERT_LinkageIsom_04,2,[Co(NH₃)₅(NO₂)]²⁺ and [Co(NH₃)₅(ONO)]²⁺,True,Correct. The two differ in the point of attachment of NO₂⁻ (N vs O).,none,correct,none,0.0,recall,high,reviewed,"[0, 0, 0, 0, 0, 0, 0, 1, 0, 0, 0, 0, 0, 0, 0]"
NCERT_LinkageIsom_04,3,[Co(NH₃)₆]³⁺ and [Co(NH₃)₅Cl]²⁺,False,Incorrect. These are different complexes (different ligands).,z_07,conceptual_error,medium,0.0667,recall,high,reviewed,"[0, 0, 0, 0, 0, 0, 0, 1, 0, 0, 0, 0, 0, 0, 0]"
NCERT_LinkageIsom_04,4,[Pt(NH₃)₂Cl₂] and [Pt(NH₃)₂Cl₂],False,"Incorrect. This is a geometric isomer pair (cis/trans), not linkage.",z_13,conceptual_error,medium,0.0667,recall,high,reviewed,"[0, 0, 0, 0, 0, 0, 0, 0, 0, 0, 0, 0, 0, 1, 0]"
NCERT_LinkageIsom_05,1,Geometric isomerism,False,"Incorrect. Geometric isomerism involves spatial arrangement, not donor atom.",z_13,conceptual_error,medium,0.0667,recall,high,reviewed,"[0, 0, 0, 0, 0, 0, 0, 0, 0, 0, 0, 0, 0, 1, 0]"
NCERT_LinkageIsom_05,2,Optical isomerism,False,Incorrect. Optical isomerism involves chirality.,z_07,conceptual_error,medium,0.0667,recall,high,reviewed,"[0, 0, 0, 0, 0, 0, 0, 1, 0, 0, 0, 0, 0, 0, 0]"
NCERT_LinkageIsom_05,3,Coordination isomerism,False,Incorrect. Coordination isomerism involves exchange of ligands between cation and anion.,z_07,conceptual_error,medium,0.0667,recall,high,reviewed,"[0, 0, 0, 0, 0, 0, 0, 1, 0, 0, 0, 0, 0, 0, 0]"
NCERT_LinkageIsom_05,4,Linkage isomerism,True,Correct. SCN⁻ is an ambidentate ligand capable of linkage isomerism.,none,correct,none,0.0,recall,high,reviewed,"[0, 0, 0, 0, 0, 0, 0, 0, 0, 0, 0, 0, 0, 1, 0]"
NCERT_LinkageIsom_06,1,The ligand has two or more different donor atoms.,True,"Correct. Ambidentate ligands (e.g., NO₂⁻, SCN⁻, CN⁻) have at least two different potential donor atoms, allowing linkage isomers.",none,correct,none,0.0,recall,high,reviewed,"[0, 0, 0, 0, 0, 0, 0, 0, 0, 0, 0, 0, 0, 1, 0]"
NCERT_LinkageIsom_06,2,The ligand is polydentate with identical donor atoms.,False,Incorrect. Identical donors do not give linkage isomers.,z_07,conceptual_error,medium,0.0667,recall,high,reviewed,"[0, 0, 0, 0, 0, 0, 0, 1, 0, 0, 0, 0, 0, 0, 0]"
NCERT_LinkageIsom_06,3,The ligand is monodentate with a single donor atom.,False,"Incorrect. Only one donor atom, no choice.",z_07,conceptual_error,medium,0.0667,recall,high,reviewed,"[0, 0, 0, 0, 0, 0, 0, 1, 0, 0, 0, 0, 0, 0, 0]"
NCERT_LinkageIsom_06,4,The ligand is bidentate but symmetric.,False,Incorrect. Symmetric bidentate like en does not give linkage isomers.,z_13,conceptual_error,medium,0.0667,recall,high,reviewed,"[0, 0, 0, 0, 0, 0, 0, 0, 0, 0, 0, 0, 0, 1, 0]"
NCERT_LinkageIsom_07,1,Different geometries of the complex.,False,Incorrect. Both isomers have octahedral geometry.,z_13,conceptual_error,medium,0.0667,recall,high,reviewed,"[0, 0, 0, 0, 0, 0, 0, 0, 0, 0, 0, 0, 0, 1, 0]"
NCERT_LinkageIsom_07,2,Different oxidation states of cobalt.,False,Incorrect. Cobalt is +3 in both.,z_07,conceptual_error,medium,0.0667,recall,high,reviewed,"[0, 0, 0, 0, 0, 0, 0, 1, 0, 0, 0, 0, 0, 0, 0]"
NCERT_LinkageIsom_07,3,Different counter ions.,False,Incorrect. Counter ions can vary but the isomerism is inherent.,z_07,conceptual_error,medium,0.0667,recall,high,reviewed,"[0, 0, 0, 0, 0, 0, 0, 1, 0, 0, 0, 0, 0, 0, 0]"
NCERT_LinkageIsom_07,4,Different bond orders and symmetry in the NO₂ group when coordinated through different atoms.,True,"Correct. The N–O stretching frequencies differ significantly depending on whether the nitrite is N-bonded (nitro) or O-bonded (nitrito), allowing distinction by IR.",none,correct,none,0.0,recall,high,reviewed,"[0, 0, 0, 0, 0, 0, 0, 0, 0, 0, 0, 0, 0, 1, 0]"
NCERT_LinkageIsom_08,1,CO₃²⁻,False,"Incorrect. CO₃²⁻ is bidentate through O, but not ambidentate in the same sense; it can be monodentate or bidentate, but not linkage isomers with different donor atoms.",z_13,conceptual_error,medium,0.0667,recall,high,reviewed,"[0, 0, 0, 0, 0, 0, 0, 0, 0, 0, 0, 0, 0, 1, 0]"
NCERT_LinkageIsom_08,2,Cl⁻,False,Incorrect. Cl⁻ has only one donor atom.,z_07,conceptual_error,medium,0.0667,recall,high,reviewed,"[0, 0, 0, 0, 0, 0, 0, 1, 0, 0, 0, 0, 0, 0, 0]"
NCERT_LinkageIsom_08,3,NO₃⁻,False,"Incorrect. NO₃⁻ can bind through O, but usually only monodentate or bidentate; not classic linkage.",z_07,conceptual_error,medium,0.0667,recall,high,reviewed,"[0, 0, 0, 0, 0, 0, 0, 1, 0, 0, 0, 0, 0, 0, 0]"
NCERT_LinkageIsom_08,4,SCN⁻,True,Correct. SCN⁻ can bind through S (thiocyanato) or through N (isothiocyanato).,none,correct,none,0.0,recall,high,reviewed,"[0, 0, 0, 0, 0, 0, 0, 0, 0, 0, 0, 0, 0, 1, 0]"
NCERT_LinkageIsom_09,1,5,False,Incorrect. The total combinations of geometric and linkage isomers yield an even number.,z_13,conceptual_error,medium,0.0667,recall,high,reviewed,"[0, 0, 0, 0, 0, 0, 0, 0, 0, 0, 0, 0, 0, 1, 0]"
NCERT_LinkageIsom_09,2,6,True,"Correct. The SCN ligands can be S,S or N,N or S,N. Each of these 3 linkage pairs can exist as both cis and trans geometric isomers, yielding 3 x 2 = 6 total isomers.",none,correct,none,0.0,recall,high,reviewed,"[0, 0, 0, 0, 0, 0, 0, 1, 0, 0, 0, 0, 0, 0, 0]"
NCERT_LinkageIsom_09,3,4,False,Incorrect. This count misses the combinations where one ligand is S-bound and the other is N-bound.,z_07,conceptual_error,medium,0.0667,recall,high,reviewed,"[0, 0, 0, 0, 0, 0, 0, 1, 0, 0, 0, 0, 0, 0, 0]"
NCERT_LinkageIsom_09,4,8,False,"Incorrect. This overcounts the possible distinct geometric combinations for the S,N arrangement.",z_13,conceptual_error,medium,0.0667,recall,high,reviewed,"[0, 0, 0, 0, 0, 0, 0, 0, 0, 0, 0, 0, 0, 1, 0]"
NCERT_LinkageIsom_10,1,A ligand that binds through two atoms simultaneously.,False,Incorrect. That describes a bidentate ligand.,z_13,conceptual_error,medium,0.0667,recall,high,reviewed,"[0, 0, 0, 0, 0, 0, 0, 0, 0, 0, 0, 0, 0, 1, 0]"
NCERT_LinkageIsom_10,2,A ligand that can bind through two different donor atoms.,True,Correct. Ambidentate ligands have two different potential donor atoms and can exhibit linkage isomerism.,none,correct,none,0.0,recall,high,reviewed,"[0, 0, 0, 0, 0, 0, 0, 1, 0, 0, 0, 0, 0, 0, 0]"
NCERT_LinkageIsom_10,3,A ligand that can change its denticity.,False,Incorrect. Denticity change is not the definition.,z_07,conceptual_error,medium,0.0667,recall,high,reviewed,"[0, 0, 0, 0, 0, 0, 0, 1, 0, 0, 0, 0, 0, 0, 0]"
NCERT_LinkageIsom_10,4,A ligand that forms a chelate ring.,False,Incorrect. That describes chelating ligands.,z_13,conceptual_error,medium,0.0667,recall,high,reviewed,"[0, 0, 0, 0, 0, 0, 0, 0, 0, 0, 0, 0, 0, 1, 0]"
NCERT_GeometricIsom_01,1,Isomerism due to the use of different donor atoms by a ligand.,False,Incorrect. That describes linkage isomerism.,z_08,conceptual_error,medium,0.0667,recall,high,reviewed,"[0, 0, 0, 0, 0, 0, 0, 0, 1, 0, 0, 0, 0, 0, 0]"
NCERT_GeometricIsom_01,2,Isomerism arising from the presence of a chiral center.,False,Incorrect. That describes optical isomerism.,z_00,conceptual_error,medium,0.0667,recall,high,reviewed,"[1, 0, 0, 0, 0, 0, 0, 0, 0, 0, 0, 0, 0, 0, 0]"
NCERT_GeometricIsom_01,3,Isomerism due to the exchange of ligands between coordination sphere and outside.,False,Incorrect. That describes ionization isomerism.,z_06,conceptual_error,medium,0.0667,recall,high,reviewed,"[0, 0, 0, 0, 0, 0, 1, 0, 0, 0, 0, 0, 0, 0, 0]"
NCERT_GeometricIsom_01,4,"Isomerism resulting from different spatial arrangements of ligands around the metal center, without changing the connectivity.",True,"Correct. Geometric isomerism (cis/trans, fac/mer) arises from different relative positions of ligands in the coordination sphere.",none,correct,none,0.0,recall,high,reviewed,"[0, 0, 1, 0, 0, 0, 0, 0, 0, 0, 0, 0, 0, 0, 0]"
NCERT_GeometricIsom_02,1,2,False,Incorrect. There are two.,z_08,conceptual_error,medium,0.0667,recall,high,reviewed,"[0, 0, 0, 0, 0, 0, 0, 0, 1, 0, 0, 0, 0, 0, 0]"
NCERT_GeometricIsom_02,2,0,False,Incorrect.,z_00,conceptual_error,medium,0.0667,recall,high,reviewed,"[1, 0, 0, 0, 0, 0, 0, 0, 0, 0, 0, 0, 0, 0, 0]"
NCERT_GeometricIsom_02,3,1,True,Correct. Two isomers: cis (like ligands adjacent) and trans (like ligands opposite).,none,correct,none,0.0,recall,high,reviewed,"[0, 0, 0, 0, 0, 0, 1, 0, 0, 0, 0, 0, 0, 0, 0]"
NCERT_GeometricIsom_02,4,3,False,Incorrect.,z_02,conceptual_error,medium,0.0667,recall,high,reviewed,"[0, 0, 1, 0, 0, 0, 0, 0, 0, 0, 0, 0, 0, 0, 0]"
NCERT_GeometricIsom_03,1,Both isomers are used as drugs.,False,Incorrect.,z_08,conceptual_error,medium,0.0667,recall,high,reviewed,"[0, 0, 0, 0, 0, 0, 0, 0, 1, 0, 0, 0, 0, 0, 0]"
NCERT_GeometricIsom_03,2,Neither isomer has any medical use.,False,Incorrect.,z_00,conceptual_error,medium,0.0667,recall,high,reviewed,"[1, 0, 0, 0, 0, 0, 0, 0, 0, 0, 0, 0, 0, 0, 0]"
NCERT_GeometricIsom_03,3,The trans isomer is used as an anticancer drug.,False,Incorrect. Transplatin is not used therapeutically.,z_06,conceptual_error,medium,0.0667,recall,high,reviewed,"[0, 0, 0, 0, 0, 0, 1, 0, 0, 0, 0, 0, 0, 0, 0]"
NCERT_GeometricIsom_03,4,The cis isomer is more stable and used in cancer therapy (cisplatin).,True,Correct. Cisplatin (cis isomer) is a well-known anticancer drug; trans isomer is not effective.,none,correct,none,0.0,recall,high,reviewed,"[0, 0, 1, 0, 0, 0, 0, 0, 0, 0, 0, 0, 0, 0, 0]"
NCERT_GeometricIsom_04,1,Optical isomers only,False,"Incorrect. Optical activity may occur in some cases, but geometric isomerism is primary.",z_08,conceptual_error,medium,0.0667,recall,high,reviewed,"[0, 0, 0, 0, 0, 0, 0, 0, 1, 0, 0, 0, 0, 0, 0]"
NCERT_GeometricIsom_04,2,Fac and mer isomers,True,"Correct. In octahedral [MA₃B₃], the three A ligands can occupy one face (fac) or a meridian (mer), giving two geometric isomers.",none,correct,none,0.0,recall,high,reviewed,"[1, 0, 0, 0, 0, 0, 0, 0, 0, 0, 0, 0, 0, 0, 0]"
NCERT_GeometricIsom_04,3,Cis and trans isomers,False,Incorrect. Cis/trans is for [MA₄B₂] or square planar.,z_06,conceptual_error,medium,0.0667,recall,high,reviewed,"[0, 0, 0, 0, 0, 0, 1, 0, 0, 0, 0, 0, 0, 0, 0]"
NCERT_GeometricIsom_04,4,Linkage isomers,False,Incorrect. That is a different type.,z_02,conceptual_error,medium,0.0667,recall,high,reviewed,"[0, 0, 1, 0, 0, 0, 0, 0, 0, 0, 0, 0, 0, 0, 0]"
NCERT_GeometricIsom_05,1,[Pt(NH₃)₂Cl₂] (square planar),True,Correct. Square planar [MA₂B₂] can have cis/trans isomers.,none,correct,none,0.0,recall,high,reviewed,"[0, 0, 0, 0, 0, 0, 0, 0, 1, 0, 0, 0, 0, 0, 0]"
NCERT_GeometricIsom_05,2,[Fe(CO)₅] (trigonal bipyramidal),False,"Incorrect. Trigonal bipyramidal can show geometric isomerism but with different ligands; [Fe(CO)₅] has all CO, so no.",z_00,conceptual_error,medium,0.0667,recall,high,reviewed,"[1, 0, 0, 0, 0, 0, 0, 0, 0, 0, 0, 0, 0, 0, 0]"
NCERT_GeometricIsom_05,3,[Zn(NH₃)₄]²⁺ (tetrahedral),False,Incorrect. Tetrahedral complexes with all identical ligands cannot show geometric isomerism.,z_06,conceptual_error,medium,0.0667,recall,high,reviewed,"[0, 0, 0, 0, 0, 0, 1, 0, 0, 0, 0, 0, 0, 0, 0]"
NCERT_GeometricIsom_05,4,[Co(NH₃)₆]³⁺ (octahedral),False,Incorrect. All ligands are identical; no geometric isomerism.,z_02,conceptual_error,medium,0.0667,recall,high,reviewed,"[0, 0, 1, 0, 0, 0, 0, 0, 0, 0, 0, 0, 0, 0, 0]"
NCERT_GeometricIsom_06,1,Fac and mer,False,Incorrect. Fac/mer applies to [MA₃B₃].,z_08,conceptual_error,medium,0.0667,recall,high,reviewed,"[0, 0, 0, 0, 0, 0, 0, 0, 1, 0, 0, 0, 0, 0, 0]"
NCERT_GeometricIsom_06,2,Only cis,False,Incorrect. Both isomers are possible.,z_00,conceptual_error,medium,0.0667,recall,high,reviewed,"[1, 0, 0, 0, 0, 0, 0, 0, 0, 0, 0, 0, 0, 0, 0]"
NCERT_GeometricIsom_06,3,Cis and trans,True,Correct. [MA₄B₂] can exist as cis (B ligands adjacent) and trans (B ligands opposite).,none,correct,none,0.0,recall,high,reviewed,"[0, 0, 0, 0, 0, 0, 1, 0, 0, 0, 0, 0, 0, 0, 0]"
NCERT_GeometricIsom_06,4,Only trans,False,Incorrect.,z_02,conceptual_error,medium,0.0667,recall,high,reviewed,"[0, 0, 1, 0, 0, 0, 0, 0, 0, 0, 0, 0, 0, 0, 0]"
NCERT_GeometricIsom_07,1,[Co(NH₃)₄Cl₂] with Cl atoms adjacent.,False,"Incorrect. That is cis, but for [MA₄B₂], it's cis/trans, not fac/mer.",z_08,conceptual_error,medium,0.0667,recall,high,reviewed,"[0, 0, 0, 0, 0, 0, 0, 0, 1, 0, 0, 0, 0, 0, 0]"
NCERT_GeometricIsom_07,2,[Cr(en)₃]³⁺,False,"Incorrect. This complex is chiral, not geometric isomer.",z_00,conceptual_error,medium,0.0667,recall,high,reviewed,"[1, 0, 0, 0, 0, 0, 0, 0, 0, 0, 0, 0, 0, 0, 0]"
NCERT_GeometricIsom_07,3,[Co(NH₃)₃Cl₃] with three Cl atoms on one triangular face of the octahedron.,True,Correct. Fac (facial) isomer has three identical ligands occupying the vertices of one face of the octahedron.,none,correct,none,0.0,recall,high,reviewed,"[0, 0, 0, 0, 0, 0, 1, 0, 0, 0, 0, 0, 0, 0, 0]"
NCERT_GeometricIsom_07,4,[Pt(NH₃)₂Cl₂] with Cl atoms adjacent.,False,"Incorrect. That is cis, not fac.",z_02,conceptual_error,medium,0.0667,recall,high,reviewed,"[0, 0, 1, 0, 0, 0, 0, 0, 0, 0, 0, 0, 0, 0, 0]"
NCERT_GeometricIsom_08,1,[Pt(NH₃)₂Cl₂],False,Incorrect. Square planar [MA₂B₂] exhibits cis/trans.,z_08,conceptual_error,medium,0.0667,recall,high,reviewed,"[0, 0, 0, 0, 0, 0, 0, 0, 1, 0, 0, 0, 0, 0, 0]"
NCERT_GeometricIsom_08,2,[Co(NH₃)₄Cl₂]⁺,False,Incorrect. Octahedral [MA₄B₂] exhibits cis/trans.,z_00,conceptual_error,medium,0.0667,recall,high,reviewed,"[1, 0, 0, 0, 0, 0, 0, 0, 0, 0, 0, 0, 0, 0, 0]"
NCERT_GeometricIsom_08,3,[Co(NH₃)₃Cl₃],False,Incorrect. [MA₃B₃] exhibits fac/mer.,z_06,conceptual_error,medium,0.0667,recall,high,reviewed,"[0, 0, 0, 0, 0, 0, 1, 0, 0, 0, 0, 0, 0, 0, 0]"
NCERT_GeometricIsom_08,4,[Co(NH₃)₅Cl]²⁺,True,Correct. [MA₅B] type has only one arrangement; no geometric isomers.,none,correct,none,0.0,recall,high,reviewed,"[0, 0, 1, 0, 0, 0, 0, 0, 0, 0, 0, 0, 0, 0, 0]"
NCERT_GeometricIsom_09,1,Their magnetic properties (both are diamagnetic).,False,"Incorrect. Both are diamagnetic (Pt²⁺, d⁸, square planar).",z_08,conceptual_error,medium,0.0667,recall,high,reviewed,"[0, 0, 0, 0, 0, 0, 0, 0, 1, 0, 0, 0, 0, 0, 0]"
NCERT_GeometricIsom_09,2,Their color (both are colorless).,False,"Incorrect. Both are yellow, but dipole moment is the key.",z_00,conceptual_error,medium,0.0667,recall,high,reviewed,"[1, 0, 0, 0, 0, 0, 0, 0, 0, 0, 0, 0, 0, 0, 0]"
NCERT_GeometricIsom_09,3,Their solubility in water (both are insoluble).,False,"Incorrect. Solubility differs, but dipole moment is a more direct distinction.",z_06,conceptual_error,medium,0.0667,recall,high,reviewed,"[0, 0, 0, 0, 0, 0, 1, 0, 0, 0, 0, 0, 0, 0, 0]"
NCERT_GeometricIsom_09,4,"Their dipole moments (cis has a net dipole, trans has zero dipole).",True,Correct. The cis isomer has a net dipole moment; trans isomer is nonpolar due to symmetry.,none,correct,none,0.0,recall,high,reviewed,"[0, 0, 1, 0, 0, 0, 0, 0, 0, 0, 0, 0, 0, 0, 0]"
NCERT_GeometricIsom_10,1,Two identical ligands adjacent to each other.,False,Incorrect. That describes cis for [MA₄B₂].,z_08,conceptual_error,medium,0.0667,recall,high,reviewed,"[0, 0, 0, 0, 0, 0, 0, 0, 1, 0, 0, 0, 0, 0, 0]"
NCERT_GeometricIsom_10,2,Three identical ligands occupying one face.,False,Incorrect. That describes fac isomer.,z_00,conceptual_error,medium,0.0667,recall,high,reviewed,"[1, 0, 0, 0, 0, 0, 0, 0, 0, 0, 0, 0, 0, 0, 0]"
NCERT_GeometricIsom_10,3,All ligands in a straight line.,False,Incorrect.,z_06,conceptual_error,medium,0.0667,recall,high,reviewed,"[0, 0, 0, 0, 0, 0, 1, 0, 0, 0, 0, 0, 0, 0, 0]"
NCERT_GeometricIsom_10,4,Three identical ligands occupying positions around the meridian of the octahedron.,True,"Correct. In mer isomer, the three identical ligands are arranged in a T-shaped pattern around the metal, lying in a plane that contains the metal and forms a meridian.",none,correct,none,0.0,recall,high,reviewed,"[0, 0, 1, 0, 0, 0, 0, 0, 0, 0, 0, 0, 0, 0, 0]"
NCERT_OpticalIsom_01,1,Isomerism due to different donor atoms.,False,Incorrect. That describes linkage isomerism.,z_04,conceptual_error,medium,0.0667,recall,high,reviewed,"[0, 0, 0, 0, 1, 0, 0, 0, 0, 0, 0, 0, 0, 0, 0]"
NCERT_OpticalIsom_01,2,Isomerism where two isomers are non-superimposable mirror images (enantiomers).,True,Correct. Optical isomers (enantiomers) rotate plane-polarized light in opposite directions and are non-superimposable mirror images.,none,correct,none,0.0,recall,high,reviewed,"[0, 0, 0, 0, 0, 0, 1, 0, 0, 0, 0, 0, 0, 0, 0]"
NCERT_OpticalIsom_01,3,Isomerism due to exchange of ligands between coordination sphere and outside.,False,Incorrect. That describes ionization isomerism.,z_07,conceptual_error,medium,0.0667,recall,high,reviewed,"[0, 0, 0, 0, 0, 0, 0, 1, 0, 0, 0, 0, 0, 0, 0]"
NCERT_OpticalIsom_01,4,Isomerism due to different spatial arrangements of ligands (cis/trans).,False,Incorrect. That describes geometric isomerism.,z_10,conceptual_error,medium,0.0667,recall,high,reviewed,"[0, 0, 0, 0, 0, 0, 0, 0, 0, 0, 1, 0, 0, 0, 0]"
NCERT_OpticalIsom_02,1,Is non-superimposable on its mirror image (lacks a plane of symmetry).,True,Correct. Chirality (lack of improper rotation axis) leads to optical activity.,none,correct,none,0.0,recall,high,reviewed,"[0, 0, 0, 0, 1, 0, 0, 0, 0, 0, 0, 0, 0, 0, 0]"
NCERT_OpticalIsom_02,2,Has a center of symmetry.,False,Incorrect. A center of symmetry also indicates achirality.,z_06,conceptual_error,medium,0.0667,recall,high,reviewed,"[0, 0, 0, 0, 0, 0, 1, 0, 0, 0, 0, 0, 0, 0, 0]"
NCERT_OpticalIsom_02,3,Contains only monodentate ligands.,False,"Incorrect. Monodentate ligands can form chiral complexes (e.g., [Co(en)₃]³⁺ uses bidentate, but monodentate ligands can also give chirality if arranged appropriately, e.g., [Ru(bpy)₃]²⁺). The statement is false.",z_07,conceptual_error,medium,0.0667,recall,high,reviewed,"[0, 0, 0, 0, 0, 0, 0, 1, 0, 0, 0, 0, 0, 0, 0]"
NCERT_OpticalIsom_02,4,Has a plane of symmetry.,False,Incorrect. A plane of symmetry makes the complex achiral.,z_10,conceptual_error,medium,0.0667,recall,high,reviewed,"[0, 0, 0, 0, 0, 0, 0, 0, 0, 0, 1, 0, 0, 0, 0]"
NCERT_OpticalIsom_03,1,[Co(en)₃]³⁺ (en = ethylenediamine),True,Correct. The tris(ethylenediamine) complex is chiral; it exists as a pair of enantiomers.,none,correct,none,0.0,recall,high,reviewed,"[0, 0, 0, 0, 1, 0, 0, 0, 0, 0, 0, 0, 0, 0, 0]"
NCERT_OpticalIsom_03,2,[Co(NH₃)₆]³⁺,False,Incorrect. Octahedral with all identical ligands is achiral.,z_06,conceptual_error,medium,0.0667,recall,high,reviewed,"[0, 0, 0, 0, 0, 0, 1, 0, 0, 0, 0, 0, 0, 0, 0]"
NCERT_OpticalIsom_03,3,[Pt(NH₃)₂Cl₂] (trans),False,Incorrect. Trans isomer also has plane of symmetry; achiral.,z_07,conceptual_error,medium,0.0667,recall,high,reviewed,"[0, 0, 0, 0, 0, 0, 0, 1, 0, 0, 0, 0, 0, 0, 0]"
NCERT_OpticalIsom_03,4,[Pt(NH₃)₂Cl₂] (cis),False,Incorrect. Square planar cis isomer has a plane of symmetry; achiral.,z_10,conceptual_error,medium,0.0667,recall,high,reviewed,"[0, 0, 0, 0, 0, 0, 0, 0, 0, 0, 1, 0, 0, 0, 0]"
NCERT_OpticalIsom_04,1,The complex has a tetrahedral geometry.,False,Incorrect. It is octahedral.,z_04,conceptual_error,medium,0.0667,recall,high,reviewed,"[0, 0, 0, 0, 1, 0, 0, 0, 0, 0, 0, 0, 0, 0, 0]"
NCERT_OpticalIsom_04,2,The metal ion is in a low oxidation state.,False,Incorrect. Oxidation state is unrelated to chirality.,z_06,conceptual_error,medium,0.0667,recall,high,reviewed,"[0, 0, 0, 0, 0, 0, 1, 0, 0, 0, 0, 0, 0, 0, 0]"
NCERT_OpticalIsom_04,3,The complex lacks any plane of symmetry and is chiral.,False,Incorrect. en is symmetric; the overall arrangement creates chirality.,z_07,conceptual_error,medium,0.0667,recall,high,reviewed,"[0, 0, 0, 0, 0, 0, 0, 1, 0, 0, 0, 0, 0, 0, 0]"
NCERT_OpticalIsom_04,4,The en ligands are unsymmetric.,True,Correct. The tris(bidentate) octahedral complex is chiral; it exists as Δ and Λ enantiomers.,none,correct,none,0.0,recall,high,reviewed,"[0, 0, 0, 0, 0, 0, 0, 0, 0, 0, 1, 0, 0, 0, 0]"
NCERT_OpticalIsom_05,1,All of these,True,"Correct. All three can be chiral under appropriate conditions: tris(bidentate) octahedral, tetrahedral with four different ligands, and octahedral with chelating ligands of appropriate unsymmetry.",none,correct,none,0.0,recall,high,reviewed,"[0, 0, 0, 0, 1, 0, 0, 0, 0, 0, 0, 0, 0, 0, 0]"
NCERT_OpticalIsom_05,2,Tetrahedral with four different monodentate ligands,False,Incorrect.,z_06,conceptual_error,medium,0.0667,recall,high,reviewed,"[0, 0, 0, 0, 0, 0, 1, 0, 0, 0, 0, 0, 0, 0, 0]"
NCERT_OpticalIsom_05,3,Octahedral with unsymmetric bidentate and monodentate ligands,False,Incorrect.,z_07,conceptual_error,medium,0.0667,recall,high,reviewed,"[0, 0, 0, 0, 0, 0, 0, 1, 0, 0, 0, 0, 0, 0, 0]"
NCERT_OpticalIsom_05,4,Octahedral with three bidentate ligands,False,Incorrect.,z_10,conceptual_error,medium,0.0667,recall,high,reviewed,"[0, 0, 0, 0, 0, 0, 0, 0, 0, 0, 1, 0, 0, 0, 0]"
NCERT_OpticalIsom_06,1,0,False,Incorrect. It is optically active.,z_04,conceptual_error,medium,0.0667,recall,high,reviewed,"[0, 0, 0, 0, 1, 0, 0, 0, 0, 0, 0, 0, 0, 0, 0]"
NCERT_OpticalIsom_06,2,4,False,Incorrect. Only one pair.,z_06,conceptual_error,medium,0.0667,recall,high,reviewed,"[0, 0, 0, 0, 0, 0, 1, 0, 0, 0, 0, 0, 0, 0, 0]"
NCERT_OpticalIsom_06,3,2 (a pair of enantiomers),True,"Correct. [Co(en)₃]³⁺ is a chiral complex, existing as two enantiomers (Δ and Λ).",none,correct,none,0.0,recall,high,reviewed,"[0, 0, 0, 0, 0, 0, 0, 1, 0, 0, 0, 0, 0, 0, 0]"
NCERT_OpticalIsom_06,4,1,False,Incorrect.,z_10,conceptual_error,medium,0.0667,recall,high,reviewed,"[0, 0, 0, 0, 0, 0, 0, 0, 0, 0, 1, 0, 0, 0, 0]"
NCERT_OpticalIsom_07,1,The metal ion has a square planar geometry.,False,Incorrect. Square planar complexes with bidentate ligands are usually achiral.,z_04,conceptual_error,medium,0.0667,recall,high,reviewed,"[0, 0, 0, 0, 1, 0, 0, 0, 0, 0, 0, 0, 0, 0, 0]"
NCERT_OpticalIsom_07,2,The metal ion has a linear geometry.,False,Incorrect. Linear geometry cannot be chiral.,z_06,conceptual_error,medium,0.0667,recall,high,reviewed,"[0, 0, 0, 0, 0, 0, 1, 0, 0, 0, 0, 0, 0, 0, 0]"
NCERT_OpticalIsom_07,3,The metal ion has a high oxidation state.,False,Incorrect. Oxidation state does not determine chirality.,z_07,conceptual_error,medium,0.0667,recall,high,reviewed,"[0, 0, 0, 0, 0, 0, 0, 1, 0, 0, 0, 0, 0, 0, 0]"
NCERT_OpticalIsom_07,4,The metal ion has an octahedral geometry with three such ligands.,True,Correct. Octahedral tris(bidentate) complexes are classic examples of chiral coordination compounds.,none,correct,none,0.0,recall,high,reviewed,"[0, 0, 0, 0, 0, 0, 0, 0, 0, 0, 1, 0, 0, 0, 0]"
NCERT_OpticalIsom_08,1,They are diastereomers.,False,"Incorrect. They are enantiomers, not diastereomers.",z_04,conceptual_error,medium,0.0667,recall,high,reviewed,"[0, 0, 0, 0, 1, 0, 0, 0, 0, 0, 0, 0, 0, 0, 0]"
NCERT_OpticalIsom_08,2,They can be separated by fractional crystallization.,False,"Incorrect. They have identical solubility in achiral solvents, so fractional crystallization usually fails; chiral resolution requires a chiral agent.",z_06,conceptual_error,medium,0.0667,recall,high,reviewed,"[0, 0, 0, 0, 0, 0, 1, 0, 0, 0, 0, 0, 0, 0, 0]"
NCERT_OpticalIsom_08,3,They have different chemical reactions with achiral reagents.,False,Incorrect. They react identically with achiral reagents.,z_07,conceptual_error,medium,0.0667,recall,high,reviewed,"[0, 0, 0, 0, 0, 0, 0, 1, 0, 0, 0, 0, 0, 0, 0]"
NCERT_OpticalIsom_08,4,"They have identical physical properties (melting point, solubility) except for the rotation of plane-polarized light.",True,Correct. Enantiomers have identical physical properties except for their interaction with plane-polarized light.,none,correct,none,0.0,recall,high,reviewed,"[0, 0, 0, 0, 0, 0, 0, 0, 0, 0, 1, 0, 0, 0, 0]"
NCERT_OpticalIsom_09,1,Optical isomerism,True,Correct. The cis isomer of [Co(en)₂Cl₂]⁺ is chiral (lacks a plane of symmetry) and exists as a pair of enantiomers.,none,correct,none,0.0,recall,high,reviewed,"[0, 0, 0, 0, 1, 0, 0, 0, 0, 0, 0, 0, 0, 0, 0]"
NCERT_OpticalIsom_09,2,No isomerism,False,Incorrect. It shows isomerism.,z_06,conceptual_error,medium,0.0667,recall,high,reviewed,"[0, 0, 0, 0, 0, 0, 1, 0, 0, 0, 0, 0, 0, 0, 0]"
NCERT_OpticalIsom_09,3,Linkage isomerism,False,Incorrect. No linkage isomerism here.,z_07,conceptual_error,medium,0.0667,recall,high,reviewed,"[0, 0, 0, 0, 0, 0, 0, 1, 0, 0, 0, 0, 0, 0, 0]"
NCERT_OpticalIsom_09,4,Geometric isomerism only,False,"Incorrect. It does have geometric isomerism (cis and trans), but the question asks what it can exhibit; it exhibits both geometric and optical. The correct answer is optical isomerism for the cis isomer specifically.",z_10,conceptual_error,medium,0.0667,recall,high,reviewed,"[0, 0, 0, 0, 0, 0, 0, 0, 0, 0, 1, 0, 0, 0, 0]"
NCERT_Ellingham_01,1,A plot of lattice energy vs atomic number.,False,Incorrect. Not related.,z_12,conceptual_error,medium,0.0667,analysis,high,reviewed,"[0, 0, 0, 0, 0, 0, 0, 0, 0, 0, 0, 0, 1, 0, 0]"
NCERT_Ellingham_01,2,A plot of electrode potential vs pH.,False,Incorrect. That is a Pourbaix diagram.,z_07,conceptual_error,medium,0.0667,analysis,high,reviewed,"[0, 0, 0, 0, 0, 0, 0, 1, 0, 0, 0, 0, 0, 0, 0]"
NCERT_Ellingham_01,3,"A plot of ΔG° vs temperature for the formation of oxides, sulfides, etc.",True,Correct. Ellingham diagrams show the standard Gibbs free energy change for formation of compounds (usually oxides) as a function of temperature.,none,correct,none,0.0,analysis,high,reviewed,"[0, 1, 0, 0, 0, 0, 0, 0, 0, 0, 0, 0, 0, 0, 0]"
NCERT_Ellingham_01,4,A plot of ΔH° vs temperature for metal reduction.,False,Incorrect. This is a different type of thermodynamic diagram.,z_13,conceptual_error,medium,0.0667,analysis,high,reviewed,"[0, 0, 0, 0, 0, 0, 0, 0, 0, 0, 0, 0, 0, 1, 0]"
NCERT_Ellingham_02,1,FeO,False,Incorrect. FeO line lies above CaO.,z_12,conceptual_error,medium,0.0667,analysis,high,reviewed,"[0, 0, 0, 0, 0, 0, 0, 0, 0, 0, 0, 0, 1, 0, 0]"
NCERT_Ellingham_02,2,Ag₂O,False,Incorrect. Ag₂O is even less stable.,z_07,conceptual_error,medium,0.0667,analysis,high,reviewed,"[0, 0, 0, 0, 0, 0, 0, 1, 0, 0, 0, 0, 0, 0, 0]"
NCERT_Ellingham_02,3,Cu₂O,False,Incorrect. Cu₂O line lies above.,z_01,conceptual_error,medium,0.0667,analysis,high,reviewed,"[0, 1, 0, 0, 0, 0, 0, 0, 0, 0, 0, 0, 0, 0, 0]"
NCERT_Ellingham_02,4,CaO,True,"Correct. Calcium oxide has a very negative ΔG° of formation, indicating high stability and strong affinity for oxygen.",none,correct,none,0.0,analysis,high,reviewed,"[0, 0, 0, 0, 0, 0, 0, 0, 0, 0, 0, 0, 0, 1, 0]"
NCERT_Ellingham_03,1,"Zero, because ΔG° is constant.",False,Incorrect. ΔG° varies with T.,z_12,conceptual_error,medium,0.0667,analysis,high,reviewed,"[0, 0, 0, 0, 0, 0, 0, 0, 0, 0, 0, 0, 1, 0, 0]"
NCERT_Ellingham_03,2,"Positive, because ΔS is negative (gas consumed) and slope = -ΔS.",True,"Correct. For oxidation of metals, ΔS is negative (O₂ gas is consumed), so the slope ( -ΔS ) is positive. As temperature increases, ΔG° becomes less negative (line slopes upward).",none,correct,none,0.0,analysis,high,reviewed,"[0, 0, 0, 0, 0, 0, 0, 1, 0, 0, 0, 0, 0, 0, 0]"
NCERT_Ellingham_03,3,Depends on the metal.,False,"Incorrect. All such reactions have negative ΔS, so slope is positive.",z_01,conceptual_error,medium,0.0667,analysis,high,reviewed,"[0, 1, 0, 0, 0, 0, 0, 0, 0, 0, 0, 0, 0, 0, 0]"
NCERT_Ellingham_03,4,"Negative, because ΔS is positive.",False,"Incorrect. ΔS is negative, not positive.",z_13,conceptual_error,medium,0.0667,analysis,high,reviewed,"[0, 0, 0, 0, 0, 0, 0, 0, 0, 0, 0, 0, 0, 1, 0]"
NCERT_Ellingham_04,1,The metals have the same atomic size.,False,Incorrect. Size is irrelevant.,z_12,conceptual_error,medium,0.0667,analysis,high,reviewed,"[0, 0, 0, 0, 0, 0, 0, 0, 0, 0, 0, 0, 1, 0, 0]"
NCERT_Ellingham_04,2,Its line lies below the oxide’s line on the Ellingham diagram.,True,Correct. A metal with a more negative ΔG° for oxide formation (lower line) can reduce the oxide of a metal with a less negative ΔG° (higher line).,none,correct,none,0.0,analysis,high,reviewed,"[0, 0, 0, 0, 0, 0, 0, 1, 0, 0, 0, 0, 0, 0, 0]"
NCERT_Ellingham_04,3,Its line lies above the oxide’s line.,False,Incorrect. The reducing metal must have a more negative ΔG° (lower line).,z_01,conceptual_error,medium,0.0667,analysis,high,reviewed,"[0, 1, 0, 0, 0, 0, 0, 0, 0, 0, 0, 0, 0, 0, 0]"
NCERT_Ellingham_04,4,Both lines intersect.,False,Incorrect. Intersection indicates equilibrium but not necessarily reduction.,z_13,conceptual_error,medium,0.0667,analysis,high,reviewed,"[0, 0, 0, 0, 0, 0, 0, 0, 0, 0, 0, 0, 0, 1, 0]"
NCERT_Ellingham_05,1,"ΔS is negative, so slope positive.",False,"Incorrect. ΔS is positive, not negative.",z_12,conceptual_error,medium,0.0667,analysis,high,reviewed,"[0, 0, 0, 0, 0, 0, 0, 0, 0, 0, 0, 0, 1, 0, 0]"
NCERT_Ellingham_05,2,"ΔS is positive (2 moles of gas are produced from 1 mole of O₂), so -ΔS is negative.",True,"Correct. The formation of CO from C and O₂ involves an increase in the number of gas moles (1 mole O₂ gives 2 moles CO), so ΔS is positive, and slope = -ΔS is negative.",none,correct,none,0.0,analysis,high,reviewed,"[0, 0, 0, 0, 0, 0, 0, 1, 0, 0, 0, 0, 0, 0, 0]"
NCERT_Ellingham_05,3,ΔH is negative.,False,Incorrect. Slope is determined by -ΔS.,z_01,conceptual_error,medium,0.0667,analysis,high,reviewed,"[0, 1, 0, 0, 0, 0, 0, 0, 0, 0, 0, 0, 0, 0, 0]"
NCERT_Ellingham_05,4,The reaction is endothermic.,False,"Incorrect. The reaction is exothermic, but that does not determine slope.",z_13,conceptual_error,medium,0.0667,analysis,high,reviewed,"[0, 0, 0, 0, 0, 0, 0, 0, 0, 0, 0, 0, 0, 1, 0]"
NCERT_Ellingham_06,1,ΔH and ΔS are nearly constant over the temperature range.,True,"Correct. For most metal oxidation reactions, ΔH and ΔS do not change much with temperature, so the plot is approximately linear.",none,correct,none,0.0,analysis,high,reviewed,"[0, 0, 0, 0, 0, 0, 0, 0, 0, 0, 0, 0, 1, 0, 0]"
NCERT_Ellingham_06,2,The reaction is reversible.,False,Incorrect. Reversibility does not affect linearity.,z_07,conceptual_error,medium,0.0667,analysis,high,reviewed,"[0, 0, 0, 0, 0, 0, 0, 1, 0, 0, 0, 0, 0, 0, 0]"
NCERT_Ellingham_06,3,MgO sublimes at high temperature.,False,"Incorrect. Sublimation would cause a change in slope, not straightness.",z_01,conceptual_error,medium,0.0667,analysis,high,reviewed,"[0, 1, 0, 0, 0, 0, 0, 0, 0, 0, 0, 0, 0, 0, 0]"
NCERT_Ellingham_06,4,The line is actually curved.,False,Incorrect. It is nearly straight.,z_13,conceptual_error,medium,0.0667,analysis,high,reviewed,"[0, 0, 0, 0, 0, 0, 0, 0, 0, 0, 0, 0, 0, 1, 0]"
NCERT_Ellingham_07,1,The line for C → CO crosses above the line for Fe₂O₃.,False,Incorrect. It must be below.,z_12,conceptual_error,medium,0.0667,analysis,high,reviewed,"[0, 0, 0, 0, 0, 0, 0, 0, 0, 0, 0, 0, 1, 0, 0]"
NCERT_Ellingham_07,2,The line for C → CO crosses below the line for Fe₂O₃.,True,"Correct. The C → CO line has a negative slope and eventually falls below the Fe₂O₃ line at higher temperatures, making carbon a better reducing agent.",none,correct,none,0.0,analysis,high,reviewed,"[0, 0, 0, 0, 0, 0, 0, 1, 0, 0, 0, 0, 0, 0, 0]"
NCERT_Ellingham_07,3,The line for Fe₂O₃ becomes more negative.,False,Incorrect. Fe₂O₃ line has positive slope.,z_01,conceptual_error,medium,0.0667,analysis,high,reviewed,"[0, 1, 0, 0, 0, 0, 0, 0, 0, 0, 0, 0, 0, 0, 0]"
NCERT_Ellingham_07,4,Carbon melts.,False,Incorrect. Melting of carbon is not the criterion.,z_13,conceptual_error,medium,0.0667,analysis,high,reviewed,"[0, 0, 0, 0, 0, 0, 0, 0, 0, 0, 0, 0, 0, 1, 0]"
NCERT_Ellingham_08,1,They can be used to predict the temperature at which a reduction becomes spontaneous.,True,"Correct. The intersection of lines gives the temperature at which ΔG° = 0 for the combined reaction, indicating thermodynamic feasibility.",none,correct,none,0.0,analysis,high,reviewed,"[0, 0, 0, 0, 0, 0, 0, 0, 0, 0, 0, 0, 1, 0, 0]"
NCERT_Ellingham_08,2,They are valid only for oxide formation.,False,"Incorrect. They are also drawn for sulfides, chlorides, etc.",z_07,conceptual_error,medium,0.0667,analysis,high,reviewed,"[0, 0, 0, 0, 0, 0, 0, 1, 0, 0, 0, 0, 0, 0, 0]"
NCERT_Ellingham_08,3,They are independent of the physical state of the metal (solid/liquid/gas).,False,"Incorrect. Phase changes cause breaks in the slope, so physical state matters.",z_01,conceptual_error,medium,0.0667,analysis,high,reviewed,"[0, 1, 0, 0, 0, 0, 0, 0, 0, 0, 0, 0, 0, 0, 0]"
NCERT_Ellingham_08,4,They provide information about the kinetics of the reaction.,False,"Incorrect. Ellingham diagrams are thermodynamic, not kinetic.",z_13,conceptual_error,medium,0.0667,analysis,high,reviewed,"[0, 0, 0, 0, 0, 0, 0, 0, 0, 0, 0, 0, 0, 1, 0]"
NCERT_Ellingham_09,1,Carbon is a poor reducing agent.,False,Incorrect. Carbon is a good reducing agent at high T.,z_12,conceptual_error,medium,0.0667,analysis,high,reviewed,"[0, 0, 0, 0, 0, 0, 0, 0, 0, 0, 0, 0, 1, 0, 0]"
NCERT_Ellingham_09,2,The metal oxides are more stable than CO.,False,Incorrect. CO is more stable at high T.,z_07,conceptual_error,medium,0.0667,analysis,high,reviewed,"[0, 0, 0, 0, 0, 0, 0, 1, 0, 0, 0, 0, 0, 0, 0]"
NCERT_Ellingham_09,3,Carbon can act as a reducing agent for those metal oxides at high temperatures.,True,"Correct. Carbon forms CO with a very negative ΔG° at high temperatures, so it can reduce many metal oxides.",none,correct,none,0.0,analysis,high,reviewed,"[0, 1, 0, 0, 0, 0, 0, 0, 0, 0, 0, 0, 0, 0, 0]"
NCERT_Ellingham_09,4,The metal oxides are easily reduced by hydrogen.,False,Incorrect. Hydrogen is not indicated.,z_13,conceptual_error,medium,0.0667,analysis,high,reviewed,"[0, 0, 0, 0, 0, 0, 0, 0, 0, 0, 0, 0, 0, 1, 0]"
NCERT_Ellingham_10,1,The temperature reaches 0 K.,False,Incorrect.,z_12,conceptual_error,medium,0.0667,analysis,high,reviewed,"[0, 0, 0, 0, 0, 0, 0, 0, 0, 0, 0, 0, 1, 0, 0]"
NCERT_Ellingham_10,2,The reaction becomes endothermic.,False,Incorrect. Endothermicity does not cause a break; the line is continuous.,z_07,conceptual_error,medium,0.0667,analysis,high,reviewed,"[0, 0, 0, 0, 0, 0, 0, 1, 0, 0, 0, 0, 0, 0, 0]"
NCERT_Ellingham_10,3,"The metal or oxide undergoes a phase change (melting, boiling).",True,"Correct. Phase transitions alter ΔH and ΔS, causing a change in the slope of the ΔG° vs T line.",none,correct,none,0.0,analysis,high,reviewed,"[0, 1, 0, 0, 0, 0, 0, 0, 0, 0, 0, 0, 0, 0, 0]"
NCERT_Ellingham_10,4,The pressure of oxygen is changed.,False,Incorrect. Standard state is fixed pressure; diagram uses standard conditions.,z_13,conceptual_error,medium,0.0667,analysis,high,reviewed,"[0, 0, 0, 0, 0, 0, 0, 0, 0, 0, 0, 0, 0, 1, 0]"
NCERT_ElectrochemRed_01,1,Using electrical energy to reduce metal ions to metal at the cathode.,True,"Correct. Electrolytic reduction (electrowinning) is used for highly reactive metals like Na, Al, Mg.",none,correct,none,0.0,analysis,high,reviewed,"[0, 0, 0, 0, 0, 0, 0, 0, 0, 1, 0, 0, 0, 0, 0]"
NCERT_ElectrochemRed_01,2,Using carbon to reduce metal oxides.,False,"Incorrect. That is pyrometallurgical reduction, not electrochemical.",z_05,conceptual_error,medium,0.0667,analysis,high,reviewed,"[0, 0, 0, 0, 0, 1, 0, 0, 0, 0, 0, 0, 0, 0, 0]"
NCERT_ElectrochemRed_01,3,Heating the metal ore with sulfur.,False,Incorrect. That is roasting/smelting.,z_08,conceptual_error,medium,0.0667,analysis,high,reviewed,"[0, 0, 0, 0, 0, 0, 0, 0, 1, 0, 0, 0, 0, 0, 0]"
NCERT_ElectrochemRed_01,4,Using hydrogen gas to reduce metal halides.,False,"Incorrect. That is hydrogen reduction, not electrochemical.",z_13,conceptual_error,medium,0.0667,analysis,high,reviewed,"[0, 0, 0, 0, 0, 0, 0, 0, 0, 0, 0, 0, 0, 1, 0]"
NCERT_ElectrochemRed_02,1,Iron,False,Incorrect. Iron is extracted by blast furnace.,z_09,conceptual_error,medium,0.0667,analysis,high,reviewed,"[0, 0, 0, 0, 0, 0, 0, 0, 0, 1, 0, 0, 0, 0, 0]"
NCERT_ElectrochemRed_02,2,Copper,False,Incorrect. Copper is extracted by smelting and electrolytic refining.,z_05,conceptual_error,medium,0.0667,analysis,high,reviewed,"[0, 0, 0, 0, 0, 1, 0, 0, 0, 0, 0, 0, 0, 0, 0]"
NCERT_ElectrochemRed_02,3,Zinc,False,Incorrect. Zinc is extracted by roasting and carbon reduction.,z_08,conceptual_error,medium,0.0667,analysis,high,reviewed,"[0, 0, 0, 0, 0, 0, 0, 0, 1, 0, 0, 0, 0, 0, 0]"
NCERT_ElectrochemRed_02,4,Sodium,True,Correct. Sodium is extracted by the Downs process (electrolysis of molten NaCl).,none,correct,none,0.0,analysis,high,reviewed,"[0, 0, 0, 0, 0, 0, 0, 0, 0, 0, 0, 0, 0, 1, 0]"
NCERT_ElectrochemRed_03,1,Molten NaCl,False,Incorrect. This is for sodium extraction.,z_09,conceptual_error,medium,0.0667,analysis,high,reviewed,"[0, 0, 0, 0, 0, 0, 0, 0, 0, 1, 0, 0, 0, 0, 0]"
NCERT_ElectrochemRed_03,2,Aqueous AlCl₃,False,"Incorrect. Aqueous electrolysis would produce hydrogen, not aluminum.",z_05,conceptual_error,medium,0.0667,analysis,high,reviewed,"[0, 0, 0, 0, 0, 1, 0, 0, 0, 0, 0, 0, 0, 0, 0]"
NCERT_ElectrochemRed_03,3,Molten Al₂O₃,False,Incorrect. Al₂O₃ has a very high melting point.,z_08,conceptual_error,medium,0.0667,analysis,high,reviewed,"[0, 0, 0, 0, 0, 0, 0, 0, 1, 0, 0, 0, 0, 0, 0]"
NCERT_ElectrochemRed_03,4,Molten cryolite (Na₃AlF₆) with dissolved Al₂O₃,True,Correct. Al₂O₃ is dissolved in molten cryolite to lower the melting point and increase conductivity.,none,correct,none,0.0,analysis,high,reviewed,"[0, 0, 0, 0, 0, 0, 0, 0, 0, 0, 0, 0, 0, 1, 0]"
NCERT_ElectrochemRed_04,1,Neither,False,Incorrect.,z_09,conceptual_error,medium,0.0667,analysis,high,reviewed,"[0, 0, 0, 0, 0, 0, 0, 0, 0, 1, 0, 0, 0, 0, 0]"
NCERT_ElectrochemRed_04,2,Cathode,False,Incorrect. Cathode is pure copper.,z_05,conceptual_error,medium,0.0667,analysis,high,reviewed,"[0, 0, 0, 0, 0, 1, 0, 0, 0, 0, 0, 0, 0, 0, 0]"
NCERT_ElectrochemRed_04,3,Anode,True,"Correct. Impure copper is the anode, which dissolves, and pure copper deposits on the cathode.",none,correct,none,0.0,analysis,high,reviewed,"[0, 0, 0, 0, 0, 0, 0, 0, 1, 0, 0, 0, 0, 0, 0]"
NCERT_ElectrochemRed_04,4,Electrolyte,False,Incorrect. Electrolyte is CuSO₄ solution.,z_13,conceptual_error,medium,0.0667,analysis,high,reviewed,"[0, 0, 0, 0, 0, 0, 0, 0, 0, 0, 0, 0, 0, 1, 0]"
NCERT_ElectrochemRed_05,1,Its standard reduction potential is more negative than hydrogen.,True,Correct. Metals with E° > -0.83 V (approx) can be deposited from water; more negative metals deposit H₂ instead.,none,correct,none,0.0,analysis,high,reviewed,"[0, 0, 0, 0, 0, 0, 0, 0, 0, 1, 0, 0, 0, 0, 0]"
NCERT_ElectrochemRed_05,2,Its standard reduction potential is less negative than hydrogen.,False,Incorrect. More negative metals cannot be deposited from water.,z_05,conceptual_error,medium,0.0667,analysis,high,reviewed,"[0, 0, 0, 0, 0, 1, 0, 0, 0, 0, 0, 0, 0, 0, 0]"
NCERT_ElectrochemRed_05,3,The solution is acidic.,False,Incorrect. Acidity doesn't change the fundamental potential.,z_08,conceptual_error,medium,0.0667,analysis,high,reviewed,"[0, 0, 0, 0, 0, 0, 0, 0, 1, 0, 0, 0, 0, 0, 0]"
NCERT_ElectrochemRed_05,4,It is a reactive metal like sodium.,False,Incorrect. Reactive metals like Na cannot be deposited from water.,z_13,conceptual_error,medium,0.0667,analysis,high,reviewed,"[0, 0, 0, 0, 0, 0, 0, 0, 0, 0, 0, 0, 0, 1, 0]"
NCERT_ElectrochemRed_06,1,Aluminum has a high melting point.,False,Incorrect. Melting point is not the primary reason.,z_09,conceptual_error,medium,0.0667,analysis,high,reviewed,"[0, 0, 0, 0, 0, 0, 0, 0, 0, 1, 0, 0, 0, 0, 0]"
NCERT_ElectrochemRed_06,2,Aluminum forms carbides.,False,Incorrect. Carbide formation is not the main factor.,z_05,conceptual_error,medium,0.0667,analysis,high,reviewed,"[0, 0, 0, 0, 0, 1, 0, 0, 0, 0, 0, 0, 0, 0, 0]"
NCERT_ElectrochemRed_06,3,Al₂O₃ is very stable; the Ellingham diagram shows that carbon cannot reduce it even at high temperatures.,True,"Correct. The ΔG° for Al₂O₃ formation is very negative, and the C → CO line does not cross below it, so carbon cannot reduce Al₂O₃. Electrolytic reduction is necessary.",none,correct,none,0.0,analysis,high,reviewed,"[0, 0, 0, 0, 0, 0, 0, 0, 1, 0, 0, 0, 0, 0, 0]"
NCERT_ElectrochemRed_06,4,The process is too slow.,False,"Incorrect. Thermodynamics, not kinetics, is the reason.",z_13,conceptual_error,medium,0.0667,analysis,high,reviewed,"[0, 0, 0, 0, 0, 0, 0, 0, 0, 0, 0, 0, 0, 1, 0]"
NCERT_ElectrochemRed_07,1,Molten MgCl₂,True,Correct. MgCl₂ is obtained from seawater and then electrolyzed in the molten state.,none,correct,none,0.0,analysis,high,reviewed,"[0, 0, 0, 0, 0, 0, 0, 0, 0, 1, 0, 0, 0, 0, 0]"
NCERT_ElectrochemRed_07,2,Aqueous MgCl₂,False,"Incorrect. Aqueous MgCl₂ would produce H₂ at cathode, not Mg.",z_05,conceptual_error,medium,0.0667,analysis,high,reviewed,"[0, 0, 0, 0, 0, 1, 0, 0, 0, 0, 0, 0, 0, 0, 0]"
NCERT_ElectrochemRed_07,3,MgO dissolved in cryolite,False,Incorrect. This is for aluminum.,z_08,conceptual_error,medium,0.0667,analysis,high,reviewed,"[0, 0, 0, 0, 0, 0, 0, 0, 1, 0, 0, 0, 0, 0, 0]"
NCERT_ElectrochemRed_07,4,Mg(OH)₂ slurry,False,Incorrect. Mg(OH)₂ is not directly electrolyzed.,z_13,conceptual_error,medium,0.0667,analysis,high,reviewed,"[0, 0, 0, 0, 0, 0, 0, 0, 0, 0, 0, 0, 0, 1, 0]"
NCERT_ElectrochemRed_08,1,The potential difference between two half-cells.,False,Incorrect. That is cell potential.,z_09,conceptual_error,medium,0.0667,analysis,high,reviewed,"[0, 0, 0, 0, 0, 0, 0, 0, 0, 1, 0, 0, 0, 0, 0]"
NCERT_ElectrochemRed_08,2,The voltage lost in the electrolyte.,False,"Incorrect. That is IR drop, not overvoltage.",z_05,conceptual_error,medium,0.0667,analysis,high,reviewed,"[0, 0, 0, 0, 0, 1, 0, 0, 0, 0, 0, 0, 0, 0, 0]"
NCERT_ElectrochemRed_08,3,The potential at which metal starts to dissolve.,False,Incorrect. That is the dissolution potential.,z_08,conceptual_error,medium,0.0667,analysis,high,reviewed,"[0, 0, 0, 0, 0, 0, 0, 0, 1, 0, 0, 0, 0, 0, 0]"
NCERT_ElectrochemRed_08,4,The extra potential required beyond the theoretical decomposition potential to drive a reaction at a practical rate.,True,"Correct. Overpotential (overvoltage) is the difference between the actual electrode potential and the equilibrium potential, needed to overcome activation barriers.",none,correct,none,0.0,analysis,high,reviewed,"[0, 0, 0, 0, 0, 0, 0, 0, 0, 0, 0, 0, 0, 1, 0]"
NCERT_ElectrochemRed_09,1,Iron and zinc,False,Incorrect. Iron and zinc are more easily oxidized and dissolve.,z_09,conceptual_error,medium,0.0667,analysis,high,reviewed,"[0, 0, 0, 0, 0, 0, 0, 0, 0, 1, 0, 0, 0, 0, 0]"
NCERT_ElectrochemRed_09,2,Aluminum and tin,False,Incorrect. Aluminum is not present.,z_05,conceptual_error,medium,0.0667,analysis,high,reviewed,"[0, 0, 0, 0, 0, 1, 0, 0, 0, 0, 0, 0, 0, 0, 0]"
NCERT_ElectrochemRed_09,3,Pure copper,False,Incorrect. Copper dissolves at the anode.,z_08,conceptual_error,medium,0.0667,analysis,high,reviewed,"[0, 0, 0, 0, 0, 0, 0, 0, 1, 0, 0, 0, 0, 0, 0]"
NCERT_ElectrochemRed_09,4,"Precious metals like gold, silver, and platinum",True,"Correct. Impurities less easily oxidized than copper (Ag, Au, Pt) remain as anode mud.",none,correct,none,0.0,analysis,high,reviewed,"[0, 0, 0, 0, 0, 0, 0, 0, 0, 0, 0, 0, 0, 1, 0]"
NCERT_ElectrochemRed_10,1,Nickel,False,Incorrect. Nickel can be electrodeposited from aqueous solution.,z_09,conceptual_error,medium,0.0667,analysis,high,reviewed,"[0, 0, 0, 0, 0, 0, 0, 0, 0, 1, 0, 0, 0, 0, 0]"
NCERT_ElectrochemRed_10,2,Sodium,True,"Correct. Sodium has a very negative reduction potential, so in aqueous solution H₂ is produced instead of Na.",none,correct,none,0.0,analysis,high,reviewed,"[0, 0, 0, 0, 0, 1, 0, 0, 0, 0, 0, 0, 0, 0, 0]"
NCERT_ElectrochemRed_10,3,Copper,False,Incorrect. Copper can be electrorefined from aqueous solution.,z_08,conceptual_error,medium,0.0667,analysis,high,reviewed,"[0, 0, 0, 0, 0, 0, 0, 0, 1, 0, 0, 0, 0, 0, 0]"
NCERT_ElectrochemRed_10,4,Silver,False,Incorrect. Silver can be deposited from aqueous solutions.,z_13,conceptual_error,medium,0.0667,analysis,high,reviewed,"[0, 0, 0, 0, 0, 0, 0, 0, 0, 0, 0, 0, 0, 1, 0]"
NCERT_CoordNumGeom_01,1,The number of unpaired electrons.,False,Incorrect. That relates to magnetic properties.,z_12,conceptual_error,medium,0.0667,application,high,reviewed,"[0, 0, 0, 0, 0, 0, 0, 0, 0, 0, 0, 0, 1, 0, 0]"
NCERT_CoordNumGeom_01,2,The oxidation state of the metal.,False,Incorrect. That is oxidation state.,z_12,conceptual_error,medium,0.0667,application,high,reviewed,"[0, 0, 0, 0, 0, 0, 0, 0, 0, 0, 0, 0, 1, 0, 0]"
NCERT_CoordNumGeom_01,3,The number of ligand donor atoms directly bonded to the metal.,True,Correct. Coordination number is the total number of ligand donor atoms attached to the metal center.,none,correct,none,0.0,application,high,reviewed,"[0, 0, 0, 0, 0, 0, 0, 1, 0, 0, 0, 0, 0, 0, 0]"
NCERT_CoordNumGeom_01,4,The number of ligand molecules around the metal.,False,"Incorrect. This is close but counts whole ligands, not donor atoms; for polydentate ligands, the coordination number equals the number of donor atoms.",z_08,conceptual_error,medium,0.0667,application,high,reviewed,"[0, 0, 0, 0, 0, 0, 0, 0, 1, 0, 0, 0, 0, 0, 0]"
NCERT_CoordNumGeom_02,1,6,False,Incorrect. 6 gives octahedral.,z_12,conceptual_error,medium,0.0667,application,high,reviewed,"[0, 0, 0, 0, 0, 0, 0, 0, 0, 0, 0, 0, 1, 0, 0]"
NCERT_CoordNumGeom_02,2,4,True,Correct. Tetrahedral geometry typically arises from coordination number 4 with sp³ hybridization.,none,correct,none,0.0,application,high,reviewed,"[0, 0, 0, 0, 0, 0, 0, 0, 0, 0, 0, 0, 1, 0, 0]"
NCERT_CoordNumGeom_02,3,8,False,Incorrect. 8 gives cubic or square antiprism.,z_07,conceptual_error,medium,0.0667,application,high,reviewed,"[0, 0, 0, 0, 0, 0, 0, 1, 0, 0, 0, 0, 0, 0, 0]"
NCERT_CoordNumGeom_02,4,2,False,Incorrect. 2 gives linear.,z_08,conceptual_error,medium,0.0667,application,high,reviewed,"[0, 0, 0, 0, 0, 0, 0, 0, 1, 0, 0, 0, 0, 0, 0]"
NCERT_CoordNumGeom_03,1,Octahedral,True,Correct. Six-coordinate complexes are almost always octahedral (or distorted octahedral).,none,correct,none,0.0,application,high,reviewed,"[0, 0, 0, 0, 0, 0, 0, 0, 0, 0, 0, 0, 1, 0, 0]"
NCERT_CoordNumGeom_03,2,Trigonal bipyramidal,False,Incorrect. Trigonal bipyramidal is CN=5.,z_12,conceptual_error,medium,0.0667,application,high,reviewed,"[0, 0, 0, 0, 0, 0, 0, 0, 0, 0, 0, 0, 1, 0, 0]"
NCERT_CoordNumGeom_03,3,Square planar,False,Incorrect. Square planar is CN=4 for d⁸ metals.,z_07,conceptual_error,medium,0.0667,application,high,reviewed,"[0, 0, 0, 0, 0, 0, 0, 1, 0, 0, 0, 0, 0, 0, 0]"
NCERT_CoordNumGeom_03,4,Tetrahedral,False,Incorrect. Tetrahedral is CN=4.,z_08,conceptual_error,medium,0.0667,application,high,reviewed,"[0, 0, 0, 0, 0, 0, 0, 0, 1, 0, 0, 0, 0, 0, 0]"
NCERT_CoordNumGeom_04,1,4,True,Correct. Ni²⁺ (d⁸) with strong field ligands forms square planar complexes with coordination number 4.,none,correct,none,0.0,application,high,reviewed,"[0, 0, 0, 0, 0, 0, 0, 0, 0, 0, 0, 0, 1, 0, 0]"
NCERT_CoordNumGeom_04,2,2,False,"Incorrect. 2 is linear (e.g., Ag⁺).",z_12,conceptual_error,medium,0.0667,application,high,reviewed,"[0, 0, 0, 0, 0, 0, 0, 0, 0, 0, 0, 0, 1, 0, 0]"
NCERT_CoordNumGeom_04,3,5,False,Incorrect. 5 is less common.,z_07,conceptual_error,medium,0.0667,application,high,reviewed,"[0, 0, 0, 0, 0, 0, 0, 1, 0, 0, 0, 0, 0, 0, 0]"
NCERT_CoordNumGeom_04,4,6,False,Incorrect. 6 gives octahedral.,z_08,conceptual_error,medium,0.0667,application,high,reviewed,"[0, 0, 0, 0, 0, 0, 0, 0, 1, 0, 0, 0, 0, 0, 0]"
NCERT_CoordNumGeom_05,1,Square planar,False,Incorrect. Square planar requires CN=4.,z_12,conceptual_error,medium,0.0667,application,high,reviewed,"[0, 0, 0, 0, 0, 0, 0, 0, 0, 0, 0, 0, 1, 0, 0]"
NCERT_CoordNumGeom_05,2,Tetrahedral,False,Incorrect. Tetrahedral requires CN=4.,z_12,conceptual_error,medium,0.0667,application,high,reviewed,"[0, 0, 0, 0, 0, 0, 0, 0, 0, 0, 0, 0, 1, 0, 0]"
NCERT_CoordNumGeom_05,3,Bent,False,"Incorrect. Bent is for coordination number 2 with lone pairs on central atom, but not for d¹⁰.",z_07,conceptual_error,medium,0.0667,application,high,reviewed,"[0, 0, 0, 0, 0, 0, 0, 1, 0, 0, 0, 0, 0, 0, 0]"
NCERT_CoordNumGeom_05,4,Linear,True,"Correct. Two-coordinate complexes of d¹⁰ ions (Ag⁺, Cu⁺) are linear.",none,correct,none,0.0,application,high,reviewed,"[0, 0, 0, 0, 0, 0, 0, 0, 1, 0, 0, 0, 0, 0, 0]"
NCERT_CoordNumGeom_06,1,"4, tetrahedral",False,Incorrect. CN=4 would be tetrahedral.,z_12,conceptual_error,medium,0.0667,application,high,reviewed,"[0, 0, 0, 0, 0, 0, 0, 0, 0, 0, 0, 0, 1, 0, 0]"
NCERT_CoordNumGeom_06,2,"5, square pyramidal",False,Incorrect. Square pyramidal is also CN=5 but less common for this complex.,z_12,conceptual_error,medium,0.0667,application,high,reviewed,"[0, 0, 0, 0, 0, 0, 0, 0, 0, 0, 0, 0, 1, 0, 0]"
NCERT_CoordNumGeom_06,3,"6, octahedral",False,Incorrect. CN=6 would be octahedral.,z_07,conceptual_error,medium,0.0667,application,high,reviewed,"[0, 0, 0, 0, 0, 0, 0, 1, 0, 0, 0, 0, 0, 0, 0]"
NCERT_CoordNumGeom_06,4,"5, trigonal bipyramidal",True,"Correct. [Fe(CO)₅] is trigonal bipyramidal, coordination number 5.",none,correct,none,0.0,application,high,reviewed,"[0, 0, 0, 0, 0, 0, 0, 0, 1, 0, 0, 0, 0, 0, 0]"
NCERT_CoordNumGeom_07,1,All of these,True,Correct. All three factors affect the preferred coordination number: small metals favor higher CN; bulky ligands lower CN; d⁸ with strong field favor square planar (CN=4).,none,correct,none,0.0,application,high,reviewed,"[0, 0, 0, 0, 0, 0, 0, 0, 0, 0, 0, 0, 1, 0, 0]"
NCERT_CoordNumGeom_07,2,The size and steric requirements of ligands,False,Incorrect.,z_12,conceptual_error,medium,0.0667,application,high,reviewed,"[0, 0, 0, 0, 0, 0, 0, 0, 0, 0, 0, 0, 1, 0, 0]"
NCERT_CoordNumGeom_07,3,The electronic configuration (d-electron count),False,Incorrect.,z_07,conceptual_error,medium,0.0667,application,high,reviewed,"[0, 0, 0, 0, 0, 0, 0, 1, 0, 0, 0, 0, 0, 0, 0]"
NCERT_CoordNumGeom_07,4,The size (radius) of the metal ion,False,Incorrect.,z_08,conceptual_error,medium,0.0667,application,high,reviewed,"[0, 0, 0, 0, 0, 0, 0, 0, 1, 0, 0, 0, 0, 0, 0]"
NCERT_CoordNumGeom_08,1,6,False,Incorrect. Not CN=6.,z_12,conceptual_error,medium,0.0667,application,high,reviewed,"[0, 0, 0, 0, 0, 0, 0, 0, 0, 0, 0, 0, 1, 0, 0]"
NCERT_CoordNumGeom_08,2,3,False,"Incorrect. In monomeric AlCl₃ vapor, CN=3, but the solid is dimeric.",z_12,conceptual_error,medium,0.0667,application,high,reviewed,"[0, 0, 0, 0, 0, 0, 0, 0, 0, 0, 0, 0, 1, 0, 0]"
NCERT_CoordNumGeom_08,3,2,False,Incorrect. Not CN=2.,z_07,conceptual_error,medium,0.0667,application,high,reviewed,"[0, 0, 0, 0, 0, 0, 0, 1, 0, 0, 0, 0, 0, 0, 0]"
NCERT_CoordNumGeom_08,4,4,True,"Correct. In Al₂Cl₆, each Al is coordinated to 4 Cl atoms (two terminal and two bridging), giving CN=4.",none,correct,none,0.0,application,high,reviewed,"[0, 0, 0, 0, 0, 0, 0, 0, 1, 0, 0, 0, 0, 0, 0]"
NCERT_CoordNumGeom_09,1,Octahedral,False,Incorrect. Octahedral is CN=6.,z_12,conceptual_error,medium,0.0667,application,high,reviewed,"[0, 0, 0, 0, 0, 0, 0, 0, 0, 0, 0, 0, 1, 0, 0]"
NCERT_CoordNumGeom_09,2,Linear,False,Incorrect. Linear is CN=2.,z_12,conceptual_error,medium,0.0667,application,high,reviewed,"[0, 0, 0, 0, 0, 0, 0, 0, 0, 0, 0, 0, 1, 0, 0]"
NCERT_CoordNumGeom_09,3,Tetrahedral,False,Incorrect. Tetrahedral is CN=4.,z_07,conceptual_error,medium,0.0667,application,high,reviewed,"[0, 0, 0, 0, 0, 0, 0, 1, 0, 0, 0, 0, 0, 0, 0]"
NCERT_CoordNumGeom_09,4,Trigonal bipyramidal or square pyramidal,True,Correct. Five-coordinate complexes commonly adopt trigonal bipyramidal or square pyramidal geometry.,none,correct,none,0.0,application,high,reviewed,"[0, 0, 0, 0, 0, 0, 0, 0, 1, 0, 0, 0, 0, 0, 0]"
NCERT_CoordNumGeom_10,1,Square planar,False,"Incorrect. Square planar is for Pt²⁺, not Pt⁴⁺.",z_12,conceptual_error,medium,0.0667,application,high,reviewed,"[0, 0, 0, 0, 0, 0, 0, 0, 0, 0, 0, 0, 1, 0, 0]"
NCERT_CoordNumGeom_10,2,Trigonal bipyramidal,False,Incorrect. Trigonal bipyramidal is CN=5.,z_12,conceptual_error,medium,0.0667,application,high,reviewed,"[0, 0, 0, 0, 0, 0, 0, 0, 0, 0, 0, 0, 1, 0, 0]"
NCERT_CoordNumGeom_10,3,Octahedral,True,"Correct. [PtCl₆]²⁻ has Pt⁴⁺ with six Cl⁻ ligands, giving an octahedral geometry.",none,correct,none,0.0,application,high,reviewed,"[0, 0, 0, 0, 0, 0, 0, 1, 0, 0, 0, 0, 0, 0, 0]"
NCERT_CoordNumGeom_10,4,Tetrahedral,False,Incorrect. Tetrahedral is CN=4.,z_08,conceptual_error,medium,0.0667,application,high,reviewed,"[0, 0, 0, 0, 0, 0, 0, 0, 1, 0, 0, 0, 0, 0, 0]"
NCERT_LigDent_01,1,The number of donor atoms in the ligand that coordinate to a metal ion.,True,Correct. Denticity is the number of donor atoms from a single ligand that bind to the metal center.,none,correct,none,0.0,analysis,high,reviewed,"[0, 0, 0, 0, 0, 0, 1, 0, 0, 0, 0, 0, 0, 0, 0]"
NCERT_LigDent_01,2,The number of ligands attached to the metal.,False,"Incorrect. That is the coordination number, not denticity.",z_05,conceptual_error,medium,0.0667,analysis,high,reviewed,"[0, 0, 0, 0, 0, 1, 0, 0, 0, 0, 0, 0, 0, 0, 0]"
NCERT_LigDent_01,3,The charge on the ligand.,False,Incorrect. Charge is independent of denticity.,z_09,conceptual_error,medium,0.0667,analysis,high,reviewed,"[0, 0, 0, 0, 0, 0, 0, 0, 0, 1, 0, 0, 0, 0, 0]"
NCERT_LigDent_01,4,The size of the ligand.,False,Incorrect. Size is not directly denticity.,z_02,conceptual_error,medium,0.0667,analysis,high,reviewed,"[0, 0, 1, 0, 0, 0, 0, 0, 0, 0, 0, 0, 0, 0, 0]"
NCERT_LigDent_02,1,en (ethylenediamine),False,Incorrect. en is bidentate.,z_06,conceptual_error,medium,0.0667,analysis,high,reviewed,"[0, 0, 0, 0, 0, 0, 1, 0, 0, 0, 0, 0, 0, 0, 0]"
NCERT_LigDent_02,2,NH₃,False,Incorrect. NH₃ is monodentate.,z_05,conceptual_error,medium,0.0667,analysis,high,reviewed,"[0, 0, 0, 0, 0, 1, 0, 0, 0, 0, 0, 0, 0, 0, 0]"
NCERT_LigDent_02,3,EDTA,False,Incorrect. EDTA is hexadentate.,z_09,conceptual_error,medium,0.0667,analysis,high,reviewed,"[0, 0, 0, 0, 0, 0, 0, 0, 0, 1, 0, 0, 0, 0, 0]"
NCERT_LigDent_02,4,diethylenetriamine (dien),True,"Correct. Dien has three donor nitrogen atoms and coordinates through all three, making it tridentate.",none,correct,none,0.0,analysis,high,reviewed,"[0, 0, 1, 0, 0, 0, 0, 0, 0, 0, 0, 0, 0, 0, 0]"
NCERT_LigDent_03,1,4,False,Incorrect. EDTA is hexadentate (two N and four O donor atoms).,z_06,conceptual_error,medium,0.0667,analysis,high,reviewed,"[0, 0, 0, 0, 0, 0, 1, 0, 0, 0, 0, 0, 0, 0, 0]"
NCERT_LigDent_03,2,6,True,Correct. It is usually hexadentate.,none,correct,none,0.0,analysis,high,reviewed,"[0, 0, 0, 0, 0, 1, 0, 0, 0, 0, 0, 0, 0, 0, 0]"
NCERT_LigDent_03,3,5,False,"Incorrect. It can sometimes act as pentadentate or tetradentate, but the most common is hexadentate.",z_09,conceptual_error,medium,0.0667,analysis,high,reviewed,"[0, 0, 0, 0, 0, 0, 0, 0, 0, 1, 0, 0, 0, 0, 0]"
NCERT_LigDent_03,4,3,False,Incorrect.,z_02,conceptual_error,medium,0.0667,analysis,high,reviewed,"[0, 0, 1, 0, 0, 0, 0, 0, 0, 0, 0, 0, 0, 0, 0]"
NCERT_LigDent_04,1,They can only coordinate to transition metals.,False,Incorrect. They can coordinate to main group metals as well.,z_06,conceptual_error,medium,0.0667,analysis,high,reviewed,"[0, 0, 0, 0, 0, 0, 1, 0, 0, 0, 0, 0, 0, 0, 0]"
NCERT_LigDent_04,2,They always form more stable complexes than monodentate ligands (chelate effect).,True,Correct. Polydentate ligands generally form more stable complexes due to the chelate effect (entropic and often enthalpic contributions).,none,correct,none,0.0,analysis,high,reviewed,"[0, 0, 0, 0, 0, 1, 0, 0, 0, 0, 0, 0, 0, 0, 0]"
NCERT_LigDent_04,3,They are always symmetrical.,False,Incorrect. They need not be symmetrical; unsymmetrical polydentate ligands exist.,z_09,conceptual_error,medium,0.0667,analysis,high,reviewed,"[0, 0, 0, 0, 0, 0, 0, 0, 0, 1, 0, 0, 0, 0, 0]"
NCERT_LigDent_04,4,They are always anionic.,False,"Incorrect. Many are neutral (e.g., en, dien).",z_02,conceptual_error,medium,0.0667,analysis,high,reviewed,"[0, 0, 1, 0, 0, 0, 0, 0, 0, 0, 0, 0, 0, 0, 0]"
NCERT_LigDent_05,1,Ambidentate,False,Incorrect.,z_06,conceptual_error,medium,0.0667,analysis,high,reviewed,"[0, 0, 0, 0, 0, 0, 1, 0, 0, 0, 0, 0, 0, 0, 0]"
NCERT_LigDent_05,2,Chelating,False,Incorrect.,z_05,conceptual_error,medium,0.0667,analysis,high,reviewed,"[0, 0, 0, 0, 0, 1, 0, 0, 0, 0, 0, 0, 0, 0, 0]"
NCERT_LigDent_05,3,Bidentate,False,Incorrect.,z_09,conceptual_error,medium,0.0667,analysis,high,reviewed,"[0, 0, 0, 0, 0, 0, 0, 0, 0, 1, 0, 0, 0, 0, 0]"
NCERT_LigDent_05,4,Both A and B,True,"Correct. Such a ligand is bidentate, and because it forms a ring, it is also chelating. So both terms apply.",none,correct,none,0.0,analysis,high,reviewed,"[0, 0, 1, 0, 0, 0, 0, 0, 0, 0, 0, 0, 0, 0, 0]"
NCERT_LigDent_06,1,Donates electrons through multiple atoms to the same metal.,False,Incorrect. Polydentate means multiple donor atoms that can bind to the same metal center.,z_06,conceptual_error,medium,0.0667,analysis,high,reviewed,"[0, 0, 0, 0, 0, 0, 1, 0, 0, 0, 0, 0, 0, 0, 0]"
NCERT_LigDent_06,2,Has a single donor atom.,False,Incorrect.,z_05,conceptual_error,medium,0.0667,analysis,high,reviewed,"[0, 0, 0, 0, 0, 1, 0, 0, 0, 0, 0, 0, 0, 0, 0]"
NCERT_LigDent_06,3,Has more than one donor atom.,False,Incorrect.,z_09,conceptual_error,medium,0.0667,analysis,high,reviewed,"[0, 0, 0, 0, 0, 0, 0, 0, 0, 1, 0, 0, 0, 0, 0]"
NCERT_LigDent_06,4,Both A and C,True,Correct. Both A and C describe polydentate ligands.,none,correct,none,0.0,analysis,high,reviewed,"[0, 0, 1, 0, 0, 0, 0, 0, 0, 0, 0, 0, 0, 0, 0]"
NCERT_LigDent_07,1,en,False,Incorrect. en is bidentate.,z_06,conceptual_error,medium,0.0667,analysis,high,reviewed,"[0, 0, 0, 0, 0, 0, 1, 0, 0, 0, 0, 0, 0, 0, 0]"
NCERT_LigDent_07,2,triethylenetetramine (trien),True,Correct. Trien has four nitrogen donor atoms and is tetradentate.,none,correct,none,0.0,analysis,high,reviewed,"[0, 0, 0, 0, 0, 1, 0, 0, 0, 0, 0, 0, 0, 0, 0]"
NCERT_LigDent_07,3,CO,False,Incorrect. CO is monodentate.,z_09,conceptual_error,medium,0.0667,analysis,high,reviewed,"[0, 0, 0, 0, 0, 0, 0, 0, 0, 1, 0, 0, 0, 0, 0]"
NCERT_LigDent_07,4,PPh₃,False,Incorrect. PPh₃ is monodentate.,z_02,conceptual_error,medium,0.0667,analysis,high,reviewed,"[0, 0, 1, 0, 0, 0, 0, 0, 0, 0, 0, 0, 0, 0, 0]"
NCERT_LigDent_08,1,6-membered rings,False,"Incorrect. 6-membered rings are also stable, but 5-membered rings are often the most stable for saturated backbones.",z_06,conceptual_error,medium,0.0667,analysis,high,reviewed,"[0, 0, 0, 0, 0, 0, 1, 0, 0, 0, 0, 0, 0, 0, 0]"
NCERT_LigDent_08,2,4-membered rings,False,Incorrect. 4-membered rings also have significant strain.,z_05,conceptual_error,medium,0.0667,analysis,high,reviewed,"[0, 0, 0, 0, 0, 1, 0, 0, 0, 0, 0, 0, 0, 0, 0]"
NCERT_LigDent_08,3,5-membered rings,True,Correct. 5-membered rings (as in en complexes) and 6-membered rings are generally most stable due to favorable entropy and minimal ring strain.,none,correct,none,0.0,analysis,high,reviewed,"[0, 0, 0, 0, 0, 0, 0, 0, 0, 1, 0, 0, 0, 0, 0]"
NCERT_LigDent_08,4,3-membered rings,False,Incorrect. 3-membered rings are highly strained.,z_02,conceptual_error,medium,0.0667,analysis,high,reviewed,"[0, 0, 1, 0, 0, 0, 0, 0, 0, 0, 0, 0, 0, 0, 0]"
NCERT_LigDent_09,1,7,False,Incorrect.,z_06,conceptual_error,medium,0.0667,analysis,high,reviewed,"[0, 0, 0, 0, 0, 0, 1, 0, 0, 0, 0, 0, 0, 0, 0]"
NCERT_LigDent_09,2,4,False,Incorrect.,z_05,conceptual_error,medium,0.0667,analysis,high,reviewed,"[0, 0, 0, 0, 0, 1, 0, 0, 0, 0, 0, 0, 0, 0, 0]"
NCERT_LigDent_09,3,5,False,Incorrect.,z_09,conceptual_error,medium,0.0667,analysis,high,reviewed,"[0, 0, 0, 0, 0, 0, 0, 0, 0, 1, 0, 0, 0, 0, 0]"
NCERT_LigDent_09,4,6,True,Correct. Pentadentate contributes 5 donor atoms; plus one monodentate gives total coordination number 6.,none,correct,none,0.0,analysis,high,reviewed,"[0, 0, 1, 0, 0, 0, 0, 0, 0, 0, 0, 0, 0, 0, 0]"
NCERT_LigDent_10,1,They are always colorless.,False,Incorrect. Color is not relevant.,z_06,conceptual_error,medium,0.0667,analysis,high,reviewed,"[0, 0, 0, 0, 0, 0, 1, 0, 0, 0, 0, 0, 0, 0, 0]"
NCERT_LigDent_10,2,They are cheaper than monodentate ligands.,False,Incorrect. Cost is not the primary reason.,z_05,conceptual_error,medium,0.0667,analysis,high,reviewed,"[0, 0, 0, 0, 0, 1, 0, 0, 0, 0, 0, 0, 0, 0, 0]"
NCERT_LigDent_10,3,They react faster.,False,"Incorrect. Kinetics may vary, but stability and stoichiometry are key.",z_09,conceptual_error,medium,0.0667,analysis,high,reviewed,"[0, 0, 0, 0, 0, 0, 0, 0, 0, 1, 0, 0, 0, 0, 0]"
NCERT_LigDent_10,4,"They form stable 1:1 complexes with metal ions, giving sharp end points.",True,"Correct. EDTA forms highly stable 1:1 complexes with most metal ions, simplifying titration and yielding sharp equivalence points.",none,correct,none,0.0,analysis,high,reviewed,"[0, 0, 1, 0, 0, 0, 0, 0, 0, 0, 0, 0, 0, 0, 0]"
NCERT_MetalLigandBond_01,1,Overlap of metal d-orbitals with ligand p-orbitals in a sidewise manner.,False,Incorrect. That describes π bonding.,z_11,conceptual_error,medium,0.0667,application,high,reviewed,"[0, 0, 0, 0, 0, 0, 0, 0, 0, 0, 0, 1, 0, 0, 0]"
NCERT_MetalLigandBond_01,2,Electrostatic attraction only.,False,Incorrect. LFT includes covalent overlap.,z_12,conceptual_error,medium,0.0667,application,high,reviewed,"[0, 0, 0, 0, 0, 0, 0, 0, 0, 0, 0, 0, 1, 0, 0]"
NCERT_MetalLigandBond_01,3,Donation of a lone pair from the ligand to an empty hybrid orbital of the metal.,True,"Correct. The primary σ bond is formed when a ligand donates a lone pair (e.g., from N, O, P, etc.) into an empty orbital (typically hybridized s, p, d) of the metal.",none,correct,none,0.0,application,high,reviewed,"[1, 0, 0, 0, 0, 0, 0, 0, 0, 0, 0, 0, 0, 0, 0]"
NCERT_MetalLigandBond_01,4,Donation of a lone pair from the metal to an empty orbital of the ligand.,False,Incorrect. That describes π back-bonding.,z_06,conceptual_error,medium,0.0667,application,high,reviewed,"[0, 0, 0, 0, 0, 0, 1, 0, 0, 0, 0, 0, 0, 0, 0]"
NCERT_MetalLigandBond_02,1,π back-donation (metal to ligand π* orbitals),True,"Correct. π back-bonding (metal d-electrons into ligand π* orbitals) stabilizes the t₂g set, increasing Δ₀ and making these ligands strong field.",none,correct,none,0.0,application,high,reviewed,"[0, 0, 0, 0, 0, 0, 0, 0, 0, 0, 0, 1, 0, 0, 0]"
NCERT_MetalLigandBond_02,2,Ionic interaction,False,Incorrect. Covalency is key.,z_12,conceptual_error,medium,0.0667,application,high,reviewed,"[0, 0, 0, 0, 0, 0, 0, 0, 0, 0, 0, 0, 1, 0, 0]"
NCERT_MetalLigandBond_02,3,σ donation only,False,Incorrect. σ donation alone does not explain the large Δ.,z_00,conceptual_error,medium,0.0667,application,high,reviewed,"[1, 0, 0, 0, 0, 0, 0, 0, 0, 0, 0, 0, 0, 0, 0]"
NCERT_MetalLigandBond_02,4,π donation from ligand to metal,False,Incorrect. π donation would weaken the field.,z_06,conceptual_error,medium,0.0667,application,high,reviewed,"[0, 0, 0, 0, 0, 0, 1, 0, 0, 0, 0, 0, 0, 0, 0]"
NCERT_MetalLigandBond_03,1,"eg (dx²-y², dz²)",True,Correct. The eg orbitals point directly at the ligands and participate in σ bonding (overlap with ligand σ orbitals).,none,correct,none,0.0,application,high,reviewed,"[0, 0, 0, 0, 0, 0, 0, 0, 0, 0, 0, 1, 0, 0, 0]"
NCERT_MetalLigandBond_03,2,None of the d-orbitals,False,Incorrect.,z_12,conceptual_error,medium,0.0667,application,high,reviewed,"[0, 0, 0, 0, 0, 0, 0, 0, 0, 0, 0, 0, 1, 0, 0]"
NCERT_MetalLigandBond_03,3,"t₂g (dxy, dyz, dxz)",False,Incorrect. The t₂g orbitals point between ligands and are not involved in σ bonding.,z_00,conceptual_error,medium,0.0667,application,high,reviewed,"[1, 0, 0, 0, 0, 0, 0, 0, 0, 0, 0, 0, 0, 0, 0]"
NCERT_MetalLigandBond_03,4,All five d-orbitals,False,Incorrect. Only the eg set is involved in σ.,z_06,conceptual_error,medium,0.0667,application,high,reviewed,"[0, 0, 0, 0, 0, 0, 1, 0, 0, 0, 0, 0, 0, 0, 0]"
NCERT_MetalLigandBond_04,1,The metal is in a high oxidation state.,False,"Incorrect. High oxidation state reduces metal electron density, weakening back-bonding.",z_11,conceptual_error,medium,0.0667,application,high,reviewed,"[0, 0, 0, 0, 0, 0, 0, 0, 0, 0, 0, 1, 0, 0, 0]"
NCERT_MetalLigandBond_04,2,The metal is in a low oxidation state and the ligand has low-lying empty π* orbitals.,True,"Correct. A low oxidation state means the metal has high d-electron density to donate; empty π* orbitals on the ligand (e.g., CO, CN⁻) are necessary to accept this electron density.",none,correct,none,0.0,application,high,reviewed,"[0, 0, 0, 0, 0, 0, 0, 0, 0, 0, 0, 0, 1, 0, 0]"
NCERT_MetalLigandBond_04,3,The metal has no d-electrons.,False,Incorrect. d⁰ metals cannot donate into π* orbitals.,z_00,conceptual_error,medium,0.0667,application,high,reviewed,"[1, 0, 0, 0, 0, 0, 0, 0, 0, 0, 0, 0, 0, 0, 0]"
NCERT_MetalLigandBond_04,4,The ligand is a strong σ donor only.,False,"Incorrect. π back-bonding requires π-acceptor ability, not just σ donation.",z_06,conceptual_error,medium,0.0667,application,high,reviewed,"[0, 0, 0, 0, 0, 0, 1, 0, 0, 0, 0, 0, 0, 0, 0]"
NCERT_MetalLigandBond_05,1,π back-donation from Fe to CO,True,"Correct. The filled d-orbitals of Fe (low oxidation state) back-donate into π* orbitals of CO, strengthening the metal–ligand bond.",none,correct,none,0.0,application,high,reviewed,"[0, 0, 0, 0, 0, 0, 0, 0, 0, 0, 0, 1, 0, 0, 0]"
NCERT_MetalLigandBond_05,2,σ donation from Fe to CO,False,Incorrect. σ donation is from CO to Fe.,z_12,conceptual_error,medium,0.0667,application,high,reviewed,"[0, 0, 0, 0, 0, 0, 0, 0, 0, 0, 0, 0, 1, 0, 0]"
NCERT_MetalLigandBond_05,3,Ionic interactions,False,Incorrect. Bonding is covalent.,z_00,conceptual_error,medium,0.0667,application,high,reviewed,"[1, 0, 0, 0, 0, 0, 0, 0, 0, 0, 0, 0, 0, 0, 0]"
NCERT_MetalLigandBond_05,4,π donation from CO to Fe,False,Incorrect. CO is a poor π donor.,z_06,conceptual_error,medium,0.0667,application,high,reviewed,"[0, 0, 0, 0, 0, 0, 1, 0, 0, 0, 0, 0, 0, 0, 0]"
NCERT_MetalLigandBond_06,1,CN⁻,False,Incorrect. CN⁻ is π acceptor (strong field).,z_11,conceptual_error,medium,0.0667,application,high,reviewed,"[0, 0, 0, 0, 0, 0, 0, 0, 0, 0, 0, 1, 0, 0, 0]"
NCERT_MetalLigandBond_06,2,CO,False,Incorrect. CO is π acceptor (strong field).,z_12,conceptual_error,medium,0.0667,application,high,reviewed,"[0, 0, 0, 0, 0, 0, 0, 0, 0, 0, 0, 0, 1, 0, 0]"
NCERT_MetalLigandBond_06,3,F⁻,True,"Correct. F⁻ has filled p-orbitals that can donate electron density into the metal t₂g orbitals, raising their energy and reducing Δ₀ (weak field).",none,correct,none,0.0,application,high,reviewed,"[1, 0, 0, 0, 0, 0, 0, 0, 0, 0, 0, 0, 0, 0, 0]"
NCERT_MetalLigandBond_06,4,PPh₃,False,Incorrect. PPh₃ is a π acceptor (strong field).,z_06,conceptual_error,medium,0.0667,application,high,reviewed,"[0, 0, 0, 0, 0, 0, 1, 0, 0, 0, 0, 0, 0, 0, 0]"
NCERT_MetalLigandBond_08,1,"π back-bonding from metal to CO populates the π* orbital of CO, reducing its bond order.",True,"Correct. Back-bonding adds electron density into the antibonding π* orbital of CO, weakening the C–O bond and lowering its stretching frequency.",none,correct,none,0.0,application,high,reviewed,"[0, 0, 0, 0, 0, 0, 0, 0, 0, 0, 0, 1, 0, 0, 0]"
NCERT_MetalLigandBond_08,2,CO is linear in complexes.,False,Incorrect. It remains essentially linear.,z_12,conceptual_error,medium,0.0667,application,high,reviewed,"[0, 0, 0, 0, 0, 0, 0, 0, 0, 0, 0, 0, 1, 0, 0]"
NCERT_MetalLigandBond_08,3,The metal atom is small.,False,Incorrect. Size is not the direct cause.,z_00,conceptual_error,medium,0.0667,application,high,reviewed,"[1, 0, 0, 0, 0, 0, 0, 0, 0, 0, 0, 0, 0, 0, 0]"
NCERT_MetalLigandBond_08,4,σ donation from CO to metal increases the C–O bond order.,False,"Incorrect. σ donation would slightly weaken the C–O bond as well, but the major effect is π back-bonding.",z_06,conceptual_error,medium,0.0667,application,high,reviewed,"[0, 0, 0, 0, 0, 0, 1, 0, 0, 0, 0, 0, 0, 0, 0]"
NCERT_MetalLigandBond_09,1,Ionic,False,Incorrect. Covalent character is significant.,z_11,conceptual_error,medium,0.0667,application,high,reviewed,"[0, 0, 0, 0, 0, 0, 0, 0, 0, 0, 0, 1, 0, 0, 0]"
NCERT_MetalLigandBond_09,2,π bonds only,False,Incorrect. π bonding is present but not primary.,z_12,conceptual_error,medium,0.0667,application,high,reviewed,"[0, 0, 0, 0, 0, 0, 0, 0, 0, 0, 0, 0, 1, 0, 0]"
NCERT_MetalLigandBond_09,3,σ bonds formed by donation from Cl⁻ lone pairs to Pt orbitals,True,"Correct. Cl⁻ donates its lone pairs into σ-type orbitals of Pt²⁺; π donation from Cl to Pt is also possible, but the primary bond is σ.",none,correct,none,0.0,application,high,reviewed,"[1, 0, 0, 0, 0, 0, 0, 0, 0, 0, 0, 0, 0, 0, 0]"
NCERT_MetalLigandBond_09,4,π back-bonds from Pt to Cl,False,"Incorrect. Pt is in +2 oxidation state, not a strong π donor to Cl.",z_06,conceptual_error,medium,0.0667,application,high,reviewed,"[0, 0, 0, 0, 0, 0, 1, 0, 0, 0, 0, 0, 0, 0, 0]"
NCERT_MetalLigandBond_10,1,Both types increase splitting.,False,Incorrect. They have opposite effects.,z_11,conceptual_error,medium,0.0667,application,high,reviewed,"[0, 0, 0, 0, 0, 0, 0, 0, 0, 0, 0, 1, 0, 0, 0]"
NCERT_MetalLigandBond_10,2,π acceptor ligands increase crystal field splitting; π donor ligands decrease it.,True,"Correct. π acceptors stabilize t₂g (lower energy, increase Δ); π donors destabilize t₂g (raise energy, decrease Δ).",none,correct,none,0.0,application,high,reviewed,"[0, 0, 0, 0, 0, 0, 0, 0, 0, 0, 0, 0, 1, 0, 0]"
NCERT_MetalLigandBond_10,3,π donor ligands increase crystal field splitting; π acceptor ligands decrease it.,False,Incorrect. This is the reverse.,z_00,conceptual_error,medium,0.0667,application,high,reviewed,"[1, 0, 0, 0, 0, 0, 0, 0, 0, 0, 0, 0, 0, 0, 0]"
NCERT_MetalLigandBond_10,4,Neither type affects splitting.,False,Incorrect. They significantly affect Δ.,z_06,conceptual_error,medium,0.0667,application,high,reviewed,"[0, 0, 0, 0, 0, 0, 1, 0, 0, 0, 0, 0, 0, 0, 0]"
