source_id,question_text,opt1,opt2,opt3,opt4,reason1,reason2,reason3,reason4,concept,prereqs,a_vector,d_param,correct_option,z1,z2,z3,z4,E_semantic,E_ambiguity
EffNucCharge_01,What is meant by effective nuclear charge (Z_eff) experienced by an electron in a multi-electron atom?,The actual nuclear charge (Z) plus the shielding constant (σ).,The actual nuclear charge (Z) divided by the atomic radius.,The actual nuclear charge (Z) minus the shielding constant (σ).,The actual nuclear charge (Z) multiplied by the principal quantum number (n).,"Incorrect. Shielding reduces the nuclear pull, so it is subtracted, not added.","Incorrect. Z_eff is a measure of net nuclear pull, not directly Z divided by radius.","Correct. Z_eff = Z - σ, where ? represents the shielding effect due to inner electrons.",Incorrect. The principal quantum number affects the distance but does not directly multiply Z.,Effective Nuclear Charge,None (Foundation Concept),"[2.0, 0.0, 0.0, 0.0, 0.0, 0.0, 0.0, 0.0, 0.0, 0.0, 0.0, 0.0, 0.0, 0.0, 0.0, 0.0, 0.0, 0.0, 0.0, 0.0, 0.0, 0.0, 0.0, 0.0, 0.0, 0.0, 0.0, 0.0, 0.0, 0.0, 0.0, 0.0, 0.0, 0.0, 0.0, 0.0, 0.0, 0.0, 0.0, 0.0, 0.0, 0.0, 0.0, 0.0, 0.0, 0.0, 0.0, 0.0, 0.0, 0.0, 0.0, 0.0, 0.0, 0.0, 0.0, 0.0, 0.0, 0.0]",-1.2,3,"[0, 0, 0, 0, 0, 0, 0, 0, 1, 0, 0, 0, 0, 0, 0]","[0, 0, 0, 0, 0, 0, 0, 0, 0, 0, 0, 0, 0, 0, 0]","[0, 0, 0, 0, 0, 0, 0, 0, 0, 0, 0, 0, 0, 0, 0]","[0, 0, 0, 1, 0, 0, 0, 0, 0, 0, 0, 0, 0, 0, 0]",0.5037,0.1959
EffNucCharge_02,Which of the following correctly represents the trend of effective nuclear charge (Z_eff) across a period (left to right) in the periodic table?,Z_eff remains constant because the number of shells remains the same.,Z_eff decreases due to increased shielding.,Z_eff increases because the nuclear charge increases while shielding increases only slightly.,Z_eff increases sharply after each noble gas.,"Incorrect. The nuclear charge increases, and shielding does not increase proportionally, so Z_eff increases.","Incorrect. Z_eff actually increases because the added electrons go into the same shell, offering poor shielding.","Correct. As we move left to right, atomic number increases, electrons are added to the same shell, and the shielding by inner electrons remains nearly constant, so Z_eff increases.","Incorrect. Z_eff increases gradually across the period, not only after noble gases.",Effective Nuclear Charge,None (Foundation Concept),"[1.8, 0.0, 0.0, 0.0, 0.0, 0.0, 0.0, 0.0, 0.0, 0.0, 0.0, 0.0, 0.0, 0.0, 0.0, 0.0, 0.0, 0.0, 0.0, 0.0, 0.0, 0.0, 0.0, 0.0, 0.0, 0.0, 0.0, 0.0, 0.0, 0.0, 0.0, 0.0, 0.0, 0.0, 0.0, 0.0, 0.0, 0.0, 0.0, 0.0, 0.0, 0.0, 0.0, 0.0, 0.0, 0.0, 0.0, 0.0, 0.0, 0.0, 0.0, 0.0, 0.0, 0.0, 0.0, 0.0, 0.0, 0.0]",-1.0,3,"[0, 0, 0, 0, 0, 0, 0, 0, 1, 0, 0, 0, 0, 0, 0]","[0, 0, 1, 0, 0, 0, 0, 0, 0, 0, 0, 0, 0, 0, 0]","[0, 0, 0, 0, 0, 0, 0, 0, 0, 0, 0, 0, 0, 0, 0]","[0, 0, 0, 1, 0, 0, 0, 0, 0, 0, 0, 0, 0, 0, 0]",0.6095,0.3864
EffNucCharge_03,The effective nuclear charge experienced by a 3d electron in copper (Z=29) is higher than that experienced by a 3d electron in nickel (Z=28) because:,Nickel has a higher shielding constant.,Copper has a larger atomic radius.,Copper has a higher nuclear charge and similar shielding.,Copper has more electrons in the 3d subshell.,Incorrect. Shielding constant increases only slightly; the main factor is higher Z.,"Incorrect. Larger atomic radius would correspond to lower Z_eff, not higher.",Correct. The increase in nuclear charge (+1) while the shielding from inner electrons remains nearly the same leads to a higher Z_eff in copper.,"Incorrect. More 3d electrons slightly increase shielding, but the net Z_eff is still higher due to higher Z.",Effective Nuclear Charge,None (Foundation Concept),"[1.5, 0.0, 0.0, 0.0, 0.0, 0.0, 0.0, 0.0, 0.0, 0.0, 0.0, 0.0, 0.0, 0.0, 0.0, 0.0, 0.0, 0.0, 0.0, 0.0, 0.0, 0.0, 0.0, 0.0, 0.0, 0.0, 0.0, 0.0, 0.0, 0.0, 0.0, 0.0, 0.0, 0.0, 0.0, 0.0, 0.0, 0.0, 0.0, 0.0, 0.0, 0.0, 0.0, 0.0, 0.0, 0.0, 0.0, 0.0, 0.0, 0.0, 0.0, 0.0, 0.0, 0.0, 0.0, 0.0, 0.0, 0.0]",-0.8,3,"[0, 0, 0, 0, 0, 0, 0, 0, 0, 0, 0, 0, 0, 0, 0]","[0, 0, 1, 0, 0, 0, 0, 0, 0, 0, 0, 0, 0, 0, 0]","[0, 0, 0, 0, 0, 0, 0, 0, 0, 0, 0, 0, 0, 0, 0]","[0, 0, 0, 1, 0, 0, 0, 0, 0, 0, 0, 0, 0, 0, 0]",0.606,0.4165
EffNucCharge_04,Which of the following orbitals experiences the highest effective nuclear charge in a multi-electron atom (for the same n)?,f orbital,s orbital,p orbital,d orbital,Incorrect. f orbitals have the poorest penetration and thus the lowest Z_eff.,"Correct. s orbitals have the highest penetration ability, so they experience a greater Z_eff.","Incorrect. p orbitals penetrate less than s, so they feel a lower Z_eff.","Incorrect. d orbitals penetrate even less than p, so they feel an even lower Z_eff.",Effective Nuclear Charge,None (Foundation Concept),"[1.5, 0.0, 0.0, 0.0, 0.0, 0.0, 0.0, 0.0, 0.0, 0.0, 0.0, 0.0, 0.0, 0.0, 0.0, 0.0, 0.0, 0.0, 0.0, 0.0, 0.0, 0.0, 0.0, 0.0, 0.0, 0.0, 0.0, 0.0, 0.0, 0.0, 0.0, 0.0, 0.0, 0.0, 0.0, 0.0, 0.0, 0.0, 0.0, 0.0, 0.0, 0.0, 0.0, 0.0, 0.0, 0.0, 0.0, 0.0, 0.0, 0.0, 0.0, 0.0, 0.0, 0.0, 0.0, 0.0, 0.0, 0.0]",-1.1,2,"[0, 0, 0, 0, 0, 0, 0, 0, 1, 0, 0, 0, 0, 0, 0]","[0, 0, 0, 0, 0, 0, 0, 0, 0, 0, 0, 0, 0, 0, 0]","[0, 0, 0, 1, 0, 0, 0, 0, 0, 0, 0, 0, 0, 0, 0]","[0, 0, 0, 1, 0, 0, 0, 0, 0, 0, 0, 0, 0, 0, 0]",0.6009,0.3275
EffNucCharge_05,"The effective nuclear charge for the outermost electron of sodium (Na) is approximately: (Given: Z=11, shielding constant for 3s electron σ 10)",3,2,1,11,"Incorrect. Z_eff of 3 would require ? = 8, not realistic for Na.","Incorrect. That would be Z_eff = 2, which would require ? = 9; but shielding from 10 inner electrons is nearly complete.",Correct. Z_eff ? Z - σ = 11 - 10 = 1.,"Incorrect. This is the actual nuclear charge, ignoring shielding.",Effective Nuclear Charge,None (Foundation Concept),"[1.5, 0.0, 0.0, 0.0, 0.0, 0.0, 0.0, 0.0, 0.0, 0.0, 0.0, 0.0, 0.0, 0.0, 0.0, 0.0, 0.0, 0.0, 0.0, 0.0, 0.0, 0.0, 0.0, 0.0, 0.0, 0.0, 0.0, 0.0, 0.0, 0.0, 0.0, 0.0, 0.0, 0.0, 0.0, 0.0, 0.0, 0.0, 0.0, 0.0, 0.0, 0.0, 0.0, 0.0, 0.0, 0.0, 0.0, 0.0, 0.0, 0.0, 0.0, 0.0, 0.0, 0.0, 0.0, 0.0, 0.0, 0.0]",-1.0,3,"[0, 0, 0, 0, 0, 0, 0, 0, 1, 0, 0, 0, 0, 0, 0]","[0, 0, 0, 0, 0, 0, 0, 0, 0, 0, 0, 0, 0, 0, 0]","[0, 0, 0, 0, 0, 0, 0, 0, 0, 0, 0, 0, 0, 0, 0]","[0, 0, 0, 0, 0, 0, 0, 0, 0, 0, 0, 0, 0, 0, 0]",0.5668,0.399
EffNucCharge_06,Which of the following statements about effective nuclear charge (Z_eff) is correct?,Z_eff for a 2p electron is always higher than for a 2s electron in the same atom.,Z_eff is the same for all electrons in a given atom.,Z_eff decreases down a group due to increased shielding.,Z_eff is always equal to the atomic number for hydrogen-like species.,"Incorrect. The 2s orbital penetrates more than 2p, so it experiences a higher Z_eff.","Incorrect. Different electrons have different shielding and penetration, so Z_eff varies.","Incorrect. Down a group, the number of shells increases, shielding increases, so Z_eff for valence electrons decreases.","Correct. For hydrogen-like species (single electron), ?=0, so Z_eff = Z.",Effective Nuclear Charge,None (Foundation Concept),"[1.5, 0.0, 0.0, 0.0, 0.0, 0.0, 0.0, 0.0, 0.0, 0.0, 0.0, 0.0, 0.0, 0.0, 0.0, 0.0, 0.0, 0.0, 0.0, 0.0, 0.0, 0.0, 0.0, 0.0, 0.0, 0.0, 0.0, 0.0, 0.0, 0.0, 0.0, 0.0, 0.0, 0.0, 0.0, 0.0, 0.0, 0.0, 0.0, 0.0, 0.0, 0.0, 0.0, 0.0, 0.0, 0.0, 0.0, 0.0, 0.0, 0.0, 0.0, 0.0, 0.0, 0.0, 0.0, 0.0, 0.0, 0.0]",-0.9,4,"[0, 0, 0, 0, 0, 0, 0, 0, 1, 0, 0, 0, 0, 0, 0]","[0, 0, 1, 0, 0, 0, 0, 0, 0, 0, 0, 0, 0, 0, 0]","[0, 0, 0, 1, 0, 0, 0, 0, 0, 0, 0, 0, 0, 0, 0]","[0, 0, 0, 0, 0, 0, 0, 0, 0, 0, 0, 0, 0, 0, 0]",0.645,0.3113
EffNucCharge_07,The effective nuclear charge (Z_eff) for the outermost electron of potassium (K) is less than that of sodium (Na) because:,Potassium has a larger atomic radius.,"Potassium has a higher principal quantum number and more inner shells, increasing shielding.",Potassium has more electrons in the outermost shell.,Potassium has a larger atomic number.,"Incorrect. Larger atomic radius is a consequence, not the cause.","Correct. The outermost electron of K is in the 4s orbital, with 18 inner electrons (1s?2s?2p?3s?3p?) providing more shielding than Na's 10 inner electrons.",Incorrect. The number of outermost electrons does not directly affect Z_eff; shielding does.,"Incorrect. Larger atomic number would increase Z_eff, but shielding dominates.",Effective Nuclear Charge,None (Foundation Concept),"[1.5, 0.0, 0.0, 0.0, 0.0, 0.0, 0.0, 0.0, 0.0, 0.0, 0.0, 0.0, 0.0, 0.0, 0.0, 0.0, 0.0, 0.0, 0.0, 0.0, 0.0, 0.0, 0.0, 0.0, 0.0, 0.0, 0.0, 0.0, 0.0, 0.0, 0.0, 0.0, 0.0, 0.0, 0.0, 0.0, 0.0, 0.0, 0.0, 0.0, 0.0, 0.0, 0.0, 0.0, 0.0, 0.0, 0.0, 0.0, 0.0, 0.0, 0.0, 0.0, 0.0, 0.0, 0.0, 0.0, 0.0, 0.0]",-1.0,2,"[0, 0, 0, 0, 0, 0, 0, 0, 1, 0, 0, 0, 0, 0, 0]","[0, 0, 0, 0, 0, 0, 0, 0, 0, 0, 0, 0, 0, 0, 0]","[0, 0, 0, 1, 0, 0, 0, 0, 0, 0, 0, 0, 0, 0, 0]","[0, 0, 0, 1, 0, 0, 0, 0, 0, 0, 0, 0, 0, 0, 0]",0.6091,0.3998
EffNucCharge_08,In which of the following pairs does the first element have a higher effective nuclear charge for its valence electron?,Be and B,Li and Be,N and O,F and Ne,"Incorrect. B has higher Z (5) than Be (4), and both have n=2, so B has higher Z_eff.","Correct. Be has higher Z (4) than Li (3), and both have electrons in n=2, so Be has higher Z_eff.","Incorrect. O has Z=8, N has Z=7; O has higher Z_eff. The trend increases across period.","Incorrect. Ne has Z=10, F has Z=9; Ne has higher Z_eff. The student might think F has higher due to higher electronegativity.",Effective Nuclear Charge,None (Foundation Concept),"[1.5, 0.0, 0.0, 0.0, 0.0, 0.0, 0.0, 0.0, 0.0, 0.0, 0.0, 0.0, 0.0, 0.0, 0.0, 0.0, 0.0, 0.0, 0.0, 0.0, 0.0, 0.0, 0.0, 0.0, 0.0, 0.0, 0.0, 0.0, 0.0, 0.0, 0.0, 0.0, 0.0, 0.0, 0.0, 0.0, 0.0, 0.0, 0.0, 0.0, 0.0, 0.0, 0.0, 0.0, 0.0, 0.0, 0.0, 0.0, 0.0, 0.0, 0.0, 0.0, 0.0, 0.0, 0.0, 0.0, 0.0, 0.0]",-1.0,2,"[0, 0, 0, 0, 0, 0, 0, 0, 1, 0, 0, 0, 0, 0, 0]","[0, 0, 0, 0, 0, 0, 0, 0, 0, 0, 0, 0, 0, 0, 0]","[0, 0, 0, 1, 0, 0, 0, 0, 0, 0, 0, 0, 0, 0, 0]","[0, 0, 0, 0, 0, 0, 0, 0, 0, 0, 0, 0, 0, 0, 0]",0.5865,0.3227
EffNucCharge_09,The effective nuclear charge (Z_eff) experienced by a 3s electron in an Aluminum atom (Z=13) calculated using Slaters rules is:,3.85,3.5,4.15,2.5,Incorrect. This results from failing to group the 3s and 3p electrons together as required by Slaters rules.,Correct. Configuration is (1s2)(2s2 2p6)(3s2 3p1). Shielding = (2 x 0.35) + (8 x 0.85) + (2 x 1.00) = 9.50. Z_eff = 13 - 9.50 = 3.50.,Incorrect. This value results from incorrectly omitting the 3p electron from the same-group shielding calculation.,Incorrect. This indicates a failure to properly weight the n-1 and n-2 shells.,Effective Nuclear Charge,None (Foundation Concept),"[2.0, 0.0, 0.0, 0.0, 0.0, 0.0, 0.0, 0.0, 0.0, 0.0, 0.0, 0.0, 0.0, 0.0, 0.0, 0.0, 0.0, 0.0, 0.0, 0.0, 0.0, 0.0, 0.0, 0.0, 0.0, 0.0, 0.0, 0.0, 0.0, 0.0, 0.0, 0.0, 0.0, 0.0, 0.0, 0.0, 0.0, 0.0, 0.0, 0.0, 0.0, 0.0, 0.0, 0.0, 0.0, 0.0, 0.0, 0.0, 0.0, 0.0, 0.0, 0.0, 0.0, 0.0, 0.0, 0.0, 0.0, 0.0]",-0.8,2,"[0, 0, 0, 0, 0, 0, 0, 0, 1, 0, 0, 0, 0, 0, 0]","[0, 0, 0, 0, 0, 0, 0, 0, 0, 0, 0, 0, 0, 0, 0]","[0, 0, 0, 1, 0, 0, 0, 0, 0, 0, 0, 0, 0, 0, 0]","[0, 0, 0, 1, 0, 0, 0, 0, 0, 0, 0, 0, 0, 0, 0]",0.5008,0.3833
EffNucCharge_10,"If the effective nuclear charge for the valence electron of an element is 2.2 and its atomic number is 11, what is the approximate shielding constant (σ) for that electron?",9.2,10.5,8.8,11,"Incorrect. 11 - 2.2 = 8.8, not 9.2.",Incorrect.,Correct. Z_eff = Z - σ ? ? = Z - Z_eff = 11 - 2.2 = 8.8.,Incorrect.,Effective Nuclear Charge,None (Foundation Concept),"[1.5, 0.0, 0.0, 0.0, 0.0, 0.0, 0.0, 0.0, 0.0, 0.0, 0.0, 0.0, 0.0, 0.0, 0.0, 0.0, 0.0, 0.0, 0.0, 0.0, 0.0, 0.0, 0.0, 0.0, 0.0, 0.0, 0.0, 0.0, 0.0, 0.0, 0.0, 0.0, 0.0, 0.0, 0.0, 0.0, 0.0, 0.0, 0.0, 0.0, 0.0, 0.0, 0.0, 0.0, 0.0, 0.0, 0.0, 0.0, 0.0, 0.0, 0.0, 0.0, 0.0, 0.0, 0.0, 0.0, 0.0, 0.0]",-1.2,3,"[0, 0, 0, 0, 0, 0, 0, 0, 1, 0, 0, 0, 0, 0, 0]","[0, 0, 1, 0, 0, 0, 0, 0, 0, 0, 0, 0, 0, 0, 0]","[0, 0, 0, 0, 0, 0, 0, 0, 0, 0, 0, 0, 0, 0, 0]","[0, 0, 0, 1, 0, 0, 0, 0, 0, 0, 0, 0, 0, 0, 0]",0.3612,0.4502
Shielding_01,What is the shielding effect in multi-electron atoms?,The phenomenon where inner electrons are completely screened from the nucleus.,The tendency of electrons to occupy higher energy levels.,The attraction of the nucleus for outer electrons.,The repulsion between outer electrons and inner electrons that reduces the effective nuclear charge.,"Incorrect. Shielding is partial, not complete.","Incorrect. This describes electron excitation, not shielding.","Incorrect. That describes nuclear attraction, not shielding.",Correct. Shielding is the reduction in nuclear attraction experienced by an outer electron due to repulsion from inner electrons.,Shielding Effect,None (Foundation Concept),"[0.0, 1.8, 0.0, 0.0, 0.0, 0.0, 0.0, 0.0, 0.0, 0.0, 0.0, 0.0, 0.0, 0.0, 0.0, 0.0, 0.0, 0.0, 0.0, 0.0, 0.0, 0.0, 0.0, 0.0, 0.0, 0.0, 0.0, 0.0, 0.0, 0.0, 0.0, 0.0, 0.0, 0.0, 0.0, 0.0, 0.0, 0.0, 0.0, 0.0, 0.0, 0.0, 0.0, 0.0, 0.0, 0.0, 0.0, 0.0, 0.0, 0.0, 0.0, 0.0, 0.0, 0.0, 0.0, 0.0, 0.0, 0.0]",-1.2,4,"[0, 0, 0, 0, 0, 0, 1, 0, 0, 0, 0, 0, 0, 0, 0]","[0, 0, 0, 1, 0, 0, 0, 0, 0, 0, 0, 0, 0, 0, 0]","[0, 0, 0, 1, 0, 0, 0, 0, 0, 0, 0, 0, 0, 0, 0]","[0, 0, 0, 0, 0, 0, 0, 0, 0, 0, 0, 0, 0, 0, 0]",0.4018,0.1588
Shielding_02,Which of the following orbitals provides the best shielding effect for the valence electrons?,2p,3d,1s,2s,"Incorrect. 2p orbitals have less penetration than 2s, so they shield less effectively.",Incorrect. 3d orbitals are higher in energy and shield less effectively for valence electrons.,Correct. 1s orbitals are closest to the nucleus and most effective at shielding.,Incorrect. 2s penetrates more than 2p but less than 1s.,Shielding Effect,None (Foundation Concept),"[0.0, 1.5, 0.0, 0.0, 0.0, 0.0, 0.0, 0.0, 0.0, 0.0, 0.0, 0.0, 0.0, 0.0, 0.0, 0.0, 0.0, 0.0, 0.0, 0.0, 0.0, 0.0, 0.0, 0.0, 0.0, 0.0, 0.0, 0.0, 0.0, 0.0, 0.0, 0.0, 0.0, 0.0, 0.0, 0.0, 0.0, 0.0, 0.0, 0.0, 0.0, 0.0, 0.0, 0.0, 0.0, 0.0, 0.0, 0.0, 0.0, 0.0, 0.0, 0.0, 0.0, 0.0, 0.0, 0.0, 0.0, 0.0]",-1.1,3,"[0, 0, 0, 0, 0, 0, 1, 0, 0, 0, 0, 0, 0, 0, 0]","[0, 0, 0, 1, 0, 0, 0, 0, 0, 0, 0, 0, 0, 0, 0]","[0, 0, 0, 0, 0, 0, 0, 0, 0, 0, 0, 0, 0, 0, 0]","[0, 0, 0, 0, 0, 0, 0, 0, 0, 0, 0, 0, 0, 1, 0]",0.3636,0.2753
Shielding_03,The shielding effect of an electron in a particular orbital depends mainly on its:,Principal quantum number (n),Spin quantum number (m_s),Magnetic quantum number (m_l),Azimuthal quantum number (l),"Incorrect. While n influences distance, the shape (l) is more critical for penetration.",Incorrect. Spin does not affect shielding.,Incorrect. m_l does not affect shielding.,Correct. The azimuthal quantum number determines orbital shape and penetration ability; lower l orbitals penetrate better and thus shield more effectively.,Shielding Effect,None (Foundation Concept),"[0.0, 1.5, 0.0, 0.0, 0.0, 0.0, 0.0, 0.0, 0.0, 0.0, 0.0, 0.0, 0.0, 0.0, 0.0, 0.0, 0.0, 0.0, 0.0, 0.0, 0.0, 0.0, 0.0, 0.0, 0.0, 0.0, 0.0, 0.0, 0.0, 0.0, 0.0, 0.0, 0.0, 0.0, 0.0, 0.0, 0.0, 0.0, 0.0, 0.0, 0.0, 0.0, 0.0, 0.0, 0.0, 0.0, 0.0, 0.0, 0.0, 0.0, 0.0, 0.0, 0.0, 0.0, 0.0, 0.0, 0.0, 0.0]",-1.0,4,"[0, 0, 0, 0, 0, 0, 1, 0, 0, 0, 0, 0, 0, 0, 0]","[0, 0, 0, 1, 0, 0, 0, 0, 0, 0, 0, 0, 0, 0, 0]","[0, 0, 0, 1, 0, 0, 0, 0, 0, 0, 0, 0, 0, 0, 0]","[0, 0, 0, 0, 0, 0, 0, 0, 0, 0, 0, 0, 0, 0, 0]",0.3857,0.29
Shielding_04,Which of the following statements about shielding is correct?,Electrons in the same shell provide perfect shielding for each other.,Shielding is independent of the orbital shape.,Electrons in the same shell provide more shielding than electrons in inner shells.,Electrons in inner shells shield outer electrons more effectively than electrons in the same shell.,Incorrect. Same-shell electrons provide poor shielding because they are at similar distances.,Incorrect. Orbital shape strongly affects penetration and shielding ability.,Incorrect. Inner shells are far more effective at shielding than same-shell electrons.,Correct. Inner-shell electrons are closer to the nucleus and are more effective at reducing the nuclear charge felt by outer electrons.,Shielding Effect,None (Foundation Concept),"[0.0, 1.5, 0.0, 0.0, 0.0, 0.0, 0.0, 0.0, 0.0, 0.0, 0.0, 0.0, 0.0, 0.0, 0.0, 0.0, 0.0, 0.0, 0.0, 0.0, 0.0, 0.0, 0.0, 0.0, 0.0, 0.0, 0.0, 0.0, 0.0, 0.0, 0.0, 0.0, 0.0, 0.0, 0.0, 0.0, 0.0, 0.0, 0.0, 0.0, 0.0, 0.0, 0.0, 0.0, 0.0, 0.0, 0.0, 0.0, 0.0, 0.0, 0.0, 0.0, 0.0, 0.0, 0.0, 0.0, 0.0, 0.0]",-1.0,4,"[0, 0, 0, 0, 0, 0, 0, 0, 0, 0, 0, 0, 0, 0, 0]","[0, 0, 0, 1, 0, 0, 0, 0, 0, 0, 0, 0, 0, 0, 0]","[0, 0, 0, 1, 0, 0, 0, 0, 0, 0, 0, 0, 0, 0, 0]","[0, 0, 0, 0, 0, 0, 0, 0, 0, 0, 0, 0, 0, 0, 0]",0.383,0.2873
Shielding_05,Why does the shielding power of an electron decrease in the order s > p > d > f?,Because the principal quantum number decreases along the series.,Because the number of nodes in the radial wavefunction increases.,"Because the average distance from the nucleus increases, reducing the electron's ability to shield.",Because the nuclear charge increases along the series.,"Incorrect. All of s, p, d, f being compared here share the same principal quantum number n; the difference in shielding comes from the azimuthal quantum number l, not from n.",Incorrect. The number of nodes is related but the primary reason is penetration.,"Correct. s orbitals have the highest probability near the nucleus, thus they can shield inner nuclear charge better. p, d, f orbitals have less density near the nucleus, so they shield less effectively.","Incorrect. All the given orbitals (s, p, d, f) here belong to the same principal quantum number n; the shielding difference comes from angular momentum (l), not n.",Shielding Effect,None (Foundation Concept),"[0.0, 1.2, 0.0, 0.0, 0.0, 0.0, 0.0, 0.0, 0.0, 0.0, 0.0, 0.0, 0.0, 0.0, 0.0, 0.0, 0.0, 0.0, 0.0, 0.0, 0.0, 0.0, 0.0, 0.0, 0.0, 0.0, 0.0, 0.0, 0.0, 0.0, 0.0, 0.0, 0.0, 0.0, 0.0, 0.0, 0.0, 0.0, 0.0, 0.0, 0.0, 0.0, 0.0, 0.0, 0.0, 0.0, 0.0, 0.0, 0.0, 0.0, 0.0, 0.0, 0.0, 0.0, 0.0, 0.0, 0.0, 0.0]",-0.9,3,"[0, 0, 0, 0, 0, 0, 1, 0, 0, 0, 0, 0, 0, 0, 0]","[0, 0, 0, 0, 0, 0, 0, 0, 0, 0, 0, 0, 0, 0, 0]","[0, 0, 0, 0, 0, 0, 0, 0, 0, 0, 0, 0, 0, 0, 0]","[0, 0, 0, 0, 0, 0, 0, 0, 0, 0, 0, 0, 0, 1, 0]",0.3874,0.2999
Shielding_06,The shielding constant (σ) for a 2p electron in oxygen is approximately: (Slater's rule: other 2p electrons contribute 0.35 each; 2s and 1s contribute 0.85 and 1.00 respectively),4.75,3.15,4.1,5,Correct. O configuration: 1s2 2s2 2p4. For a chosen 2p electron: other 2p electrons contribute 3 x 0.35 = 1.05; the two 2s electrons contribute 2 x 0.85 = 1.70; the two 1s electrons contribute 2 x 1.00 = 2.00. Total sigma = 1.05 + 1.70 + 2.00 = 4.75.,Incorrect. This value is too low for the sum of all three shielding contributions.,Incorrect. This value undercounts the shielding contribution using the given constants.,"Incorrect. This value overstates the total; the correct sum using the given constants is 4.75, not 5.00.",Shielding Effect,None (Foundation Concept),"[0.0, 2.0, 0.0, 0.0, 0.0, 0.0, 0.0, 0.0, 0.0, 0.0, 0.0, 0.0, 0.0, 0.0, 0.0, 0.0, 0.0, 0.0, 0.0, 0.0, 0.0, 0.0, 0.0, 0.0, 0.0, 0.0, 0.0, 0.0, 0.0, 0.0, 0.0, 0.0, 0.0, 0.0, 0.0, 0.0, 0.0, 0.0, 0.0, 0.0, 0.0, 0.0, 0.0, 0.0, 0.0, 0.0, 0.0, 0.0, 0.0, 0.0, 0.0, 0.0, 0.0, 0.0, 0.0, 0.0, 0.0, 0.0]",-0.8,1,"[0, 0, 0, 0, 0, 0, 0, 0, 0, 0, 0, 0, 0, 0, 0]","[0, 0, 0, 1, 0, 0, 0, 0, 0, 0, 0, 0, 0, 0, 0]","[0, 0, 0, 1, 0, 0, 0, 0, 0, 0, 0, 0, 0, 0, 0]","[0, 0, 0, 0, 0, 0, 0, 0, 0, 0, 0, 0, 0, 1, 0]",0.3872,0.5131
Shielding_07,The shielding effect is responsible for which of the following periodic trends?,Decrease in atomic radius across a period.,Increase in ionization energy across a period.,Increase in atomic radius down a group.,Decrease in electronegativity across a period.,"Incorrect. Decrease in atomic radius is due to increasing Z_eff, which is a consequence of poor shielding.","Incorrect. Increase in IE is due to increasing Z_eff, again due to poor shielding.","Correct. Down a group, the addition of inner shells increases shielding, reducing Z_eff and increasing atomic radius.",Incorrect. Electronegativity increases across a period due to increasing Z_eff.,Shielding Effect,None (Foundation Concept),"[0.0, 1.2, 0.0, 0.0, 0.0, 0.0, 0.0, 0.0, 0.0, 0.0, 0.0, 0.0, 0.0, 0.0, 0.0, 0.0, 0.0, 0.0, 0.0, 0.0, 0.0, 0.0, 0.0, 0.0, 0.0, 0.0, 0.0, 0.0, 0.0, 0.0, 0.0, 0.0, 0.0, 0.0, 0.0, 0.0, 0.0, 0.0, 0.0, 0.0, 0.0, 0.0, 0.0, 0.0, 0.0, 0.0, 0.0, 0.0, 0.0, 0.0, 0.0, 0.0, 0.0, 0.0, 0.0, 0.0, 0.0, 0.0]",-1.0,3,"[0, 0, 0, 0, 0, 0, 1, 0, 0, 0, 0, 0, 0, 0, 0]","[0, 0, 0, 1, 0, 0, 0, 0, 0, 0, 0, 0, 0, 0, 0]","[0, 0, 0, 0, 0, 0, 0, 0, 0, 0, 0, 0, 0, 0, 0]","[0, 0, 0, 0, 0, 0, 0, 0, 0, 0, 0, 0, 0, 1, 0]",0.6119,0.2936
Shielding_08,Which of the following pairs of elements shows the greatest difference in shielding effect for their valence electrons?,Be and Mg,Na and K,Li and Na,C and Si,"Incorrect. Be (2s?) and Mg (3s?): Mg has one more shell, but the shielding increase is less than in alkali metals because the charge also changes.",Correct. Na (3s?) and K (4s?): K has an entire extra shell (n=3) that provides significant additional shielding.,"Incorrect. Li (2s?) and Na (3s?): Na has one more shell than Li, but the difference is less than between Na and K.","Incorrect. C (2s?2p?) and Si (3s?3p?): Si has one more shell, similar difference to Be-Mg.",Shielding Effect,None (Foundation Concept),"[0.0, 1.0, 0.0, 0.0, 0.0, 0.0, 0.0, 0.0, 0.0, 0.0, 0.0, 0.0, 0.0, 0.0, 0.0, 0.0, 0.0, 0.0, 0.0, 0.0, 0.0, 0.0, 0.0, 0.0, 0.0, 0.0, 0.0, 0.0, 0.0, 0.0, 0.0, 0.0, 0.0, 0.0, 0.0, 0.0, 0.0, 0.0, 0.0, 0.0, 0.0, 0.0, 0.0, 0.0, 0.0, 0.0, 0.0, 0.0, 0.0, 0.0, 0.0, 0.0, 0.0, 0.0, 0.0, 0.0, 0.0, 0.0]",-0.7,2,"[0, 0, 0, 0, 0, 0, 0, 0, 0, 0, 0, 0, 0, 0, 0]","[0, 0, 0, 0, 0, 0, 0, 0, 0, 0, 0, 0, 0, 0, 0]","[0, 0, 0, 1, 0, 0, 0, 0, 0, 0, 0, 0, 0, 0, 0]","[0, 0, 0, 0, 0, 0, 0, 0, 0, 0, 0, 0, 0, 1, 0]",0.3911,0.3054
Shielding_09,Consider the following statements about shielding: (I) Shielding is more effective when the inner electrons are in orbitals with lower l values. (II) Shielding increases down a group. Which of the following is correct?,Both I and II are true,Only I is true,Only II is true,Both I and II are false,"Correct. (I) Lower l orbitals penetrate better and shield more effectively. (II) Down a group, more inner shells increase shielding.",Incorrect.,Incorrect.,Incorrect. Both statements are true.,Shielding Effect,None (Foundation Concept),"[0.0, 1.5, 0.0, 0.0, 0.0, 0.0, 0.0, 0.0, 0.0, 0.0, 0.0, 0.0, 0.0, 0.0, 0.0, 0.0, 0.0, 0.0, 0.0, 0.0, 0.0, 0.0, 0.0, 0.0, 0.0, 0.0, 0.0, 0.0, 0.0, 0.0, 0.0, 0.0, 0.0, 0.0, 0.0, 0.0, 0.0, 0.0, 0.0, 0.0, 0.0, 0.0, 0.0, 0.0, 0.0, 0.0, 0.0, 0.0, 0.0, 0.0, 0.0, 0.0, 0.0, 0.0, 0.0, 0.0, 0.0, 0.0]",-1.0,1,"[0, 0, 0, 0, 0, 0, 0, 0, 0, 0, 0, 0, 0, 0, 0]","[0, 0, 0, 0, 0, 0, 0, 0, 0, 0, 0, 0, 0, 0, 0]","[0, 0, 0, 1, 0, 0, 0, 0, 0, 0, 0, 0, 0, 0, 0]","[0, 0, 0, 0, 0, 0, 0, 0, 0, 0, 0, 0, 0, 1, 0]",0.3711,0.5394
Shielding_10,Which of the following correctly describes the order of shielding power?,s > p > d > f,f > d > p > s,d > p > s > f,p > s > d > f,Correct. s orbitals have highest penetration and best shielding; f have poorest.,Incorrect. This is the reverse order.,Incorrect. d orbitals shield less than p.,Incorrect. p orbitals shield less than s.,Shielding Effect,None (Foundation Concept),"[0.0, 1.2, 0.0, 0.0, 0.0, 0.0, 0.0, 0.0, 0.0, 0.0, 0.0, 0.0, 0.0, 0.0, 0.0, 0.0, 0.0, 0.0, 0.0, 0.0, 0.0, 0.0, 0.0, 0.0, 0.0, 0.0, 0.0, 0.0, 0.0, 0.0, 0.0, 0.0, 0.0, 0.0, 0.0, 0.0, 0.0, 0.0, 0.0, 0.0, 0.0, 0.0, 0.0, 0.0, 0.0, 0.0, 0.0, 0.0, 0.0, 0.0, 0.0, 0.0, 0.0, 0.0, 0.0, 0.0, 0.0, 0.0]",-1.2,1,"[0, 0, 0, 0, 0, 0, 0, 0, 0, 0, 0, 0, 0, 0, 0]","[0, 0, 0, 1, 0, 0, 0, 0, 0, 0, 0, 0, 0, 0, 0]","[0, 0, 0, 1, 0, 0, 0, 0, 0, 0, 0, 0, 0, 0, 0]","[0, 0, 0, 0, 0, 0, 0, 0, 0, 0, 0, 0, 0, 1, 0]",0.4114,0.2933
OrbitalPen_01,What is orbital penetration in the context of atomic structure?,The ability of an electron to avoid the nucleus.,The tendency of an electron to move to a higher energy orbital.,The process of an electron being captured by the nucleus.,"The probability of an electron being found near the nucleus, reducing its shielding.",Incorrect. Penetration is about closeness to nucleus.,"Incorrect. This describes excitation, not penetration.",Incorrect. This is not penetration.,"Correct. Penetration refers to the electron's probability density close to the nucleus, which increases its effective nuclear charge.",Orbital Penetration,None (Foundation Concept),"[0.0, 0.0, 1.8, 0.0, 0.0, 0.0, 0.0, 0.0, 0.0, 0.0, 0.0, 0.0, 0.0, 0.0, 0.0, 0.0, 0.0, 0.0, 0.0, 0.0, 0.0, 0.0, 0.0, 0.0, 0.0, 0.0, 0.0, 0.0, 0.0, 0.0, 0.0, 0.0, 0.0, 0.0, 0.0, 0.0, 0.0, 0.0, 0.0, 0.0, 0.0, 0.0, 0.0, 0.0, 0.0, 0.0, 0.0, 0.0, 0.0, 0.0, 0.0, 0.0, 0.0, 0.0, 0.0, 0.0, 0.0, 0.0]",-1.2,4,"[0, 0, 0, 1, 0, 0, 0, 0, 0, 0, 0, 0, 0, 0, 0]","[0, 0, 0, 0, 0, 0, 0, 0, 0, 0, 0, 0, 0, 0, 0]","[0, 0, 0, 0, 0, 0, 0, 0, 0, 0, 1, 0, 0, 0, 0]","[0, 0, 0, 0, 0, 0, 0, 0, 0, 0, 0, 0, 0, 0, 0]",0.4038,0.1594
OrbitalPen_02,Which orbital has the highest penetration power?,4s,3s,3d,3p,"Incorrect. Although 4s is lower in energy than 3d for some atoms, within the same n, s always has highest penetration; here 3s has higher penetration than 4s because 4s is further from nucleus.","Correct. For a given n, s orbitals have the highest penetration.",Incorrect. 3d penetrates less than 3p.,Incorrect. 3p penetrates less than 3s.,Orbital Penetration,None (Foundation Concept),"[0.0, 0.0, 1.2, 0.0, 0.0, 0.0, 0.0, 0.0, 0.0, 0.0, 0.0, 0.0, 0.0, 0.0, 0.0, 0.0, 0.0, 0.0, 0.0, 0.0, 0.0, 0.0, 0.0, 0.0, 0.0, 0.0, 0.0, 0.0, 0.0, 0.0, 0.0, 0.0, 0.0, 0.0, 0.0, 0.0, 0.0, 0.0, 0.0, 0.0, 0.0, 0.0, 0.0, 0.0, 0.0, 0.0, 0.0, 0.0, 0.0, 0.0, 0.0, 0.0, 0.0, 0.0, 0.0, 0.0, 0.0, 0.0]",-1.0,2,"[0, 0, 0, 1, 0, 0, 0, 0, 0, 0, 0, 0, 0, 0, 0]","[0, 0, 0, 0, 0, 0, 0, 0, 0, 0, 0, 0, 0, 0, 0]","[0, 0, 0, 0, 0, 0, 0, 0, 0, 0, 0, 0, 0, 0, 0]","[0, 0, 0, 0, 0, 0, 0, 0, 0, 0, 0, 0, 0, 0, 0]",0.3256,0.1495
OrbitalPen_03,The order of penetration of orbitals is:,s = p = d = f,s > p > d > f,p > s > d > f,f > d > p > s,Incorrect. They differ due to radial nodes and shape.,Correct. Penetration decreases as azimuthal quantum number increases.,Incorrect. p penetrates less than s.,Incorrect. This is the reverse order.,Orbital Penetration,None (Foundation Concept),"[0.0, 0.0, 1.2, 0.0, 0.0, 0.0, 0.0, 0.0, 0.0, 0.0, 0.0, 0.0, 0.0, 0.0, 0.0, 0.0, 0.0, 0.0, 0.0, 0.0, 0.0, 0.0, 0.0, 0.0, 0.0, 0.0, 0.0, 0.0, 0.0, 0.0, 0.0, 0.0, 0.0, 0.0, 0.0, 0.0, 0.0, 0.0, 0.0, 0.0, 0.0, 0.0, 0.0, 0.0, 0.0, 0.0, 0.0, 0.0, 0.0, 0.0, 0.0, 0.0, 0.0, 0.0, 0.0, 0.0, 0.0, 0.0]",-1.2,2,"[0, 0, 0, 1, 0, 0, 0, 0, 0, 0, 0, 0, 0, 0, 0]","[0, 0, 0, 0, 0, 0, 0, 0, 0, 0, 0, 0, 0, 0, 0]","[0, 0, 0, 0, 0, 0, 0, 0, 0, 0, 1, 0, 0, 0, 0]","[0, 0, 0, 0, 0, 0, 0, 0, 0, 0, 1, 0, 0, 0, 0]",0.4118,0.2993
OrbitalPen_04,"The energy ordering of orbitals in multi-electron atoms (e.g., 4s lower than 3d) is primarily due to:",Relativistic effects,Nuclear charge,Electron-electron repulsion and penetration effects,Magnetic interactions,Incorrect. Relativistic effects become significant only for very heavy atoms.,Incorrect. Nuclear charge alone would give 3d lower energy.,"Correct. Penetration allows 4s electrons to be closer to the nucleus on average, lowering its energy compared to 3d, despite having higher n.",Incorrect. Magnetic interactions are not the primary cause.,Orbital Penetration,None (Foundation Concept),"[0.0, 0.0, 1.5, 0.0, 0.0, 0.0, 0.0, 0.0, 0.0, 0.0, 0.0, 0.0, 0.0, 0.0, 0.0, 0.0, 0.0, 0.0, 0.0, 0.0, 0.0, 0.0, 0.0, 0.0, 0.0, 0.0, 0.0, 0.0, 0.0, 0.0, 0.0, 0.0, 0.0, 0.0, 0.0, 0.0, 0.0, 0.0, 0.0, 0.0, 0.0, 0.0, 0.0, 0.0, 0.0, 0.0, 0.0, 0.0, 0.0, 0.0, 0.0, 0.0, 0.0, 0.0, 0.0, 0.0, 0.0, 0.0]",-0.8,3,"[0, 0, 0, 1, 0, 0, 0, 0, 0, 0, 0, 0, 0, 0, 0]","[0, 0, 0, 0, 0, 0, 0, 0, 0, 1, 0, 0, 0, 0, 0]","[0, 0, 0, 0, 0, 0, 0, 0, 0, 0, 0, 0, 0, 0, 0]","[0, 0, 0, 0, 0, 0, 0, 0, 0, 0, 1, 0, 0, 0, 0]",0.5965,0.4032
OrbitalPen_05,Which of the following statements about orbital penetration is correct?,A 2s electron has a higher probability of being near the nucleus than a 2p electron.,Penetration is independent of the principal quantum number.,Penetration increases with increasing azimuthal quantum number.,A 3d electron has a higher probability of being near the nucleus than a 3p electron.,"Correct. The 2s orbital has a radial node at the nucleus and a small inner lobe, giving it higher probability near the nucleus compared to 2p.","Incorrect. Penetration also depends on n; higher n orbitals have more nodes and can penetrate deeper, but within same n, l is the main factor.",Incorrect. Penetration decreases with increasing l.,"Incorrect. For the same n, p penetrates more than d.",Orbital Penetration,None (Foundation Concept),"[0.0, 0.0, 1.2, 0.0, 0.0, 0.0, 0.0, 0.0, 0.0, 0.0, 0.0, 0.0, 0.0, 0.0, 0.0, 0.0, 0.0, 0.0, 0.0, 0.0, 0.0, 0.0, 0.0, 0.0, 0.0, 0.0, 0.0, 0.0, 0.0, 0.0, 0.0, 0.0, 0.0, 0.0, 0.0, 0.0, 0.0, 0.0, 0.0, 0.0, 0.0, 0.0, 0.0, 0.0, 0.0, 0.0, 0.0, 0.0, 0.0, 0.0, 0.0, 0.0, 0.0, 0.0, 0.0, 0.0, 0.0, 0.0]",-1.0,1,"[0, 0, 0, 0, 0, 0, 0, 0, 0, 0, 0, 0, 0, 0, 0]","[0, 0, 0, 0, 0, 0, 0, 0, 0, 1, 0, 0, 0, 0, 0]","[0, 0, 0, 0, 0, 0, 0, 0, 0, 0, 1, 0, 0, 0, 0]","[0, 0, 0, 0, 0, 0, 0, 0, 0, 0, 1, 0, 0, 0, 0]",0.4166,0.2762
OrbitalPen_06,Penetration affects the effective nuclear charge (Z_eff) by:,Decreasing Z_eff for orbitals that penetrate better.,Having no effect on Z_eff.,Increasing Z_eff for orbitals that penetrate better.,Only affecting p and d orbitals.,"Incorrect. Better penetration leads to higher, not lower, Z_eff.",Incorrect. Penetration directly influences Z_eff.,Correct. A penetrating orbital experiences a higher Z_eff because it spends more time close to the nucleus.,"Incorrect. It affects all orbitals, but s orbitals most.",Orbital Penetration,None (Foundation Concept),"[0.0, 0.0, 1.5, 0.0, 0.0, 0.0, 0.0, 0.0, 0.0, 0.0, 0.0, 0.0, 0.0, 0.0, 0.0, 0.0, 0.0, 0.0, 0.0, 0.0, 0.0, 0.0, 0.0, 0.0, 0.0, 0.0, 0.0, 0.0, 0.0, 0.0, 0.0, 0.0, 0.0, 0.0, 0.0, 0.0, 0.0, 0.0, 0.0, 0.0, 0.0, 0.0, 0.0, 0.0, 0.0, 0.0, 0.0, 0.0, 0.0, 0.0, 0.0, 0.0, 0.0, 0.0, 0.0, 0.0, 0.0, 0.0]",-1.0,3,"[0, 0, 0, 1, 0, 0, 0, 0, 0, 0, 0, 0, 0, 0, 0]","[0, 0, 0, 0, 0, 0, 0, 0, 0, 1, 0, 0, 0, 0, 0]","[0, 0, 0, 0, 0, 0, 0, 0, 0, 0, 0, 0, 0, 0, 0]","[0, 0, 0, 0, 0, 0, 0, 0, 0, 0, 1, 0, 0, 0, 0]",0.635,0.3107
OrbitalPen_07,Which of the following explains why the 4s orbital is filled before the 3d orbital in the ground state electron configurations of potassium and calcium?,The 3d orbital has a higher azimuthal quantum number.,The 4s orbital has a higher energy than 3d.,The 4s orbital has higher penetration and thus lower energy than 3d.,The 4s orbital has a lower principal quantum number.,"Incorrect. While l is higher for 3d (l=2 vs l=0 for 4s), the main reason is penetration.",Incorrect. 4s is lower in energy for K and Ca.,"Correct. Due to penetration, the 4s orbital experiences a higher Z_eff and has lower energy than 3d for these atoms.",Incorrect. 4s has a higher n than 3d.,Orbital Penetration,None (Foundation Concept),"[0.0, 0.0, 1.5, 0.0, 0.0, 0.0, 0.0, 0.0, 0.0, 0.0, 0.0, 0.0, 0.0, 0.0, 0.0, 0.0, 0.0, 0.0, 0.0, 0.0, 0.0, 0.0, 0.0, 0.0, 0.0, 0.0, 0.0, 0.0, 0.0, 0.0, 0.0, 0.0, 0.0, 0.0, 0.0, 0.0, 0.0, 0.0, 0.0, 0.0, 0.0, 0.0, 0.0, 0.0, 0.0, 0.0, 0.0, 0.0, 0.0, 0.0, 0.0, 0.0, 0.0, 0.0, 0.0, 0.0, 0.0, 0.0]",-0.9,3,"[0, 0, 0, 1, 0, 0, 0, 0, 0, 0, 0, 0, 0, 0, 0]","[0, 0, 0, 0, 0, 0, 0, 0, 0, 1, 0, 0, 0, 0, 0]","[0, 0, 0, 0, 0, 0, 0, 0, 0, 0, 0, 0, 0, 0, 0]","[0, 0, 0, 0, 0, 0, 0, 0, 0, 0, 1, 0, 0, 0, 0]",0.4286,0.3469
OrbitalPen_08,The order of penetration for orbitals with the same principal quantum number n is:,np > ns > nd > nf,ns = np = nd = nf,nf > nd > np > ns,ns > np > nd > nf,Incorrect. s penetrates more than p.,Incorrect. They differ.,Incorrect. This is the reverse.,"Correct. s orbitals have highest penetration, then p, then d, then f.",Orbital Penetration,None (Foundation Concept),"[0.0, 0.0, 1.2, 0.0, 0.0, 0.0, 0.0, 0.0, 0.0, 0.0, 0.0, 0.0, 0.0, 0.0, 0.0, 0.0, 0.0, 0.0, 0.0, 0.0, 0.0, 0.0, 0.0, 0.0, 0.0, 0.0, 0.0, 0.0, 0.0, 0.0, 0.0, 0.0, 0.0, 0.0, 0.0, 0.0, 0.0, 0.0, 0.0, 0.0, 0.0, 0.0, 0.0, 0.0, 0.0, 0.0, 0.0, 0.0, 0.0, 0.0, 0.0, 0.0, 0.0, 0.0, 0.0, 0.0, 0.0, 0.0]",-1.2,4,"[0, 0, 0, 1, 0, 0, 0, 0, 0, 0, 0, 0, 0, 0, 0]","[0, 0, 0, 0, 0, 0, 0, 0, 0, 1, 0, 0, 0, 0, 0]","[0, 0, 0, 0, 0, 0, 0, 0, 0, 0, 1, 0, 0, 0, 0]","[0, 0, 0, 0, 0, 0, 0, 0, 0, 0, 0, 0, 0, 0, 0]",0.3998,0.2762
OrbitalPen_09,Which of the following correctly compares the penetration of a 2s electron in a beryllium atom and a 2s electron in a boron atom?,The 2s electron in B penetrates more because of higher nuclear charge.,Penetration is independent of atomic number.,The 2s electron in Be penetrates more because of lower nuclear charge.,Both have the same penetration because they are the same orbital type.,"Incorrect. This reverses the actual principle - penetration is a property of the orbital's radial distribution (n and l), not of the atom's nuclear charge.","Correct. Penetration is determined entirely by an orbital's quantum numbers (n and l); for the same orbital type (2s in both Be and B), penetration behavior is unaffected by the different nuclear charges.","Incorrect. Nuclear charge affects how tightly electron density is held, but it does not change which orbital type penetrates more toward the nucleus.","Incorrect. This is true but imprecise - penetration is independent of Z specifically because it depends only on the orbital's n and l values (option 3), not simply because the orbital 'type' is nominally the same.",Orbital Penetration,None (Foundation Concept),"[0.0, 0.0, 1.2, 0.0, 0.0, 0.0, 0.0, 0.0, 0.0, 0.0, 0.0, 0.0, 0.0, 0.0, 0.0, 0.0, 0.0, 0.0, 0.0, 0.0, 0.0, 0.0, 0.0, 0.0, 0.0, 0.0, 0.0, 0.0, 0.0, 0.0, 0.0, 0.0, 0.0, 0.0, 0.0, 0.0, 0.0, 0.0, 0.0, 0.0, 0.0, 0.0, 0.0, 0.0, 0.0, 0.0, 0.0, 0.0, 0.0, 0.0, 0.0, 0.0, 0.0, 0.0, 0.0, 0.0, 0.0, 0.0]",-0.9,2,"[0, 0, 0, 1, 0, 0, 0, 0, 0, 0, 0, 0, 0, 0, 0]","[0, 0, 0, 0, 0, 0, 0, 0, 0, 0, 0, 0, 0, 0, 0]","[0, 0, 0, 0, 0, 0, 0, 0, 0, 0, 1, 0, 0, 0, 0]","[0, 0, 0, 0, 0, 0, 0, 0, 0, 0, 1, 0, 0, 0, 0]",0.6595,0.3413
OrbitalPen_10,The fact that a 2s orbital has a small peak near the nucleus in its radial probability distribution is responsible for:,Its lower energy compared to 2p.,Its larger size compared to 2p.,Its higher energy compared to 2p.,Its inability to form bonds.,"Correct. The inner peak allows the 2s electron to experience greater Z_eff, lowering its energy relative to 2p.",Incorrect. Size is related to the average distance; 2s and 2p have similar size.,Incorrect. 2s is lower in energy than 2p due to penetration.,Incorrect. Both can form bonds.,Orbital Penetration,None (Foundation Concept),"[0.0, 0.0, 1.5, 0.0, 0.0, 0.0, 0.0, 0.0, 0.0, 0.0, 0.0, 0.0, 0.0, 0.0, 0.0, 0.0, 0.0, 0.0, 0.0, 0.0, 0.0, 0.0, 0.0, 0.0, 0.0, 0.0, 0.0, 0.0, 0.0, 0.0, 0.0, 0.0, 0.0, 0.0, 0.0, 0.0, 0.0, 0.0, 0.0, 0.0, 0.0, 0.0, 0.0, 0.0, 0.0, 0.0, 0.0, 0.0, 0.0, 0.0, 0.0, 0.0, 0.0, 0.0, 0.0, 0.0, 0.0, 0.0]",-1.0,1,"[0, 0, 0, 0, 0, 0, 0, 0, 0, 0, 0, 0, 0, 0, 0]","[0, 0, 0, 0, 0, 0, 0, 0, 0, 1, 0, 0, 0, 0, 0]","[0, 0, 0, 0, 0, 0, 0, 0, 0, 0, 0, 0, 0, 0, 0]","[0, 0, 0, 0, 0, 0, 0, 0, 0, 0, 1, 0, 0, 0, 0]",0.3911,0.3178
ElecRep_01,What is electron-electron repulsion in a multi-electron atom?,The force that causes electrons to pair in orbitals.,The attractive force between the nucleus and electrons.,The repulsive force between electrons due to their like charges.,The energy released when an electron is added to an atom.,"Incorrect. This is a consequence of repulsion, but not the definition.",Incorrect. That describes nuclear attraction.,Correct. Electron-electron repulsion is the electrostatic repulsion between negatively charged electrons.,Incorrect. This is electron gain enthalpy.,Electron-Electron Repulsion,None (Foundation Concept),"[0.0, 0.0, 0.0, 1.8, 0.0, 0.0, 0.0, 0.0, 0.0, 0.0, 0.0, 0.0, 0.0, 0.0, 0.0, 0.0, 0.0, 0.0, 0.0, 0.0, 0.0, 0.0, 0.0, 0.0, 0.0, 0.0, 0.0, 0.0, 0.0, 0.0, 0.0, 0.0, 0.0, 0.0, 0.0, 0.0, 0.0, 0.0, 0.0, 0.0, 0.0, 0.0, 0.0, 0.0, 0.0, 0.0, 0.0, 0.0, 0.0, 0.0, 0.0, 0.0, 0.0, 0.0, 0.0, 0.0, 0.0, 0.0]",-1.2,3,"[0, 0, 0, 0, 0, 0, 0, 1, 0, 0, 0, 0, 0, 0, 0]","[0, 0, 0, 0, 0, 0, 0, 0, 1, 0, 0, 0, 0, 0, 0]","[0, 0, 0, 0, 0, 0, 0, 0, 0, 0, 0, 0, 0, 0, 0]","[0, 0, 0, 0, 0, 1, 0, 0, 0, 0, 0, 0, 0, 0, 0]",0.4422,0.1564
ElecRep_02,How does electron-electron repulsion affect the effective nuclear charge (Z_eff) experienced by an electron?,It increases Z_eff because electrons attract each other.,"It only affects core electrons, not valence electrons.",It decreases Z_eff because repulsion counteracts nuclear attraction.,It has no effect on Z_eff.,Incorrect. Repulsion does not increase Z_eff.,"Incorrect. Repulsion affects all electrons, though valence electrons are influenced by inner electrons as well.","Correct. The repulsion from other electrons reduces the net nuclear pull, effectively decreasing Z_eff.","Incorrect. Electron-electron repulsion is part of the shielding effect, which directly affects Z_eff.",Electron-Electron Repulsion,None (Foundation Concept),"[0.0, 0.0, 0.0, 1.5, 0.0, 0.0, 0.0, 0.0, 0.0, 0.0, 0.0, 0.0, 0.0, 0.0, 0.0, 0.0, 0.0, 0.0, 0.0, 0.0, 0.0, 0.0, 0.0, 0.0, 0.0, 0.0, 0.0, 0.0, 0.0, 0.0, 0.0, 0.0, 0.0, 0.0, 0.0, 0.0, 0.0, 0.0, 0.0, 0.0, 0.0, 0.0, 0.0, 0.0, 0.0, 0.0, 0.0, 0.0, 0.0, 0.0, 0.0, 0.0, 0.0, 0.0, 0.0, 0.0, 0.0, 0.0]",-1.0,3,"[0, 0, 0, 0, 0, 0, 0, 0, 0, 0, 0, 0, 0, 0, 0]","[0, 0, 0, 0, 0, 0, 0, 0, 1, 0, 0, 0, 0, 0, 0]","[0, 0, 0, 0, 0, 0, 0, 0, 0, 0, 0, 0, 0, 0, 0]","[0, 0, 0, 0, 0, 1, 0, 0, 0, 0, 0, 0, 0, 0, 0]",0.6153,0.3134
ElecRep_03,The ionization energy of oxygen is lower than that of nitrogen despite oxygen having a higher nuclear charge. This is primarily due to:,Higher electron-electron repulsion in the 2p orbital of oxygen.,Higher shielding by inner electrons in oxygen.,Smaller atomic radius of oxygen.,Higher effective nuclear charge in oxygen.,"Correct. Oxygen has a paired electron in the 2p orbital, causing increased repulsion, making it easier to remove one electron.",Incorrect. Shielding from inner electrons is similar for N and O.,"Incorrect. Atomic radius of O is actually smaller, which would increase IE, but the observed IE is lower, so repulsion dominates.","Incorrect. Z_eff is higher for O, which would increase IE, but repulsion overcomes this effect.",Electron-Electron Repulsion,None (Foundation Concept),"[0.0, 0.0, 0.0, 1.5, 0.0, 0.0, 0.0, 0.0, 0.0, 0.0, 0.0, 0.0, 0.0, 0.0, 0.0, 0.0, 0.0, 0.0, 0.0, 0.0, 0.0, 0.0, 0.0, 0.0, 0.0, 0.0, 0.0, 0.0, 0.0, 0.0, 0.0, 0.0, 0.0, 0.0, 0.0, 0.0, 0.0, 0.0, 0.0, 0.0, 0.0, 0.0, 0.0, 0.0, 0.0, 0.0, 0.0, 0.0, 0.0, 0.0, 0.0, 0.0, 0.0, 0.0, 0.0, 0.0, 0.0, 0.0]",-1.0,1,"[0, 0, 0, 0, 0, 0, 0, 0, 0, 0, 0, 0, 0, 0, 0]","[0, 0, 0, 0, 0, 0, 0, 0, 0, 0, 0, 0, 0, 0, 0]","[0, 0, 0, 0, 0, 1, 0, 0, 0, 0, 0, 0, 0, 0, 0]","[0, 0, 0, 0, 0, 1, 0, 0, 0, 0, 0, 0, 0, 0, 0]",0.7318,0.3622
ElecRep_04,Which of the following statements about electron-electron repulsion is correct?,Repulsion decreases as the distance between electrons increases.,Repulsion between electrons in different subshells is always higher than in the same subshell.,Repulsion between two electrons in the same orbital is higher than between electrons in different orbitals of the same subshell.,Electron-electron repulsion does not depend on the orbital shapes.,Correct. Coulombic repulsion is inversely proportional to distance; greater distance means lower repulsion.,Incorrect. It depends on the specific subshells.,"Incorrect. Electrons in the same orbital do repel strongly due to their close proximity, but that is not the general principle being tested here; repulsion is governed by distance between charges regardless of which orbitals are involved.",Incorrect. Orbital shapes affect the probability distribution and thus average distances.,Electron-Electron Repulsion,None (Foundation Concept),"[0.0, 0.0, 0.0, 1.2, 0.0, 0.0, 0.0, 0.0, 0.0, 0.0, 0.0, 0.0, 0.0, 0.0, 0.0, 0.0, 0.0, 0.0, 0.0, 0.0, 0.0, 0.0, 0.0, 0.0, 0.0, 0.0, 0.0, 0.0, 0.0, 0.0, 0.0, 0.0, 0.0, 0.0, 0.0, 0.0, 0.0, 0.0, 0.0, 0.0, 0.0, 0.0, 0.0, 0.0, 0.0, 0.0, 0.0, 0.0, 0.0, 0.0, 0.0, 0.0, 0.0, 0.0, 0.0, 0.0, 0.0, 0.0]",-1.0,1,"[0, 0, 0, 0, 0, 0, 0, 0, 0, 0, 0, 0, 0, 0, 0]","[0, 0, 0, 0, 0, 0, 0, 0, 1, 0, 0, 0, 0, 0, 0]","[0, 0, 0, 0, 0, 1, 0, 0, 0, 0, 0, 0, 0, 0, 0]","[0, 0, 0, 0, 0, 1, 0, 0, 0, 0, 0, 0, 0, 0, 0]",0.4168,0.2921
ElecRep_05,The electron affinity (electron gain enthalpy) of fluorine is less than that of chlorine. This anomaly is partly attributed to:,Larger atomic radius of fluorine.,Lower electronegativity of fluorine.,Lower nuclear charge of fluorine.,Higher electron-electron repulsion in the small 2p orbital of fluorine.,"Incorrect. Fluorine has a smaller radius, not larger.","Incorrect. Fluorine is more electronegative than Cl, so this doesn't explain the anomaly.","Incorrect. Nuclear charge is lower in F (9 vs 17), but that alone would not cause the anomaly; the repulsion is key.","Correct. Fluorine's 2p subshell is very small; adding an electron increases repulsion significantly, making the process less exothermic than expected.",Electron-Electron Repulsion,None (Foundation Concept),"[0.0, 0.0, 0.0, 1.5, 0.0, 0.0, 0.0, 0.0, 0.0, 0.0, 0.0, 0.0, 0.0, 0.0, 0.0, 0.0, 0.0, 0.0, 0.0, 0.0, 0.0, 0.0, 0.0, 0.0, 0.0, 0.0, 0.0, 0.0, 0.0, 0.0, 0.0, 0.0, 0.0, 0.0, 0.0, 0.0, 0.0, 0.0, 0.0, 0.0, 0.0, 0.0, 0.0, 0.0, 0.0, 0.0, 0.0, 0.0, 0.0, 0.0, 0.0, 0.0, 0.0, 0.0, 0.0, 0.0, 0.0, 0.0]",-0.7,4,"[0, 0, 0, 0, 0, 0, 0, 1, 0, 0, 0, 0, 0, 0, 0]","[0, 0, 0, 0, 0, 0, 0, 0, 1, 0, 0, 0, 0, 0, 0]","[0, 0, 0, 0, 0, 1, 0, 0, 0, 0, 0, 0, 0, 0, 0]","[0, 0, 0, 0, 0, 0, 0, 0, 0, 0, 0, 0, 0, 0, 0]",0.4781,0.384
ElecRep_06,Which of the following experiences the greatest electron-electron repulsion in its valence shell?,Nitrogen atom (Z=7),Neon atom (Z=10),Oxygen atom (Z=8),Fluorine atom (Z=9),"Incorrect. N has 3 unpaired electrons, repulsion is present but not maximal.","Correct. Ne has 6 electrons in 2p, fully paired. The highest number of electrons in the same shell leads to maximum repulsion, though paired electrons in the same orbital cause the greatest repulsion. But Ne has three pairs, so total repulsion is highest.","Incorrect. O has 4 electrons in 2p, with one pair.","Incorrect. F has 5 electrons in 2p, with two pairs.",Electron-Electron Repulsion,None (Foundation Concept),"[0.0, 0.0, 0.0, 1.0, 0.0, 0.0, 0.0, 0.0, 0.0, 0.0, 0.0, 0.0, 0.0, 0.0, 0.0, 0.0, 0.0, 0.0, 0.0, 0.0, 0.0, 0.0, 0.0, 0.0, 0.0, 0.0, 0.0, 0.0, 0.0, 0.0, 0.0, 0.0, 0.0, 0.0, 0.0, 0.0, 0.0, 0.0, 0.0, 0.0, 0.0, 0.0, 0.0, 0.0, 0.0, 0.0, 0.0, 0.0, 0.0, 0.0, 0.0, 0.0, 0.0, 0.0, 0.0, 0.0, 0.0, 0.0]",-1.1,2,"[0, 0, 0, 0, 0, 0, 0, 1, 0, 0, 0, 0, 0, 0, 0]","[0, 0, 0, 0, 0, 0, 0, 0, 0, 0, 0, 0, 0, 0, 0]","[0, 0, 0, 0, 0, 1, 0, 0, 0, 0, 0, 0, 0, 0, 0]","[0, 0, 0, 0, 0, 1, 0, 0, 0, 0, 0, 0, 0, 0, 0]",0.3701,0.2978
ElecRep_07,The trend of decreasing atomic radius across a period is partly due to:,Increasing effective nuclear charge outweighing repulsion.,Increasing electron-electron repulsion expanding the atom.,Decreasing electron-electron repulsion.,Decreasing nuclear charge.,"Correct. Although repulsion increases, the increase in Z_eff is greater, pulling electrons closer.","Incorrect. Repulsion increases, but the effect of Z_eff dominates, causing contraction.",Incorrect. Repulsion actually increases across a period.,Incorrect. Nuclear charge increases.,Electron-Electron Repulsion,None (Foundation Concept),"[0.0, 0.0, 0.0, 1.2, 0.0, 0.0, 0.0, 0.0, 0.0, 0.0, 0.0, 0.0, 0.0, 0.0, 0.0, 0.0, 0.0, 0.0, 0.0, 0.0, 0.0, 0.0, 0.0, 0.0, 0.0, 0.0, 0.0, 0.0, 0.0, 0.0, 0.0, 0.0, 0.0, 0.0, 0.0, 0.0, 0.0, 0.0, 0.0, 0.0, 0.0, 0.0, 0.0, 0.0, 0.0, 0.0, 0.0, 0.0, 0.0, 0.0, 0.0, 0.0, 0.0, 0.0, 0.0, 0.0, 0.0, 0.0]",-1.0,1,"[0, 0, 0, 0, 0, 0, 0, 0, 0, 0, 0, 0, 0, 0, 0]","[0, 0, 0, 0, 0, 0, 0, 0, 1, 0, 0, 0, 0, 0, 0]","[0, 0, 0, 0, 0, 1, 0, 0, 0, 0, 0, 0, 0, 0, 0]","[0, 0, 0, 0, 0, 1, 0, 0, 0, 0, 0, 0, 0, 0, 0]",0.6265,0.2768
ElecRep_08,The energy required to remove an electron from an atom (ionization energy) is influenced by electron-electron repulsion. How does repulsion affect IE?,Repulsion has no effect on IE.,Higher repulsion makes it easier to remove an electron.,Repulsion only affects IE of cations.,Higher repulsion makes it harder to remove an electron.,Incorrect. Repulsion is a key factor in determining IE.,"Correct. Increased repulsion reduces the net attraction, lowering the energy needed to remove an electron.",Incorrect. Repulsion affects neutral atoms as well.,Incorrect. Repulsion actually helps remove an electron because the electron is less tightly held.,Electron-Electron Repulsion,None (Foundation Concept),"[0.0, 0.0, 0.0, 1.5, 0.0, 0.0, 0.0, 0.0, 0.0, 0.0, 0.0, 0.0, 0.0, 0.0, 0.0, 0.0, 0.0, 0.0, 0.0, 0.0, 0.0, 0.0, 0.0, 0.0, 0.0, 0.0, 0.0, 0.0, 0.0, 0.0, 0.0, 0.0, 0.0, 0.0, 0.0, 0.0, 0.0, 0.0, 0.0, 0.0, 0.0, 0.0, 0.0, 0.0, 0.0, 0.0, 0.0, 0.0, 0.0, 0.0, 0.0, 0.0, 0.0, 0.0, 0.0, 0.0, 0.0, 0.0]",-0.9,2,"[0, 0, 0, 0, 0, 0, 0, 1, 0, 0, 0, 0, 0, 0, 0]","[0, 0, 0, 0, 0, 0, 0, 0, 0, 0, 0, 0, 0, 0, 0]","[0, 0, 0, 0, 0, 1, 0, 0, 0, 0, 0, 0, 0, 0, 0]","[0, 0, 0, 0, 0, 1, 0, 0, 0, 0, 0, 0, 0, 0, 0]",0.4101,0.3895
ElecRep_09,Consider the following: (I) The ionization energy of O is lower than N. (II) The ionization energy of S is lower than P. These observations are both explained by:,Decreased atomic radius.,Electron-electron repulsion in the p? configuration.,Increased shielding.,Increased nuclear charge.,"Incorrect. Atomic radius decreases, which would increase IE, opposite to observation.","Correct. Both O and S have a p? configuration with one paired electron, leading to higher repulsion and lower IE compared to their preceding elements (p? half-filled stable configuration).",Incorrect. Shielding does not increase significantly.,"Incorrect. Nuclear charge is higher in O and S, which would increase IE, not decrease.",Electron-Electron Repulsion,None (Foundation Concept),"[0.0, 0.0, 0.0, 1.2, 0.0, 0.0, 0.0, 0.0, 0.0, 0.0, 0.0, 0.0, 0.0, 0.0, 0.0, 0.0, 0.0, 0.0, 0.0, 0.0, 0.0, 0.0, 0.0, 0.0, 0.0, 0.0, 0.0, 0.0, 0.0, 0.0, 0.0, 0.0, 0.0, 0.0, 0.0, 0.0, 0.0, 0.0, 0.0, 0.0, 0.0, 0.0, 0.0, 0.0, 0.0, 0.0, 0.0, 0.0, 0.0, 0.0, 0.0, 0.0, 0.0, 0.0, 0.0, 0.0, 0.0, 0.0]",-1.0,2,"[0, 0, 0, 0, 0, 0, 0, 0, 0, 0, 0, 0, 0, 0, 0]","[0, 0, 0, 0, 0, 0, 0, 0, 0, 0, 0, 0, 0, 0, 0]","[0, 0, 0, 0, 0, 1, 0, 0, 0, 0, 0, 0, 0, 0, 0]","[0, 0, 0, 0, 0, 1, 0, 0, 0, 0, 0, 0, 0, 0, 0]",0.3894,0.4963
ElecRep_10,Which of the following best describes the relationship between electron-electron repulsion and the shielding effect?,"Shielding is a consequence of electron-electron repulsion, but also involves orbital penetration.",Shielding is caused entirely by electron-electron repulsion.,Shielding and electron-electron repulsion are unrelated.,Electron-electron repulsion is the cause of the shielding effect.,"Correct. The shielding effect arises from both repulsion and the fact that inner electrons occupy space closer to the nucleus, reducing the net nuclear charge felt by outer electrons.",Incorrect. Shielding is not entirely caused by repulsion; it also involves the fact that inner electrons are between the nucleus and outer electrons.,Incorrect. They are closely related.,"Incorrect. Repulsion is part of it, but shielding also includes the spatial distribution of inner electrons.",Electron-Electron Repulsion,None (Foundation Concept),"[0.0, 0.0, 0.0, 1.5, 0.0, 0.0, 0.0, 0.0, 0.0, 0.0, 0.0, 0.0, 0.0, 0.0, 0.0, 0.0, 0.0, 0.0, 0.0, 0.0, 0.0, 0.0, 0.0, 0.0, 0.0, 0.0, 0.0, 0.0, 0.0, 0.0, 0.0, 0.0, 0.0, 0.0, 0.0, 0.0, 0.0, 0.0, 0.0, 0.0, 0.0, 0.0, 0.0, 0.0, 0.0, 0.0, 0.0, 0.0, 0.0, 0.0, 0.0, 0.0, 0.0, 0.0, 0.0, 0.0, 0.0, 0.0]",-1.0,1,"[0, 0, 0, 0, 0, 0, 0, 0, 0, 0, 0, 0, 0, 0, 0]","[0, 0, 0, 0, 0, 0, 0, 0, 1, 0, 0, 0, 0, 0, 0]","[0, 0, 0, 0, 0, 0, 0, 0, 0, 0, 0, 0, 0, 0, 0]","[0, 0, 0, 0, 0, 1, 0, 0, 0, 0, 0, 0, 0, 0, 0]",0.4041,0.2957
EnergySplit_01,What is meant by energy level splitting in atomic orbitals?,The process of electrons jumping between energy levels.,The separation of energy levels in a molecule.,The splitting of spectral lines in a magnetic field.,The phenomenon where orbitals of the same principal quantum number have different energies due to electron-electron interactions.,Incorrect. That describes electronic transitions.,Incorrect. That is molecular orbital splitting.,Incorrect. That describes the Zeeman effect.,"Correct. In multi-electron atoms, s, p, d orbitals of the same n have different energies due to shielding and penetration effects.",Energy Level Splitting in Atomic Orbitals,None (Foundation Concept),"[0.0, 0.0, 0.0, 0.0, 1.5, 0.0, 0.0, 0.0, 0.0, 0.0, 0.0, 0.0, 0.0, 0.0, 0.0, 0.0, 0.0, 0.0, 0.0, 0.0, 0.0, 0.0, 0.0, 0.0, 0.0, 0.0, 0.0, 0.0, 0.0, 0.0, 0.0, 0.0, 0.0, 0.0, 0.0, 0.0, 0.0, 0.0, 0.0, 0.0, 0.0, 0.0, 0.0, 0.0, 0.0, 0.0, 0.0, 0.0, 0.0, 0.0, 0.0, 0.0, 0.0, 0.0, 0.0, 0.0, 0.0, 0.0]",-1.2,4,"[0, 0, 0, 0, 0, 0, 0, 0, 0, 0, 0, 0, 0, 0, 0]","[0, 0, 0, 0, 0, 0, 0, 1, 0, 0, 0, 0, 0, 0, 0]","[0, 0, 0, 0, 0, 0, 0, 1, 0, 0, 0, 0, 0, 0, 0]","[0, 0, 0, 0, 0, 0, 0, 0, 0, 0, 0, 0, 0, 0, 0]",0.385,0.1714
EnergySplit_02,"In multi-electron atoms, the energy of a 3s orbital is lower than that of a 3p orbital because:",The 3s orbital has more electrons.,"The 3s orbital penetrates closer to the nucleus, experiencing higher Z_eff.",The 3s orbital has a lower principal quantum number.,The 3p orbital has a higher nuclear charge.,Incorrect. Number of electrons is not the determining factor for orbital energy ordering.,Correct. Penetration of the 3s orbital leads to lower energy.,Incorrect. Both have n=3.,Incorrect. The nuclear charge is the same for both orbitals in the same atom.,Energy Level Splitting in Atomic Orbitals,None (Foundation Concept),"[0.0, 0.0, 0.0, 0.0, 1.5, 0.0, 0.0, 0.0, 0.0, 0.0, 0.0, 0.0, 0.0, 0.0, 0.0, 0.0, 0.0, 0.0, 0.0, 0.0, 0.0, 0.0, 0.0, 0.0, 0.0, 0.0, 0.0, 0.0, 0.0, 0.0, 0.0, 0.0, 0.0, 0.0, 0.0, 0.0, 0.0, 0.0, 0.0, 0.0, 0.0, 0.0, 0.0, 0.0, 0.0, 0.0, 0.0, 0.0, 0.0, 0.0, 0.0, 0.0, 0.0, 0.0, 0.0, 0.0, 0.0, 0.0]",-1.0,2,"[0, 0, 0, 0, 0, 1, 0, 0, 0, 0, 0, 0, 0, 0, 0]","[0, 0, 0, 0, 0, 0, 0, 0, 0, 0, 0, 0, 0, 0, 0]","[0, 0, 0, 0, 0, 0, 0, 1, 0, 0, 0, 0, 0, 0, 0]","[0, 0, 0, 0, 0, 0, 0, 0, 0, 0, 0, 0, 0, 0, 1]",0.4192,0.2979
EnergySplit_03,Which of the following represents the correct order of increasing energy for orbitals with n=4 in a multi-electron atom?,4s = 4p = 4d = 4f,4p < 4s < 4d < 4f,4f < 4d < 4p < 4s,4s < 4p < 4d < 4f,Incorrect. They are not degenerate in multi-electron atoms.,Incorrect. s is lower than p.,Incorrect. This is the reverse order.,"Correct. Due to penetration, s has lowest energy, then p, then d, then f for the same n.",Energy Level Splitting in Atomic Orbitals,None (Foundation Concept),"[0.0, 0.0, 0.0, 0.0, 1.2, 0.0, 0.0, 0.0, 0.0, 0.0, 0.0, 0.0, 0.0, 0.0, 0.0, 0.0, 0.0, 0.0, 0.0, 0.0, 0.0, 0.0, 0.0, 0.0, 0.0, 0.0, 0.0, 0.0, 0.0, 0.0, 0.0, 0.0, 0.0, 0.0, 0.0, 0.0, 0.0, 0.0, 0.0, 0.0, 0.0, 0.0, 0.0, 0.0, 0.0, 0.0, 0.0, 0.0, 0.0, 0.0, 0.0, 0.0, 0.0, 0.0, 0.0, 0.0, 0.0, 0.0]",-1.2,4,"[0, 0, 0, 0, 0, 1, 0, 0, 0, 0, 0, 0, 0, 0, 0]","[0, 0, 0, 0, 0, 0, 0, 1, 0, 0, 0, 0, 0, 0, 0]","[0, 0, 0, 0, 0, 0, 0, 1, 0, 0, 0, 0, 0, 0, 0]","[0, 0, 0, 0, 0, 0, 0, 0, 0, 0, 0, 0, 0, 0, 0]",0.405,0.2987
EnergySplit_04,The splitting of energy levels in multi-electron atoms is primarily caused by:,Magnetic interactions between electrons.,Nuclear spin.,Relativistic effects.,Differences in the distance from the nucleus and orbital penetration.,Incorrect. Magnetic interactions cause fine structure but not the gross splitting.,"Incorrect. Nuclear spin affects hyperfine structure, not orbital energy ordering.",Incorrect. Relativistic effects are significant only for heavy atoms.,"Correct. Orbitals with different azimuthal quantum numbers have different radial distributions, leading to different average distances and penetration, hence different energies.",Energy Level Splitting in Atomic Orbitals,None (Foundation Concept),"[0.0, 0.0, 0.0, 0.0, 1.5, 0.0, 0.0, 0.0, 0.0, 0.0, 0.0, 0.0, 0.0, 0.0, 0.0, 0.0, 0.0, 0.0, 0.0, 0.0, 0.0, 0.0, 0.0, 0.0, 0.0, 0.0, 0.0, 0.0, 0.0, 0.0, 0.0, 0.0, 0.0, 0.0, 0.0, 0.0, 0.0, 0.0, 0.0, 0.0, 0.0, 0.0, 0.0, 0.0, 0.0, 0.0, 0.0, 0.0, 0.0, 0.0, 0.0, 0.0, 0.0, 0.0, 0.0, 0.0, 0.0, 0.0]",-1.0,4,"[0, 0, 0, 0, 0, 1, 0, 0, 0, 0, 0, 0, 0, 0, 0]","[0, 0, 0, 0, 0, 0, 0, 0, 0, 0, 0, 0, 0, 0, 0]","[0, 0, 0, 0, 0, 0, 0, 0, 0, 0, 0, 0, 0, 0, 0]","[0, 0, 0, 0, 0, 0, 0, 0, 0, 0, 0, 0, 0, 0, 0]",0.5534,0.2774
EnergySplit_05,Which of the following statements about energy level splitting is correct?,The 3d orbital has higher energy than 4s in all atoms.,Energy level splitting is independent of atomic number.,"In multi-electron atoms, orbitals with the same n but different l are non-degenerate.",The energy order of orbitals in hydrogen is the same as in multi-electron atoms.,"Incorrect. For K and Ca, 4s is lower than 3d; for transition metals, 3d becomes lower after filling.",Incorrect. Splitting depends on Z and electron configuration.,"Correct. Because of penetration, s, p, d, f orbitals of the same n have different energies.","Incorrect. In hydrogen, all orbitals with same n are degenerate.",Energy Level Splitting in Atomic Orbitals,None (Foundation Concept),"[0.0, 0.0, 0.0, 0.0, 1.2, 0.0, 0.0, 0.0, 0.0, 0.0, 0.0, 0.0, 0.0, 0.0, 0.0, 0.0, 0.0, 0.0, 0.0, 0.0, 0.0, 0.0, 0.0, 0.0, 0.0, 0.0, 0.0, 0.0, 0.0, 0.0, 0.0, 0.0, 0.0, 0.0, 0.0, 0.0, 0.0, 0.0, 0.0, 0.0, 0.0, 0.0, 0.0, 0.0, 0.0, 0.0, 0.0, 0.0, 0.0, 0.0, 0.0, 0.0, 0.0, 0.0, 0.0, 0.0, 0.0, 0.0]",-1.0,3,"[0, 0, 0, 0, 0, 1, 0, 0, 0, 0, 0, 0, 0, 0, 0]","[0, 0, 0, 0, 0, 0, 0, 1, 0, 0, 0, 0, 0, 0, 0]","[0, 0, 0, 0, 0, 0, 0, 0, 0, 0, 0, 0, 0, 0, 0]","[0, 0, 0, 0, 0, 0, 0, 0, 0, 0, 0, 0, 0, 0, 1]",0.4352,0.2819
EnergySplit_06,The phenomenon of energy level splitting explains why:,Ionization energy increases across a period.,The electron configuration of potassium is [Ar]4s? rather than [Ar]3d?.,Electronegativity increases across a period.,The atomic radius decreases across a period.,Incorrect. IE trend is due to Z_eff.,"Correct. Because 4s has lower energy than 3d in potassium, the 4s orbital is filled first.",Incorrect. Electronegativity trend is due to Z_eff and atomic size.,Incorrect. Radius trend is explained by Z_eff.,Energy Level Splitting in Atomic Orbitals,None (Foundation Concept),"[0.0, 0.0, 0.0, 0.0, 1.2, 0.0, 0.0, 0.0, 0.0, 0.0, 0.0, 0.0, 0.0, 0.0, 0.0, 0.0, 0.0, 0.0, 0.0, 0.0, 0.0, 0.0, 0.0, 0.0, 0.0, 0.0, 0.0, 0.0, 0.0, 0.0, 0.0, 0.0, 0.0, 0.0, 0.0, 0.0, 0.0, 0.0, 0.0, 0.0, 0.0, 0.0, 0.0, 0.0, 0.0, 0.0, 0.0, 0.0, 0.0, 0.0, 0.0, 0.0, 0.0, 0.0, 0.0, 0.0, 0.0, 0.0]",-1.0,2,"[0, 0, 0, 0, 0, 0, 0, 0, 0, 0, 0, 0, 0, 0, 0]","[0, 0, 0, 0, 0, 0, 0, 0, 0, 0, 0, 0, 0, 0, 0]","[0, 0, 0, 0, 0, 0, 0, 1, 0, 0, 0, 0, 0, 0, 0]","[0, 0, 0, 0, 0, 0, 0, 0, 0, 0, 0, 0, 0, 0, 1]",0.595,0.2843
EnergySplit_07,"The energy order of orbitals in multi-electron atoms is determined by the sum of (n + l). According to this, which of the following orbitals has the lowest energy?","3d (n=3, l=2)","5s (n=5, l=0)","4p (n=4, l=1)","4s (n=4, l=0)","Incorrect. 3d has (n+l)=5, higher than 4s.","Incorrect. 5s has (n+l)=5, but n is higher than 4s, so it has higher energy than 4s.","Incorrect. 4p has (n+l)=5, higher than 4s.","Correct. (n+l) for 4s = 4, for 3d = 5, for 4p = 5, for 5s = 5. Lower (n+l) gives lower energy; when equal, lower n gives lower energy. So 4s has lowest energy.",Energy Level Splitting in Atomic Orbitals,None (Foundation Concept),"[0.0, 0.0, 0.0, 0.0, 1.5, 0.0, 0.0, 0.0, 0.0, 0.0, 0.0, 0.0, 0.0, 0.0, 0.0, 0.0, 0.0, 0.0, 0.0, 0.0, 0.0, 0.0, 0.0, 0.0, 0.0, 0.0, 0.0, 0.0, 0.0, 0.0, 0.0, 0.0, 0.0, 0.0, 0.0, 0.0, 0.0, 0.0, 0.0, 0.0, 0.0, 0.0, 0.0, 0.0, 0.0, 0.0, 0.0, 0.0, 0.0, 0.0, 0.0, 0.0, 0.0, 0.0, 0.0, 0.0, 0.0, 0.0]",-0.8,4,"[0, 0, 0, 0, 0, 0, 0, 0, 0, 0, 0, 0, 0, 0, 0]","[0, 0, 0, 0, 0, 0, 0, 1, 0, 0, 0, 0, 0, 0, 0]","[0, 0, 0, 0, 0, 0, 0, 1, 0, 0, 0, 0, 0, 0, 0]","[0, 0, 0, 0, 0, 0, 0, 0, 0, 0, 0, 0, 0, 0, 0]",0.3557,0.4287
EnergySplit_08,Why does the 3d orbital have higher energy than the 4s orbital in the potassium atom?,Because 3d has a higher principal quantum number than 4s.,Because the 3d orbital has a higher azimuthal quantum number.,Because the 4s orbital has a higher nuclear charge.,"Because the 4s orbital penetrates more, reducing its energy relative to 3d.","Incorrect. This has the principal quantum numbers backwards - 3d has n=3, which is lower than 4s's n=4. Energy ordering here is governed mainly by penetration, not by n alone.","Incorrect. While l is higher for 3d, the main reason is penetration.",Incorrect. Nuclear charge is same for both orbitals in the same atom.,"Correct. In K, the 4s orbital's penetration makes its energy lower than 3d, despite having higher n.",Energy Level Splitting in Atomic Orbitals,None (Foundation Concept),"[0.0, 0.0, 0.0, 0.0, 1.5, 0.0, 0.0, 0.0, 0.0, 0.0, 0.0, 0.0, 0.0, 0.0, 0.0, 0.0, 0.0, 0.0, 0.0, 0.0, 0.0, 0.0, 0.0, 0.0, 0.0, 0.0, 0.0, 0.0, 0.0, 0.0, 0.0, 0.0, 0.0, 0.0, 0.0, 0.0, 0.0, 0.0, 0.0, 0.0, 0.0, 0.0, 0.0, 0.0, 0.0, 0.0, 0.0, 0.0, 0.0, 0.0, 0.0, 0.0, 0.0, 0.0, 0.0, 0.0, 0.0, 0.0]",-0.9,4,"[0, 0, 0, 0, 0, 0, 0, 0, 0, 0, 0, 0, 0, 0, 0]","[0, 0, 0, 0, 0, 0, 0, 0, 0, 0, 0, 0, 0, 0, 0]","[0, 0, 0, 0, 0, 0, 0, 1, 0, 0, 0, 0, 0, 0, 0]","[0, 0, 0, 0, 0, 0, 0, 0, 0, 0, 0, 0, 0, 0, 0]",0.3943,0.2857
EnergySplit_09,"Consider the following statements: (I) In hydrogen atom, 3s, 3p, and 3d orbitals have the same energy. (II) In multi-electron atoms, 3s, 3p, and 3d orbitals have different energies. Which is correct?",Only II is true,Both I and II are false,Both I and II are true,Only I is true,Incorrect.,Incorrect. Both are true.,"Correct. In hydrogen, only n determines energy (degenerate). In multi-electron atoms, l also matters, causing splitting.",Incorrect.,Energy Level Splitting in Atomic Orbitals,None (Foundation Concept),"[0.0, 0.0, 0.0, 0.0, 1.2, 0.0, 0.0, 0.0, 0.0, 0.0, 0.0, 0.0, 0.0, 0.0, 0.0, 0.0, 0.0, 0.0, 0.0, 0.0, 0.0, 0.0, 0.0, 0.0, 0.0, 0.0, 0.0, 0.0, 0.0, 0.0, 0.0, 0.0, 0.0, 0.0, 0.0, 0.0, 0.0, 0.0, 0.0, 0.0, 0.0, 0.0, 0.0, 0.0, 0.0, 0.0, 0.0, 0.0, 0.0, 0.0, 0.0, 0.0, 0.0, 0.0, 0.0, 0.0, 0.0, 0.0]",-1.0,3,"[0, 0, 0, 0, 0, 1, 0, 0, 0, 0, 0, 0, 0, 0, 0]","[0, 0, 0, 0, 0, 0, 0, 0, 0, 0, 0, 0, 0, 0, 0]","[0, 0, 0, 0, 0, 0, 0, 0, 0, 0, 0, 0, 0, 0, 0]","[0, 0, 0, 0, 0, 0, 0, 0, 0, 0, 0, 0, 0, 0, 0]",0.3583,0.5331
EnergySplit_10,The splitting of energy levels in multi-electron atoms leads to:,The Aufbau principle,The Heisenberg uncertainty principle,The Pauli exclusion principle,Hund's rule,Correct. The order in which orbitals are filled (Aufbau) is a direct consequence of the energy ordering (splitting) in multi-electron atoms.,Incorrect. Heisenberg principle deals with uncertainty in position and momentum.,Incorrect. Pauli principle deals with quantum numbers and electron identity.,Incorrect. Hund's rule deals with electron pairing within degenerate orbitals.,Energy Level Splitting in Atomic Orbitals,None (Foundation Concept),"[0.0, 0.0, 0.0, 0.0, 1.2, 0.0, 0.0, 0.0, 0.0, 0.0, 0.0, 0.0, 0.0, 0.0, 0.0, 0.0, 0.0, 0.0, 0.0, 0.0, 0.0, 0.0, 0.0, 0.0, 0.0, 0.0, 0.0, 0.0, 0.0, 0.0, 0.0, 0.0, 0.0, 0.0, 0.0, 0.0, 0.0, 0.0, 0.0, 0.0, 0.0, 0.0, 0.0, 0.0, 0.0, 0.0, 0.0, 0.0, 0.0, 0.0, 0.0, 0.0, 0.0, 0.0, 0.0, 0.0, 0.0, 0.0]",-1.0,1,"[0, 0, 0, 0, 0, 0, 0, 0, 0, 0, 0, 0, 0, 0, 0]","[0, 0, 0, 0, 0, 0, 0, 1, 0, 0, 0, 0, 0, 0, 0]","[0, 0, 0, 0, 0, 0, 0, 1, 0, 0, 0, 0, 0, 0, 0]","[0, 0, 0, 0, 0, 0, 0, 0, 0, 0, 0, 0, 0, 0, 1]",0.3715,0.2894
ChargeDensity_01,What is charge density (Z/r) of an ion?,The ratio of atomic number to atomic radius.,The ratio of mass to volume.,The product of charge and radius.,The ratio of ionic charge to ionic radius.,"Incorrect. Z/r for an atom is nuclear charge/radius, but for ions we consider ionic charge.","Incorrect. That is density, not charge density.","Incorrect. That would be charge ? radius, not charge density.","Correct. Charge density is the ionic charge divided by its radius, representing how concentrated the charge is.",Charge Density (Z/r) and Ionic Potential,None (Foundation Concept),"[0.0, 0.0, 0.0, 0.0, 0.0, 1.5, 0.0, 0.0, 0.0, 0.0, 0.0, 0.0, 0.0, 0.0, 0.0, 0.0, 0.0, 0.0, 0.0, 0.0, 0.0, 0.0, 0.0, 0.0, 0.0, 0.0, 0.0, 0.0, 0.0, 0.0, 0.0, 0.0, 0.0, 0.0, 0.0, 0.0, 0.0, 0.0, 0.0, 0.0, 0.0, 0.0, 0.0, 0.0, 0.0, 0.0, 0.0, 0.0, 0.0, 0.0, 0.0, 0.0, 0.0, 0.0, 0.0, 0.0, 0.0, 0.0]",-1.2,4,"[0, 0, 0, 1, 0, 0, 0, 0, 0, 0, 0, 0, 0, 0, 0]","[0, 0, 1, 0, 0, 0, 0, 0, 0, 0, 0, 0, 0, 0, 0]","[1, 0, 0, 0, 0, 0, 0, 0, 0, 0, 0, 0, 0, 0, 0]","[0, 0, 0, 0, 0, 0, 0, 0, 0, 0, 0, 0, 0, 0, 0]",0.4331,0.1945
ChargeDensity_02,Which of the following ions has the highest charge density?,Na?,Si??,Al??,Mg??,"Incorrect. Na? has charge +1, radius ~102 pm.","Correct. Si?? has +4, radius ~40 pm. Its charge/radius ratio is highest.","Incorrect. Al?? has +3, radius ~53.5 pm.","Incorrect. Mg?? has +2, radius ~72 pm.",Charge Density (Z/r) and Ionic Potential,None (Foundation Concept),"[0.0, 0.0, 0.0, 0.0, 0.0, 1.0, 0.0, 0.0, 0.0, 0.0, 0.0, 0.0, 0.0, 0.0, 0.0, 0.0, 0.0, 0.0, 0.0, 0.0, 0.0, 0.0, 0.0, 0.0, 0.0, 0.0, 0.0, 0.0, 0.0, 0.0, 0.0, 0.0, 0.0, 0.0, 0.0, 0.0, 0.0, 0.0, 0.0, 0.0, 0.0, 0.0, 0.0, 0.0, 0.0, 0.0, 0.0, 0.0, 0.0, 0.0, 0.0, 0.0, 0.0, 0.0, 0.0, 0.0, 0.0, 0.0]",-1.0,2,"[0, 0, 0, 1, 0, 0, 0, 0, 0, 0, 0, 0, 0, 0, 0]","[0, 0, 0, 0, 0, 0, 0, 0, 0, 0, 0, 0, 0, 0, 0]","[1, 0, 0, 0, 0, 0, 0, 0, 0, 0, 0, 0, 0, 0, 0]","[0, 0, 0, 0, 0, 0, 0, 0, 1, 0, 0, 0, 0, 0, 0]",0.3856,0.3029
ChargeDensity_03,Ionic potential (charge/radius) is a useful parameter to predict:,Polarizing power of a cation.,Magnetic behavior.,Color of a compound.,Melting point of metals.,Incorrect. Melting point of metals depends on metallic bonding.,Incorrect. Magnetic behavior depends on unpaired electrons.,Incorrect. Color is more related to d-d transitions in complexes.,"Correct. Higher charge density means greater polarizing power, which influences covalent character and other properties.",Charge Density (Z/r) and Ionic Potential,None (Foundation Concept),"[0.0, 0.0, 0.0, 0.0, 0.0, 1.2, 0.0, 0.0, 0.0, 0.0, 0.0, 0.0, 0.0, 0.0, 0.0, 0.0, 0.0, 0.0, 0.0, 0.0, 0.0, 0.0, 0.0, 0.0, 0.0, 0.0, 0.0, 0.0, 0.0, 0.0, 0.0, 0.0, 0.0, 0.0, 0.0, 0.0, 0.0, 0.0, 0.0, 0.0, 0.0, 0.0, 0.0, 0.0, 0.0, 0.0, 0.0, 0.0, 0.0, 0.0, 0.0, 0.0, 0.0, 0.0, 0.0, 0.0, 0.0, 0.0]",-1.0,4,"[0, 0, 0, 1, 0, 0, 0, 0, 0, 0, 0, 0, 0, 0, 0]","[0, 0, 1, 0, 0, 0, 0, 0, 0, 0, 0, 0, 0, 0, 0]","[1, 0, 0, 0, 0, 0, 0, 0, 0, 0, 0, 0, 0, 0, 0]","[0, 0, 0, 0, 0, 0, 0, 0, 0, 0, 0, 0, 0, 0, 0]",0.6174,0.3272
ChargeDensity_04,The ionic potential (charge/radius) of Be?? is much higher than that of Mg??. This explains why:,Be?? has a greater tendency to form covalent compounds.,Be?? forms more ionic compounds than Mg??.,Be?? is less polarizing than Mg??.,Be?? has a larger radius than Mg??.,"Correct. High charge density allows Be?? to polarize anions, leading to covalent bonding.",Incorrect. Higher ionic potential leads to more covalent character.,Incorrect. Be?? is more polarizing.,Incorrect. Be?? has a smaller radius.,Charge Density (Z/r) and Ionic Potential,None (Foundation Concept),"[0.0, 0.0, 0.0, 0.0, 0.0, 1.5, 0.0, 0.0, 0.0, 0.0, 0.0, 0.0, 0.0, 0.0, 0.0, 0.0, 0.0, 0.0, 0.0, 0.0, 0.0, 0.0, 0.0, 0.0, 0.0, 0.0, 0.0, 0.0, 0.0, 0.0, 0.0, 0.0, 0.0, 0.0, 0.0, 0.0, 0.0, 0.0, 0.0, 0.0, 0.0, 0.0, 0.0, 0.0, 0.0, 0.0, 0.0, 0.0, 0.0, 0.0, 0.0, 0.0, 0.0, 0.0, 0.0, 0.0, 0.0, 0.0]",-1.0,1,"[0, 0, 0, 0, 0, 0, 0, 0, 0, 0, 0, 0, 0, 0, 0]","[0, 0, 1, 0, 0, 0, 0, 0, 0, 0, 0, 0, 0, 0, 0]","[1, 0, 0, 0, 0, 0, 0, 0, 0, 0, 0, 0, 0, 0, 0]","[0, 0, 0, 0, 0, 0, 0, 0, 0, 0, 0, 0, 0, 0, 0]",0.3967,0.414
ChargeDensity_05,Which of the following trends in ionic potential is correct down a group?,First increases then decreases,Remains constant,Decreases,Increases,Incorrect.,Incorrect.,"Correct. As we go down a group, ionic radius increases significantly while charge remains the same, so charge density decreases.",Incorrect.,Charge Density (Z/r) and Ionic Potential,None (Foundation Concept),"[0.0, 0.0, 0.0, 0.0, 0.0, 1.2, 0.0, 0.0, 0.0, 0.0, 0.0, 0.0, 0.0, 0.0, 0.0, 0.0, 0.0, 0.0, 0.0, 0.0, 0.0, 0.0, 0.0, 0.0, 0.0, 0.0, 0.0, 0.0, 0.0, 0.0, 0.0, 0.0, 0.0, 0.0, 0.0, 0.0, 0.0, 0.0, 0.0, 0.0, 0.0, 0.0, 0.0, 0.0, 0.0, 0.0, 0.0, 0.0, 0.0, 0.0, 0.0, 0.0, 0.0, 0.0, 0.0, 0.0, 0.0, 0.0]",-1.2,3,"[0, 0, 0, 1, 0, 0, 0, 0, 0, 0, 0, 0, 0, 0, 0]","[0, 0, 0, 0, 0, 0, 0, 0, 0, 0, 0, 0, 0, 0, 0]","[0, 0, 0, 0, 0, 0, 0, 0, 0, 0, 0, 0, 0, 0, 0]","[0, 0, 0, 0, 0, 0, 0, 0, 1, 0, 0, 0, 0, 0, 0]",0.3515,0.2801
ChargeDensity_06,The high charge density of Al?? is responsible for:,Its ability to form [Al(H?O)?]?? which is acidic in water.,Its low melting point.,Its metallic luster.,Its high electrical conductivity.,"Correct. Al?? has high polarizing power; it polarizes water molecules, making the hydrated ion acidic.",Incorrect. Al has high melting point.,Incorrect. Metallic luster is due to free electrons.,"Incorrect. Conductivity is due to free electrons in metal, not directly charge density.",Charge Density (Z/r) and Ionic Potential,None (Foundation Concept),"[0.0, 0.0, 0.0, 0.0, 0.0, 1.2, 0.0, 0.0, 0.0, 0.0, 0.0, 0.0, 0.0, 0.0, 0.0, 0.0, 0.0, 0.0, 0.0, 0.0, 0.0, 0.0, 0.0, 0.0, 0.0, 0.0, 0.0, 0.0, 0.0, 0.0, 0.0, 0.0, 0.0, 0.0, 0.0, 0.0, 0.0, 0.0, 0.0, 0.0, 0.0, 0.0, 0.0, 0.0, 0.0, 0.0, 0.0, 0.0, 0.0, 0.0, 0.0, 0.0, 0.0, 0.0, 0.0, 0.0, 0.0, 0.0]",-0.9,1,"[0, 0, 0, 0, 0, 0, 0, 0, 0, 0, 0, 0, 0, 0, 0]","[0, 0, 1, 0, 0, 0, 0, 0, 0, 0, 0, 0, 0, 0, 0]","[1, 0, 0, 0, 0, 0, 0, 0, 0, 0, 0, 0, 0, 0, 0]","[0, 0, 0, 0, 0, 0, 0, 0, 1, 0, 0, 0, 0, 0, 0]",0.3845,0.3258
ChargeDensity_07,The ionic potential of Li? is higher than that of Na? because:,Li? has a lower charge.,Li? has a smaller radius.,Li? has a higher charge.,Li? has a larger radius.,Incorrect. Both have +1 charge.,Correct. Smaller radius for the same charge gives higher charge density.,Incorrect. Both have +1 charge.,Incorrect. Li? has smaller radius.,Charge Density (Z/r) and Ionic Potential,None (Foundation Concept),"[0.0, 0.0, 0.0, 0.0, 0.0, 1.2, 0.0, 0.0, 0.0, 0.0, 0.0, 0.0, 0.0, 0.0, 0.0, 0.0, 0.0, 0.0, 0.0, 0.0, 0.0, 0.0, 0.0, 0.0, 0.0, 0.0, 0.0, 0.0, 0.0, 0.0, 0.0, 0.0, 0.0, 0.0, 0.0, 0.0, 0.0, 0.0, 0.0, 0.0, 0.0, 0.0, 0.0, 0.0, 0.0, 0.0, 0.0, 0.0, 0.0, 0.0, 0.0, 0.0, 0.0, 0.0, 0.0, 0.0, 0.0, 0.0]",-1.0,2,"[0, 0, 0, 1, 0, 0, 0, 0, 0, 0, 0, 0, 0, 0, 0]","[0, 0, 0, 0, 0, 0, 0, 0, 0, 0, 0, 0, 0, 0, 0]","[1, 0, 0, 0, 0, 0, 0, 0, 0, 0, 0, 0, 0, 0, 0]","[0, 0, 0, 0, 0, 0, 0, 0, 1, 0, 0, 0, 0, 0, 0]",0.3873,0.355
ChargeDensity_08,The diagonal relationship between Li and Mg is explained by their:,Similar electronic configurations,Similar electronegativities,Similar ionic potentials (charge/radius),Similar atomic numbers,"Incorrect. Li has 2s?, Mg has 3s?.",Incorrect. Electronegativities are similar but not the primary reason.,"Correct. Li? and Mg?? have similar charge/radius ratios, leading to similar polarizing power and chemical behavior.","Incorrect. Li (Z=3), Mg (Z=12).",Charge Density (Z/r) and Ionic Potential,None (Foundation Concept),"[0.0, 0.0, 0.0, 0.0, 0.0, 1.5, 0.0, 0.0, 0.0, 0.0, 0.0, 0.0, 0.0, 0.0, 0.0, 0.0, 0.0, 0.0, 0.0, 0.0, 0.0, 0.0, 0.0, 0.0, 0.0, 0.0, 0.0, 0.0, 0.0, 0.0, 0.0, 0.0, 0.0, 0.0, 0.0, 0.0, 0.0, 0.0, 0.0, 0.0, 0.0, 0.0, 0.0, 0.0, 0.0, 0.0, 0.0, 0.0, 0.0, 0.0, 0.0, 0.0, 0.0, 0.0, 0.0, 0.0, 0.0, 0.0]",-0.8,3,"[0, 0, 0, 1, 0, 0, 0, 0, 0, 0, 0, 0, 0, 0, 0]","[0, 0, 1, 0, 0, 0, 0, 0, 0, 0, 0, 0, 0, 0, 0]","[0, 0, 0, 0, 0, 0, 0, 0, 0, 0, 0, 0, 0, 0, 0]","[0, 0, 0, 0, 0, 0, 0, 0, 1, 0, 0, 0, 0, 0, 0]",0.4191,0.2783
ChargeDensity_09,Which of the following statements about ionic potential is correct?,It is inversely proportional to ionic charge.,It is independent of both charge and radius.,It is directly proportional to ionic radius.,It is directly proportional to ionic charge and inversely proportional to radius.,Incorrect. It is directly proportional to charge.,Incorrect. It depends on both.,Incorrect. It is inversely proportional to radius.,"Correct. Ionic potential = charge / radius, so higher charge and smaller radius increase it.",Charge Density (Z/r) and Ionic Potential,None (Foundation Concept),"[0.0, 0.0, 0.0, 0.0, 0.0, 1.2, 0.0, 0.0, 0.0, 0.0, 0.0, 0.0, 0.0, 0.0, 0.0, 0.0, 0.0, 0.0, 0.0, 0.0, 0.0, 0.0, 0.0, 0.0, 0.0, 0.0, 0.0, 0.0, 0.0, 0.0, 0.0, 0.0, 0.0, 0.0, 0.0, 0.0, 0.0, 0.0, 0.0, 0.0, 0.0, 0.0, 0.0, 0.0, 0.0, 0.0, 0.0, 0.0, 0.0, 0.0, 0.0, 0.0, 0.0, 0.0, 0.0, 0.0, 0.0, 0.0]",-1.2,4,"[0, 0, 0, 1, 0, 0, 0, 0, 0, 0, 0, 0, 0, 0, 0]","[0, 0, 0, 0, 0, 0, 0, 0, 0, 0, 0, 0, 0, 0, 0]","[1, 0, 0, 0, 0, 0, 0, 0, 0, 0, 0, 0, 0, 0, 0]","[0, 0, 0, 0, 0, 0, 0, 0, 0, 0, 0, 0, 0, 0, 0]",0.4137,0.2909
ChargeDensity_10,A cation with high ionic potential will tend to:,Form ionic bonds easily.,Have a low charge.,Polarize anions and increase covalent character.,Have a large radius.,"Incorrect. High ionic potential leads to covalent character, not purely ionic.",Incorrect. High ionic potential often involves high charge.,"Correct. High charge density distorts the electron cloud of anions, leading to covalent bonding.",Incorrect. High ionic potential means small radius or high charge.,Charge Density (Z/r) and Ionic Potential,None (Foundation Concept),"[0.0, 0.0, 0.0, 0.0, 0.0, 1.2, 0.0, 0.0, 0.0, 0.0, 0.0, 0.0, 0.0, 0.0, 0.0, 0.0, 0.0, 0.0, 0.0, 0.0, 0.0, 0.0, 0.0, 0.0, 0.0, 0.0, 0.0, 0.0, 0.0, 0.0, 0.0, 0.0, 0.0, 0.0, 0.0, 0.0, 0.0, 0.0, 0.0, 0.0, 0.0, 0.0, 0.0, 0.0, 0.0, 0.0, 0.0, 0.0, 0.0, 0.0, 0.0, 0.0, 0.0, 0.0, 0.0, 0.0, 0.0, 0.0]",-1.0,3,"[0, 0, 0, 1, 0, 0, 0, 0, 0, 0, 0, 0, 0, 0, 0]","[0, 0, 0, 0, 0, 0, 0, 0, 0, 0, 0, 0, 0, 0, 0]","[0, 0, 0, 0, 0, 0, 0, 0, 0, 0, 0, 0, 0, 0, 0]","[0, 0, 0, 0, 0, 0, 0, 0, 1, 0, 0, 0, 0, 0, 0]",0.3865,0.281
Lattice_01,What is lattice energy?,The energy released when one mole of an ionic solid dissolves in water.,The energy required to vaporize one mole of an ionic solid.,The energy released when gaseous ions combine to form one mole of an ionic solid.,The energy required to separate one mole of an ionic solid into its gaseous ions.,"Incorrect. This describes hydration enthalpy, not lattice energy.","Incorrect. This is vaporization enthalpy, not lattice energy.","Incorrect. This describes the reverse process (lattice formation). Lattice energy is defined as the energy released upon formation, but often given as a positive value for dissociation. The standard IUPAC definition is the energy required to separate one mole of solid into gaseous ions. Option 3 is the correct definition.",Correct. Lattice energy is the energy required to completely separate one mole of an ionic compound into its gaseous ions. It is always positive.,Lattice Energy,Charge Density (Z/r) and Ionic Potential,"[0.0, 0.0, 0.0, 0.0, 0.0, 0.5, 1.5, 0.0, 0.0, 0.0, 0.0, 0.0, 0.0, 0.0, 0.0, 0.0, 0.0, 0.0, 0.0, 0.0, 0.0, 0.0, 0.0, 0.0, 0.0, 0.0, 0.0, 0.0, 0.0, 0.0, 0.0, 0.0, 0.0, 0.0, 0.0, 0.0, 0.0, 0.0, 0.0, 0.0, 0.0, 0.0, 0.0, 0.0, 0.0, 0.0, 0.0, 0.0, 0.0, 0.0, 0.0, 0.0, 0.0, 0.0, 0.0, 0.0, 0.0, 0.0]",-1.2,4,"[0, 0, 0, 0, 0, 0, 0, 0, 0, 1, 0, 0, 0, 0, 0]","[0, 0, 0, 0, 0, 0, 0, 0, 0, 0, 0, 0, 1, 0, 0]","[0, 0, 0, 0, 0, 0, 0, 0, 0, 1, 0, 0, 0, 0, 0]","[0, 0, 0, 0, 0, 0, 0, 0, 0, 0, 0, 0, 0, 0, 0]",0.4173,0.1735
Lattice_02,Which of the following factors primarily determines the magnitude of lattice energy of an ionic compound?,Both charge and size of the ions,The nature of the solvent,Charge on the ions only,Size of the ions only,Correct. Lattice energy is directly proportional to the product of ionic charges and inversely proportional to the sum of ionic radii (Kapustinskii equation).,"Incorrect. Solvent affects solubility, not lattice energy of the pure solid.",Incorrect. Charge alone is not enough; size also matters.,Incorrect. Size alone is not enough; charge also matters.,Lattice Energy,Charge Density (Z/r) and Ionic Potential,"[0.0, 0.0, 0.0, 0.0, 0.0, 1.0, 1.5, 0.0, 0.0, 0.0, 0.0, 0.0, 0.0, 0.0, 0.0, 0.0, 0.0, 0.0, 0.0, 0.0, 0.0, 0.0, 0.0, 0.0, 0.0, 0.0, 0.0, 0.0, 0.0, 0.0, 0.0, 0.0, 0.0, 0.0, 0.0, 0.0, 0.0, 0.0, 0.0, 0.0, 0.0, 0.0, 0.0, 0.0, 0.0, 0.0, 0.0, 0.0, 0.0, 0.0, 0.0, 0.0, 0.0, 0.0, 0.0, 0.0, 0.0, 0.0]",-1.0,1,"[0, 0, 0, 0, 0, 0, 0, 0, 0, 0, 0, 0, 0, 0, 0]","[0, 0, 0, 0, 0, 0, 0, 0, 0, 0, 0, 0, 1, 0, 0]","[0, 0, 0, 0, 0, 0, 0, 0, 0, 1, 0, 0, 0, 0, 0]","[0, 0, 1, 0, 0, 0, 0, 0, 0, 0, 0, 0, 0, 0, 0]",0.4173,0.3034
Lattice_03,"Among the following, which compound has the highest lattice energy?",KBr,CaO,MgO,NaCl,"Incorrect. KBr has +1/-1 and large ions, so lowest lattice energy.","Incorrect. CaO also has +2/-2 but Ca?? is larger than Mg??, so lattice energy is lower than MgO.","Correct. MgO has +2/-2 charges and small radii (Mg?? and O??), leading to very high lattice energy.",Incorrect. NaCl has +1/-1 charges and moderate radii.,Lattice Energy,Charge Density (Z/r) and Ionic Potential,"[0.0, 0.0, 0.0, 0.0, 0.0, 1.0, 1.0, 0.0, 0.0, 0.0, 0.0, 0.0, 0.0, 0.0, 0.0, 0.0, 0.0, 0.0, 0.0, 0.0, 0.0, 0.0, 0.0, 0.0, 0.0, 0.0, 0.0, 0.0, 0.0, 0.0, 0.0, 0.0, 0.0, 0.0, 0.0, 0.0, 0.0, 0.0, 0.0, 0.0, 0.0, 0.0, 0.0, 0.0, 0.0, 0.0, 0.0, 0.0, 0.0, 0.0, 0.0, 0.0, 0.0, 0.0, 0.0, 0.0, 0.0, 0.0]",0.0,3,"[0, 0, 0, 0, 0, 0, 0, 0, 0, 0, 0, 0, 0, 0, 0]","[0, 0, 0, 0, 0, 0, 0, 0, 0, 0, 0, 0, 1, 0, 0]","[0, 0, 0, 0, 0, 0, 0, 0, 0, 0, 0, 0, 0, 0, 0]","[0, 0, 1, 0, 0, 0, 0, 0, 0, 0, 0, 0, 0, 0, 0]",0.4136,0.2798
SigmaPi_02,Which of the following orbital overlaps would result in a pi (?) bond?,p-p overlap sidewise,s-s overlap,s-p overlap along the internuclear axis,p-p overlap end-to-end,"Correct. Sidewise overlap of two p-orbitals (or p-d, d-d) perpendicular to the internuclear axis results in a pi bond.",Incorrect. s-s overlap is always sigma.,Incorrect. End-to-end p-p or s-p along the axis gives sigma bond.,Incorrect. End-to-end p-p overlap gives a sigma bond.,Sigma and Pi Bonding in Molecular Orbitals,None (Foundation Concept),"[0.0, 0.0, 0.0, 0.0, 0.0, 0.0, 0.0, 0.0, 0.0, 1.5, 0.0, 0.0, 0.0, 0.0, 0.0, 0.0, 0.0, 0.0, 0.0, 0.0, 0.0, 0.0, 0.0, 0.0, 0.0, 0.0, 0.0, 0.0, 0.0, 0.0, 0.0, 0.0, 0.0, 0.0, 0.0, 0.0, 0.0, 0.0, 0.0, 0.0, 0.0, 0.0, 0.0, 0.0, 0.0, 0.0, 0.0, 0.0, 0.0, 0.0, 0.0, 0.0, 0.0, 0.0, 0.0, 0.0, 0.0, 0.0]",-1.0,1,"[0, 0, 0, 0, 0, 0, 0, 0, 0, 0, 0, 0, 0, 0, 0]","[0, 0, 0, 0, 0, 0, 0, 0, 0, 0, 0, 0, 0, 0, 0]","[0, 0, 0, 0, 0, 0, 1, 0, 0, 0, 0, 0, 0, 0, 0]","[0, 0, 0, 0, 0, 0, 0, 0, 0, 0, 0, 0, 0, 0, 0]",0.3346,0.3708
SigmaPi_03,Which statement correctly compares the strength of sigma and pi bonds?,Both bonds have equal strength.,Pi bonds are generally stronger than sigma bonds.,Sigma bonds are generally stronger than pi bonds.,"The strength depends only on the atoms involved, not on bond type.",Incorrect. Sigma bonds are typically stronger.,"Incorrect. Sidewise overlap in pi bonds is less effective, making them weaker.",Correct. Sigma bonds have greater orbital overlap and thus are stronger than pi bonds.,"Incorrect. While atomic size affects strength, for the same atoms, sigma bonds are stronger than pi bonds.",Sigma and Pi Bonding in Molecular Orbitals,None (Foundation Concept),"[0.0, 0.0, 0.0, 0.0, 0.0, 0.0, 0.0, 0.0, 0.0, 1.5, 0.0, 0.0, 0.0, 0.0, 0.0, 0.0, 0.0, 0.0, 0.0, 0.0, 0.0, 0.0, 0.0, 0.0, 0.0, 0.0, 0.0, 0.0, 0.0, 0.0, 0.0, 0.0, 0.0, 0.0, 0.0, 0.0, 0.0, 0.0, 0.0, 0.0, 0.0, 0.0, 0.0, 0.0, 0.0, 0.0, 0.0, 0.0, 0.0, 0.0, 0.0, 0.0, 0.0, 0.0, 0.0, 0.0, 0.0, 0.0]",-1.0,3,"[0, 0, 0, 0, 0, 0, 0, 0, 0, 0, 0, 0, 0, 1, 0]","[0, 1, 0, 0, 0, 0, 0, 0, 0, 0, 0, 0, 0, 0, 0]","[0, 0, 0, 0, 0, 0, 0, 0, 0, 0, 0, 0, 0, 0, 0]","[0, 0, 0, 0, 0, 0, 0, 1, 0, 0, 0, 0, 0, 0, 0]",0.393,0.2786
SigmaPi_04,A double bond consists of:,One sigma bond and one pi bond,Two pi bonds,Two sigma bonds,One sigma bond and two pi bonds,Correct. A double bond has one sigma (from end-to-end overlap) and one pi (from sidewise overlap).,"Incorrect. A double bond has one pi, not two.",Incorrect. Two sigma bonds cannot form between the same pair of atoms due to geometry.,Incorrect. That is a triple bond (one sigma + two pi).,Sigma and Pi Bonding in Molecular Orbitals,None (Foundation Concept),"[0.0, 0.0, 0.0, 0.0, 0.0, 0.0, 0.0, 0.0, 0.0, 1.2, 0.0, 0.0, 0.0, 0.0, 0.0, 0.0, 0.0, 0.0, 0.0, 0.0, 0.0, 0.0, 0.0, 0.0, 0.0, 0.0, 0.0, 0.0, 0.0, 0.0, 0.0, 0.0, 0.0, 0.0, 0.0, 0.0, 0.0, 0.0, 0.0, 0.0, 0.0, 0.0, 0.0, 0.0, 0.0, 0.0, 0.0, 0.0, 0.0, 0.0, 0.0, 0.0, 0.0, 0.0, 0.0, 0.0, 0.0, 0.0]",-1.2,1,"[0, 0, 0, 0, 0, 0, 0, 0, 0, 0, 0, 0, 0, 0, 0]","[0, 1, 0, 0, 0, 0, 0, 0, 0, 0, 0, 0, 0, 0, 0]","[0, 0, 0, 0, 0, 0, 1, 0, 0, 0, 0, 0, 0, 0, 0]","[0, 0, 0, 0, 0, 0, 0, 1, 0, 0, 0, 0, 0, 0, 0]",0.4168,0.3002
SigmaPi_05,Which of the following molecules contains both sigma and pi bonds?,CΔH°,H?,CH?,NH?,"Correct. Ethene (CΔH°) has a C=C double bond consisting of one sigma and one pi bond, plus C?H sigma bonds.",Incorrect. H? has only a sigma bond (s-s overlap).,Incorrect. CH? has only sigma bonds (C?H).,Incorrect. NH? has only sigma bonds (N?H).,Sigma and Pi Bonding in Molecular Orbitals,None (Foundation Concept),"[0.0, 0.0, 0.0, 0.0, 0.0, 0.0, 0.0, 0.0, 0.0, 1.0, 0.0, 0.0, 0.0, 0.0, 0.0, 0.0, 0.0, 0.0, 0.0, 0.0, 0.0, 0.0, 0.0, 0.0, 0.0, 0.0, 0.0, 0.0, 0.0, 0.0, 0.0, 0.0, 0.0, 0.0, 0.0, 0.0, 0.0, 0.0, 0.0, 0.0, 0.0, 0.0, 0.0, 0.0, 0.0, 0.0, 0.0, 0.0, 0.0, 0.0, 0.0, 0.0, 0.0, 0.0, 0.0, 0.0, 0.0, 0.0]",-1.0,1,"[0, 0, 0, 0, 0, 0, 0, 0, 0, 0, 0, 0, 0, 0, 0]","[0, 0, 0, 0, 0, 0, 0, 0, 0, 0, 0, 0, 0, 0, 0]","[0, 0, 0, 0, 0, 0, 1, 0, 0, 0, 0, 0, 0, 0, 0]","[0, 0, 0, 0, 0, 0, 0, 1, 0, 0, 0, 0, 0, 0, 0]",0.3744,0.2924
SigmaPi_06,The electron density in a pi bond is located:,Around the nuclei in a spherical distribution,Between the nuclei only,Above and below the plane containing the nuclei,Along the internuclear axis,Incorrect. That describes an s-orbital.,Incorrect. That is characteristic of sigma bonds.,Correct. Pi bonds have electron density concentrated above and below the internuclear axis (or on either side of the line joining the nuclei).,Incorrect. That describes a sigma bond.,Sigma and Pi Bonding in Molecular Orbitals,None (Foundation Concept),"[0.0, 0.0, 0.0, 0.0, 0.0, 0.0, 0.0, 0.0, 0.0, 1.5, 0.0, 0.0, 0.0, 0.0, 0.0, 0.0, 0.0, 0.0, 0.0, 0.0, 0.0, 0.0, 0.0, 0.0, 0.0, 0.0, 0.0, 0.0, 0.0, 0.0, 0.0, 0.0, 0.0, 0.0, 0.0, 0.0, 0.0, 0.0, 0.0, 0.0, 0.0, 0.0, 0.0, 0.0, 0.0, 0.0, 0.0, 0.0, 0.0, 0.0, 0.0, 0.0, 0.0, 0.0, 0.0, 0.0, 0.0, 0.0]",-1.1,3,"[0, 0, 0, 0, 0, 0, 0, 0, 0, 0, 0, 0, 0, 1, 0]","[0, 1, 0, 0, 0, 0, 0, 0, 0, 0, 0, 0, 0, 0, 0]","[0, 0, 0, 0, 0, 0, 0, 0, 0, 0, 0, 0, 0, 0, 0]","[0, 0, 0, 0, 0, 0, 0, 1, 0, 0, 0, 0, 0, 0, 0]",0.4102,0.2972
SigmaPi_07,Which of the following overlaps will not result in a sigma bond?,s-s,p-p sidewise,p-p end-to-end,s-p along the axis,Incorrect. s-s overlap is always sigma.,"Correct. Sidewise p-p overlap gives a pi bond, not sigma.",Incorrect. End-to-end p-p gives sigma.,Incorrect. s-p along the axis gives sigma.,Sigma and Pi Bonding in Molecular Orbitals,None (Foundation Concept),"[0.0, 0.0, 0.0, 0.0, 0.0, 0.0, 0.0, 0.0, 0.0, 1.2, 0.0, 0.0, 0.0, 0.0, 0.0, 0.0, 0.0, 0.0, 0.0, 0.0, 0.0, 0.0, 0.0, 0.0, 0.0, 0.0, 0.0, 0.0, 0.0, 0.0, 0.0, 0.0, 0.0, 0.0, 0.0, 0.0, 0.0, 0.0, 0.0, 0.0, 0.0, 0.0, 0.0, 0.0, 0.0, 0.0, 0.0, 0.0, 0.0, 0.0, 0.0, 0.0, 0.0, 0.0, 0.0, 0.0, 0.0, 0.0]",-1.0,2,"[0, 0, 0, 0, 0, 0, 0, 0, 0, 0, 0, 0, 0, 1, 0]","[0, 0, 0, 0, 0, 0, 0, 0, 0, 0, 0, 0, 0, 0, 0]","[0, 0, 0, 0, 0, 0, 1, 0, 0, 0, 0, 0, 0, 0, 0]","[0, 0, 0, 0, 0, 0, 0, 0, 0, 0, 0, 0, 0, 0, 0]",0.3551,0.2855
SigmaPi_08,"In the formation of a pi bond, the overlapping orbitals must be:",Oppositely oriented,Collinear with the internuclear axis,Parallel to each other and perpendicular to the internuclear axis,At an angle of 60? to each other,Incorrect. Orientation is not about being opposite.,Incorrect. That describes sigma bond formation.,"Correct. For sidewise overlap, the orbitals (usually p or d) are parallel and their axes are perpendicular to the line joining the nuclei.",Incorrect. That is not a standard overlap geometry.,Sigma and Pi Bonding in Molecular Orbitals,None (Foundation Concept),"[0.0, 0.0, 0.0, 0.0, 0.0, 0.0, 0.0, 0.0, 0.0, 1.5, 0.0, 0.0, 0.0, 0.0, 0.0, 0.0, 0.0, 0.0, 0.0, 0.0, 0.0, 0.0, 0.0, 0.0, 0.0, 0.0, 0.0, 0.0, 0.0, 0.0, 0.0, 0.0, 0.0, 0.0, 0.0, 0.0, 0.0, 0.0, 0.0, 0.0, 0.0, 0.0, 0.0, 0.0, 0.0, 0.0, 0.0, 0.0, 0.0, 0.0, 0.0, 0.0, 0.0, 0.0, 0.0, 0.0, 0.0, 0.0]",-1.0,3,"[0, 0, 0, 0, 0, 0, 0, 0, 0, 0, 0, 0, 0, 1, 0]","[0, 1, 0, 0, 0, 0, 0, 0, 0, 0, 0, 0, 0, 0, 0]","[0, 0, 0, 0, 0, 0, 0, 0, 0, 0, 0, 0, 0, 0, 0]","[0, 0, 0, 0, 0, 0, 0, 0, 0, 0, 0, 0, 0, 0, 0]",0.3993,0.2819
SigmaPi_09,Which of the following statements is correct?,Sigma bonds are always weaker than pi bonds.,Both sigma and pi bonds must always exist together.,A pi bond can exist independently without a sigma bond between the same two atoms.,A sigma bond can exist independently without a pi bond between the same two atoms.,Incorrect. Sigma bonds are stronger.,Incorrect. Single bonds are sigma only; pi bonds only appear in multiple bonds.,Incorrect. A pi bond cannot exist alone between two atoms because sigma bond is formed first; pi bond is an additional bond.,Correct. A single bond is always a sigma bond; it can exist without pi bonds.,Sigma and Pi Bonding in Molecular Orbitals,None (Foundation Concept),"[0.0, 0.0, 0.0, 0.0, 0.0, 0.0, 0.0, 0.0, 0.0, 1.2, 0.0, 0.0, 0.0, 0.0, 0.0, 0.0, 0.0, 0.0, 0.0, 0.0, 0.0, 0.0, 0.0, 0.0, 0.0, 0.0, 0.0, 0.0, 0.0, 0.0, 0.0, 0.0, 0.0, 0.0, 0.0, 0.0, 0.0, 0.0, 0.0, 0.0, 0.0, 0.0, 0.0, 0.0, 0.0, 0.0, 0.0, 0.0, 0.0, 0.0, 0.0, 0.0, 0.0, 0.0, 0.0, 0.0, 0.0, 0.0]",-1.0,4,"[0, 0, 0, 0, 0, 0, 0, 0, 0, 0, 0, 0, 0, 1, 0]","[0, 1, 0, 0, 0, 0, 0, 0, 0, 0, 0, 0, 0, 0, 0]","[0, 0, 0, 0, 0, 0, 1, 0, 0, 0, 0, 0, 0, 0, 0]","[0, 0, 0, 0, 0, 0, 0, 0, 0, 0, 0, 0, 0, 0, 0]",0.4309,0.3017
SigmaPi_10,The triple bond in nitrogen molecule (N?N) consists of:,One sigma bond and two pi bonds,Three sigma bonds,One sigma bond and one pi bond,Two sigma bonds and one pi bond,Correct. The triple bond is formed by one sigma bond (from end-to-end overlap of sp hybrid orbitals) and two pi bonds (from sidewise overlap of two sets of p-orbitals).,Incorrect. Three sigma bonds cannot occur between two atoms.,Incorrect. That describes a double bond.,Incorrect. That describes a double bond.,Sigma and Pi Bonding in Molecular Orbitals,None (Foundation Concept),"[0.0, 0.0, 0.0, 0.0, 0.0, 0.0, 0.0, 0.0, 0.0, 1.0, 0.0, 0.0, 0.0, 0.0, 0.0, 0.0, 0.0, 0.0, 0.0, 0.0, 0.0, 0.0, 0.0, 0.0, 0.0, 0.0, 0.0, 0.0, 0.0, 0.0, 0.0, 0.0, 0.0, 0.0, 0.0, 0.0, 0.0, 0.0, 0.0, 0.0, 0.0, 0.0, 0.0, 0.0, 0.0, 0.0, 0.0, 0.0, 0.0, 0.0, 0.0, 0.0, 0.0, 0.0, 0.0, 0.0, 0.0, 0.0]",-1.0,1,"[0, 0, 0, 0, 0, 0, 0, 0, 0, 0, 0, 0, 0, 0, 0]","[0, 1, 0, 0, 0, 0, 0, 0, 0, 0, 0, 0, 0, 0, 0]","[0, 0, 0, 0, 0, 0, 1, 0, 0, 0, 0, 0, 0, 0, 0]","[0, 0, 0, 0, 0, 0, 0, 1, 0, 0, 0, 0, 0, 0, 0]",0.3879,0.3573
AtomicRadius_01,What is the atomic radius of an element?,The distance from the nucleus to the outermost electron cloud.,The sum of the radii of two different atoms in a compound.,The distance from the nucleus to the first energy level.,Half the distance between the nuclei of two identical atoms bonded together.,Incorrect. This description is qualitative but not the standard operational definition.,"Incorrect. That would be the sum of two different radii, not the definition of atomic radius for an element.","Incorrect. This describes the radius of the first orbital, not the atomic radius.",Correct. Atomic radius is defined as half the internuclear distance between two identical atoms in a molecule or crystal.,Atomic Radius Trend,None (Foundation Concept),"[0.0, 0.0, 0.0, 0.0, 0.0, 0.0, 0.0, 0.0, 0.0, 0.0, 1.8, 0.0, 0.0, 0.0, 0.0, 0.0, 0.0, 0.0, 0.0, 0.0, 0.0, 0.0, 0.0, 0.0, 0.0, 0.0, 0.0, 0.0, 0.0, 0.0, 0.0, 0.0, 0.0, 0.0, 0.0, 0.0, 0.0, 0.0, 0.0, 0.0, 0.0, 0.0, 0.0, 0.0, 0.0, 0.0, 0.0, 0.0, 0.0, 0.0, 0.0, 0.0, 0.0, 0.0, 0.0, 0.0, 0.0, 0.0]",-0.8,4,"[0, 0, 1, 0, 0, 0, 0, 0, 0, 0, 0, 0, 0, 0, 0]","[0, 0, 0, 0, 0, 0, 0, 0, 0, 0, 0, 0, 0, 0, 0]","[0, 0, 0, 0, 0, 0, 0, 1, 0, 0, 0, 0, 0, 0, 0]","[0, 0, 0, 0, 0, 0, 0, 0, 0, 0, 0, 0, 0, 0, 0]",0.4358,0.1459
AtomicRadius_02,Which of the following correctly explains the trend in atomic radius across a period (left to right)?,Atomic radius first increases then decreases due to electron pairing.,Atomic radius decreases because effective nuclear charge increases while electrons are added to the same shell.,Atomic radius remains constant because the number of shells remains the same.,Atomic radius increases due to increased shielding.,"Incorrect. The trend is a steady decrease, not a peak and valley pattern.","Correct. As we move left to right, nuclear charge increases, but electrons are added to the same valence shell, so the effective nuclear charge increases, pulling electrons closer.","Incorrect. Although the number of shells is the same, the radius changes due to increasing Z_eff.","Incorrect. Shielding does not increase significantly across a period; in fact, it is poor.",Atomic Radius Trend,"Effective Nuclear Charge, Shielding Effect","[1.0, 0.5, 0.0, 0.0, 0.0, 0.0, 0.0, 0.0, 0.0, 0.0, 1.5, 0.0, 0.0, 0.0, 0.0, 0.0, 0.0, 0.0, 0.0, 0.0, 0.0, 0.0, 0.0, 0.0, 0.0, 0.0, 0.0, 0.0, 0.0, 0.0, 0.0, 0.0, 0.0, 0.0, 0.0, 0.0, 0.0, 0.0, 0.0, 0.0, 0.0, 0.0, 0.0, 0.0, 0.0, 0.0, 0.0, 0.0, 0.0, 0.0, 0.0, 0.0, 0.0, 0.0, 0.0, 0.0, 0.0, 0.0]",-0.5,2,"[0, 0, 1, 0, 0, 0, 0, 0, 0, 0, 0, 0, 0, 0, 0]","[0, 0, 0, 0, 0, 0, 0, 0, 0, 0, 0, 0, 0, 0, 0]","[0, 0, 0, 0, 0, 0, 0, 1, 0, 0, 0, 0, 0, 0, 0]","[0, 0, 1, 0, 0, 0, 0, 0, 0, 0, 0, 0, 0, 0, 0]",0.6379,0.3163
AtomicRadius_03,Why does the atomic radius of sodium (Na) is larger than that of chlorine (Cl)?,Cl has a higher number of electrons causing more repulsion.,Na has more electron shells than Cl.,Na has a higher effective nuclear charge.,Na has a lower effective nuclear charge and fewer protons pulling on the same shell electrons.,"Incorrect. More electrons do cause more repulsion, but the increased Z_eff dominates and reduces the radius.","Incorrect. Both are in period 3, so they have the same number of shells.",Incorrect. Na actually has a lower Z_eff for its valence electrons.,"Correct. Na (Z=11) has a lower nuclear charge than Cl (Z=17) and the added electrons in Cl are in the same n=3 shell, increasing Z_eff and shrinking the atom.",Atomic Radius Trend,"Effective Nuclear Charge, Shielding Effect","[1.0, 0.5, 0.0, 0.0, 0.0, 0.0, 0.0, 0.0, 0.0, 0.0, 1.2, 0.0, 0.0, 0.0, 0.0, 0.0, 0.0, 0.0, 0.0, 0.0, 0.0, 0.0, 0.0, 0.0, 0.0, 0.0, 0.0, 0.0, 0.0, 0.0, 0.0, 0.0, 0.0, 0.0, 0.0, 0.0, 0.0, 0.0, 0.0, 0.0, 0.0, 0.0, 0.0, 0.0, 0.0, 0.0, 0.0, 0.0, 0.0, 0.0, 0.0, 0.0, 0.0, 0.0, 0.0, 0.0, 0.0, 0.0]",-0.5,4,"[0, 0, 1, 0, 0, 0, 0, 0, 0, 0, 0, 0, 0, 0, 0]","[0, 0, 0, 0, 0, 0, 0, 0, 0, 0, 1, 0, 0, 0, 0]","[0, 0, 0, 0, 0, 0, 0, 0, 0, 0, 0, 0, 0, 0, 0]","[0, 0, 0, 0, 0, 0, 0, 0, 0, 0, 0, 0, 0, 0, 0]",0.6344,0.3584
AtomicRadius_04,The atomic radii of the elements in group 1 increase down the group because:,"The atomic mass increases, causing the atom to expand.",The effective nuclear charge increases down the group.,"The number of electron shells increases, and the shielding effect outweighs the increase in nuclear charge.",The number of valence electrons decreases down the group.,Incorrect. Atomic mass does not directly determine atomic radius.,Incorrect. Z_eff for valence electrons actually decreases down a group due to increased shielding.,"Correct. As we move down, new shells are added. The inner electrons shield the valence electrons from the increased nuclear charge, so the effective nuclear charge remains low and the radius increases.",Incorrect. The number of valence electrons remains the same (1 for group 1).,Atomic Radius Trend,"Effective Nuclear Charge, Shielding Effect","[1.0, 0.5, 0.0, 0.0, 0.0, 0.0, 0.0, 0.0, 0.0, 0.0, 1.2, 0.0, 0.0, 0.0, 0.0, 0.0, 0.0, 0.0, 0.0, 0.0, 0.0, 0.0, 0.0, 0.0, 0.0, 0.0, 0.0, 0.0, 0.0, 0.0, 0.0, 0.0, 0.0, 0.0, 0.0, 0.0, 0.0, 0.0, 0.0, 0.0, 0.0, 0.0, 0.0, 0.0, 0.0, 0.0, 0.0, 0.0, 0.0, 0.0, 0.0, 0.0, 0.0, 0.0, 0.0, 0.0, 0.0, 0.0]",-0.6,3,"[0, 0, 1, 0, 0, 0, 0, 0, 0, 0, 0, 0, 0, 0, 0]","[0, 0, 0, 0, 0, 0, 0, 0, 0, 0, 1, 0, 0, 0, 0]","[0, 0, 0, 0, 0, 0, 0, 0, 0, 0, 0, 0, 0, 0, 0]","[0, 0, 1, 0, 0, 0, 0, 0, 0, 0, 0, 0, 0, 0, 0]",0.6541,0.2798
AtomicRadius_05,Which of the following orders of atomic radius is correct for Group 1 elements?,Li > Na > K > Rb,Na > Li > Rb > K,K > Rb > Na > Li,Rb > K > Na > Li,"Incorrect. Atomic radius increases down the group, so this order is completely backwards.",Incorrect. This order is scrambled and does not follow the correct periodic trend.,"Incorrect. Rubidium (Rb) is below Potassium (K) on the periodic table, meaning Rb is larger.",Correct. Atomic radius increases down a group due to the successive addition of new electron shells.,Atomic Radius Trend,None (Foundation Concept),"[0.0, 0.0, 0.0, 0.0, 0.0, 0.0, 0.0, 0.0, 0.0, 0.0, 1.0, 0.0, 0.0, 0.0, 0.0, 0.0, 0.0, 0.0, 0.0, 0.0, 0.0, 0.0, 0.0, 0.0, 0.0, 0.0, 0.0, 0.0, 0.0, 0.0, 0.0, 0.0, 0.0, 0.0, 0.0, 0.0, 0.0, 0.0, 0.0, 0.0, 0.0, 0.0, 0.0, 0.0, 0.0, 0.0, 0.0, 0.0, 0.0, 0.0, 0.0, 0.0, 0.0, 0.0, 0.0, 0.0, 0.0, 0.0]",-0.4,4,"[0, 0, 0, 0, 0, 0, 0, 0, 0, 0, 0, 0, 0, 0, 0]","[0, 0, 0, 0, 0, 0, 0, 0, 0, 0, 0, 0, 0, 0, 0]","[0, 0, 0, 0, 0, 0, 0, 1, 0, 0, 0, 0, 0, 0, 0]","[0, 0, 0, 0, 0, 0, 0, 0, 0, 0, 0, 0, 0, 0, 0]",0.4489,0.2756
AtomicRadius_06,Which of the following statements about atomic radius is correct?,Anions are smaller than their parent atoms.,"Cations are smaller than their parent atoms, and anions are larger.",Cations are larger than their parent atoms.,Both cations and anions are larger than the parent atom.,"Incorrect. Anions have more electrons and increased electron-electron repulsion, so they are larger.","Correct. When an atom loses electrons to form a cation, the nuclear pull on the remaining electrons increases, reducing size. When it gains electrons to form an anion, electron repulsion increases and the size expands.","Incorrect. Cations have fewer electrons and higher effective nuclear charge per electron, so they are smaller.",Incorrect.,Atomic Radius Trend,"Effective Nuclear Charge, Shielding Effect","[0.8, 0.5, 0.0, 0.0, 0.0, 0.0, 0.0, 0.0, 0.0, 0.0, 1.2, 0.0, 0.0, 0.0, 0.0, 0.0, 0.0, 0.0, 0.0, 0.0, 0.0, 0.0, 0.0, 0.0, 0.0, 0.0, 0.0, 0.0, 0.0, 0.0, 0.0, 0.0, 0.0, 0.0, 0.0, 0.0, 0.0, 0.0, 0.0, 0.0, 0.0, 0.0, 0.0, 0.0, 0.0, 0.0, 0.0, 0.0, 0.0, 0.0, 0.0, 0.0, 0.0, 0.0, 0.0, 0.0, 0.0, 0.0]",-0.5,2,"[0, 0, 1, 0, 0, 0, 0, 0, 0, 0, 0, 0, 0, 0, 0]","[0, 0, 0, 0, 0, 0, 0, 0, 0, 0, 0, 0, 0, 0, 0]","[0, 0, 0, 0, 0, 0, 0, 1, 0, 0, 0, 0, 0, 0, 0]","[0, 0, 1, 0, 0, 0, 0, 0, 0, 0, 0, 0, 0, 0, 0]",0.4376,0.302
AtomicRadius_07,The atomic radius of gallium is slightly less than that of aluminum. This anomaly in the trend of group 13 is due to:,Aluminum having a higher effective nuclear charge.,Poor shielding by d-electrons in gallium.,Gallium having a higher atomic mass.,Gallium having a different crystal structure.,"Incorrect. Aluminum has lower Z, so it cannot have higher Z_eff than Ga for valence electrons.","Correct. Gallium has 3d?? electrons. These d-electrons provide poor shielding, so the effective nuclear charge for the 4p electron is higher, resulting in a smaller radius than expected.",Incorrect. Atomic mass does not directly correlate with radius.,Incorrect. Both are metals with similar structures; the cause is electronic.,Atomic Radius Trend,"Effective Nuclear Charge, Shielding Effect","[0.8, 1.0, 0.0, 0.0, 0.0, 0.0, 0.0, 0.0, 0.0, 0.0, 1.5, 0.0, 0.0, 0.0, 0.0, 0.0, 0.0, 0.0, 0.0, 0.0, 0.0, 0.0, 0.0, 0.0, 0.0, 0.0, 0.0, 0.0, 0.0, 0.0, 0.0, 0.0, 0.0, 0.0, 0.0, 0.0, 0.0, 0.0, 0.0, 0.0, 0.0, 0.0, 0.0, 0.0, 0.0, 0.0, 0.0, 0.0, 0.0, 0.0, 0.0, 0.0, 0.0, 0.0, 0.0, 0.0, 0.0, 0.0]",-0.2,2,"[0, 0, 0, 0, 0, 0, 0, 0, 0, 0, 0, 0, 0, 0, 0]","[0, 0, 0, 0, 0, 0, 0, 0, 0, 0, 0, 0, 0, 0, 0]","[0, 0, 0, 0, 0, 0, 0, 1, 0, 0, 0, 0, 0, 0, 0]","[0, 0, 1, 0, 0, 0, 0, 0, 0, 0, 0, 0, 0, 0, 0]",0.6451,0.3874
AtomicRadius_08,"Consider the isoelectronic species: Na?, Mg??, Al??, and Si??. Which of the following correctly orders them by decreasing ionic radius?",Si?? > Al?? > Mg?? > Na?,Al?? > Mg?? > Na? > Si??,Mg?? > Na? > Al?? > Si??,Na? > Mg?? > Al?? > Si??,Incorrect. This is the reverse order.,Incorrect. The order is not mixed; it strictly follows decreasing nuclear charge.,Incorrect. Na? should be larger than Mg??.,"Correct. For isoelectronic species, the one with the lowest nuclear charge has the largest radius. Na? (Z=11) has the lowest, then Mg?? (Z=12), Al?? (Z=13), Si?? (Z=14).",Atomic Radius Trend,Effective Nuclear Charge,"[1.0, 0.0, 0.0, 0.0, 0.0, 0.0, 0.0, 0.0, 0.0, 0.0, 1.2, 0.0, 0.0, 0.0, 0.0, 0.0, 0.0, 0.0, 0.0, 0.0, 0.0, 0.0, 0.0, 0.0, 0.0, 0.0, 0.0, 0.0, 0.0, 0.0, 0.0, 0.0, 0.0, 0.0, 0.0, 0.0, 0.0, 0.0, 0.0, 0.0, 0.0, 0.0, 0.0, 0.0, 0.0, 0.0, 0.0, 0.0, 0.0, 0.0, 0.0, 0.0, 0.0, 0.0, 0.0, 0.0, 0.0, 0.0]",-0.3,4,"[0, 0, 1, 0, 0, 0, 0, 0, 0, 0, 0, 0, 0, 0, 0]","[0, 0, 0, 0, 0, 0, 0, 0, 0, 0, 1, 0, 0, 0, 0]","[0, 0, 0, 0, 0, 0, 0, 1, 0, 0, 0, 0, 0, 0, 0]","[0, 0, 0, 0, 0, 0, 0, 0, 0, 0, 0, 0, 0, 0, 0]",0.4085,0.4675
AtomicRadius_09,The atomic radius of noble gases is measured as:,Covalent radius,Ionic radius,Metallic radius,Van der Waals radius,Incorrect. Noble gases do not form covalent bonds under standard conditions.,Incorrect. They do not typically form ions.,Incorrect. Noble gases are not metals.,"Correct. Since noble gases do not form bonds with each other, their atomic radius is taken as half the distance between two adjacent atoms in the solid state, known as the van der Waals radius.",Atomic Radius Trend,None (Foundation Concept),"[0.0, 0.0, 0.0, 0.0, 0.0, 0.0, 0.0, 0.0, 0.0, 0.0, 1.2, 0.0, 0.0, 0.0, 0.0, 0.0, 0.0, 0.0, 0.0, 0.0, 0.0, 0.0, 0.0, 0.0, 0.0, 0.0, 0.0, 0.0, 0.0, 0.0, 0.0, 0.0, 0.0, 0.0, 0.0, 0.0, 0.0, 0.0, 0.0, 0.0, 0.0, 0.0, 0.0, 0.0, 0.0, 0.0, 0.0, 0.0, 0.0, 0.0, 0.0, 0.0, 0.0, 0.0, 0.0, 0.0, 0.0, 0.0]",-0.6,4,"[0, 0, 1, 0, 0, 0, 0, 0, 0, 0, 0, 0, 0, 0, 0]","[0, 0, 0, 0, 0, 0, 0, 0, 0, 0, 1, 0, 0, 0, 0]","[0, 0, 0, 0, 0, 0, 0, 1, 0, 0, 0, 0, 0, 0, 0]","[0, 0, 0, 0, 0, 0, 0, 0, 0, 0, 0, 0, 0, 0, 0]",0.4448,0.2894
AtomicRadius_10,Which of the following elements has the largest atomic radius?,Carbon (C),Fluorine (F),Nitrogen (N),Oxygen (O),"Correct. Atomic radius decreases across a period from left to right, making Carbon (Group 14) the largest of these elements.","Incorrect. Fluorine is the furthest right in this period among the choices, making it the smallest element here.","Incorrect. Nitrogen is located to the right of Carbon, which means it experiences a higher effective nuclear charge and is smaller than Carbon.","Incorrect. Oxygen is located further to the right in the period than Carbon and Nitrogen, making its radius smaller.",Atomic Radius Trend,"Effective Nuclear Charge, Shielding Effect","[1.0, 1.0, 0.0, 0.0, 0.0, 0.0, 0.0, 0.0, 0.0, 0.0, 1.0, 0.0, 0.0, 0.0, 0.0, 0.0, 0.0, 0.0, 0.0, 0.0, 0.0, 0.0, 0.0, 0.0, 0.0, 0.0, 0.0, 0.0, 0.0, 0.0, 0.0, 0.0, 0.0, 0.0, 0.0, 0.0, 0.0, 0.0, 0.0, 0.0, 0.0, 0.0, 0.0, 0.0, 0.0, 0.0, 0.0, 0.0, 0.0, 0.0, 0.0, 0.0, 0.0, 0.0, 0.0, 0.0, 0.0, 0.0]",0.0,1,"[0, 0, 0, 0, 0, 0, 0, 0, 0, 0, 0, 0, 0, 0, 0]","[0, 0, 0, 0, 0, 0, 0, 1, 0, 0, 0, 0, 0, 0, 0]","[0, 0, 0, 0, 0, 0, 0, 0, 1, 0, 0, 0, 0, 0, 0]","[0, 0, 0, 0, 0, 1, 0, 0, 0, 0, 0, 0, 0, 0, 0]",0.4261,0.2789
IonizationEnthalpy_01,What is ionization enthalpy?,The energy released when an atom gains an electron.,The energy required to remove the most loosely bound electron from a gaseous atom.,The energy released when an atom loses an electron.,The energy required to add an electron to a gaseous atom.,Incorrect. That is electron gain enthalpy.,Correct. Ionization enthalpy is the minimum energy required to remove an electron from an isolated gaseous atom in its ground state.,"Incorrect. Ionization is endothermic, so energy is absorbed, not released.",Incorrect. That is electron gain enthalpy.,Ionization Enthalpy Trend,"Effective Nuclear Charge, Atomic Radius Trend","[0.5, 0.0, 0.0, 0.0, 0.0, 0.0, 0.0, 0.0, 0.0, 0.0, 0.5, 1.8, 0.0, 0.0, 0.0, 0.0, 0.0, 0.0, 0.0, 0.0, 0.0, 0.0, 0.0, 0.0, 0.0, 0.0, 0.0, 0.0, 0.0, 0.0, 0.0, 0.0, 0.0, 0.0, 0.0, 0.0, 0.0, 0.0, 0.0, 0.0, 0.0, 0.0, 0.0, 0.0, 0.0, 0.0, 0.0, 0.0, 0.0, 0.0, 0.0, 0.0, 0.0, 0.0, 0.0, 0.0, 0.0, 0.0]",-0.5,2,"[0, 0, 0, 0, 0, 0, 0, 0, 0, 0, 0, 0, 0, 1, 0]","[0, 0, 0, 0, 0, 0, 0, 0, 0, 0, 0, 0, 0, 0, 0]","[0, 0, 0, 0, 0, 0, 0, 0, 0, 0, 0, 0, 0, 0, 0]","[0, 0, 0, 0, 0, 0, 0, 0, 0, 0, 0, 0, 0, 1, 0]",0.4483,0.1741
IonizationEnthalpy_02,Which of the following correctly explains the trend in first ionization enthalpy across a period (left to right)?,It decreases because atomic radius increases.,It increases because effective nuclear charge increases and atomic radius decreases.,"It first increases, then decreases due to pairing of electrons.",It remains constant because the number of shells is constant.,"Incorrect. Atomic radius decreases, not increases.","Correct. Across a period, Z_eff increases and atomic size decreases, making it harder to remove an electron.","Incorrect. The general trend is increasing, with small exceptions (e.g., O lower than N).","Incorrect. Although the number of shells is constant, the increasing Z_eff raises the ionization enthalpy.",Ionization Enthalpy Trend,"Effective Nuclear Charge, Atomic Radius Trend","[1.0, 0.0, 0.0, 0.0, 0.0, 0.0, 0.0, 0.0, 0.0, 0.0, 0.5, 1.5, 0.0, 0.0, 0.0, 0.0, 0.0, 0.0, 0.0, 0.0, 0.0, 0.0, 0.0, 0.0, 0.0, 0.0, 0.0, 0.0, 0.0, 0.0, 0.0, 0.0, 0.0, 0.0, 0.0, 0.0, 0.0, 0.0, 0.0, 0.0, 0.0, 0.0, 0.0, 0.0, 0.0, 0.0, 0.0, 0.0, 0.0, 0.0, 0.0, 0.0, 0.0, 0.0, 0.0, 0.0, 0.0, 0.0]",-0.4,2,"[0, 0, 0, 0, 0, 0, 0, 0, 0, 0, 0, 0, 0, 1, 0]","[0, 0, 0, 0, 0, 0, 0, 0, 0, 0, 0, 0, 0, 0, 0]","[0, 0, 0, 0, 0, 0, 0, 0, 1, 0, 0, 0, 0, 0, 0]","[0, 0, 0, 0, 0, 0, 0, 0, 0, 0, 0, 0, 0, 1, 0]",0.6591,0.3303
IonizationEnthalpy_03,Why does the first ionization enthalpy of nitrogen (N) is higher than that of oxygen (O)?,Nitrogen has a half-filled 2p subshell which is more stable.,Oxygen has a smaller atomic radius.,Nitrogen has a higher effective nuclear charge.,Nitrogen has a higher electron gain enthalpy.,"Correct. The half-filled 2p? configuration in nitrogen has extra stability due to exchange energy and symmetry, making it harder to remove an electron.","Incorrect. Oxygen actually has a smaller radius, which would increase IE, but the observed IE is lower, so the half-filled stability overrides.","Incorrect. Oxygen has a higher nuclear charge (Z=8) than nitrogen (Z=7), so Z_eff is slightly higher for O.",Incorrect. Electron gain enthalpy is a different property; it does not directly explain ionization enthalpy.,Ionization Enthalpy Trend,"Effective Nuclear Charge, Atomic Radius Trend, Exchange Energy and Half-Filled Shell Stability","[1.0, 0.0, 0.0, 0.0, 0.0, 0.0, 0.0, 0.0, 0.0, 0.0, 1.0, 1.5, 0.0, 0.0, 0.0, 0.0, 0.0, 0.0, 0.0, 0.0, 0.0, 0.0, 0.0, 0.0, 0.0, 0.0, 0.0, 0.0, 0.0, 0.0, 0.0, 0.0, 0.0, 0.0, 0.0, 0.0, 0.0, 0.0, 0.0, 0.0, 0.0, 0.0, 0.0, 0.0, 0.0, 0.0, 0.0, 0.0, 0.0, 0.0, 0.0, 0.0, 0.0, 0.0, 0.0, 0.0, 0.0, 0.0]",-0.3,1,"[0, 0, 0, 0, 0, 0, 0, 0, 0, 0, 0, 0, 0, 0, 0]","[0, 0, 0, 0, 0, 0, 0, 0, 0, 1, 0, 0, 0, 0, 0]","[0, 0, 0, 0, 0, 0, 0, 0, 1, 0, 0, 0, 0, 0, 0]","[0, 0, 0, 0, 0, 0, 0, 0, 0, 0, 0, 0, 0, 1, 0]",0.6267,0.3655
IonizationEnthalpy_04,Which of the following orders of first ionization enthalpy is correct?,Na > Mg > Al > Si,F > O > N > C,B > Be > Li > Na,Li > Na > K > Rb,"Incorrect. Within period 3, the order is Na < Mg > Al < Si < P < S < Cl < Ar. Mg is higher than Al due to s? stability. So Na < Mg > Al is not strictly increasing.","Incorrect. F > O is true, but O > N is false; N > O. So overall false.","Incorrect. This order is wrong because Be actually has a higher first ionization enthalpy than B, due to the extra stability of the filled 2s2 configuration, so the order should begin Be > B, not B > Be.",Correct. Ionization enthalpy decreases down group 1.,Ionization Enthalpy Trend,"Effective Nuclear Charge, Atomic Radius Trend, Exchange Energy and Half-Filled Shell Stability","[1.2, 0.0, 0.0, 0.0, 0.0, 0.0, 0.0, 0.0, 0.0, 0.0, 0.5, 1.2, 0.0, 0.0, 0.0, 0.0, 0.0, 0.0, 0.0, 0.0, 0.0, 0.0, 0.0, 0.0, 0.0, 0.0, 0.0, 0.0, 0.0, 0.0, 0.0, 0.0, 0.0, 0.0, 0.0, 0.0, 0.0, 0.0, 0.0, 0.0, 0.0, 0.0, 0.0, 0.0, 0.0, 0.0, 0.0, 0.0, 0.0, 0.0, 0.0, 0.0, 0.0, 0.0, 0.0, 0.0, 0.0, 0.0]",-0.2,4,"[0, 0, 0, 0, 0, 0, 0, 0, 0, 0, 0, 0, 0, 0, 0]","[0, 0, 0, 0, 0, 0, 0, 0, 0, 1, 0, 0, 0, 0, 0]","[0, 0, 0, 0, 0, 0, 0, 0, 0, 0, 0, 0, 0, 0, 0]","[0, 0, 0, 0, 0, 0, 0, 0, 0, 0, 0, 0, 0, 0, 0]",0.4424,0.2816
IonizationEnthalpy_05,The first ionization enthalpy of magnesium is higher than that of aluminum because:,Mg has a higher effective nuclear charge.,Al has a higher electron gain enthalpy.,"Mg has a stable s? configuration, while Al has one electron in the p orbital that is easier to remove.",Mg has a smaller atomic radius than Al.,"Incorrect. The Z_eff for Al is slightly higher, but the configuration effect dominates.",Incorrect. Electron gain enthalpy is irrelevant here.,Correct. Mg (1s?2s?2p?3s?) has a filled 3s subshell; removing an electron disrupts this stable configuration. Al (3s?3p?) has a single p electron that is more easily removed despite a slightly higher nuclear charge.,"Incorrect. Mg does have a smaller radius, but the main reason is electronic configuration.",Ionization Enthalpy Trend,"Effective Nuclear Charge, Atomic Radius Trend, Exchange Energy and Half-Filled Shell Stability","[1.0, 0.0, 0.0, 0.0, 0.0, 0.0, 0.0, 0.0, 0.0, 0.0, 0.8, 1.2, 0.0, 0.0, 0.0, 0.0, 0.0, 0.0, 0.0, 0.0, 0.0, 0.0, 0.0, 0.0, 0.0, 0.0, 0.0, 0.0, 0.0, 0.0, 0.0, 0.0, 0.0, 0.0, 0.0, 0.0, 0.0, 0.0, 0.0, 0.0, 0.0, 0.0, 0.0, 0.0, 0.0, 0.0, 0.0, 0.0, 0.0, 0.0, 0.0, 0.0, 0.0, 0.0, 0.0, 0.0, 0.0, 0.0]",-0.3,3,"[0, 0, 0, 0, 0, 0, 0, 0, 0, 0, 0, 0, 0, 1, 0]","[0, 0, 0, 0, 0, 0, 0, 0, 0, 1, 0, 0, 0, 0, 0]","[0, 0, 0, 0, 0, 0, 0, 0, 0, 0, 0, 0, 0, 0, 0]","[0, 0, 0, 0, 0, 0, 0, 0, 0, 0, 0, 0, 0, 1, 0]",0.6288,0.302
IonizationEnthalpy_06,"The first ionization enthalpy of group 13 elements (B, Al, Ga, In, Tl) does not decrease smoothly down the group because:",The effective nuclear charge decreases down the group.,The number of valence electrons changes.,"The d and f electrons in heavier elements provide poor shielding, causing unexpected increases.",The atomic radius increases uniformly.,"Incorrect. Z_eff for valence electrons generally decreases, but the anomaly is due to shielding.",Incorrect. All have 3 valence electrons.,"Correct. Ga has 3d?? electrons that shield poorly, so its IE is higher than Al. Similarly, Tl has 4f?? and 5d??, causing higher IE than expected.","Incorrect. Radius does increase, but the anomaly is that IE does not always drop; it increases in some steps due to poor shielding.",Ionization Enthalpy Trend,"Effective Nuclear Charge, Shielding Effect, Orbital Penetration","[1.0, 1.0, 0.0, 0.0, 0.0, 0.0, 0.0, 0.0, 0.0, 0.0, 0.0, 1.5, 0.0, 0.0, 0.0, 0.0, 0.0, 0.0, 0.0, 0.0, 0.0, 0.0, 0.0, 0.0, 0.0, 0.0, 0.0, 0.0, 0.0, 0.0, 0.0, 0.0, 0.0, 0.0, 0.0, 0.0, 0.0, 0.0, 0.0, 0.0, 0.0, 0.0, 0.0, 0.0, 0.0, 0.0, 0.0, 0.0, 0.0, 0.0, 0.0, 0.0, 0.0, 0.0, 0.0, 0.0, 0.0, 0.0]",0.0,3,"[0, 0, 0, 0, 0, 0, 0, 0, 0, 0, 0, 0, 0, 1, 0]","[0, 0, 0, 0, 0, 0, 0, 0, 0, 0, 0, 0, 0, 0, 0]","[0, 0, 0, 0, 0, 0, 0, 0, 0, 0, 0, 0, 0, 0, 0]","[0, 0, 0, 0, 0, 0, 0, 0, 0, 0, 0, 0, 0, 1, 0]",0.6345,0.4705
IonizationEnthalpy_07,Which of the following elements has the highest first ionization enthalpy?,Boron (B),Beryllium (Be),Carbon (C),Lithium (Li),Incorrect. B has lower IE than Be.,"Incorrect. Be is higher than Li, but C is higher.","Correct. Across period 2, IE increases from Li to Ne; C has a higher IE than Be and B because of increasing Z_eff and decreasing size.",Incorrect. Li has the lowest in period 2.,Ionization Enthalpy Trend,"Effective Nuclear Charge, Atomic Radius Trend","[1.2, 0.0, 0.0, 0.0, 0.0, 0.0, 0.0, 0.0, 0.0, 0.0, 0.5, 1.0, 0.0, 0.0, 0.0, 0.0, 0.0, 0.0, 0.0, 0.0, 0.0, 0.0, 0.0, 0.0, 0.0, 0.0, 0.0, 0.0, 0.0, 0.0, 0.0, 0.0, 0.0, 0.0, 0.0, 0.0, 0.0, 0.0, 0.0, 0.0, 0.0, 0.0, 0.0, 0.0, 0.0, 0.0, 0.0, 0.0, 0.0, 0.0, 0.0, 0.0, 0.0, 0.0, 0.0, 0.0, 0.0, 0.0]",-0.4,3,"[0, 0, 0, 0, 0, 0, 0, 0, 0, 0, 0, 0, 0, 1, 0]","[0, 0, 0, 0, 0, 0, 0, 0, 0, 1, 0, 0, 0, 0, 0]","[0, 0, 0, 0, 0, 0, 0, 0, 0, 0, 0, 0, 0, 0, 0]","[0, 0, 0, 0, 0, 0, 0, 0, 0, 0, 0, 0, 0, 1, 0]",0.4007,0.2876
IonizationEnthalpy_08,The second ionization enthalpy of an element is always higher than its first ionization enthalpy because:,Both A and B,"The atom becomes smaller after losing one electron, and the nuclear charge remains the same.",The electron is removed from an inner shell.,The effective nuclear charge increases for the remaining electrons.,"Correct. After losing one electron, the cation has fewer electrons and a higher Z_eff per electron, and the ionic radius is smaller, making removal of a second electron more difficult.",Incorrect. This is true but incomplete.,"Incorrect. The second electron may be removed from the same shell or an inner shell, but the primary reason is the increased effective nuclear charge on the remaining electrons.",Incorrect. This is also true.,Ionization Enthalpy Trend,"Effective Nuclear Charge, Atomic Radius Trend","[0.8, 0.0, 0.0, 0.0, 0.0, 0.0, 0.0, 0.0, 0.0, 0.0, 0.5, 1.2, 0.0, 0.0, 0.0, 0.0, 0.0, 0.0, 0.0, 0.0, 0.0, 0.0, 0.0, 0.0, 0.0, 0.0, 0.0, 0.0, 0.0, 0.0, 0.0, 0.0, 0.0, 0.0, 0.0, 0.0, 0.0, 0.0, 0.0, 0.0, 0.0, 0.0, 0.0, 0.0, 0.0, 0.0, 0.0, 0.0, 0.0, 0.0, 0.0, 0.0, 0.0, 0.0, 0.0, 0.0, 0.0, 0.0]",-0.5,1,"[0, 0, 0, 0, 0, 0, 0, 0, 0, 0, 0, 0, 0, 0, 0]","[0, 0, 0, 0, 0, 0, 0, 0, 0, 1, 0, 0, 0, 0, 0]","[0, 0, 0, 0, 0, 0, 0, 0, 1, 0, 0, 0, 0, 0, 0]","[0, 0, 0, 0, 0, 0, 0, 0, 0, 0, 0, 0, 0, 1, 0]",0.4263,0.3094
IonizationEnthalpy_10,The exceptionally high second ionization enthalpy of sodium compared to magnesium is because:,Na has a smaller atomic radius than Mg.,"Na? has a stable noble gas configuration (Ne), while Mg? still has one electron in the 3s orbital.",Mg has a lower first ionization enthalpy.,Na has a higher effective nuclear charge.,"Incorrect. While Na is smaller, the main reason is the stable configuration of Na?.","Correct. Na? has the electron configuration of neon (1s?2s?2p?), which is very stable. Removing an electron from this core requires a huge amount of energy. Mg? still has one 3s electron, which is easier to remove.",Incorrect. This is true but does not explain the high second IE of Na.,"Incorrect. Na has lower nuclear charge, so this is false.",Ionization Enthalpy Trend,"Effective Nuclear Charge, Atomic Radius Trend, Exchange Energy and Half-Filled Shell Stability","[1.0, 0.0, 0.0, 0.0, 0.0, 0.0, 0.0, 0.0, 0.0, 0.0, 1.0, 1.2, 0.0, 0.0, 0.0, 0.0, 0.0, 0.0, 0.0, 0.0, 0.0, 0.0, 0.0, 0.0, 0.0, 0.0, 0.0, 0.0, 0.0, 0.0, 0.0, 0.0, 0.0, 0.0, 0.0, 0.0, 0.0, 0.0, 0.0, 0.0, 0.0, 0.0, 0.0, 0.0, 0.0, 0.0, 0.0, 0.0, 0.0, 0.0, 0.0, 0.0, 0.0, 0.0, 0.0, 0.0, 0.0, 0.0]",-0.3,2,"[0, 0, 0, 0, 0, 0, 0, 0, 0, 0, 0, 0, 0, 0, 0]","[0, 0, 0, 0, 0, 0, 0, 0, 0, 0, 0, 0, 0, 0, 0]","[0, 0, 0, 0, 0, 0, 0, 0, 1, 0, 0, 0, 0, 0, 0]","[0, 0, 0, 0, 0, 0, 0, 0, 0, 0, 0, 0, 0, 1, 0]",0.4948,0.2885
ElectronGainEnthalpy_01,What is electron gain enthalpy?,The energy required to add an electron to a solid atom.,The energy released when an atom loses an electron.,The energy released when an isolated gaseous atom gains an electron to form a negative ion.,The energy required to remove an electron from a negative ion.,Incorrect. Electron gain enthalpy is defined for gaseous atoms.,Incorrect. That is ionization enthalpy.,Correct. Electron gain enthalpy (?_egH) is the enthalpy change when a gaseous atom in its ground state adds an electron to form a gaseous anion.,Incorrect. That is the reverse of electron gain enthalpy.,Electron Gain Enthalpy Trend,"Effective Nuclear Charge, Atomic Radius Trend","[0.5, 0.0, 0.0, 0.0, 0.0, 0.0, 0.0, 0.0, 0.0, 0.0, 0.5, 0.0, 1.8, 0.0, 0.0, 0.0, 0.0, 0.0, 0.0, 0.0, 0.0, 0.0, 0.0, 0.0, 0.0, 0.0, 0.0, 0.0, 0.0, 0.0, 0.0, 0.0, 0.0, 0.0, 0.0, 0.0, 0.0, 0.0, 0.0, 0.0, 0.0, 0.0, 0.0, 0.0, 0.0, 0.0, 0.0, 0.0, 0.0, 0.0, 0.0, 0.0, 0.0, 0.0, 0.0, 0.0, 0.0, 0.0]",-0.5,3,"[0, 0, 0, 0, 0, 0, 0, 0, 0, 0, 0, 0, 0, 1, 0]","[0, 0, 0, 0, 0, 0, 0, 0, 0, 0, 0, 0, 1, 0, 0]","[0, 0, 0, 0, 0, 0, 0, 0, 0, 0, 0, 0, 0, 0, 0]","[0, 1, 0, 0, 0, 0, 0, 0, 0, 0, 0, 0, 0, 0, 0]",0.5104,0.145
ElectronGainEnthalpy_02,Why does electron gain enthalpy become more negative across a period (left to right) in the periodic table?,"Atomic radius increases, allowing easier addition of electron.","Shielding effect increases, making it easier to add an electron.","Effective nuclear charge increases, attracting the incoming electron more strongly.","The number of valence electrons decreases, creating more space.",Incorrect. Atomic radius decreases across a period.,Incorrect. Shielding does not increase significantly; poor shielding helps increase Z_eff.,"Correct. As we move left to right, Z_eff increases, so the incoming electron is attracted more strongly, releasing more energy (more negative ?_egH).",Incorrect. The number of valence electrons increases.,Electron Gain Enthalpy Trend,"Effective Nuclear Charge, Atomic Radius Trend","[1.0, 0.0, 0.0, 0.0, 0.0, 0.0, 0.0, 0.0, 0.0, 0.0, 0.5, 0.0, 1.5, 0.0, 0.0, 0.0, 0.0, 0.0, 0.0, 0.0, 0.0, 0.0, 0.0, 0.0, 0.0, 0.0, 0.0, 0.0, 0.0, 0.0, 0.0, 0.0, 0.0, 0.0, 0.0, 0.0, 0.0, 0.0, 0.0, 0.0, 0.0, 0.0, 0.0, 0.0, 0.0, 0.0, 0.0, 0.0, 0.0, 0.0, 0.0, 0.0, 0.0, 0.0, 0.0, 0.0, 0.0, 0.0]",-0.4,3,"[0, 0, 0, 0, 0, 0, 0, 0, 0, 0, 0, 0, 0, 1, 0]","[0, 0, 0, 0, 0, 0, 0, 0, 0, 0, 0, 0, 1, 0, 0]","[0, 0, 0, 0, 0, 0, 0, 0, 0, 0, 0, 0, 0, 0, 0]","[0, 1, 0, 0, 0, 0, 0, 0, 0, 0, 0, 0, 0, 0, 0]",0.661,0.3285
ElectronGainEnthalpy_03,The electron gain enthalpy of fluorine is less negative than that of chlorine. This is due to:,Chlorine has a smaller atomic radius.,Fluorine has a more stable half-filled configuration.,Fluorine has a higher effective nuclear charge.,"Fluorine has a smaller atomic radius, leading to greater electron-electron repulsion.",Incorrect. Chlorine has a larger radius.,Incorrect. Fluorine does not have a half-filled configuration.,"Incorrect. Fluorine does have higher Z_eff, but that would make ?_egH more negative; the observed anomaly is due to repulsion.","Correct. The small size of fluorine causes high electron density and repulsion when an extra electron is added, making the process less exothermic than expected.",Electron Gain Enthalpy Trend,"Effective Nuclear Charge, Atomic Radius Trend, Electron-Electron Repulsion","[1.0, 0.0, 0.0, 0.0, 0.0, 0.0, 0.0, 0.0, 0.0, 0.0, 1.0, 0.0, 1.5, 0.0, 0.0, 0.0, 0.0, 0.0, 0.0, 0.0, 0.0, 0.0, 0.0, 0.0, 0.0, 0.0, 0.0, 0.0, 0.0, 0.0, 0.0, 0.0, 0.0, 0.0, 0.0, 0.0, 0.0, 0.0, 0.0, 0.0, 0.0, 0.0, 0.0, 0.0, 0.0, 0.0, 0.0, 0.0, 0.0, 0.0, 0.0, 0.0, 0.0, 0.0, 0.0, 0.0, 0.0, 0.0]",-0.2,4,"[0, 0, 0, 0, 0, 0, 0, 0, 0, 0, 0, 0, 0, 1, 0]","[0, 0, 0, 0, 0, 0, 0, 0, 0, 0, 0, 0, 1, 0, 0]","[0, 0, 0, 0, 0, 0, 0, 0, 0, 0, 0, 0, 0, 0, 1]","[0, 0, 0, 0, 0, 0, 0, 0, 0, 0, 0, 0, 0, 0, 0]",0.647,0.3443
ElectronGainEnthalpy_04,"Which of the following elements has the most negative (i.e., highest exothermic) electron gain enthalpy?",Bromine (Br),Fluorine (F),Iodine (I),Chlorine (Cl),"Incorrect. Br is larger than Cl, so less exothermic.",Incorrect. F is less negative than Cl due to repulsion.,"Incorrect. I is even larger, least exothermic.",Correct. Cl has the most negative electron gain enthalpy among halogens because its size is optimal to accommodate an extra electron with minimal repulsion.,Electron Gain Enthalpy Trend,"Effective Nuclear Charge, Atomic Radius Trend","[1.2, 0.0, 0.0, 0.0, 0.0, 0.0, 0.0, 0.0, 0.0, 0.0, 0.5, 0.0, 1.0, 0.0, 0.0, 0.0, 0.0, 0.0, 0.0, 0.0, 0.0, 0.0, 0.0, 0.0, 0.0, 0.0, 0.0, 0.0, 0.0, 0.0, 0.0, 0.0, 0.0, 0.0, 0.0, 0.0, 0.0, 0.0, 0.0, 0.0, 0.0, 0.0, 0.0, 0.0, 0.0, 0.0, 0.0, 0.0, 0.0, 0.0, 0.0, 0.0, 0.0, 0.0, 0.0, 0.0, 0.0, 0.0]",-0.4,4,"[0, 0, 0, 0, 0, 0, 0, 0, 0, 0, 0, 0, 0, 1, 0]","[0, 0, 0, 0, 0, 0, 0, 0, 0, 0, 0, 0, 0, 0, 0]","[0, 0, 0, 0, 0, 0, 0, 0, 0, 0, 0, 0, 0, 0, 1]","[0, 0, 0, 0, 0, 0, 0, 0, 0, 0, 0, 0, 0, 0, 0]",0.3747,0.3931
ElectronGainEnthalpy_05,The electron gain enthalpy of noble gases is positive (endothermic) because:,They have low ionization enthalpy.,They have a large atomic radius.,"They have a stable octet configuration, and adding an electron requires energy to place it in a higher energy orbital.",They have a very high effective nuclear charge.,Incorrect. Ionization enthalpy is unrelated to electron gain sign.,"Incorrect. Large radius would favor electron gain, but the stable octet prevents it.","Correct. Noble gases have a completely filled valence shell. Adding an electron would require placing it in the next higher energy orbital, which is unfavorable and requires energy.","Incorrect. High Z_eff would favor electron gain, but the stable configuration dominates.",Electron Gain Enthalpy Trend,"Effective Nuclear Charge, Atomic Radius Trend","[1.0, 0.0, 0.0, 0.0, 0.0, 0.0, 0.0, 0.0, 0.0, 0.0, 0.8, 0.0, 1.5, 0.0, 0.0, 0.0, 0.0, 0.0, 0.0, 0.0, 0.0, 0.0, 0.0, 0.0, 0.0, 0.0, 0.0, 0.0, 0.0, 0.0, 0.0, 0.0, 0.0, 0.0, 0.0, 0.0, 0.0, 0.0, 0.0, 0.0, 0.0, 0.0, 0.0, 0.0, 0.0, 0.0, 0.0, 0.0, 0.0, 0.0, 0.0, 0.0, 0.0, 0.0, 0.0, 0.0, 0.0, 0.0]",-0.3,3,"[0, 0, 0, 0, 0, 0, 0, 0, 0, 0, 0, 0, 0, 0, 0]","[0, 0, 0, 0, 0, 0, 0, 0, 0, 0, 0, 0, 1, 0, 0]","[0, 0, 0, 0, 0, 0, 0, 0, 0, 0, 0, 0, 0, 0, 0]","[0, 1, 0, 0, 0, 0, 0, 0, 0, 0, 0, 0, 0, 0, 0]",0.6096,0.3326
ElectronGainEnthalpy_06,The electron gain enthalpy of oxygen is less negative than that of sulfur because:,Sulfur has a more stable electronic configuration.,"Oxygen has a smaller atomic radius, leading to higher electron-electron repulsion.",Oxygen has a higher electron affinity than sulfur.,Oxygen has a higher effective nuclear charge.,Incorrect. Both have similar configurations; the key is size.,"Correct. Due to its small size, adding an electron to oxygen causes significant repulsion, making the process less exothermic.",Incorrect. Actually oxygen's EA is less than sulfur's.,"Incorrect. Higher Z_eff would make ?_egH more negative, but repulsion overcomes it.",Electron Gain Enthalpy Trend,"Effective Nuclear Charge, Atomic Radius Trend, Electron-Electron Repulsion","[1.0, 0.0, 0.0, 0.0, 0.0, 0.0, 0.0, 0.0, 0.0, 0.0, 0.8, 0.0, 1.2, 0.0, 0.0, 0.0, 0.0, 0.0, 0.0, 0.0, 0.0, 0.0, 0.0, 0.0, 0.0, 0.0, 0.0, 0.0, 0.0, 0.0, 0.0, 0.0, 0.0, 0.0, 0.0, 0.0, 0.0, 0.0, 0.0, 0.0, 0.0, 0.0, 0.0, 0.0, 0.0, 0.0, 0.0, 0.0, 0.0, 0.0, 0.0, 0.0, 0.0, 0.0, 0.0, 0.0, 0.0, 0.0]",-0.3,2,"[0, 0, 0, 0, 0, 0, 0, 0, 0, 0, 0, 0, 0, 1, 0]","[0, 0, 0, 0, 0, 0, 0, 0, 0, 0, 0, 0, 0, 0, 0]","[0, 0, 0, 0, 0, 0, 0, 0, 0, 0, 0, 0, 0, 0, 1]","[0, 1, 0, 0, 0, 0, 0, 0, 0, 0, 0, 0, 0, 0, 0]",0.6304,0.2996
ElectronGainEnthalpy_07,Which of the following orders of electron gain enthalpy (more negative to less negative) is correct?,F > Cl > Br > I,Cl > Br > F > I,Cl > F > Br > I,I > Br > Cl > F,"Incorrect. Despite F's small radius, repulsion in its compact 2p subshell makes its electron gain enthalpy less negative than Cl's, so F is not first.",Incorrect. This order wrongly places Br ahead of F. F (-328 kJ/mol) is still more negative than Br (-324 kJ/mol).,"Correct. Experimental electron gain enthalpy values (kJ/mol): Cl = -349, F = -328, Br = -324, I = -295. Fluorine's small size causes strong electron-electron repulsion in its compact 2p subshell, making its value less negative than chlorine's, giving the order Cl > F > Br > I.",Incorrect. This is the reverse of the actual order; electron gain enthalpy becomes less negative going down the group after chlorine.,Electron Gain Enthalpy Trend,"Effective Nuclear Charge, Atomic Radius Trend","[1.2, 0.0, 0.0, 0.0, 0.0, 0.0, 0.0, 0.0, 0.0, 0.0, 0.5, 0.0, 1.0, 0.0, 0.0, 0.0, 0.0, 0.0, 0.0, 0.0, 0.0, 0.0, 0.0, 0.0, 0.0, 0.0, 0.0, 0.0, 0.0, 0.0, 0.0, 0.0, 0.0, 0.0, 0.0, 0.0, 0.0, 0.0, 0.0, 0.0, 0.0, 0.0, 0.0, 0.0, 0.0, 0.0, 0.0, 0.0, 0.0, 0.0, 0.0, 0.0, 0.0, 0.0, 0.0, 0.0, 0.0, 0.0]",-0.4,3,"[0, 0, 0, 0, 0, 0, 0, 0, 0, 0, 0, 0, 0, 1, 0]","[0, 0, 0, 0, 0, 0, 0, 0, 0, 0, 0, 0, 0, 0, 0]","[0, 0, 0, 0, 0, 0, 0, 0, 0, 0, 0, 0, 0, 0, 0]","[0, 1, 0, 0, 0, 0, 0, 0, 0, 0, 0, 0, 0, 0, 0]",0.4461,0.334
ElectronGainEnthalpy_08,The second electron gain enthalpy of an element is always positive (endothermic) because:,The incoming electron is repelled by the already present negative charge.,The atom becomes more stable after gaining one electron.,The atom becomes larger after adding one electron.,The effective nuclear charge increases after adding one electron.,"Correct. After forming a uninegative ion, the added electron experiences strong repulsion from the existing negative charge, so energy must be supplied to add a second electron.",Incorrect. Adding an electron to a negative ion is generally destabilizing.,"Incorrect. The anion is larger, but that alone doesn't make the second addition endothermic.",Incorrect. Effective nuclear charge decreases for the added electron due to increased shielding.,Electron Gain Enthalpy Trend,Electron-Electron Repulsion,"[0.0, 0.0, 0.0, 1.0, 0.0, 0.0, 0.0, 0.0, 0.0, 0.0, 0.0, 0.0, 1.5, 0.0, 0.0, 0.0, 0.0, 0.0, 0.0, 0.0, 0.0, 0.0, 0.0, 0.0, 0.0, 0.0, 0.0, 0.0, 0.0, 0.0, 0.0, 0.0, 0.0, 0.0, 0.0, 0.0, 0.0, 0.0, 0.0, 0.0, 0.0, 0.0, 0.0, 0.0, 0.0, 0.0, 0.0, 0.0, 0.0, 0.0, 0.0, 0.0, 0.0, 0.0, 0.0, 0.0, 0.0, 0.0]",-0.5,1,"[0, 0, 0, 0, 0, 0, 0, 0, 0, 0, 0, 0, 0, 0, 0]","[0, 0, 0, 0, 0, 0, 0, 0, 0, 0, 0, 0, 1, 0, 0]","[0, 0, 0, 0, 0, 0, 0, 0, 0, 0, 0, 0, 0, 0, 1]","[0, 1, 0, 0, 0, 0, 0, 0, 0, 0, 0, 0, 0, 0, 0]",0.4166,0.3089
ElectronGainEnthalpy_09,"Which of the following elements is expected to have the least negative electron gain enthalpy (i.e., closest to zero or positive)?",Argon (Ar),Phosphorus (P),Chlorine (Cl),Sulfur (S),Correct. Ar is a noble gas with a stable octet; its electron gain enthalpy is positive.,Incorrect. P has a negative ?_egH (though less negative than S).,Incorrect. Cl has the most negative.,Incorrect. S has a negative ?_egH.,Electron Gain Enthalpy Trend,"Effective Nuclear Charge, Atomic Radius Trend","[1.2, 0.0, 0.0, 0.0, 0.0, 0.0, 0.0, 0.0, 0.0, 0.0, 0.5, 0.0, 1.0, 0.0, 0.0, 0.0, 0.0, 0.0, 0.0, 0.0, 0.0, 0.0, 0.0, 0.0, 0.0, 0.0, 0.0, 0.0, 0.0, 0.0, 0.0, 0.0, 0.0, 0.0, 0.0, 0.0, 0.0, 0.0, 0.0, 0.0, 0.0, 0.0, 0.0, 0.0, 0.0, 0.0, 0.0, 0.0, 0.0, 0.0, 0.0, 0.0, 0.0, 0.0, 0.0, 0.0, 0.0, 0.0]",-0.5,1,"[0, 0, 0, 0, 0, 0, 0, 0, 0, 0, 0, 0, 0, 0, 0]","[0, 0, 0, 0, 0, 0, 0, 0, 0, 0, 0, 0, 1, 0, 0]","[0, 0, 0, 0, 0, 0, 0, 0, 0, 0, 0, 0, 0, 0, 1]","[0, 1, 0, 0, 0, 0, 0, 0, 0, 0, 0, 0, 0, 0, 0]",0.3926,0.5454
ElectronGainEnthalpy_10,The electron gain enthalpy of nitrogen is positive (endothermic) because:,"Nitrogen has a half-filled 2p? configuration, which is stable, and adding an electron would disrupt this stability.",Nitrogen has a very small atomic radius.,Nitrogen has a high effective nuclear charge.,Nitrogen has a low ionization enthalpy.,Correct. The half-filled p subshell gives extra stability; adding an electron requires energy to overcome this stability.,"Incorrect. Small radius contributes to repulsion, but the main reason is the stable configuration.","Incorrect. High Z_eff would favor electron gain, but stability dominates.",Incorrect. Ionization enthalpy is unrelated.,Electron Gain Enthalpy Trend,"Effective Nuclear Charge, Atomic Radius Trend, Exchange Energy and Half-Filled Shell Stability","[1.0, 0.0, 0.0, 0.0, 0.0, 0.0, 0.0, 0.0, 0.0, 0.0, 1.0, 0.0, 1.2, 0.0, 0.0, 0.0, 0.0, 0.0, 0.0, 0.0, 0.0, 0.0, 0.0, 0.0, 0.0, 0.0, 0.0, 0.0, 0.0, 0.0, 0.0, 0.0, 0.0, 0.0, 0.0, 0.0, 0.0, 0.0, 0.0, 0.0, 0.0, 0.0, 0.0, 0.0, 0.0, 0.0, 0.0, 0.0, 0.0, 0.0, 0.0, 0.0, 0.0, 0.0, 0.0, 0.0, 0.0, 0.0]",-0.2,1,"[0, 0, 0, 0, 0, 0, 0, 0, 0, 0, 0, 0, 0, 0, 0]","[0, 0, 0, 0, 0, 0, 0, 0, 0, 0, 0, 0, 1, 0, 0]","[0, 0, 0, 0, 0, 0, 0, 0, 0, 0, 0, 0, 0, 0, 1]","[0, 1, 0, 0, 0, 0, 0, 0, 0, 0, 0, 0, 0, 0, 0]",0.6626,0.3284
Electroneg_01,What is electronegativity?,The energy required to remove an electron from an atom.,The energy released when an atom gains an electron.,The tendency of an atom to attract shared electrons towards itself in a chemical bond.,The ability of an atom to lose electrons easily.,Incorrect. That is ionization enthalpy.,"Incorrect. That is electron gain enthalpy, though related, it is not the same as electronegativity.",Correct. Electronegativity is a measure of the attraction an atom has for bonding electrons.,Incorrect. That is electropositive character.,Electronegativity Trend,"Effective Nuclear Charge, Atomic Radius Trend","[0.5, 0.0, 0.0, 0.0, 0.0, 0.0, 0.0, 0.0, 0.0, 0.0, 0.5, 0.0, 0.0, 1.8, 0.0, 0.0, 0.0, 0.0, 0.0, 0.0, 0.0, 0.0, 0.0, 0.0, 0.0, 0.0, 0.0, 0.0, 0.0, 0.0, 0.0, 0.0, 0.0, 0.0, 0.0, 0.0, 0.0, 0.0, 0.0, 0.0, 0.0, 0.0, 0.0, 0.0, 0.0, 0.0, 0.0, 0.0, 0.0, 0.0, 0.0, 0.0, 0.0, 0.0, 0.0, 0.0, 0.0, 0.0]",-0.4,3,"[0, 0, 0, 0, 0, 0, 0, 0, 0, 0, 0, 0, 0, 0, 1]","[0, 0, 0, 0, 1, 0, 0, 0, 0, 0, 0, 0, 0, 0, 0]","[0, 0, 0, 0, 0, 0, 0, 0, 0, 0, 0, 0, 0, 0, 0]","[0, 0, 0, 1, 0, 0, 0, 0, 0, 0, 0, 0, 0, 0, 0]",0.5709,0.16
Electroneg_02,Which of the following correctly explains the trend in electronegativity across a period (left to right)?,Electronegativity decreases because atomic radius increases.,Electronegativity increases because effective nuclear charge increases and atomic radius decreases.,"Electronegativity first increases, then decreases due to electron pairing.",Electronegativity remains constant because the number of shells remains the same.,"Incorrect. Atomic radius decreases, not increases.","Correct. As we move left to right, Z_eff increases and atomic size decreases, making the atom more effective at attracting bonding electrons.",Incorrect. Electronegativity generally increases across a period with no decrease in the middle.,"Incorrect. Although the number of shells is constant, the increasing Z_eff raises electronegativity.",Electronegativity Trend,"Effective Nuclear Charge, Atomic Radius Trend","[1.0, 0.0, 0.0, 0.0, 0.0, 0.0, 0.0, 0.0, 0.0, 0.0, 0.5, 0.0, 0.0, 1.5, 0.0, 0.0, 0.0, 0.0, 0.0, 0.0, 0.0, 0.0, 0.0, 0.0, 0.0, 0.0, 0.0, 0.0, 0.0, 0.0, 0.0, 0.0, 0.0, 0.0, 0.0, 0.0, 0.0, 0.0, 0.0, 0.0, 0.0, 0.0, 0.0, 0.0, 0.0, 0.0, 0.0, 0.0, 0.0, 0.0, 0.0, 0.0, 0.0, 0.0, 0.0, 0.0, 0.0, 0.0]",-0.4,2,"[0, 0, 0, 0, 0, 0, 0, 0, 0, 0, 0, 0, 0, 0, 1]","[0, 0, 0, 0, 0, 0, 0, 0, 0, 0, 0, 0, 0, 0, 0]","[0, 0, 0, 0, 0, 1, 0, 0, 0, 0, 0, 0, 0, 0, 0]","[0, 0, 0, 1, 0, 0, 0, 0, 0, 0, 0, 0, 0, 0, 0]",0.6483,0.3355
Electroneg_03,Why does electronegativity decrease down a group?,The ionization energy increases down the group.,Effective nuclear charge for valence electrons increases down the group.,"Atomic radius increases and shielding increases, reducing the attraction for bonding electrons.",The number of valence electrons decreases down the group.,Incorrect. Ionization energy decreases down a group.,Incorrect. Z_eff for valence electrons actually decreases down a group.,"Correct. As we go down, the valence electrons are farther from the nucleus and better shielded, so the atom's pull on bonding electrons weakens.",Incorrect. The number of valence electrons remains the same within a group.,Electronegativity Trend,"Effective Nuclear Charge, Atomic Radius Trend","[1.0, 0.0, 0.0, 0.0, 0.0, 0.0, 0.0, 0.0, 0.0, 0.0, 0.5, 0.0, 0.0, 1.5, 0.0, 0.0, 0.0, 0.0, 0.0, 0.0, 0.0, 0.0, 0.0, 0.0, 0.0, 0.0, 0.0, 0.0, 0.0, 0.0, 0.0, 0.0, 0.0, 0.0, 0.0, 0.0, 0.0, 0.0, 0.0, 0.0, 0.0, 0.0, 0.0, 0.0, 0.0, 0.0, 0.0, 0.0, 0.0, 0.0, 0.0, 0.0, 0.0, 0.0, 0.0, 0.0, 0.0, 0.0]",-0.5,3,"[0, 0, 0, 0, 0, 0, 0, 0, 0, 0, 0, 0, 0, 0, 1]","[0, 0, 0, 0, 1, 0, 0, 0, 0, 0, 0, 0, 0, 0, 0]","[0, 0, 0, 0, 0, 0, 0, 0, 0, 0, 0, 0, 0, 0, 0]","[0, 0, 0, 1, 0, 0, 0, 0, 0, 0, 0, 0, 0, 0, 0]",0.6598,0.3044
Electroneg_04,Which of the following elements has the highest electronegativity?,Carbon (C),Oxygen (O),Fluorine (F),Lithium (Li),Incorrect. C has moderate electronegativity but lower than O and F.,Incorrect. O is highly electronegative but second only to F.,Correct. Fluorine is the most electronegative element on the Pauling scale.,Incorrect. Li is a metal with low electronegativity.,Electronegativity Trend,None (Foundation Concept),"[0.0, 0.0, 0.0, 0.0, 0.0, 0.0, 0.0, 0.0, 0.0, 0.0, 0.0, 0.0, 0.0, 1.0, 0.0, 0.0, 0.0, 0.0, 0.0, 0.0, 0.0, 0.0, 0.0, 0.0, 0.0, 0.0, 0.0, 0.0, 0.0, 0.0, 0.0, 0.0, 0.0, 0.0, 0.0, 0.0, 0.0, 0.0, 0.0, 0.0, 0.0, 0.0, 0.0, 0.0, 0.0, 0.0, 0.0, 0.0, 0.0, 0.0, 0.0, 0.0, 0.0, 0.0, 0.0, 0.0, 0.0, 0.0]",-0.6,3,"[0, 0, 0, 0, 0, 0, 0, 0, 0, 0, 0, 0, 0, 0, 1]","[0, 0, 0, 0, 0, 0, 0, 0, 0, 0, 0, 0, 0, 0, 0]","[0, 0, 0, 0, 0, 0, 0, 0, 0, 0, 0, 0, 0, 0, 0]","[0, 0, 0, 1, 0, 0, 0, 0, 0, 0, 0, 0, 0, 0, 0]",0.4292,0.2768
Electroneg_05,Which of the following orders of electronegativity is correct?,F > O > Cl > N,O > F > N > Cl,N > O > F > Cl,Cl > F > O > N,Correct. The order is F (4.0) > O (3.5) > Cl (3.2) > N (3.0) approximately.,Incorrect. F is more electronegative than O.,Incorrect. F is the most electronegative.,Incorrect. F is more electronegative than Cl.,Electronegativity Trend,None (Foundation Concept),"[0.0, 0.0, 0.0, 0.0, 0.0, 0.0, 0.0, 0.0, 0.0, 0.0, 0.0, 0.0, 0.0, 1.0, 0.0, 0.0, 0.0, 0.0, 0.0, 0.0, 0.0, 0.0, 0.0, 0.0, 0.0, 0.0, 0.0, 0.0, 0.0, 0.0, 0.0, 0.0, 0.0, 0.0, 0.0, 0.0, 0.0, 0.0, 0.0, 0.0, 0.0, 0.0, 0.0, 0.0, 0.0, 0.0, 0.0, 0.0, 0.0, 0.0, 0.0, 0.0, 0.0, 0.0, 0.0, 0.0, 0.0, 0.0]",-0.4,1,"[0, 0, 0, 0, 0, 0, 0, 0, 0, 0, 0, 0, 0, 0, 0]","[0, 0, 0, 0, 1, 0, 0, 0, 0, 0, 0, 0, 0, 0, 0]","[0, 0, 0, 0, 0, 1, 0, 0, 0, 0, 0, 0, 0, 0, 0]","[0, 0, 0, 1, 0, 0, 0, 0, 0, 0, 0, 0, 0, 0, 0]",0.4545,0.2915
Electroneg_06,The electronegativity of chlorine is higher than that of sulfur because:,Chlorine has more valence electrons.,Sulfur has a higher effective nuclear charge.,Chlorine has a smaller atomic radius and higher effective nuclear charge.,Chlorine has a larger atomic radius.,Incorrect. Both have similar valence electron count; the key is Z_eff and size.,Incorrect. Sulfur has a lower nuclear charge.,"Correct. Chlorine (Z=17) has a higher nuclear charge and smaller size than sulfur (Z=16), leading to greater attraction for bonding electrons.",Incorrect. Chlorine has a smaller atomic radius.,Electronegativity Trend,"Effective Nuclear Charge, Atomic Radius Trend","[1.0, 0.0, 0.0, 0.0, 0.0, 0.0, 0.0, 0.0, 0.0, 0.0, 0.5, 0.0, 0.0, 1.2, 0.0, 0.0, 0.0, 0.0, 0.0, 0.0, 0.0, 0.0, 0.0, 0.0, 0.0, 0.0, 0.0, 0.0, 0.0, 0.0, 0.0, 0.0, 0.0, 0.0, 0.0, 0.0, 0.0, 0.0, 0.0, 0.0, 0.0, 0.0, 0.0, 0.0, 0.0, 0.0, 0.0, 0.0, 0.0, 0.0, 0.0, 0.0, 0.0, 0.0, 0.0, 0.0, 0.0, 0.0]",-0.5,3,"[0, 0, 0, 0, 0, 0, 0, 0, 0, 0, 0, 0, 0, 0, 0]","[0, 0, 0, 0, 1, 0, 0, 0, 0, 0, 0, 0, 0, 0, 0]","[0, 0, 0, 0, 0, 0, 0, 0, 0, 0, 0, 0, 0, 0, 0]","[0, 0, 0, 1, 0, 0, 0, 0, 0, 0, 0, 0, 0, 0, 0]",0.632,0.2759
Electroneg_07,Which of the following statements about electronegativity is correct?,Electronegativity is a dimensionless quantity with no units.,"Electronegativity values are the same on all scales (Pauling, Mulliken, etc.).",Electronegativity increases from left to right in a period and decreases down a group.,Electronegativity is a property of an isolated atom.,Incorrect. Electronegativity is a relative scale without units.,"Incorrect. Different scales give different numerical values, though trends are similar.","Correct. This is the correct periodic trend. Both statements are true, but the question asks for a single correct statement. Option D is a correct statement about the trend.",Incorrect. Electronegativity is defined for an atom in a molecule; it is not a property of an isolated atom.,Electronegativity Trend,None (Foundation Concept),"[0.0, 0.0, 0.0, 0.0, 0.0, 0.0, 0.0, 0.0, 0.0, 0.0, 0.0, 0.0, 0.0, 1.2, 0.0, 0.0, 0.0, 0.0, 0.0, 0.0, 0.0, 0.0, 0.0, 0.0, 0.0, 0.0, 0.0, 0.0, 0.0, 0.0, 0.0, 0.0, 0.0, 0.0, 0.0, 0.0, 0.0, 0.0, 0.0, 0.0, 0.0, 0.0, 0.0, 0.0, 0.0, 0.0, 0.0, 0.0, 0.0, 0.0, 0.0, 0.0, 0.0, 0.0, 0.0, 0.0, 0.0, 0.0]",-0.5,3,"[0, 0, 0, 0, 0, 0, 0, 0, 0, 0, 0, 0, 0, 0, 1]","[0, 0, 0, 0, 1, 0, 0, 0, 0, 0, 0, 0, 0, 0, 0]","[0, 0, 0, 0, 0, 0, 0, 0, 0, 0, 0, 0, 0, 0, 0]","[0, 0, 0, 0, 0, 0, 0, 0, 0, 0, 0, 0, 0, 0, 0]",0.4425,0.2765
Electroneg_08,The electronegativity of noble gases is generally not defined or very low because:,They have very small atomic radii.,They have high ionization energies.,They have complete octets and do not readily form bonds.,They have high electron gain enthalpies.,"Incorrect. They have small radii, but that would favor high electronegativity; the lack of bonding is the key.","Incorrect. High IE is true, but the main reason is the reluctance to bond.","Correct. Noble gases have stable electronic configurations and rarely participate in bond formation, so electronegativity values are not assigned or are very low.","Incorrect. Their electron gain enthalpies are positive, indicating they do not accept electrons easily.",Electronegativity Trend,None (Foundation Concept),"[0.0, 0.0, 0.0, 0.0, 0.0, 0.0, 0.0, 0.0, 0.0, 0.0, 0.0, 0.0, 0.0, 1.2, 0.0, 0.0, 0.0, 0.0, 0.0, 0.0, 0.0, 0.0, 0.0, 0.0, 0.0, 0.0, 0.0, 0.0, 0.0, 0.0, 0.0, 0.0, 0.0, 0.0, 0.0, 0.0, 0.0, 0.0, 0.0, 0.0, 0.0, 0.0, 0.0, 0.0, 0.0, 0.0, 0.0, 0.0, 0.0, 0.0, 0.0, 0.0, 0.0, 0.0, 0.0, 0.0, 0.0, 0.0]",-0.6,3,"[0, 0, 0, 0, 0, 0, 0, 0, 0, 0, 0, 0, 0, 0, 1]","[0, 0, 0, 0, 1, 0, 0, 0, 0, 0, 0, 0, 0, 0, 0]","[0, 0, 0, 0, 0, 0, 0, 0, 0, 0, 0, 0, 0, 0, 0]","[0, 0, 0, 0, 0, 0, 0, 0, 0, 0, 0, 0, 0, 0, 0]",0.4975,0.2921
Electroneg_09,The difference in electronegativity between two bonded atoms determines:,The bond length,The hybridization,The bond order,The polarity of the bond,"Incorrect. Bond length is related to atomic sizes, not directly to electronegativity difference.",Incorrect. Hybridization depends on steric number and geometry.,"Incorrect. Bond order depends on electron count, not electronegativity difference.",Correct. A larger electronegativity difference leads to a more polar bond (greater ionic character).,Electronegativity Trend,None (Foundation Concept),"[0.0, 0.0, 0.0, 0.0, 0.0, 0.0, 0.0, 0.0, 0.0, 0.0, 0.0, 0.0, 0.0, 1.0, 0.0, 0.0, 0.0, 0.0, 0.0, 0.0, 0.0, 0.0, 0.0, 0.0, 0.0, 0.0, 0.0, 0.0, 0.0, 0.0, 0.0, 0.0, 0.0, 0.0, 0.0, 0.0, 0.0, 0.0, 0.0, 0.0, 0.0, 0.0, 0.0, 0.0, 0.0, 0.0, 0.0, 0.0, 0.0, 0.0, 0.0, 0.0, 0.0, 0.0, 0.0, 0.0, 0.0, 0.0]",-0.5,4,"[0, 0, 0, 0, 0, 0, 0, 0, 0, 0, 0, 0, 0, 0, 0]","[0, 0, 0, 0, 1, 0, 0, 0, 0, 0, 0, 0, 0, 0, 0]","[0, 0, 0, 0, 0, 1, 0, 0, 0, 0, 0, 0, 0, 0, 0]","[0, 0, 0, 0, 0, 0, 0, 0, 0, 0, 0, 0, 0, 0, 0]",0.4655,0.2864
Electroneg_10,Which of the following pairs has the largest electronegativity difference?,Na and Cl,H and Cl,Mg and O,C and O,"Correct. Na (0.9) and Cl (3.2) have a difference of 2.3, the largest among these.",Incorrect. H (2.2) and Cl (3.2) difference = 1.0.,"Incorrect. Mg (1.3) and O (3.5) difference = 2.2, slightly less than Na-Cl.",Incorrect. C (2.6) and O (3.5) difference = 0.9.,Electronegativity Trend,None (Foundation Concept),"[0.0, 0.0, 0.0, 0.0, 0.0, 0.0, 0.0, 0.0, 0.0, 0.0, 0.0, 0.0, 0.0, 1.0, 0.0, 0.0, 0.0, 0.0, 0.0, 0.0, 0.0, 0.0, 0.0, 0.0, 0.0, 0.0, 0.0, 0.0, 0.0, 0.0, 0.0, 0.0, 0.0, 0.0, 0.0, 0.0, 0.0, 0.0, 0.0, 0.0, 0.0, 0.0, 0.0, 0.0, 0.0, 0.0, 0.0, 0.0, 0.0, 0.0, 0.0, 0.0, 0.0, 0.0, 0.0, 0.0, 0.0, 0.0]",-0.4,1,"[0, 0, 0, 0, 0, 0, 0, 0, 0, 0, 0, 0, 0, 0, 0]","[0, 0, 0, 0, 0, 0, 0, 0, 0, 0, 0, 0, 0, 0, 0]","[0, 0, 0, 0, 0, 1, 0, 0, 0, 0, 0, 0, 0, 0, 0]","[0, 0, 0, 1, 0, 0, 0, 0, 0, 0, 0, 0, 0, 0, 0]",0.3751,0.2852
DipoleMoment_01,What is dipole moment?,"The measure of the polarity of a bond, equal to the product of charge and distance.",The tendency of an atom to attract shared electrons.,The energy required to separate charges in a molecule.,The distance between the nuclei of two bonded atoms.,"Correct. Dipole moment (?) = q ? d, where q is the partial charge and d is the distance between charges.",Incorrect. That is electronegativity.,"Incorrect. That is bond dissociation energy, not dipole moment.",Incorrect. That is bond length.,Dipole Moment and Molecular Polarity,"Electronegativity Trend, Valence Shell Electron Pair Repulsion Theory","[0.0, 0.0, 0.0, 0.0, 0.0, 0.0, 0.0, 0.0, 0.0, 0.0, 0.0, 0.0, 0.0, 0.5, 1.8, 0.5, 0.0, 0.0, 0.0, 0.0, 0.0, 0.0, 0.0, 0.0, 0.0, 0.0, 0.0, 0.0, 0.0, 0.0, 0.0, 0.0, 0.0, 0.0, 0.0, 0.0, 0.0, 0.0, 0.0, 0.0, 0.0, 0.0, 0.0, 0.0, 0.0, 0.0, 0.0, 0.0, 0.0, 0.0, 0.0, 0.0, 0.0, 0.0, 0.0, 0.0, 0.0, 0.0]",-0.3,1,"[0, 0, 0, 0, 0, 0, 0, 0, 0, 0, 0, 0, 0, 0, 0]","[0, 0, 0, 0, 0, 0, 0, 0, 0, 0, 0, 0, 0, 0, 0]","[0, 0, 0, 0, 0, 0, 0, 0, 0, 0, 0, 0, 0, 0, 0]","[0, 0, 0, 0, 0, 0, 0, 0, 0, 1, 0, 0, 0, 0, 0]",0.5254,0.1663
DipoleMoment_02,Which of the following molecules has a zero dipole moment?,NH?,H?O,CO?,HCl,Incorrect. Ammonia is pyramidal with a net dipole moment.,Incorrect. Water has a bent shape with a net dipole moment.,"Correct. CO? is linear and symmetric; the bond dipoles cancel, resulting in zero dipole moment.",Incorrect. HCl is a polar molecule with a dipole moment.,Dipole Moment and Molecular Polarity,"Electronegativity Trend, Valence Shell Electron Pair Repulsion Theory","[0.0, 0.0, 0.0, 0.0, 0.0, 0.0, 0.0, 0.0, 0.0, 0.0, 0.0, 0.0, 0.0, 1.2, 1.0, 0.8, 0.0, 0.0, 0.0, 0.0, 0.0, 0.0, 0.0, 0.0, 0.0, 0.0, 0.0, 0.0, 0.0, 0.0, 0.0, 0.0, 0.0, 0.0, 0.0, 0.0, 0.0, 0.0, 0.0, 0.0, 0.0, 0.0, 0.0, 0.0, 0.0, 0.0, 0.0, 0.0, 0.0, 0.0, 0.0, 0.0, 0.0, 0.0, 0.0, 0.0, 0.0, 0.0]",-0.3,3,"[0, 0, 0, 0, 0, 0, 0, 0, 0, 1, 0, 0, 0, 0, 0]","[0, 0, 0, 0, 0, 0, 1, 0, 0, 0, 0, 0, 0, 0, 0]","[0, 0, 0, 0, 0, 0, 0, 0, 0, 0, 0, 0, 0, 0, 0]","[0, 0, 0, 0, 0, 0, 0, 0, 0, 0, 0, 0, 0, 0, 0]",0.4791,0.2894
DipoleMoment_03,The dipole moment of NH? (1.47 D) is greater than that of NF? (0.24 D). This is because:,The bond angle in NH? is larger.,Fluorine is more electronegative than hydrogen.,The N-H bond is more polar than the N-F bond.,The lone pair on nitrogen contributes to the dipole in NH? but opposes it in NF?.,Incorrect. Both have similar bond angles (~107?).,"Incorrect. While true, this does not explain why NH? has a higher dipole moment.",Incorrect. N-F bond is more polar than N-H due to higher electronegativity of F.,"Correct. In NH?, the lone pair moment adds to the bond moments, resulting in a high net dipole. In NF?, the lone pair moment opposes the bond moments, leading to a smaller net dipole.",Dipole Moment and Molecular Polarity,"Electronegativity Trend, Valence Shell Electron Pair Repulsion Theory","[0.0, 0.0, 0.0, 0.0, 0.0, 0.0, 0.0, 0.0, 0.0, 0.0, 0.0, 0.0, 0.0, 1.0, 1.5, 1.0, 0.0, 0.0, 0.0, 0.0, 0.0, 0.0, 0.0, 0.0, 0.0, 0.0, 0.0, 0.0, 0.0, 0.0, 0.0, 0.0, 0.0, 0.0, 0.0, 0.0, 0.0, 0.0, 0.0, 0.0, 0.0, 0.0, 0.0, 0.0, 0.0, 0.0, 0.0, 0.0, 0.0, 0.0, 0.0, 0.0, 0.0, 0.0, 0.0, 0.0, 0.0, 0.0]",-0.2,4,"[0, 0, 0, 0, 0, 0, 0, 0, 0, 1, 0, 0, 0, 0, 0]","[0, 0, 0, 0, 0, 0, 1, 0, 0, 0, 0, 0, 0, 0, 0]","[0, 0, 1, 0, 0, 0, 0, 0, 0, 0, 0, 0, 0, 0, 0]","[0, 0, 0, 0, 0, 0, 0, 0, 0, 0, 0, 0, 0, 0, 0]",0.6038,0.4529
DipoleMoment_04,Which of the following statements about dipole moment is correct?,The dipole moment of a molecule is independent of its geometry.,A molecule with polar bonds must have a net dipole moment.,A molecule with a net dipole moment is always polar.,The dipole moment of CO? is greater than that of H?O.,Incorrect. Dipole moment depends on both bond polarity and molecular geometry.,"Incorrect. Symmetric molecules can have polar bonds but zero net dipole (e.g., CO?).",Correct. A molecule is polar if it has a net dipole moment.,"Incorrect. CO? has zero dipole, H?O has a significant dipole.",Dipole Moment and Molecular Polarity,"Electronegativity Trend, Valence Shell Electron Pair Repulsion Theory","[0.0, 0.0, 0.0, 0.0, 0.0, 0.0, 0.0, 0.0, 0.0, 0.0, 0.0, 0.0, 0.0, 0.8, 1.2, 0.5, 0.0, 0.0, 0.0, 0.0, 0.0, 0.0, 0.0, 0.0, 0.0, 0.0, 0.0, 0.0, 0.0, 0.0, 0.0, 0.0, 0.0, 0.0, 0.0, 0.0, 0.0, 0.0, 0.0, 0.0, 0.0, 0.0, 0.0, 0.0, 0.0, 0.0, 0.0, 0.0, 0.0, 0.0, 0.0, 0.0, 0.0, 0.0, 0.0, 0.0, 0.0, 0.0]",-0.3,3,"[0, 0, 0, 0, 0, 0, 0, 0, 0, 1, 0, 0, 0, 0, 0]","[0, 0, 0, 0, 0, 0, 1, 0, 0, 0, 0, 0, 0, 0, 0]","[0, 0, 0, 0, 0, 0, 0, 0, 0, 0, 0, 0, 0, 0, 0]","[0, 0, 0, 0, 0, 0, 0, 0, 0, 1, 0, 0, 0, 0, 0]",0.5487,0.3032
DipoleMoment_05,Which of the following molecules has the highest dipole moment?,CH?Cl,CH?Cl?,CHCl?,CH?,Correct. CH?Cl has the highest dipole moment among chloromethanes due to the vector addition of bond moments.,Incorrect. CH?Cl? has a lower dipole moment than CH?Cl because the two C-Cl dipoles partially cancel.,Incorrect. CHCl? has a lower dipole than CH?Cl due to three C-Cl dipoles partially canceling each other.,Incorrect. CH? is nonpolar.,Dipole Moment and Molecular Polarity,"Electronegativity Trend, Valence Shell Electron Pair Repulsion Theory","[0.0, 0.0, 0.0, 0.0, 0.0, 0.0, 0.0, 0.0, 0.0, 0.0, 0.0, 0.0, 0.0, 1.0, 1.2, 0.8, 0.0, 0.0, 0.0, 0.0, 0.0, 0.0, 0.0, 0.0, 0.0, 0.0, 0.0, 0.0, 0.0, 0.0, 0.0, 0.0, 0.0, 0.0, 0.0, 0.0, 0.0, 0.0, 0.0, 0.0, 0.0, 0.0, 0.0, 0.0, 0.0, 0.0, 0.0, 0.0, 0.0, 0.0, 0.0, 0.0, 0.0, 0.0, 0.0, 0.0, 0.0, 0.0]",-0.2,1,"[0, 0, 0, 0, 0, 0, 0, 0, 0, 0, 0, 0, 0, 0, 0]","[0, 0, 0, 0, 0, 0, 1, 0, 0, 0, 0, 0, 0, 0, 0]","[0, 0, 1, 0, 0, 0, 0, 0, 0, 0, 0, 0, 0, 0, 0]","[0, 0, 0, 0, 0, 0, 0, 0, 0, 1, 0, 0, 0, 0, 0]",0.4706,0.2852
DipoleMoment_06,The dipole moment of BeF? is zero. This indicates that:,The Be-F bond is nonpolar.,Fluorine has a lower electronegativity than beryllium.,The molecule is bent.,The molecule is linear and symmetric.,Incorrect. Be-F bond is polar due to electronegativity difference.,Incorrect. Fluorine is more electronegative than beryllium.,"Incorrect. The molecule is linear, not bent.",Correct. BeF? is linear; the two equal bond dipoles point in opposite directions and cancel.,Dipole Moment and Molecular Polarity,"Electronegativity Trend, Valence Shell Electron Pair Repulsion Theory","[0.0, 0.0, 0.0, 0.0, 0.0, 0.0, 0.0, 0.0, 0.0, 0.0, 0.0, 0.0, 0.0, 1.0, 1.2, 0.5, 0.0, 0.0, 0.0, 0.0, 0.0, 0.0, 0.0, 0.0, 0.0, 0.0, 0.0, 0.0, 0.0, 0.0, 0.0, 0.0, 0.0, 0.0, 0.0, 0.0, 0.0, 0.0, 0.0, 0.0, 0.0, 0.0, 0.0, 0.0, 0.0, 0.0, 0.0, 0.0, 0.0, 0.0, 0.0, 0.0, 0.0, 0.0, 0.0, 0.0, 0.0, 0.0]",-0.4,4,"[0, 0, 0, 0, 0, 0, 0, 0, 0, 1, 0, 0, 0, 0, 0]","[0, 0, 0, 0, 0, 0, 1, 0, 0, 0, 0, 0, 0, 0, 0]","[0, 0, 0, 0, 0, 0, 0, 0, 0, 0, 0, 0, 0, 0, 0]","[0, 0, 0, 0, 0, 0, 0, 0, 0, 0, 0, 0, 0, 0, 0]",0.4371,0.3631
DipoleMoment_07,Which of the following pairs of molecules are both polar?,CH? and CHCl?,NH? and BF?,CO? and H?O,H?O and NH?,Incorrect. CH? is nonpolar.,Incorrect. BF? is nonpolar.,Incorrect. CO? is nonpolar.,Correct. Both water (bent) and ammonia (pyramidal) have net dipole moments.,Dipole Moment and Molecular Polarity,"Electronegativity Trend, Valence Shell Electron Pair Repulsion Theory","[0.0, 0.0, 0.0, 0.0, 0.0, 0.0, 0.0, 0.0, 0.0, 0.0, 0.0, 0.0, 0.0, 1.2, 1.0, 0.5, 0.0, 0.0, 0.0, 0.0, 0.0, 0.0, 0.0, 0.0, 0.0, 0.0, 0.0, 0.0, 0.0, 0.0, 0.0, 0.0, 0.0, 0.0, 0.0, 0.0, 0.0, 0.0, 0.0, 0.0, 0.0, 0.0, 0.0, 0.0, 0.0, 0.0, 0.0, 0.0, 0.0, 0.0, 0.0, 0.0, 0.0, 0.0, 0.0, 0.0, 0.0, 0.0]",-0.4,4,"[0, 0, 0, 0, 0, 0, 0, 0, 0, 1, 0, 0, 0, 0, 0]","[0, 0, 0, 0, 0, 0, 1, 0, 0, 0, 0, 0, 0, 0, 0]","[0, 0, 1, 0, 0, 0, 0, 0, 0, 0, 0, 0, 0, 0, 0]","[0, 0, 0, 0, 0, 0, 0, 0, 0, 0, 0, 0, 0, 0, 0]",0.4027,0.2846
DipoleMoment_08,"The dipole moment of cis-1,2-dichloroethene is greater than that of trans-1,2-dichloroethene because:",Cis isomer has a higher bond angle.,Chlorine is more electronegative in the cis isomer.,Trans isomer has a larger molecular weight.,"In the cis isomer, the bond dipoles add up, while in the trans isomer they cancel.",Incorrect. Bond angles are similar; the difference is geometry.,Incorrect. Electronegativity is the same.,Incorrect. Molecular weight does not determine polarity.,"Correct. In cis isomer, the two C-Cl dipoles are on the same side and add vectorially. In trans isomer, they are opposite and cancel.",Dipole Moment and Molecular Polarity,"Electronegativity Trend, Valence Shell Electron Pair Repulsion Theory","[0.0, 0.0, 0.0, 0.0, 0.0, 0.0, 0.0, 0.0, 0.0, 0.0, 0.0, 0.0, 0.0, 1.0, 1.2, 0.8, 0.0, 0.0, 0.0, 0.0, 0.0, 0.0, 0.0, 0.0, 0.0, 0.0, 0.0, 0.0, 0.0, 0.0, 0.0, 0.0, 0.0, 0.0, 0.0, 0.0, 0.0, 0.0, 0.0, 0.0, 0.0, 0.0, 0.0, 0.0, 0.0, 0.0, 0.0, 0.0, 0.0, 0.0, 0.0, 0.0, 0.0, 0.0, 0.0, 0.0, 0.0, 0.0]",-0.2,4,"[0, 0, 0, 0, 0, 0, 0, 0, 0, 1, 0, 0, 0, 0, 0]","[0, 0, 0, 0, 0, 0, 1, 0, 0, 0, 0, 0, 0, 0, 0]","[0, 0, 1, 0, 0, 0, 0, 0, 0, 0, 0, 0, 0, 0, 0]","[0, 0, 0, 0, 0, 0, 0, 0, 0, 0, 0, 0, 0, 0, 0]",0.5063,0.29
DipoleMoment_09,Which of the following factors does NOT affect the dipole moment of a molecule?,Atomic mass,Molecular geometry,Electronegativity difference between atoms,Bond length,Correct. Atomic mass does not directly affect the dipole moment.,Incorrect. Geometry determines how bond dipoles add up.,"Incorrect. Electronegativity difference determines bond polarity, which affects dipole.",Incorrect. Bond length affects the distance term in ? = q ? d.,Dipole Moment and Molecular Polarity,"Electronegativity Trend, Valence Shell Electron Pair Repulsion Theory","[0.0, 0.0, 0.0, 0.0, 0.0, 0.0, 0.0, 0.0, 0.0, 0.0, 0.0, 0.0, 0.0, 0.8, 1.2, 0.5, 0.0, 0.0, 0.0, 0.0, 0.0, 0.0, 0.0, 0.0, 0.0, 0.0, 0.0, 0.0, 0.0, 0.0, 0.0, 0.0, 0.0, 0.0, 0.0, 0.0, 0.0, 0.0, 0.0, 0.0, 0.0, 0.0, 0.0, 0.0, 0.0, 0.0, 0.0, 0.0, 0.0, 0.0, 0.0, 0.0, 0.0, 0.0, 0.0, 0.0, 0.0, 0.0]",-0.4,1,"[0, 0, 0, 0, 0, 0, 0, 0, 0, 0, 0, 0, 0, 0, 0]","[0, 0, 0, 0, 0, 0, 1, 0, 0, 0, 0, 0, 0, 0, 0]","[0, 0, 1, 0, 0, 0, 0, 0, 0, 0, 0, 0, 0, 0, 0]","[0, 0, 0, 0, 0, 0, 0, 0, 0, 1, 0, 0, 0, 0, 0]",0.5421,0.4082
DipoleMoment_10,A molecule with a dipole moment of zero is always:,Linear,Nonpolar,Symmetric,Ionic,"Incorrect. Some linear molecules (like CO?) have zero dipole, but not all linear molecules (e.g., HCN has dipole).",Correct. Zero dipole moment implies the molecule is nonpolar.,"Incorrect. Symmetry is necessary but not sufficient; e.g., BF? is symmetric and nonpolar, but symmetry alone doesn't guarantee zero dipole for all geometries.",Incorrect. Ionic compounds have very large dipole moments in the gas phase.,Dipole Moment and Molecular Polarity,"Electronegativity Trend, Valence Shell Electron Pair Repulsion Theory","[0.0, 0.0, 0.0, 0.0, 0.0, 0.0, 0.0, 0.0, 0.0, 0.0, 0.0, 0.0, 0.0, 1.0, 1.0, 0.5, 0.0, 0.0, 0.0, 0.0, 0.0, 0.0, 0.0, 0.0, 0.0, 0.0, 0.0, 0.0, 0.0, 0.0, 0.0, 0.0, 0.0, 0.0, 0.0, 0.0, 0.0, 0.0, 0.0, 0.0, 0.0, 0.0, 0.0, 0.0, 0.0, 0.0, 0.0, 0.0, 0.0, 0.0, 0.0, 0.0, 0.0, 0.0, 0.0, 0.0, 0.0, 0.0]",-0.3,2,"[0, 0, 0, 0, 0, 0, 0, 0, 0, 1, 0, 0, 0, 0, 0]","[0, 0, 0, 0, 0, 0, 0, 0, 0, 0, 0, 0, 0, 0, 0]","[0, 0, 1, 0, 0, 0, 0, 0, 0, 0, 0, 0, 0, 0, 0]","[0, 0, 0, 0, 0, 0, 0, 0, 0, 1, 0, 0, 0, 0, 0]",0.4987,0.2918
VSEPR_01,What is the basic premise of VSEPR theory?,Electron pairs around a central atom repel each other and arrange themselves to minimize this repulsion.,The geometry of a molecule is determined by the number of bonding electrons only.,The geometry is determined by the hybridization of the central atom.,Electron pairs are always arranged linearly.,Correct. VSEPR theory states that electron pairs (bonding and lone) around a central atom repel and adopt an arrangement that minimizes repulsion.,Incorrect. Both bonding and lone pairs affect geometry.,"Incorrect. Hybridization is a consequence of geometry, not the determinant.",Incorrect. Arrangement depends on the number of electron pairs.,Valence Shell Electron Pair Repulsion Theory,Electron-Electron Repulsion,"[0.0, 0.0, 0.0, 0.5, 0.0, 0.0, 0.0, 0.0, 0.0, 0.0, 0.0, 0.0, 0.0, 0.0, 0.0, 1.8, 0.0, 0.0, 0.0, 0.0, 0.0, 0.0, 0.0, 0.0, 0.0, 0.0, 0.0, 0.0, 0.0, 0.0, 0.0, 0.0, 0.0, 0.0, 0.0, 0.0, 0.0, 0.0, 0.0, 0.0, 0.0, 0.0, 0.0, 0.0, 0.0, 0.0, 0.0, 0.0, 0.0, 0.0, 0.0, 0.0, 0.0, 0.0, 0.0, 0.0, 0.0, 0.0]",-0.5,1,"[0, 0, 0, 0, 0, 0, 0, 0, 0, 0, 0, 0, 0, 0, 0]","[0, 0, 0, 0, 0, 0, 0, 0, 0, 0, 0, 0, 0, 0, 1]","[0, 0, 0, 0, 0, 0, 0, 0, 0, 0, 0, 0, 0, 1, 0]","[0, 0, 0, 0, 0, 0, 0, 0, 0, 0, 0, 0, 0, 0, 0]",0.466,0.1612
VSEPR_02,"According to VSEPR theory, the shape of a molecule with four bond pairs and no lone pairs on the central atom is:",Tetrahedral,Linear,Trigonal planar,Square planar,Correct. Four bond pairs arrange tetrahedrally to minimize repulsion.,Incorrect. Linear corresponds to two bond pairs.,Incorrect. Trigonal planar corresponds to three bond pairs.,Incorrect. Square planar occurs with four bond pairs and two lone pairs (octahedral arrangement).,Valence Shell Electron Pair Repulsion Theory,Electron-Electron Repulsion,"[0.0, 0.0, 0.0, 1.2, 0.0, 0.0, 0.0, 0.0, 0.0, 0.0, 0.0, 0.0, 0.0, 0.0, 0.0, 1.0, 0.0, 0.0, 0.0, 0.0, 0.0, 0.0, 0.0, 0.0, 0.0, 0.0, 0.0, 0.0, 0.0, 0.0, 0.0, 0.0, 0.0, 0.0, 0.0, 0.0, 0.0, 0.0, 0.0, 0.0, 0.0, 0.0, 0.0, 0.0, 0.0, 0.0, 0.0, 0.0, 0.0, 0.0, 0.0, 0.0, 0.0, 0.0, 0.0, 0.0, 0.0, 0.0]",-0.5,1,"[0, 0, 0, 0, 0, 0, 0, 0, 0, 0, 0, 0, 0, 0, 0]","[0, 0, 0, 0, 0, 0, 0, 0, 0, 0, 0, 0, 0, 0, 1]","[0, 0, 0, 0, 0, 0, 0, 0, 0, 0, 0, 0, 0, 1, 0]","[0, 0, 0, 0, 0, 0, 0, 0, 0, 0, 0, 1, 0, 0, 0]",0.3963,0.3249
VSEPR_03,Which of the following molecules has a trigonal pyramidal geometry?,CO?,NH?,CH?,BF?,Incorrect. CO? is linear.,"Correct. NH? has three bond pairs and one lone pair, giving a trigonal pyramidal shape.",Incorrect. CH? is tetrahedral.,Incorrect. BF? is trigonal planar.,Valence Shell Electron Pair Repulsion Theory,Electron-Electron Repulsion,"[0.0, 0.0, 0.0, 1.2, 0.0, 0.0, 0.0, 0.0, 0.0, 0.0, 0.0, 0.0, 0.0, 0.0, 0.0, 1.0, 0.0, 0.0, 0.0, 0.0, 0.0, 0.0, 0.0, 0.0, 0.0, 0.0, 0.0, 0.0, 0.0, 0.0, 0.0, 0.0, 0.0, 0.0, 0.0, 0.0, 0.0, 0.0, 0.0, 0.0, 0.0, 0.0, 0.0, 0.0, 0.0, 0.0, 0.0, 0.0, 0.0, 0.0, 0.0, 0.0, 0.0, 0.0, 0.0, 0.0, 0.0, 0.0]",-0.5,2,"[0, 0, 0, 1, 0, 0, 0, 0, 0, 0, 0, 0, 0, 0, 0]","[0, 0, 0, 0, 0, 0, 0, 0, 0, 0, 0, 0, 0, 0, 0]","[0, 0, 0, 0, 0, 0, 0, 0, 0, 0, 0, 0, 0, 1, 0]","[0, 0, 0, 0, 0, 0, 0, 0, 0, 0, 0, 1, 0, 0, 0]",0.3761,0.2933
VSEPR_04,"The bond angle in water (H?O) is approximately 104.5?, which is less than the ideal tetrahedral angle of 109.5? because:",The O-H bonds are polar.,Water molecules form hydrogen bonds.,"The two lone pairs on oxygen repel more strongly than bond pairs, compressing the H-O-H angle.",Oxygen is more electronegative than hydrogen.,Incorrect. Polarity does not determine the bond angle.,"Incorrect. Hydrogen bonding occurs between molecules, not within a single molecule.","Correct. Lone pair-lone pair repulsion is greater than lone pair-bond pair and bond pair-bond pair repulsion, causing the angle to decrease.","Incorrect. Electronegativity affects bond polarity, not the angle directly.",Valence Shell Electron Pair Repulsion Theory,Electron-Electron Repulsion,"[0.0, 0.0, 0.0, 1.0, 0.0, 0.0, 0.0, 0.0, 0.0, 0.0, 0.0, 0.0, 0.0, 0.0, 0.0, 1.5, 0.0, 0.0, 0.0, 0.0, 0.0, 0.0, 0.0, 0.0, 0.0, 0.0, 0.0, 0.0, 0.0, 0.0, 0.0, 0.0, 0.0, 0.0, 0.0, 0.0, 0.0, 0.0, 0.0, 0.0, 0.0, 0.0, 0.0, 0.0, 0.0, 0.0, 0.0, 0.0, 0.0, 0.0, 0.0, 0.0, 0.0, 0.0, 0.0, 0.0, 0.0, 0.0]",-0.4,3,"[0, 0, 0, 1, 0, 0, 0, 0, 0, 0, 0, 0, 0, 0, 0]","[0, 0, 0, 0, 0, 0, 0, 0, 0, 0, 0, 0, 0, 0, 1]","[0, 0, 0, 0, 0, 0, 0, 0, 0, 0, 0, 0, 0, 0, 0]","[0, 0, 0, 0, 0, 0, 0, 0, 0, 0, 0, 1, 0, 0, 0]",0.4931,0.4483
VSEPR_05,Which of the following orders of bond angles is correct?,NH? > PH? > AsH?,CH? > NH? > H?O,H?O > H?S > H?Se,All of these,"Incorrect. NH? bond angle ~107?, PH? ~93?, AsH? ~92?, so NH? > PH? > AsH? is correct.","Incorrect. CH? 109.5?, NH? 107?, H?O 104.5?, so CH? > NH? > H?O is correct.","Incorrect. H?O ~104.5?, H?S ~92?, H?Se ~91?, so H?O > H?S > H?Se is correct.",Correct. All three orders are correct trends due to decreasing electronegativity and increasing size of central atom.,Valence Shell Electron Pair Repulsion Theory,Electron-Electron Repulsion,"[0.0, 0.0, 0.0, 1.0, 0.0, 0.0, 0.0, 0.0, 0.0, 0.0, 0.0, 0.0, 0.0, 0.0, 0.0, 1.2, 0.0, 0.0, 0.0, 0.0, 0.0, 0.0, 0.0, 0.0, 0.0, 0.0, 0.0, 0.0, 0.0, 0.0, 0.0, 0.0, 0.0, 0.0, 0.0, 0.0, 0.0, 0.0, 0.0, 0.0, 0.0, 0.0, 0.0, 0.0, 0.0, 0.0, 0.0, 0.0, 0.0, 0.0, 0.0, 0.0, 0.0, 0.0, 0.0, 0.0, 0.0, 0.0]",-0.3,4,"[0, 0, 0, 1, 0, 0, 0, 0, 0, 0, 0, 0, 0, 0, 0]","[0, 0, 0, 0, 0, 0, 0, 0, 0, 0, 0, 0, 0, 0, 1]","[0, 0, 0, 0, 0, 0, 0, 0, 0, 0, 0, 0, 0, 1, 0]","[0, 0, 0, 0, 0, 0, 0, 0, 0, 0, 0, 0, 0, 0, 0]",0.4229,0.2978
VSEPR_06,What is the effect of a lone pair on bond angles compared to a bonding pair?,Lone pairs always make the molecule linear.,Lone pairs have no effect on bond angles.,Lone pairs cause bond angles to increase.,Lone pairs cause bond angles to decrease.,"Incorrect. Lone pairs do not force linearity; e.g., water has two lone pairs but is bent.",Incorrect. Lone pairs significantly affect bond angles.,"Incorrect. Lone pairs repel more strongly, pushing bonding pairs closer, decreasing bond angles.","Correct. Lone pairs occupy more space and exert greater repulsion, compressing the bond angles.",Valence Shell Electron Pair Repulsion Theory,Electron-Electron Repulsion,"[0.0, 0.0, 0.0, 1.0, 0.0, 0.0, 0.0, 0.0, 0.0, 0.0, 0.0, 0.0, 0.0, 0.0, 0.0, 1.2, 0.0, 0.0, 0.0, 0.0, 0.0, 0.0, 0.0, 0.0, 0.0, 0.0, 0.0, 0.0, 0.0, 0.0, 0.0, 0.0, 0.0, 0.0, 0.0, 0.0, 0.0, 0.0, 0.0, 0.0, 0.0, 0.0, 0.0, 0.0, 0.0, 0.0, 0.0, 0.0, 0.0, 0.0, 0.0, 0.0, 0.0, 0.0, 0.0, 0.0, 0.0, 0.0]",-0.4,4,"[0, 0, 0, 1, 0, 0, 0, 0, 0, 0, 0, 0, 0, 0, 0]","[0, 0, 0, 0, 0, 0, 0, 0, 0, 0, 0, 0, 0, 0, 1]","[0, 0, 0, 0, 0, 0, 0, 0, 0, 0, 0, 0, 0, 1, 0]","[0, 0, 0, 0, 0, 0, 0, 0, 0, 0, 0, 0, 0, 0, 0]",0.4352,0.1785
VSEPR_07,"According to VSEPR theory, which of the following molecules has a bent shape?",CO?,SO?,BeCl?,CH?,Incorrect. CO? is linear.,"Correct. SO? has two bond pairs and one lone pair (on S), giving a bent shape.",Incorrect. BeCl? is linear.,Incorrect. CH? is tetrahedral.,Valence Shell Electron Pair Repulsion Theory,Electron-Electron Repulsion,"[0.0, 0.0, 0.0, 1.2, 0.0, 0.0, 0.0, 0.0, 0.0, 0.0, 0.0, 0.0, 0.0, 0.0, 0.0, 1.0, 0.0, 0.0, 0.0, 0.0, 0.0, 0.0, 0.0, 0.0, 0.0, 0.0, 0.0, 0.0, 0.0, 0.0, 0.0, 0.0, 0.0, 0.0, 0.0, 0.0, 0.0, 0.0, 0.0, 0.0, 0.0, 0.0, 0.0, 0.0, 0.0, 0.0, 0.0, 0.0, 0.0, 0.0, 0.0, 0.0, 0.0, 0.0, 0.0, 0.0, 0.0, 0.0]",-0.5,2,"[0, 0, 0, 1, 0, 0, 0, 0, 0, 0, 0, 0, 0, 0, 0]","[0, 0, 0, 0, 0, 0, 0, 0, 0, 0, 0, 0, 0, 0, 0]","[0, 0, 0, 0, 0, 0, 0, 0, 0, 0, 0, 0, 0, 1, 0]","[0, 0, 0, 0, 0, 0, 0, 0, 0, 0, 0, 1, 0, 0, 0]",0.3909,0.293
VSEPR_08,The geometry of a molecule with two bond pairs and two lone pairs on the central atom is:,Linear,Bent (angular),Trigonal planar,Tetrahedral,Incorrect. Linear corresponds to two bond pairs and no lone pairs.,"Correct. With four electron pairs (two bonds, two lone pairs), the electron pair geometry is tetrahedral, but the molecular shape is bent (angular).",Incorrect. Trigonal planar corresponds to three electron pairs.,"Incorrect. Tetrahedral is the electron pair geometry, not the molecular shape.",Valence Shell Electron Pair Repulsion Theory,Electron-Electron Repulsion,"[0.0, 0.0, 0.0, 1.0, 0.0, 0.0, 0.0, 0.0, 0.0, 0.0, 0.0, 0.0, 0.0, 0.0, 0.0, 1.2, 0.0, 0.0, 0.0, 0.0, 0.0, 0.0, 0.0, 0.0, 0.0, 0.0, 0.0, 0.0, 0.0, 0.0, 0.0, 0.0, 0.0, 0.0, 0.0, 0.0, 0.0, 0.0, 0.0, 0.0, 0.0, 0.0, 0.0, 0.0, 0.0, 0.0, 0.0, 0.0, 0.0, 0.0, 0.0, 0.0, 0.0, 0.0, 0.0, 0.0, 0.0, 0.0]",-0.4,2,"[0, 0, 0, 1, 0, 0, 0, 0, 0, 0, 0, 0, 0, 0, 0]","[0, 0, 0, 0, 0, 0, 0, 0, 0, 0, 0, 0, 0, 0, 0]","[0, 0, 0, 0, 0, 0, 0, 0, 0, 0, 0, 0, 0, 1, 0]","[0, 0, 0, 0, 0, 0, 0, 0, 0, 0, 0, 1, 0, 0, 0]",0.4473,0.2985
VSEPR_09,Which of the following correctly matches the number of electron pairs with the molecular geometry?,"5 electron pairs, 1 lone pair ? seesaw","6 electron pairs, 0 lone pairs ? octahedral","5 electron pairs, 0 lone pairs ? square pyramidal","4 electron pairs, 2 lone pairs ? tetrahedral","Incorrect. 5 pairs, 1 lone pair gives seesaw (distorted tetrahedron).","Correct. 6 pairs, 0 lone pairs gives octahedral geometry. Both B and D are correct. The question asks for a single correct match. D is a standard match.","Incorrect. 5 pairs, 0 lone pairs gives trigonal bipyramidal.","Incorrect. 4 pairs, 2 lone pairs gives bent (angular) shape; tetrahedral is the electron pair geometry.",Valence Shell Electron Pair Repulsion Theory,Electron-Electron Repulsion,"[0.0, 0.0, 0.0, 1.0, 0.0, 0.0, 0.0, 0.0, 0.0, 0.0, 0.0, 0.0, 0.0, 0.0, 0.0, 1.2, 0.0, 0.0, 0.0, 0.0, 0.0, 0.0, 0.0, 0.0, 0.0, 0.0, 0.0, 0.0, 0.0, 0.0, 0.0, 0.0, 0.0, 0.0, 0.0, 0.0, 0.0, 0.0, 0.0, 0.0, 0.0, 0.0, 0.0, 0.0, 0.0, 0.0, 0.0, 0.0, 0.0, 0.0, 0.0, 0.0, 0.0, 0.0, 0.0, 0.0, 0.0, 0.0]",-0.3,2,"[0, 0, 0, 1, 0, 0, 0, 0, 0, 0, 0, 0, 0, 0, 0]","[0, 0, 0, 0, 0, 0, 0, 0, 0, 0, 0, 0, 0, 0, 0]","[0, 0, 0, 0, 0, 0, 0, 0, 0, 0, 0, 0, 0, 1, 0]","[0, 0, 0, 0, 0, 0, 0, 0, 0, 0, 0, 1, 0, 0, 0]",0.4821,0.3002
VSEPR_10,The shape of I?? (triiodide ion) is linear despite having three lone pairs on the central iodine atom. This is because:,"The central iodine has 5 electron pairs (2 bond pairs, 3 lone pairs) which adopt a trigonal bipyramidal arrangement, with the lone pairs occupying equatorial positions, resulting in a linear shape.",Iodine is too large to be bent.,The three lone pairs cancel each other's effect.,The molecule is actually bent but appears linear.,"Correct. With 5 electron pairs, the geometry is trigonal bipyramidal. Lone pairs occupy equatorial positions, leaving the two axial positions for the bonding atoms, giving a linear shape.",Incorrect. Size is not the reason; VSEPR theory predicts linear.,Incorrect. Lone pairs do not cancel; they arrange to minimize repulsion.,Incorrect. The shape is indeed linear.,Valence Shell Electron Pair Repulsion Theory,Electron-Electron Repulsion,"[0.0, 0.0, 0.0, 1.0, 0.0, 0.0, 0.0, 0.0, 0.0, 0.0, 0.0, 0.0, 0.0, 0.0, 0.0, 1.5, 0.0, 0.0, 0.0, 0.0, 0.0, 0.0, 0.0, 0.0, 0.0, 0.0, 0.0, 0.0, 0.0, 0.0, 0.0, 0.0, 0.0, 0.0, 0.0, 0.0, 0.0, 0.0, 0.0, 0.0, 0.0, 0.0, 0.0, 0.0, 0.0, 0.0, 0.0, 0.0, 0.0, 0.0, 0.0, 0.0, 0.0, 0.0, 0.0, 0.0, 0.0, 0.0]",-0.2,1,"[0, 0, 0, 0, 0, 0, 0, 0, 0, 0, 0, 0, 0, 0, 0]","[0, 0, 0, 0, 0, 0, 0, 0, 0, 0, 0, 0, 0, 0, 1]","[0, 0, 0, 0, 0, 0, 0, 0, 0, 0, 0, 0, 0, 1, 0]","[0, 0, 0, 0, 0, 0, 0, 0, 0, 0, 0, 1, 0, 0, 0]",0.4254,0.2972
Hybridization_01,What is hybridization?,The process of mixing atomic orbitals to form new hybrid orbitals of equivalent energy.,The overlapping of atomic orbitals to form a bond.,The process of electron transfer from one atom to another.,The separation of electrons into different energy levels.,"Correct. Hybridization involves mixing orbitals (e.g., s, p) to generate new degenerate orbitals suitable for bonding.","Incorrect. That describes bond formation, not the hybridization itself.","Incorrect. That describes ionic bonding, not hybridization.","Incorrect. That is energy level splitting, not hybridization.",Hybridization and Orbital Mixing Principles,"Sigma and Pi Bonding in Molecular Orbitals, Valence Shell Electron Pair Repulsion Theory","[0.0, 0.0, 0.0, 0.0, 0.0, 0.0, 0.0, 0.0, 0.0, 0.5, 0.0, 0.0, 0.0, 0.0, 0.0, 0.5, 1.8, 0.0, 0.0, 0.0, 0.0, 0.0, 0.0, 0.0, 0.0, 0.0, 0.0, 0.0, 0.0, 0.0, 0.0, 0.0, 0.0, 0.0, 0.0, 0.0, 0.0, 0.0, 0.0, 0.0, 0.0, 0.0, 0.0, 0.0, 0.0, 0.0, 0.0, 0.0, 0.0, 0.0, 0.0, 0.0, 0.0, 0.0, 0.0, 0.0, 0.0, 0.0]",-0.3,1,"[0, 0, 0, 0, 0, 0, 0, 0, 0, 0, 0, 0, 0, 0, 0]","[0, 0, 0, 0, 0, 0, 0, 0, 0, 0, 0, 0, 0, 0, 0]","[0, 0, 0, 0, 0, 0, 0, 0, 0, 0, 1, 0, 0, 0, 0]","[0, 0, 0, 0, 0, 0, 0, 0, 0, 0, 0, 1, 0, 0, 0]",0.433,0.169
Hybridization_02,Which of the following correctly describes the hybridization of the central atom in methane (CH?)?,sp?,dsp?,sp?,sp,"Incorrect. sp? gives trigonal planar geometry (e.g., BF?).","Incorrect. dsp? hybridization is for square planar complexes (e.g., [Ni(CN)?]??).","Correct. Carbon in CH? has four bond pairs and no lone pairs, requiring sp? hybridization.","Incorrect. sp hybridization gives linear geometry (e.g., BeCl?).",Hybridization and Orbital Mixing Principles,"Sigma and Pi Bonding in Molecular Orbitals, Valence Shell Electron Pair Repulsion Theory","[0.0, 0.0, 0.0, 0.0, 0.0, 0.0, 0.0, 0.0, 0.0, 1.2, 0.0, 0.0, 0.0, 0.0, 0.0, 0.5, 1.0, 0.0, 0.0, 0.0, 0.0, 0.0, 0.0, 0.0, 0.0, 0.0, 0.0, 0.0, 0.0, 0.0, 0.0, 0.0, 0.0, 0.0, 0.0, 0.0, 0.0, 0.0, 0.0, 0.0, 0.0, 0.0, 0.0, 0.0, 0.0, 0.0, 0.0, 0.0, 0.0, 0.0, 0.0, 0.0, 0.0, 0.0, 0.0, 0.0, 0.0, 0.0]",-0.4,3,"[0, 0, 0, 0, 0, 0, 0, 0, 0, 0, 0, 0, 1, 0, 0]","[0, 0, 0, 0, 0, 0, 0, 1, 0, 0, 0, 0, 0, 0, 0]","[0, 0, 0, 0, 0, 0, 0, 0, 0, 0, 0, 0, 0, 0, 0]","[0, 0, 0, 0, 0, 0, 0, 0, 0, 0, 0, 1, 0, 0, 0]",0.4422,0.3672
Hybridization_03,"The hybridization of the central atom in ammonia (NH?) is sp?, but the bond angle is 107? instead of 109.5? because:",Nitrogen is more electronegative than hydrogen.,The molecule undergoes resonance.,The N-H bonds are polar.,"The lone pair on nitrogen occupies more space, compressing the bond angle.","Incorrect. Electronegativity influences bond polarity, not the geometry.",Incorrect. NH? does not exhibit resonance.,Incorrect. Bond polarity does not directly affect the bond angle.,"Correct. In sp? hybridized NH?, the lone pair exerts greater repulsion than bonding pairs, reducing the H-N-H angle from the ideal tetrahedral angle.",Hybridization and Orbital Mixing Principles,"Sigma and Pi Bonding in Molecular Orbitals, Valence Shell Electron Pair Repulsion Theory","[0.0, 0.0, 0.0, 0.0, 0.0, 0.0, 0.0, 0.0, 0.0, 1.0, 0.0, 0.0, 0.0, 0.0, 0.0, 0.8, 1.2, 0.0, 0.0, 0.0, 0.0, 0.0, 0.0, 0.0, 0.0, 0.0, 0.0, 0.0, 0.0, 0.0, 0.0, 0.0, 0.0, 0.0, 0.0, 0.0, 0.0, 0.0, 0.0, 0.0, 0.0, 0.0, 0.0, 0.0, 0.0, 0.0, 0.0, 0.0, 0.0, 0.0, 0.0, 0.0, 0.0, 0.0, 0.0, 0.0, 0.0, 0.0]",-0.3,4,"[0, 0, 0, 0, 0, 0, 0, 0, 0, 0, 0, 0, 1, 0, 0]","[0, 0, 0, 0, 0, 0, 0, 1, 0, 0, 0, 0, 0, 0, 0]","[0, 0, 0, 0, 0, 0, 0, 0, 0, 0, 1, 0, 0, 0, 0]","[0, 0, 0, 0, 0, 0, 0, 0, 0, 0, 0, 0, 0, 0, 0]",0.5261,0.4614
Hybridization_04,What is the hybridization of the carbon atoms in ethene (CΔH°)?,sp?,sp?d,sp,sp?,"Incorrect. sp? gives tetrahedral geometry (e.g., ethane).",Incorrect. sp?d involves d-orbitals and is not present in ethene.,Incorrect. sp gives linear geometry; ethene has trigonal planar geometry around each carbon.,"Correct. Each carbon in ethene forms three sigma bonds (two C-H and one C-C) and one pi bond, requiring sp? hybridization.",Hybridization and Orbital Mixing Principles,"Sigma and Pi Bonding in Molecular Orbitals, Valence Shell Electron Pair Repulsion Theory","[0.0, 0.0, 0.0, 0.0, 0.0, 0.0, 0.0, 0.0, 0.0, 1.2, 0.0, 0.0, 0.0, 0.0, 0.0, 0.8, 1.0, 0.0, 0.0, 0.0, 0.0, 0.0, 0.0, 0.0, 0.0, 0.0, 0.0, 0.0, 0.0, 0.0, 0.0, 0.0, 0.0, 0.0, 0.0, 0.0, 0.0, 0.0, 0.0, 0.0, 0.0, 0.0, 0.0, 0.0, 0.0, 0.0, 0.0, 0.0, 0.0, 0.0, 0.0, 0.0, 0.0, 0.0, 0.0, 0.0, 0.0, 0.0]",-0.4,4,"[0, 0, 0, 0, 0, 0, 0, 0, 0, 0, 0, 0, 1, 0, 0]","[0, 0, 0, 0, 0, 0, 0, 1, 0, 0, 0, 0, 0, 0, 0]","[0, 0, 0, 0, 0, 0, 0, 0, 0, 0, 1, 0, 0, 0, 0]","[0, 0, 0, 0, 0, 0, 0, 0, 0, 0, 0, 0, 0, 0, 0]",0.4206,0.1786
Hybridization_05,Which of the following molecules has the central atom with sp hybridization?,CH?,BeCl?,BF?,NH?,Incorrect. CH? is tetrahedral; carbon is sp? hybridized.,Correct. BeCl? is linear; beryllium uses sp hybrid orbitals.,Incorrect. BF? is trigonal planar; boron is sp? hybridized.,Incorrect. NH? is pyramidal; nitrogen is sp? hybridized.,Hybridization and Orbital Mixing Principles,"Sigma and Pi Bonding in Molecular Orbitals, Valence Shell Electron Pair Repulsion Theory","[0.0, 0.0, 0.0, 0.0, 0.0, 0.0, 0.0, 0.0, 0.0, 1.2, 0.0, 0.0, 0.0, 0.0, 0.0, 0.5, 1.0, 0.0, 0.0, 0.0, 0.0, 0.0, 0.0, 0.0, 0.0, 0.0, 0.0, 0.0, 0.0, 0.0, 0.0, 0.0, 0.0, 0.0, 0.0, 0.0, 0.0, 0.0, 0.0, 0.0, 0.0, 0.0, 0.0, 0.0, 0.0, 0.0, 0.0, 0.0, 0.0, 0.0, 0.0, 0.0, 0.0, 0.0, 0.0, 0.0, 0.0, 0.0]",-0.5,2,"[0, 0, 0, 0, 0, 0, 0, 0, 0, 0, 0, 0, 1, 0, 0]","[0, 0, 0, 0, 0, 0, 0, 0, 0, 0, 0, 0, 0, 0, 0]","[0, 0, 0, 0, 0, 0, 0, 0, 0, 0, 1, 0, 0, 0, 0]","[0, 0, 0, 0, 0, 0, 0, 0, 0, 0, 0, 0, 0, 0, 0]",0.3729,0.2795
Hybridization_06,The hybridization of the central atom in SF? is:,sp?,d?sp?,sp?d?,sp?d,"Incorrect. sp? would give tetrahedral geometry, but SF? is octahedral.","Incorrect. d2sp3 and sp3d2 are equivalent orbital combinations for octahedral geometry, but sp3d2 (option 3) is the conventional designation used for main-group species such as SF6.","Correct. SF? has six bond pairs and no lone pairs, requiring sp?d? hybridization (or d?sp?, both are equivalent in octahedral geometry).","Incorrect. sp?d gives trigonal bipyramidal geometry (e.g., PCl?).",Hybridization and Orbital Mixing Principles,"Sigma and Pi Bonding in Molecular Orbitals, Valence Shell Electron Pair Repulsion Theory","[0.0, 0.0, 0.0, 0.0, 0.0, 0.0, 0.0, 0.0, 0.0, 1.0, 0.0, 0.0, 0.0, 0.0, 0.0, 0.8, 1.2, 0.0, 0.0, 0.0, 0.0, 0.0, 0.0, 0.0, 0.0, 0.0, 0.0, 0.0, 0.0, 0.0, 0.0, 0.0, 0.0, 0.0, 0.0, 0.0, 0.0, 0.0, 0.0, 0.0, 0.0, 0.0, 0.0, 0.0, 0.0, 0.0, 0.0, 0.0, 0.0, 0.0, 0.0, 0.0, 0.0, 0.0, 0.0, 0.0, 0.0, 0.0]",-0.2,3,"[0, 0, 0, 0, 0, 0, 0, 0, 0, 0, 0, 0, 1, 0, 0]","[0, 0, 0, 0, 0, 0, 0, 1, 0, 0, 0, 0, 0, 0, 0]","[0, 0, 0, 0, 0, 0, 0, 0, 0, 0, 0, 0, 0, 0, 0]","[0, 0, 0, 0, 0, 0, 0, 0, 0, 0, 0, 1, 0, 0, 0]",0.4526,0.3405
Hybridization_07,Which of the following statements about hybridization is correct?,Hybridization occurs only in molecules with double bonds.,The number of hybrid orbitals formed equals the number of atomic orbitals mixed.,Hybrid orbitals always have higher energy than pure atomic orbitals.,Hybridization is necessary for all molecules.,"Incorrect. Hybridization occurs in single, double, and triple bonds.","Correct. Mixing, say, one s and three p orbitals yields four sp? hybrid orbitals.",Incorrect. Hybrid orbitals are typically lower in energy than the unhybridized p orbitals but higher than s; it depends.,"Incorrect. Some molecules (e.g., H?) do not require hybridization.",Hybridization and Orbital Mixing Principles,Sigma and Pi Bonding in Molecular Orbitals,"[0.0, 0.0, 0.0, 0.0, 0.0, 0.0, 0.0, 0.0, 0.0, 0.8, 0.0, 0.0, 0.0, 0.0, 0.0, 0.0, 1.2, 0.0, 0.0, 0.0, 0.0, 0.0, 0.0, 0.0, 0.0, 0.0, 0.0, 0.0, 0.0, 0.0, 0.0, 0.0, 0.0, 0.0, 0.0, 0.0, 0.0, 0.0, 0.0, 0.0, 0.0, 0.0, 0.0, 0.0, 0.0, 0.0, 0.0, 0.0, 0.0, 0.0, 0.0, 0.0, 0.0, 0.0, 0.0, 0.0, 0.0, 0.0]",-0.4,2,"[0, 0, 0, 0, 0, 0, 0, 0, 0, 0, 0, 0, 0, 0, 0]","[0, 0, 0, 0, 0, 0, 0, 0, 0, 0, 0, 0, 0, 0, 0]","[0, 0, 0, 0, 0, 0, 0, 0, 0, 0, 1, 0, 0, 0, 0]","[0, 0, 0, 0, 0, 0, 0, 0, 0, 0, 0, 1, 0, 0, 0]",0.4134,0.2879
Hybridization_08,The shape of a molecule with sp?d hybridization and two lone pairs on the central atom is:,Square planar,Bent,T-shaped,Linear,"Incorrect. Square planar occurs with sp?d? and two lone pairs (e.g., XeF?).",Incorrect. Bent occurs with sp? or sp? with one or two lone pairs.,"Correct. T-shaped occurs with sp?d hybridization and two lone pairs (e.g., ClF?).",Incorrect. Linear would be sp with no lone pairs or sp?d with three lone pairs.,Hybridization and Orbital Mixing Principles,"Sigma and Pi Bonding in Molecular Orbitals, Valence Shell Electron Pair Repulsion Theory","[0.0, 0.0, 0.0, 0.0, 0.0, 0.0, 0.0, 0.0, 0.0, 1.0, 0.0, 0.0, 0.0, 0.0, 0.0, 1.0, 1.5, 0.0, 0.0, 0.0, 0.0, 0.0, 0.0, 0.0, 0.0, 0.0, 0.0, 0.0, 0.0, 0.0, 0.0, 0.0, 0.0, 0.0, 0.0, 0.0, 0.0, 0.0, 0.0, 0.0, 0.0, 0.0, 0.0, 0.0, 0.0, 0.0, 0.0, 0.0, 0.0, 0.0, 0.0, 0.0, 0.0, 0.0, 0.0, 0.0, 0.0, 0.0]",-0.2,3,"[0, 0, 0, 0, 0, 0, 0, 0, 0, 0, 0, 0, 1, 0, 0]","[0, 0, 0, 0, 0, 0, 0, 1, 0, 0, 0, 0, 0, 0, 0]","[0, 0, 0, 0, 0, 0, 0, 0, 0, 0, 0, 0, 0, 0, 0]","[0, 0, 0, 0, 0, 0, 0, 0, 0, 0, 0, 1, 0, 0, 0]",0.4173,0.2026
Hybridization_09,The hybridization of the central atom in a molecule with trigonal bipyramidal electron pair geometry is:,sp,sp?,sp?,sp?d,Incorrect. sp gives linear.,Incorrect. sp? gives tetrahedral.,Incorrect. sp? gives trigonal planar.,Correct. Five electron pairs (bonding or lone) require sp?d hybridization.,Hybridization and Orbital Mixing Principles,"Sigma and Pi Bonding in Molecular Orbitals, Valence Shell Electron Pair Repulsion Theory","[0.0, 0.0, 0.0, 0.0, 0.0, 0.0, 0.0, 0.0, 0.0, 1.2, 0.0, 0.0, 0.0, 0.0, 0.0, 0.5, 1.0, 0.0, 0.0, 0.0, 0.0, 0.0, 0.0, 0.0, 0.0, 0.0, 0.0, 0.0, 0.0, 0.0, 0.0, 0.0, 0.0, 0.0, 0.0, 0.0, 0.0, 0.0, 0.0, 0.0, 0.0, 0.0, 0.0, 0.0, 0.0, 0.0, 0.0, 0.0, 0.0, 0.0, 0.0, 0.0, 0.0, 0.0, 0.0, 0.0, 0.0, 0.0]",-0.4,4,"[0, 0, 0, 0, 0, 0, 0, 0, 0, 0, 0, 0, 1, 0, 0]","[0, 0, 0, 0, 0, 0, 0, 1, 0, 0, 0, 0, 0, 0, 0]","[0, 0, 0, 0, 0, 0, 0, 0, 0, 0, 1, 0, 0, 0, 0]","[0, 0, 0, 0, 0, 0, 0, 0, 0, 0, 0, 0, 0, 0, 0]",0.4022,0.2938
Hybridization_10,Which of the following correctly matches the molecule with the hybridization of its central atom?,BF? ? sp?,XeF? ? sp?d?,H?O ? sp?,PCl? ? sp?d?,Incorrect. BF? has sp? hybridization.,"Correct. XeF? has octahedral electron pair geometry with two lone pairs, requiring sp?d? hybridization.",Incorrect. H?O has sp? hybridization (two lone pairs).,Incorrect. PCl? has sp?d hybridization (trigonal bipyramidal).,Hybridization and Orbital Mixing Principles,"Sigma and Pi Bonding in Molecular Orbitals, Valence Shell Electron Pair Repulsion Theory","[0.0, 0.0, 0.0, 0.0, 0.0, 0.0, 0.0, 0.0, 0.0, 1.0, 0.0, 0.0, 0.0, 0.0, 0.0, 0.8, 1.2, 0.0, 0.0, 0.0, 0.0, 0.0, 0.0, 0.0, 0.0, 0.0, 0.0, 0.0, 0.0, 0.0, 0.0, 0.0, 0.0, 0.0, 0.0, 0.0, 0.0, 0.0, 0.0, 0.0, 0.0, 0.0, 0.0, 0.0, 0.0, 0.0, 0.0, 0.0, 0.0, 0.0, 0.0, 0.0, 0.0, 0.0, 0.0, 0.0, 0.0, 0.0]",-0.3,2,"[0, 0, 0, 0, 0, 0, 0, 0, 0, 0, 0, 0, 1, 0, 0]","[0, 0, 0, 0, 0, 0, 0, 0, 0, 0, 0, 0, 0, 0, 0]","[0, 0, 0, 0, 0, 0, 0, 0, 0, 0, 1, 0, 0, 0, 0]","[0, 0, 0, 0, 0, 0, 0, 0, 0, 0, 0, 1, 0, 0, 0]",0.4072,0.2786
MOT_01,What is the fundamental principle of Molecular Orbital Theory (MOT)?,Atomic orbitals combine to form molecular orbitals that belong to the entire molecule.,Atomic orbitals combine to form hybrid orbitals.,Electrons are localized between two atoms.,Bonding occurs only through electron transfer.,"Correct. In MOT, atomic orbitals overlap to form molecular orbitals that are delocalized over the molecule.","Incorrect. That is hybridization, not MOT.",Incorrect. That is the valence bond theory description.,Incorrect. That describes ionic bonding.,Molecular Orbital Theory and Delocalization,"Sigma and Pi Bonding in Molecular Orbitals, Energy Level Splitting in Atomic Orbitals","[0.0, 0.0, 0.0, 0.0, 0.5, 0.0, 0.0, 0.0, 0.0, 0.5, 0.0, 0.0, 0.0, 0.0, 0.0, 0.0, 0.0, 1.8, 0.0, 0.0, 0.0, 0.0, 0.0, 0.0, 0.0, 0.0, 0.0, 0.0, 0.0, 0.0, 0.0, 0.0, 0.0, 0.0, 0.0, 0.0, 0.0, 0.0, 0.0, 0.0, 0.0, 0.0, 0.0, 0.0, 0.0, 0.0, 0.0, 0.0, 0.0, 0.0, 0.0, 0.0, 0.0, 0.0, 0.0, 0.0, 0.0, 0.0]",-0.3,1,"[0, 0, 0, 0, 0, 0, 0, 0, 0, 0, 0, 0, 0, 0, 0]","[1, 0, 0, 0, 0, 0, 0, 0, 0, 0, 0, 0, 0, 0, 0]","[0, 0, 0, 0, 0, 0, 0, 0, 0, 1, 0, 0, 0, 0, 0]","[0, 0, 0, 0, 0, 0, 0, 0, 0, 0, 0, 0, 0, 1, 0]",0.4124,0.1756
MOT_02,"According to MOT, which of the following statements is correct?",Molecular orbitals are formed only by s-orbitals.,The number of molecular orbitals formed equals the number of atomic orbitals combined.,Only bonding molecular orbitals are formed.,Molecular orbitals always have lower energy than atomic orbitals.,"Incorrect. s, p, d orbitals can combine.","Correct. When n atomic orbitals combine, they form n molecular orbitals (some bonding, some antibonding).",Incorrect. Both bonding and antibonding orbitals are formed.,Incorrect. Antibonding molecular orbitals have higher energy than the original atomic orbitals.,Molecular Orbital Theory and Delocalization,Sigma and Pi Bonding in Molecular Orbitals,"[0.0, 0.0, 0.0, 0.0, 0.0, 0.0, 0.0, 0.0, 0.0, 0.8, 0.0, 0.0, 0.0, 0.0, 0.0, 0.0, 0.0, 1.5, 0.0, 0.0, 0.0, 0.0, 0.0, 0.0, 0.0, 0.0, 0.0, 0.0, 0.0, 0.0, 0.0, 0.0, 0.0, 0.0, 0.0, 0.0, 0.0, 0.0, 0.0, 0.0, 0.0, 0.0, 0.0, 0.0, 0.0, 0.0, 0.0, 0.0, 0.0, 0.0, 0.0, 0.0, 0.0, 0.0, 0.0, 0.0, 0.0, 0.0]",-0.4,2,"[0, 0, 0, 0, 0, 0, 0, 0, 0, 0, 0, 1, 0, 0, 0]","[0, 0, 0, 0, 0, 0, 0, 0, 0, 0, 0, 0, 0, 0, 0]","[0, 0, 0, 0, 0, 0, 0, 0, 0, 1, 0, 0, 0, 0, 0]","[0, 0, 0, 0, 0, 0, 0, 0, 0, 0, 0, 0, 0, 1, 0]",0.4212,0.278
MOT_03,"Which of the following is the correct order of energy for molecular orbitals in O?, F?, and Ne??",?1s < ?*1s < ?2s < ?*2s < ?2pz < ?2px = ?2py < ?*2px = ?*2py < ?*2pz,?1s < ?*1s < ?2s < ?*2s < ?2pz < ?2px = ?2py < ?*2pz < ?*2px = ?*2py,?1s < ?*1s < ?2s < ?*2s < ?2px = ?2py < ?2pz < ?*2px = ?*2py < ?*2pz,?1s < ?*1s < ?2s < ?*2s < ?2px = ?2py < ?*2px = ?*2py < ?2pz < ?*2pz,"Incorrect. This order is for B?, C?, N? where ?2p is above ?2p. For O?, F?, Ne?, ?2p is below ?2p.",Incorrect. This order mixes incorrectly.,"Correct. For O?, F?, Ne? (Z ≈ 8), the ?2p orbital lies lower in energy than ?2p.","Incorrect. This order shows ?* below ?2p, which is not correct.",Molecular Orbital Theory and Delocalization,"Sigma and Pi Bonding in Molecular Orbitals, Energy Level Splitting in Atomic Orbitals","[0.0, 0.0, 0.0, 0.0, 1.0, 0.0, 0.0, 0.0, 0.0, 1.0, 0.0, 0.0, 0.0, 0.0, 0.0, 0.0, 0.0, 1.5, 0.0, 0.0, 0.0, 0.0, 0.0, 0.0, 0.0, 0.0, 0.0, 0.0, 0.0, 0.0, 0.0, 0.0, 0.0, 0.0, 0.0, 0.0, 0.0, 0.0, 0.0, 0.0, 0.0, 0.0, 0.0, 0.0, 0.0, 0.0, 0.0, 0.0, 0.0, 0.0, 0.0, 0.0, 0.0, 0.0, 0.0, 0.0, 0.0, 0.0]",-0.2,3,"[0, 0, 0, 0, 0, 0, 0, 0, 0, 0, 0, 0, 0, 0, 0]","[1, 0, 0, 0, 0, 0, 0, 0, 0, 0, 0, 0, 0, 0, 0]","[0, 0, 0, 0, 0, 0, 0, 0, 0, 0, 0, 0, 0, 0, 0]","[0, 0, 0, 0, 0, 0, 0, 0, 0, 0, 0, 0, 0, 1, 0]",0.4761,0.377
MOT_04,The bond order of O? according to MOT is:,2.5,2,1.5,1,"Incorrect. A bond order of 2.5 corresponds to O2+ (dioxygenyl cation), not neutral O2.","Correct. O? has 10 bonding electrons and 6 antibonding electrons (in valence MOs), bond order = (10-6)/2 = 2.","Incorrect. A bond order of 1.5 corresponds to the superoxide ion O2-, not neutral O2.",Incorrect. Bond order of O? is 2.,Molecular Orbital Theory and Delocalization,Sigma and Pi Bonding in Molecular Orbitals,"[0.0, 0.0, 0.0, 0.0, 0.0, 0.0, 0.0, 0.0, 0.0, 1.2, 0.0, 0.0, 0.0, 0.0, 0.0, 0.0, 0.0, 1.2, 0.0, 0.0, 0.0, 0.0, 0.0, 0.0, 0.0, 0.0, 0.0, 0.0, 0.0, 0.0, 0.0, 0.0, 0.0, 0.0, 0.0, 0.0, 0.0, 0.0, 0.0, 0.0, 0.0, 0.0, 0.0, 0.0, 0.0, 0.0, 0.0, 0.0, 0.0, 0.0, 0.0, 0.0, 0.0, 0.0, 0.0, 0.0, 0.0, 0.0]",-0.3,2,"[0, 0, 0, 0, 0, 0, 0, 0, 0, 0, 0, 0, 0, 0, 0]","[0, 0, 0, 0, 0, 0, 0, 0, 0, 0, 0, 0, 0, 0, 0]","[0, 0, 0, 0, 0, 0, 0, 0, 0, 0, 0, 0, 0, 0, 0]","[0, 0, 0, 0, 0, 0, 0, 0, 0, 0, 0, 0, 0, 1, 0]",0.3743,0.3339
MOT_05,Which of the following molecules is paramagnetic according to MOT?,O?,F?,Ne?,N?,"Correct. O? has two unpaired electrons in the ?* orbitals, making it paramagnetic.",Incorrect. F? has all electrons paired.,"Incorrect. Ne? does not exist as a stable molecule; if formed, it would have all electrons paired.",Incorrect. N? has all electrons paired.,Molecular Orbital Theory and Delocalization,Sigma and Pi Bonding in Molecular Orbitals,"[0.0, 0.0, 0.0, 0.0, 0.0, 0.0, 0.0, 0.0, 0.0, 1.2, 0.0, 0.0, 0.0, 0.0, 0.0, 0.0, 0.0, 1.0, 0.0, 0.0, 0.0, 0.0, 0.0, 0.0, 0.0, 0.0, 0.0, 0.0, 0.0, 0.0, 0.0, 0.0, 0.0, 0.0, 0.0, 0.0, 0.0, 0.0, 0.0, 0.0, 0.0, 0.0, 0.0, 0.0, 0.0, 0.0, 0.0, 0.0, 0.0, 0.0, 0.0, 0.0, 0.0, 0.0, 0.0, 0.0, 0.0, 0.0]",-0.4,1,"[0, 0, 0, 0, 0, 0, 0, 0, 0, 0, 0, 0, 0, 0, 0]","[0, 0, 0, 0, 0, 0, 0, 0, 0, 0, 0, 0, 0, 0, 0]","[0, 0, 0, 0, 0, 0, 0, 0, 0, 1, 0, 0, 0, 0, 0]","[0, 0, 0, 0, 0, 0, 0, 0, 0, 0, 0, 0, 0, 1, 0]",0.3818,0.2786
MOT_06,The bond order of He? is zero. This indicates that:,He? is a stable molecule.,He? does not exist as a stable molecule.,Helium atoms cannot bond at all.,He? has a double bond.,Incorrect. Bond order zero means no net bonding.,"Correct. With bond order zero, He? is unstable and does not form under normal conditions.","Incorrect. Under extreme conditions, helium can form very weak bonds, but generally not.",Incorrect. Double bond would have bond order 2.,Molecular Orbital Theory and Delocalization,Sigma and Pi Bonding in Molecular Orbitals,"[0.0, 0.0, 0.0, 0.0, 0.0, 0.0, 0.0, 0.0, 0.0, 1.0, 0.0, 0.0, 0.0, 0.0, 0.0, 0.0, 0.0, 1.0, 0.0, 0.0, 0.0, 0.0, 0.0, 0.0, 0.0, 0.0, 0.0, 0.0, 0.0, 0.0, 0.0, 0.0, 0.0, 0.0, 0.0, 0.0, 0.0, 0.0, 0.0, 0.0, 0.0, 0.0, 0.0, 0.0, 0.0, 0.0, 0.0, 0.0, 0.0, 0.0, 0.0, 0.0, 0.0, 0.0, 0.0, 0.0, 0.0, 0.0]",-0.5,2,"[0, 0, 0, 0, 0, 0, 0, 0, 0, 0, 0, 0, 0, 0, 0]","[0, 0, 0, 0, 0, 0, 0, 0, 0, 0, 0, 0, 0, 0, 0]","[0, 0, 0, 0, 0, 0, 0, 0, 0, 1, 0, 0, 0, 0, 0]","[0, 0, 0, 0, 0, 0, 0, 0, 0, 0, 0, 0, 0, 0, 0]",0.3702,0.3742
MOT_07,"Which of the following correctly compares the bond lengths of O?, O??, and O???",O?? < O? < O??,O?? < O? < O??,O? < O?? < O??,O?? < O?? < O?,Correct. Bond order: O?? (2.5) > O? (2) > O?? (1.5). Higher bond order means shorter bond length.,Incorrect. This is the reverse order.,Incorrect. O? has higher bond order than O??.,"Incorrect. O?? has highest bond order, so shortest bond.",Molecular Orbital Theory and Delocalization,Sigma and Pi Bonding in Molecular Orbitals,"[0.0, 0.0, 0.0, 0.0, 0.0, 0.0, 0.0, 0.0, 0.0, 1.0, 0.0, 0.0, 0.0, 0.0, 0.0, 0.0, 0.0, 1.2, 0.0, 0.0, 0.0, 0.0, 0.0, 0.0, 0.0, 0.0, 0.0, 0.0, 0.0, 0.0, 0.0, 0.0, 0.0, 0.0, 0.0, 0.0, 0.0, 0.0, 0.0, 0.0, 0.0, 0.0, 0.0, 0.0, 0.0, 0.0, 0.0, 0.0, 0.0, 0.0, 0.0, 0.0, 0.0, 0.0, 0.0, 0.0, 0.0, 0.0]",-0.3,1,"[0, 0, 0, 0, 0, 0, 0, 0, 0, 0, 0, 0, 0, 0, 0]","[1, 0, 0, 0, 0, 0, 0, 0, 0, 0, 0, 0, 0, 0, 0]","[0, 0, 0, 0, 0, 0, 0, 0, 0, 1, 0, 0, 0, 0, 0]","[0, 0, 0, 0, 0, 0, 0, 0, 0, 0, 0, 0, 0, 1, 0]",0.4301,0.3622
MOT_08,"In MOT, an antibonding molecular orbital is characterized by:",Lower energy than the atomic orbitals.,A node between the nuclei and higher energy than the original atomic orbitals.,The absence of a node.,A concentration of electron density between the nuclei.,Incorrect. Antibonding orbitals have higher energy.,"Correct. Antibonding orbitals have a nodal plane between the nuclei, and electrons in them destabilize the bond.",Incorrect. Antibonding orbitals have a node between nuclei.,Incorrect. That describes bonding molecular orbitals.,Molecular Orbital Theory and Delocalization,Sigma and Pi Bonding in Molecular Orbitals,"[0.0, 0.0, 0.0, 0.0, 0.0, 0.0, 0.0, 0.0, 0.0, 0.8, 0.0, 0.0, 0.0, 0.0, 0.0, 0.0, 0.0, 1.5, 0.0, 0.0, 0.0, 0.0, 0.0, 0.0, 0.0, 0.0, 0.0, 0.0, 0.0, 0.0, 0.0, 0.0, 0.0, 0.0, 0.0, 0.0, 0.0, 0.0, 0.0, 0.0, 0.0, 0.0, 0.0, 0.0, 0.0, 0.0, 0.0, 0.0, 0.0, 0.0, 0.0, 0.0, 0.0, 0.0, 0.0, 0.0, 0.0, 0.0]",-0.4,2,"[0, 0, 0, 0, 0, 0, 0, 0, 0, 0, 0, 1, 0, 0, 0]","[0, 0, 0, 0, 0, 0, 0, 0, 0, 0, 0, 0, 0, 0, 0]","[0, 0, 0, 0, 0, 0, 0, 0, 0, 1, 0, 0, 0, 0, 0]","[0, 0, 0, 0, 0, 0, 0, 0, 0, 0, 0, 0, 0, 1, 0]",0.4284,0.2954
MOT_09,The molecular orbital configuration of N? is:,(?1s)? (?*1s)? (?2s)? (?*2s)? (?2px)? (?2py)? (?*2px)? (?*2py)?,(?1s)? (?*1s)? (?2s)? (?*2s)? (?2pz)? (?2px)? (?2py)? (?*2px)?,(?1s)? (?*1s)? (?2s)? (?*2s)? (?2px)? (?2py)? (?2pz)?,(?1s)? (?*1s)? (?2s)? (?*2s)? (?2pz)? (?2px)? (?2py)?,"Incorrect. This has electrons in ?* orbitals, which would give bond order 2 (like O?).","Incorrect. This has an odd number of electrons, not possible for N?.","Correct. For N? (Z=7), the ?2p orbitals are lower in energy than ?2p, so they fill first, giving configuration with bond order 3.","Incorrect. This order (?2p below ?2p) applies to O?, F?, not N?.",Molecular Orbital Theory and Delocalization,"Sigma and Pi Bonding in Molecular Orbitals, Energy Level Splitting in Atomic Orbitals","[0.0, 0.0, 0.0, 0.0, 1.0, 0.0, 0.0, 0.0, 0.0, 1.0, 0.0, 0.0, 0.0, 0.0, 0.0, 0.0, 0.0, 1.5, 0.0, 0.0, 0.0, 0.0, 0.0, 0.0, 0.0, 0.0, 0.0, 0.0, 0.0, 0.0, 0.0, 0.0, 0.0, 0.0, 0.0, 0.0, 0.0, 0.0, 0.0, 0.0, 0.0, 0.0, 0.0, 0.0, 0.0, 0.0, 0.0, 0.0, 0.0, 0.0, 0.0, 0.0, 0.0, 0.0, 0.0, 0.0, 0.0, 0.0]",-0.2,3,"[0, 0, 0, 0, 0, 0, 0, 0, 0, 0, 0, 0, 0, 0, 0]","[1, 0, 0, 0, 0, 0, 0, 0, 0, 0, 0, 0, 0, 0, 0]","[0, 0, 0, 0, 0, 0, 0, 0, 0, 0, 0, 0, 0, 0, 0]","[0, 0, 0, 0, 0, 0, 0, 0, 0, 0, 0, 0, 0, 0, 0]",0.4106,0.3354
MOT_10,Which of the following statements about delocalization in MOT is correct?,"In MOT, electrons are localized between two atoms.",Delocalization only occurs in molecules with pi bonds.,Delocalization explains why molecules like benzene have equal bond lengths.,MOT does not account for delocalization.,Incorrect. That is a limitation of valence bond theory; MOT treats electrons as delocalized.,"Incorrect. Delocalization can also occur in sigma frameworks, e.g., in metals.","Correct. MOT uses molecular orbitals that extend over multiple atoms, explaining resonance and equal bond lengths.",Incorrect. MOT is built on delocalization.,Molecular Orbital Theory and Delocalization,Sigma and Pi Bonding in Molecular Orbitals,"[0.0, 0.0, 0.0, 0.0, 0.0, 0.0, 0.0, 0.0, 0.0, 0.8, 0.0, 0.0, 0.0, 0.0, 0.0, 0.0, 0.0, 1.2, 0.0, 0.0, 0.0, 0.0, 0.0, 0.0, 0.0, 0.0, 0.0, 0.0, 0.0, 0.0, 0.0, 0.0, 0.0, 0.0, 0.0, 0.0, 0.0, 0.0, 0.0, 0.0, 0.0, 0.0, 0.0, 0.0, 0.0, 0.0, 0.0, 0.0, 0.0, 0.0, 0.0, 0.0, 0.0, 0.0, 0.0, 0.0, 0.0, 0.0]",-0.3,3,"[0, 0, 0, 0, 0, 0, 0, 0, 0, 0, 0, 1, 0, 0, 0]","[0, 0, 0, 0, 0, 0, 0, 0, 0, 0, 0, 0, 0, 0, 0]","[0, 0, 0, 0, 0, 0, 0, 0, 0, 0, 0, 0, 0, 0, 0]","[0, 0, 0, 0, 0, 0, 0, 0, 0, 0, 0, 0, 0, 1, 0]",0.3992,0.287
HydrogenBonding_01,What is hydrogen bonding?,A type of metallic bond.,A bond formed by the transfer of a hydrogen ion.,An electrostatic attraction between a hydrogen atom bonded to a highly electronegative atom and a lone pair on another electronegative atom.,A covalent bond between hydrogen and a highly electronegative atom.,"Incorrect. Hydrogen bonding occurs in molecular compounds, not metals.","Incorrect. That describes a proton transfer, not the bond.","Correct. Hydrogen bonding is a dipole-dipole interaction between a hydrogen (bonded to F, O, or N) and a lone pair on another F, O, or N.","Incorrect. That is a covalent bond, not hydrogen bond.",Hydrogen Bonding,"Sigma and Pi Bonding in Molecular Orbitals, Electronegativity Trend","[0.0, 0.0, 0.0, 0.0, 0.0, 0.0, 0.0, 0.0, 0.0, 0.5, 0.0, 0.0, 0.0, 0.5, 0.0, 0.0, 0.0, 0.0, 1.8, 0.0, 0.0, 0.0, 0.0, 0.0, 0.0, 0.0, 0.0, 0.0, 0.0, 0.0, 0.0, 0.0, 0.0, 0.0, 0.0, 0.0, 0.0, 0.0, 0.0, 0.0, 0.0, 0.0, 0.0, 0.0, 0.0, 0.0, 0.0, 0.0, 0.0, 0.0, 0.0, 0.0, 0.0, 0.0, 0.0, 0.0, 0.0, 0.0]",-0.3,3,"[0, 0, 1, 0, 0, 0, 0, 0, 0, 0, 0, 0, 0, 0, 0]","[0, 1, 0, 0, 0, 0, 0, 0, 0, 0, 0, 0, 0, 0, 0]","[0, 0, 0, 0, 0, 0, 0, 0, 0, 0, 0, 0, 0, 0, 0]","[0, 0, 0, 1, 0, 0, 0, 0, 0, 0, 0, 0, 0, 0, 0]",0.4613,0.1681
HydrogenBonding_02,Which of the following conditions is necessary for hydrogen bonding?,"The hydrogen atom must be bonded to a highly electronegative atom (F, O, or N) with a lone pair on another electronegative atom.",The molecule must be nonpolar.,Hydrogen must be bonded to a halogen.,Hydrogen must be in its ionic form.,"Correct. Strong hydrogen bonding requires a donor (H-F, H-O, H-N) and an acceptor (lone pair on F, O, or N).",Incorrect. Hydrogen bonding occurs in polar molecules.,"Incorrect. Not all halogens; Cl, Br, I are not sufficiently electronegative to form strong H-bonds.",Incorrect. H? does not form hydrogen bonds in that sense.,Hydrogen Bonding,"Sigma and Pi Bonding in Molecular Orbitals, Electronegativity Trend","[0.0, 0.0, 0.0, 0.0, 0.0, 0.0, 0.0, 0.0, 0.0, 1.0, 0.0, 0.0, 0.0, 0.5, 0.0, 0.0, 0.0, 0.0, 1.5, 0.0, 0.0, 0.0, 0.0, 0.0, 0.0, 0.0, 0.0, 0.0, 0.0, 0.0, 0.0, 0.0, 0.0, 0.0, 0.0, 0.0, 0.0, 0.0, 0.0, 0.0, 0.0, 0.0, 0.0, 0.0, 0.0, 0.0, 0.0, 0.0, 0.0, 0.0, 0.0, 0.0, 0.0, 0.0, 0.0, 0.0, 0.0, 0.0]",-0.4,1,"[0, 0, 0, 0, 0, 0, 0, 0, 0, 0, 0, 0, 0, 0, 0]","[0, 1, 0, 0, 0, 0, 0, 0, 0, 0, 0, 0, 0, 0, 0]","[0, 0, 0, 0, 0, 0, 0, 0, 0, 0, 0, 0, 0, 0, 0]","[0, 0, 0, 1, 0, 0, 0, 0, 0, 0, 0, 0, 0, 0, 0]",0.4844,0.278
HydrogenBonding_03,Which of the following molecules exhibits intermolecular hydrogen bonding?,CH?,H?S,HF,HCl,Incorrect. CH? has no H-bond donor.,Incorrect. H?S has S which is less electronegative; it forms very weak H-bonds but not considered typical.,Correct. HF has strong hydrogen bonding due to high electronegativity of F and presence of lone pairs.,"Incorrect. HCl forms weak H-bonds, but significantly weaker than HF.",Hydrogen Bonding,"Sigma and Pi Bonding in Molecular Orbitals, Electronegativity Trend","[0.0, 0.0, 0.0, 0.0, 0.0, 0.0, 0.0, 0.0, 0.0, 1.2, 0.0, 0.0, 0.0, 0.5, 0.0, 0.0, 0.0, 0.0, 1.0, 0.0, 0.0, 0.0, 0.0, 0.0, 0.0, 0.0, 0.0, 0.0, 0.0, 0.0, 0.0, 0.0, 0.0, 0.0, 0.0, 0.0, 0.0, 0.0, 0.0, 0.0, 0.0, 0.0, 0.0, 0.0, 0.0, 0.0, 0.0, 0.0, 0.0, 0.0, 0.0, 0.0, 0.0, 0.0, 0.0, 0.0, 0.0, 0.0]",-0.5,3,"[0, 0, 1, 0, 0, 0, 0, 0, 0, 0, 0, 0, 0, 0, 0]","[0, 0, 0, 0, 0, 0, 0, 0, 0, 0, 0, 0, 0, 0, 0]","[0, 0, 0, 0, 0, 0, 0, 0, 0, 0, 0, 0, 0, 0, 0]","[0, 0, 0, 1, 0, 0, 0, 0, 0, 0, 0, 0, 0, 0, 0]",0.4469,0.2939
HydrogenBonding_04,The unusually high boiling point of water compared to H?S is due to:,Strong covalent bonds in water.,Higher molecular weight of water.,Water being a smaller molecule.,Extensive hydrogen bonding in water.,Incorrect. Covalent bonds are similar; the difference is intermolecular forces.,"Incorrect. H?S has higher molecular weight, which would increase boiling point, but its boiling point is lower.",Incorrect. Smaller size would suggest lower boiling point; H-bonding overrides.,"Correct. Water molecules form extensive intermolecular hydrogen bonds, requiring more energy to break.",Hydrogen Bonding,"Sigma and Pi Bonding in Molecular Orbitals, Electronegativity Trend","[0.0, 0.0, 0.0, 0.0, 0.0, 0.0, 0.0, 0.0, 0.0, 1.2, 0.0, 0.0, 0.0, 0.8, 0.0, 0.0, 0.0, 0.0, 1.0, 0.0, 0.0, 0.0, 0.0, 0.0, 0.0, 0.0, 0.0, 0.0, 0.0, 0.0, 0.0, 0.0, 0.0, 0.0, 0.0, 0.0, 0.0, 0.0, 0.0, 0.0, 0.0, 0.0, 0.0, 0.0, 0.0, 0.0, 0.0, 0.0, 0.0, 0.0, 0.0, 0.0, 0.0, 0.0, 0.0, 0.0, 0.0, 0.0]",-0.4,4,"[0, 0, 1, 0, 0, 0, 0, 0, 0, 0, 0, 0, 0, 0, 0]","[0, 1, 0, 0, 0, 0, 0, 0, 0, 0, 0, 0, 0, 0, 0]","[0, 0, 0, 0, 0, 0, 0, 0, 0, 1, 0, 0, 0, 0, 0]","[0, 0, 0, 0, 0, 0, 0, 0, 0, 0, 0, 0, 0, 0, 0]",0.4696,0.3255
HydrogenBonding_05,Which of the following correctly distinguishes between intermolecular and intramolecular hydrogen bonding?,Intramolecular bonding is stronger than covalent bonds.,Intermolecular occurs between different molecules; intramolecular occurs within the same molecule.,Both are the same.,Intermolecular occurs within a molecule; intramolecular occurs between molecules.,Incorrect. Intramolecular H-bonds are still weaker than covalent bonds.,"Correct. Intermolecular H-bonds are between molecules; intramolecular H-bonds are within a single molecule (e.g., in ortho-nitrophenol).",Incorrect. They differ in location.,Incorrect. This is the reverse definition.,Hydrogen Bonding,Sigma and Pi Bonding in Molecular Orbitals,"[0.0, 0.0, 0.0, 0.0, 0.0, 0.0, 0.0, 0.0, 0.0, 0.8, 0.0, 0.0, 0.0, 0.0, 0.0, 0.0, 0.0, 0.0, 1.2, 0.0, 0.0, 0.0, 0.0, 0.0, 0.0, 0.0, 0.0, 0.0, 0.0, 0.0, 0.0, 0.0, 0.0, 0.0, 0.0, 0.0, 0.0, 0.0, 0.0, 0.0, 0.0, 0.0, 0.0, 0.0, 0.0, 0.0, 0.0, 0.0, 0.0, 0.0, 0.0, 0.0, 0.0, 0.0, 0.0, 0.0, 0.0, 0.0]",-0.4,2,"[0, 0, 1, 0, 0, 0, 0, 0, 0, 0, 0, 0, 0, 0, 0]","[0, 0, 0, 0, 0, 0, 0, 0, 0, 0, 0, 0, 0, 0, 0]","[0, 0, 0, 0, 0, 0, 0, 0, 0, 0, 0, 0, 0, 0, 0]","[0, 0, 0, 1, 0, 0, 0, 0, 0, 0, 0, 0, 0, 0, 0]",0.4478,0.2846
HydrogenBonding_06,Which of the following compounds shows intramolecular hydrogen bonding?,Water,p-nitrophenol,Ethanol,o-nitrophenol,Incorrect. Water forms intermolecular H-bonds.,"Incorrect. In para isomer, the groups are too far apart; H-bonding is intermolecular.",Incorrect. Ethanol forms intermolecular H-bonds.,"Correct. In ortho-nitrophenol, the -OH and -NO? groups are close enough to form a hydrogen bond within the molecule.",Hydrogen Bonding,Sigma and Pi Bonding in Molecular Orbitals,"[0.0, 0.0, 0.0, 0.0, 0.0, 0.0, 0.0, 0.0, 0.0, 1.2, 0.0, 0.0, 0.0, 0.0, 0.0, 0.0, 0.0, 0.0, 1.0, 0.0, 0.0, 0.0, 0.0, 0.0, 0.0, 0.0, 0.0, 0.0, 0.0, 0.0, 0.0, 0.0, 0.0, 0.0, 0.0, 0.0, 0.0, 0.0, 0.0, 0.0, 0.0, 0.0, 0.0, 0.0, 0.0, 0.0, 0.0, 0.0, 0.0, 0.0, 0.0, 0.0, 0.0, 0.0, 0.0, 0.0, 0.0, 0.0]",-0.3,4,"[0, 0, 0, 0, 0, 0, 0, 0, 0, 0, 0, 0, 0, 0, 0]","[0, 0, 0, 0, 0, 0, 0, 0, 0, 0, 0, 0, 0, 0, 0]","[0, 0, 0, 0, 0, 0, 0, 0, 0, 1, 0, 0, 0, 0, 0]","[0, 0, 0, 0, 0, 0, 0, 0, 0, 0, 0, 0, 0, 0, 0]",0.4107,0.2771
HydrogenBonding_07,The density of ice is less than that of liquid water because:,Ice is amorphous.,Water molecules in ice are closer together.,Ice has a more open hydrogen-bonded structure.,Ice has stronger covalent bonds.,Incorrect. Ice is crystalline.,Incorrect. They are actually farther apart due to the lattice.,"Correct. In ice, water molecules form a hexagonal lattice with hydrogen bonds, creating open spaces and lower density.",Incorrect. Covalent bonds are similar; the difference is in packing.,Hydrogen Bonding,Sigma and Pi Bonding in Molecular Orbitals,"[0.0, 0.0, 0.0, 0.0, 0.0, 0.0, 0.0, 0.0, 0.0, 1.0, 0.0, 0.0, 0.0, 0.0, 0.0, 0.0, 0.0, 0.0, 1.2, 0.0, 0.0, 0.0, 0.0, 0.0, 0.0, 0.0, 0.0, 0.0, 0.0, 0.0, 0.0, 0.0, 0.0, 0.0, 0.0, 0.0, 0.0, 0.0, 0.0, 0.0, 0.0, 0.0, 0.0, 0.0, 0.0, 0.0, 0.0, 0.0, 0.0, 0.0, 0.0, 0.0, 0.0, 0.0, 0.0, 0.0, 0.0, 0.0]",-0.3,3,"[0, 0, 0, 0, 0, 0, 0, 0, 0, 0, 0, 0, 0, 0, 0]","[0, 1, 0, 0, 0, 0, 0, 0, 0, 0, 0, 0, 0, 0, 0]","[0, 0, 0, 0, 0, 0, 0, 0, 0, 0, 0, 0, 0, 0, 0]","[0, 0, 0, 1, 0, 0, 0, 0, 0, 0, 0, 0, 0, 0, 0]",0.3865,0.2966
HydrogenBonding_08,Which of the following trends in boiling points of hydrides is correctly explained by hydrogen bonding?,All of these,H?O > H?S < H?Se < H?Te,HF > HCl < HBr < HI,NH? > PH? < AsH? < SbH?,Correct. All three series show a similar anomaly for the first member due to hydrogen bonding.,"Incorrect. This trend is correct: H?O has unusually high bp due to H-bonding, while others follow mass trend.",Incorrect. This trend is correct: HF has high bp due to H-bonding.,Incorrect. This trend is correct: NH? has high bp due to H-bonding.,Hydrogen Bonding,Sigma and Pi Bonding in Molecular Orbitals,"[0.0, 0.0, 0.0, 0.0, 0.0, 0.0, 0.0, 0.0, 0.0, 1.0, 0.0, 0.0, 0.0, 0.0, 0.0, 0.0, 0.0, 0.0, 1.2, 0.0, 0.0, 0.0, 0.0, 0.0, 0.0, 0.0, 0.0, 0.0, 0.0, 0.0, 0.0, 0.0, 0.0, 0.0, 0.0, 0.0, 0.0, 0.0, 0.0, 0.0, 0.0, 0.0, 0.0, 0.0, 0.0, 0.0, 0.0, 0.0, 0.0, 0.0, 0.0, 0.0, 0.0, 0.0, 0.0, 0.0, 0.0, 0.0]",-0.2,1,"[0, 0, 0, 0, 0, 0, 0, 0, 0, 0, 0, 0, 0, 0, 0]","[0, 1, 0, 0, 0, 0, 0, 0, 0, 0, 0, 0, 0, 0, 0]","[0, 0, 0, 0, 0, 0, 0, 0, 0, 1, 0, 0, 0, 0, 0]","[0, 0, 0, 0, 0, 0, 0, 0, 0, 0, 0, 0, 0, 0, 0]",0.4676,0.2953
HydrogenBonding_09,Which of the following statements about hydrogen bonding is correct?,Hydrogen bonding is stronger than a covalent bond.,Hydrogen bonding is responsible for the solubility of alcohols in water.,Hydrogen bonding is a type of chemical bond.,Hydrogen bonding only occurs in organic compounds.,Incorrect. Covalent bonds are much stronger (?400 kJ/mol) than H-bonds (?5-40 kJ/mol).,Correct. Alcohols dissolve in water because they can form H-bonds with water molecules.,"Incorrect. It is an intermolecular force, not a chemical bond.","Incorrect. It occurs in both organic and inorganic compounds (e.g., HF, water).",Hydrogen Bonding,Sigma and Pi Bonding in Molecular Orbitals,"[0.0, 0.0, 0.0, 0.0, 0.0, 0.0, 0.0, 0.0, 0.0, 0.8, 0.0, 0.0, 0.0, 0.0, 0.0, 0.0, 0.0, 0.0, 1.2, 0.0, 0.0, 0.0, 0.0, 0.0, 0.0, 0.0, 0.0, 0.0, 0.0, 0.0, 0.0, 0.0, 0.0, 0.0, 0.0, 0.0, 0.0, 0.0, 0.0, 0.0, 0.0, 0.0, 0.0, 0.0, 0.0, 0.0, 0.0, 0.0, 0.0, 0.0, 0.0, 0.0, 0.0, 0.0, 0.0, 0.0, 0.0, 0.0]",-0.4,2,"[0, 0, 1, 0, 0, 0, 0, 0, 0, 0, 0, 0, 0, 0, 0]","[0, 0, 0, 0, 0, 0, 0, 0, 0, 0, 0, 0, 0, 0, 0]","[0, 0, 0, 0, 0, 0, 0, 0, 0, 1, 0, 0, 0, 0, 0]","[0, 0, 0, 1, 0, 0, 0, 0, 0, 0, 0, 0, 0, 0, 0]",0.4615,0.3014
HydrogenBonding_10,The presence of hydrogen bonding in a compound can be inferred from:,Low solubility in water,High volatility,Low melting point,High boiling point and high solubility in water,Incorrect. H-bonding usually increases water solubility.,Incorrect. H-bonding reduces volatility.,Incorrect. H-bonding generally raises melting points.,Correct. Strong intermolecular H-bonding increases boiling point and often enhances water solubility.,Hydrogen Bonding,Sigma and Pi Bonding in Molecular Orbitals,"[0.0, 0.0, 0.0, 0.0, 0.0, 0.0, 0.0, 0.0, 0.0, 1.0, 0.0, 0.0, 0.0, 0.0, 0.0, 0.0, 0.0, 0.0, 1.0, 0.0, 0.0, 0.0, 0.0, 0.0, 0.0, 0.0, 0.0, 0.0, 0.0, 0.0, 0.0, 0.0, 0.0, 0.0, 0.0, 0.0, 0.0, 0.0, 0.0, 0.0, 0.0, 0.0, 0.0, 0.0, 0.0, 0.0, 0.0, 0.0, 0.0, 0.0, 0.0, 0.0, 0.0, 0.0, 0.0, 0.0, 0.0, 0.0]",-0.5,4,"[0, 0, 1, 0, 0, 0, 0, 0, 0, 0, 0, 0, 0, 0, 0]","[0, 1, 0, 0, 0, 0, 0, 0, 0, 0, 0, 0, 0, 0, 0]","[0, 0, 0, 0, 0, 0, 0, 0, 0, 1, 0, 0, 0, 0, 0]","[0, 0, 0, 0, 0, 0, 0, 0, 0, 0, 0, 0, 0, 0, 0]",0.4794,0.2996
BackBonding_01,What is back bonding in coordination compounds and molecules?,The formation of a bond through the overlap of two p-orbitals.,The donation of electrons from a filled d-orbital of a metal to an empty ?* orbital of a ligand.,The transfer of electrons from one metal to another.,The donation of electrons from a ligand to an empty d-orbital of a metal.,"Incorrect. This describes a pi bond, not specifically back bonding.","Correct. Back bonding (? back-donation) occurs when a metal with filled d-orbitals donates electron density into empty ?* orbitals of ligands like CO, CN?, etc.",Incorrect. This is not back bonding; it may refer to metal-metal bonding.,Incorrect. That describes normal ? donation from ligand to metal.,Back Bonding,"Sigma and Pi Bonding in Molecular Orbitals, Molecular Orbital Theory and Delocalization","[0.0, 0.0, 0.0, 0.0, 0.0, 0.0, 0.0, 0.0, 0.0, 0.5, 0.0, 0.0, 0.0, 0.0, 0.0, 0.0, 0.0, 0.5, 0.0, 1.8, 0.0, 0.0, 0.0, 0.0, 0.0, 0.0, 0.0, 0.0, 0.0, 0.0, 0.0, 0.0, 0.0, 0.0, 0.0, 0.0, 0.0, 0.0, 0.0, 0.0, 0.0, 0.0, 0.0, 0.0, 0.0, 0.0, 0.0, 0.0, 0.0, 0.0, 0.0, 0.0, 0.0, 0.0, 0.0, 0.0, 0.0, 0.0]",0.1,2,"[0, 0, 0, 0, 0, 0, 0, 1, 0, 0, 0, 0, 0, 0, 0]","[0, 0, 0, 0, 0, 0, 0, 0, 0, 0, 0, 0, 0, 0, 0]","[0, 0, 0, 0, 0, 1, 0, 0, 0, 0, 0, 0, 0, 0, 0]","[0, 0, 0, 0, 0, 0, 0, 0, 0, 0, 0, 0, 1, 0, 0]",0.4466,0.1699
BackBonding_02,Which of the following ligands is known to accept ? back bonding from a metal centre?,CO,Cl?,NH?,H?O,"Correct. CO has empty ?* orbitals that can accept electron density from filled metal d-orbitals, strengthening the metal?CO bond.",Incorrect. Cl? is a ? donor (donates electrons to metal) but does not accept back bonding.,Incorrect. NH? is a ? donor with no low-energy empty orbitals for ? back bonding.,Incorrect. H?O is a poor ? acceptor; it donates through ? only.,Back Bonding,"Sigma and Pi Bonding in Molecular Orbitals, Molecular Orbital Theory and Delocalization","[0.0, 0.0, 0.0, 0.0, 0.0, 0.0, 0.0, 0.0, 0.0, 1.0, 0.0, 0.0, 0.0, 0.0, 0.0, 0.0, 0.0, 0.5, 0.0, 1.2, 0.0, 0.0, 0.0, 0.0, 0.0, 0.0, 0.0, 0.0, 0.0, 0.0, 0.0, 0.0, 0.0, 0.0, 0.0, 0.0, 0.0, 0.0, 0.0, 0.0, 0.0, 0.0, 0.0, 0.0, 0.0, 0.0, 0.0, 0.0, 0.0, 0.0, 0.0, 0.0, 0.0, 0.0, 0.0, 0.0, 0.0, 0.0]",0.0,1,"[0, 0, 0, 0, 0, 0, 0, 0, 0, 0, 0, 0, 0, 0, 0]","[0, 0, 0, 0, 0, 0, 0, 0, 0, 0, 1, 0, 0, 0, 0]","[0, 0, 0, 0, 0, 0, 0, 0, 0, 0, 0, 0, 0, 0, 0]","[0, 0, 0, 0, 0, 0, 0, 0, 0, 0, 0, 0, 1, 0, 0]",0.4116,0.3302
BackBonding_03,The metal?carbonyl bond in Ni(CO)? is strengthened because of:,? back bonding from Ni to CO.,Strong ? donation from CO to Ni.,Ionic interaction between Ni and C.,The tetrahedral geometry of the complex.,"Correct. Ni donates electron density from its filled d-orbitals into the ?* orbitals of CO, creating a synergic effect that strengthens the bond.",Incorrect. ? donation occurs but it alone does not account for the strength; ? back bonding is key.,"Incorrect. The bond is covalent, not ionic.",Incorrect. Geometry influences stability but does not directly strengthen the individual bonds.,Back Bonding,"Sigma and Pi Bonding in Molecular Orbitals, Molecular Orbital Theory and Delocalization","[0.0, 0.0, 0.0, 0.0, 0.0, 0.0, 0.0, 0.0, 0.0, 1.0, 0.0, 0.0, 0.0, 0.0, 0.0, 0.0, 0.0, 0.8, 0.0, 1.2, 0.0, 0.0, 0.0, 0.0, 0.0, 0.0, 0.0, 0.0, 0.0, 0.0, 0.0, 0.0, 0.0, 0.0, 0.0, 0.0, 0.0, 0.0, 0.0, 0.0, 0.0, 0.0, 0.0, 0.0, 0.0, 0.0, 0.0, 0.0, 0.0, 0.0, 0.0, 0.0, 0.0, 0.0, 0.0, 0.0, 0.0, 0.0]",0.0,1,"[0, 0, 0, 0, 0, 0, 0, 0, 0, 0, 0, 0, 0, 0, 0]","[0, 0, 0, 0, 0, 0, 0, 0, 0, 0, 1, 0, 0, 0, 0]","[0, 0, 0, 0, 0, 0, 0, 0, 0, 0, 0, 0, 0, 0, 0]","[0, 0, 0, 0, 0, 0, 0, 0, 0, 0, 0, 0, 1, 0, 0]",0.4673,0.3856
BackBonding_04,"In the complex [Fe(CN)?]??, the cyanide ligand acts as:",A ? donor only.,A strong field ligand due to its ability to accept ? back bonding.,A weak field ligand because it donates only through ?.,A neutral ligand.,Incorrect. It is both a ? donor and ? acceptor; not a ? donor.,"Correct. CN? is a strong field ligand because it is both a good ? donor and an excellent ? acceptor (back bonding), which causes large crystal field splitting.",Incorrect. CN? is a strong field ligand due to ? back bonding.,Incorrect. CN? carries a negative charge.,Back Bonding,"Sigma and Pi Bonding in Molecular Orbitals, Molecular Orbital Theory and Delocalization","[0.0, 0.0, 0.0, 0.0, 0.0, 0.0, 0.0, 0.0, 0.0, 1.0, 0.0, 0.0, 0.0, 0.0, 0.0, 0.0, 0.0, 0.8, 0.0, 1.2, 0.0, 0.0, 0.0, 0.0, 0.0, 0.0, 0.0, 0.0, 0.0, 0.0, 0.0, 0.0, 0.0, 0.0, 0.0, 0.0, 0.0, 0.0, 0.0, 0.0, 0.0, 0.0, 0.0, 0.0, 0.0, 0.0, 0.0, 0.0, 0.0, 0.0, 0.0, 0.0, 0.0, 0.0, 0.0, 0.0, 0.0, 0.0]",0.1,2,"[0, 0, 0, 0, 0, 0, 0, 1, 0, 0, 0, 0, 0, 0, 0]","[0, 0, 0, 0, 0, 0, 0, 0, 0, 0, 0, 0, 0, 0, 0]","[0, 0, 0, 0, 0, 0, 0, 0, 0, 0, 0, 0, 0, 0, 0]","[0, 0, 0, 0, 0, 0, 0, 0, 0, 0, 0, 0, 1, 0, 0]",0.888,0.4135
BackBonding_05,Which of the following statements about back bonding is correct?,Back bonding only occurs in complexes with neutral ligands.,Back bonding decreases both the metal?ligand and ligand internal bond orders.,Back bonding increases the bond order of the metal?ligand bond and decreases the bond order of the ligand's internal bond.,Back bonding does not affect ligand internal bonds.,Incorrect. Back bonding can occur with anionic ligands like CN? as well.,"Incorrect. Back bonding typically weakens the internal ligand bond (e.g., C?O in carbonyls).","Correct. For CO, back bonding into ?* weakens the C?O bond (lowers its bond order) while strengthening the M?C bond.",Incorrect. It does affect internal bonds by populating antibonding orbitals.,Back Bonding,"Sigma and Pi Bonding in Molecular Orbitals, Molecular Orbital Theory and Delocalization","[0.0, 0.0, 0.0, 0.0, 0.0, 0.0, 0.0, 0.0, 0.0, 1.0, 0.0, 0.0, 0.0, 0.0, 0.0, 0.0, 0.0, 1.0, 0.0, 1.5, 0.0, 0.0, 0.0, 0.0, 0.0, 0.0, 0.0, 0.0, 0.0, 0.0, 0.0, 0.0, 0.0, 0.0, 0.0, 0.0, 0.0, 0.0, 0.0, 0.0, 0.0, 0.0, 0.0, 0.0, 0.0, 0.0, 0.0, 0.0, 0.0, 0.0, 0.0, 0.0, 0.0, 0.0, 0.0, 0.0, 0.0, 0.0]",0.2,3,"[0, 0, 0, 0, 0, 0, 0, 1, 0, 0, 0, 0, 0, 0, 0]","[0, 0, 0, 0, 0, 0, 0, 0, 0, 0, 1, 0, 0, 0, 0]","[0, 0, 0, 0, 0, 0, 0, 0, 0, 0, 0, 0, 0, 0, 0]","[0, 0, 0, 0, 0, 0, 0, 0, 0, 0, 0, 0, 1, 0, 0]",0.4702,0.2843
BackBonding_06,The infrared stretching frequency of CO in metal carbonyl complexes is generally lower than that of free CO because:,"The C?O bond order decreases due to electron donation into ?* orbitals, weakening the bond.",The metal?carbon bond is ionic.,The complex is paramagnetic.,The C?O bond becomes stronger due to back bonding.,"Correct. ? back bonding from metal to CO populates the ?* antibonding orbital of CO, reducing its bond order and thus its IR stretching frequency.",Incorrect. The M?C bond is covalent with significant ? character.,Incorrect. Paramagnetism is unrelated to CO stretching frequency.,"Incorrect. Back bonding weakens the C?O bond, lowering its stretching frequency.",Back Bonding,"Sigma and Pi Bonding in Molecular Orbitals, Molecular Orbital Theory and Delocalization","[0.0, 0.0, 0.0, 0.0, 0.0, 0.0, 0.0, 0.0, 0.0, 1.0, 0.0, 0.0, 0.0, 0.0, 0.0, 0.0, 0.0, 1.0, 0.0, 1.5, 0.0, 0.0, 0.0, 0.0, 0.0, 0.0, 0.0, 0.0, 0.0, 0.0, 0.0, 0.0, 0.0, 0.0, 0.0, 0.0, 0.0, 0.0, 0.0, 0.0, 0.0, 0.0, 0.0, 0.0, 0.0, 0.0, 0.0, 0.0, 0.0, 0.0, 0.0, 0.0, 0.0, 0.0, 0.0, 0.0, 0.0, 0.0]",0.2,1,"[0, 0, 0, 0, 0, 0, 0, 0, 0, 0, 0, 0, 0, 0, 0]","[0, 0, 0, 0, 0, 0, 0, 0, 0, 0, 1, 0, 0, 0, 0]","[0, 0, 0, 0, 0, 1, 0, 0, 0, 0, 0, 0, 0, 0, 0]","[0, 0, 0, 0, 0, 0, 0, 0, 0, 0, 0, 0, 1, 0, 0]",0.9151,0.3137
BackBonding_07,Which of the following factors favours stronger ? back bonding in a metal complex?,High positive charge on the metal,Low oxidation state of the metal,Small size of the metal,Presence of only ?-donor ligands,"Correct. A metal in a low oxidation state has more electron density in its d-orbitals, facilitating back donation.",Incorrect. Low oxidation state favours back bonding; high oxidation state reduces electron density.,Incorrect. Size is less important; electron density on metal is key.,Incorrect. ?-acceptor ligands are needed; ?-donor only ligands do not allow back bonding.,Back Bonding,"Sigma and Pi Bonding in Molecular Orbitals, Molecular Orbital Theory and Delocalization","[0.0, 0.0, 0.0, 0.0, 0.0, 0.0, 0.0, 0.0, 0.0, 1.0, 0.0, 0.0, 0.0, 0.0, 0.0, 0.0, 0.0, 0.8, 0.0, 1.2, 0.0, 0.0, 0.0, 0.0, 0.0, 0.0, 0.0, 0.0, 0.0, 0.0, 0.0, 0.0, 0.0, 0.0, 0.0, 0.0, 0.0, 0.0, 0.0, 0.0, 0.0, 0.0, 0.0, 0.0, 0.0, 0.0, 0.0, 0.0, 0.0, 0.0, 0.0, 0.0, 0.0, 0.0, 0.0, 0.0, 0.0, 0.0]",0.0,1,"[0, 0, 0, 0, 0, 0, 0, 0, 0, 0, 0, 0, 0, 0, 0]","[0, 0, 0, 0, 0, 0, 0, 0, 0, 0, 0, 0, 0, 0, 0]","[0, 0, 0, 0, 0, 1, 0, 0, 0, 0, 0, 0, 0, 0, 0]","[0, 0, 0, 0, 0, 0, 0, 0, 0, 0, 0, 0, 1, 0, 0]",0.4721,0.3321
BackBonding_08,Which of the following complexes is expected to have the strongest metal-to-ligand pi back-bonding?,[Cr(CO)6],[Fe(CO)6]2+,[Mn(CO)6]+,[V(CO)6]-,"Incorrect. While neutral Chromium engages in back-bonding, it is weaker than the negatively charged Vanadium complex.","Incorrect. The high positive charge makes the metal a poor pi-donor, resulting in minimal back-bonding.","Incorrect. The positive charge on Manganese reduces electron density, significantly weakening the pi back-bonding.","Correct. The negative charge on the metal increases the electron density, strongly favoring pi back-bonding to the CO ligands.",Back Bonding,"Sigma and Pi Bonding in Molecular Orbitals, Molecular Orbital Theory and Delocalization","[0.0, 0.0, 0.0, 0.0, 0.0, 0.0, 0.0, 0.0, 0.0, 0.8, 0.0, 0.0, 0.0, 0.0, 0.0, 0.0, 0.0, 1.0, 0.0, 1.5, 0.0, 0.0, 0.0, 0.0, 0.0, 0.0, 0.0, 0.0, 0.0, 0.0, 0.0, 0.0, 0.0, 0.0, 0.0, 0.0, 0.0, 0.0, 0.0, 0.0, 0.0, 0.0, 0.0, 0.0, 0.0, 0.0, 0.0, 0.0, 0.0, 0.0, 0.0, 0.0, 0.0, 0.0, 0.0, 0.0, 0.0, 0.0]",0.3,4,"[0, 0, 0, 0, 0, 0, 0, 1, 0, 0, 0, 0, 0, 0, 0]","[0, 0, 0, 0, 0, 0, 0, 0, 0, 0, 0, 0, 0, 0, 0]","[0, 0, 0, 0, 0, 1, 0, 0, 0, 0, 0, 0, 0, 0, 0]","[0, 0, 0, 0, 0, 0, 0, 0, 0, 0, 0, 0, 0, 0, 0]",0.3942,0.2951
BackBonding_09,The synergic effect in metal carbonyls refers to:,Mutual strengthening of M?C and C?O bonds through ? donation and ? back bonding.,The formation of metal?metal bonds.,The combination of two different metals in a complex.,The effect of temperature on carbonyl stability.,"Correct. ? donation from CO to metal increases electron density on metal, which in turn enhances ? back donation, creating a synergistic reinforcement.",Incorrect. Metal-metal bonding is separate.,"Incorrect. This is about heterometallic complexes, not synergic effect.",Incorrect. Not related to temperature.,Back Bonding,"Sigma and Pi Bonding in Molecular Orbitals, Molecular Orbital Theory and Delocalization","[0.0, 0.0, 0.0, 0.0, 0.0, 0.0, 0.0, 0.0, 0.0, 1.0, 0.0, 0.0, 0.0, 0.0, 0.0, 0.0, 0.0, 0.8, 0.0, 1.5, 0.0, 0.0, 0.0, 0.0, 0.0, 0.0, 0.0, 0.0, 0.0, 0.0, 0.0, 0.0, 0.0, 0.0, 0.0, 0.0, 0.0, 0.0, 0.0, 0.0, 0.0, 0.0, 0.0, 0.0, 0.0, 0.0, 0.0, 0.0, 0.0, 0.0, 0.0, 0.0, 0.0, 0.0, 0.0, 0.0, 0.0, 0.0]",0.1,1,"[0, 0, 0, 0, 0, 0, 0, 0, 0, 0, 0, 0, 0, 0, 0]","[0, 0, 0, 0, 0, 0, 0, 0, 0, 0, 0, 0, 0, 0, 0]","[0, 0, 0, 0, 0, 1, 0, 0, 0, 0, 0, 0, 0, 0, 0]","[0, 0, 0, 0, 0, 0, 0, 0, 0, 0, 0, 0, 1, 0, 0]",0.4285,0.2951
BackBonding_10,Which of the following ligands can act as both a ? donor and a ? acceptor?,Cl?,CO,NH?,H?O,"Incorrect. Cl? is a ? donor and ? donor, not ? acceptor.",Correct. CO donates ? electron density from carbon lone pair and accepts ? electron density into its ?* orbitals.,Incorrect. NH? is only a ? donor.,Incorrect. H?O is only a ? donor.,Back Bonding,"Sigma and Pi Bonding in Molecular Orbitals, Molecular Orbital Theory and Delocalization","[0.0, 0.0, 0.0, 0.0, 0.0, 0.0, 0.0, 0.0, 0.0, 1.2, 0.0, 0.0, 0.0, 0.0, 0.0, 0.0, 0.0, 0.5, 0.0, 1.0, 0.0, 0.0, 0.0, 0.0, 0.0, 0.0, 0.0, 0.0, 0.0, 0.0, 0.0, 0.0, 0.0, 0.0, 0.0, 0.0, 0.0, 0.0, 0.0, 0.0, 0.0, 0.0, 0.0, 0.0, 0.0, 0.0, 0.0, 0.0, 0.0, 0.0, 0.0, 0.0, 0.0, 0.0, 0.0, 0.0, 0.0, 0.0]",-0.1,2,"[0, 0, 0, 0, 0, 0, 0, 1, 0, 0, 0, 0, 0, 0, 0]","[0, 0, 0, 0, 0, 0, 0, 0, 0, 0, 0, 0, 0, 0, 0]","[0, 0, 0, 0, 0, 1, 0, 0, 0, 0, 0, 0, 0, 0, 0]","[0, 0, 0, 0, 0, 0, 0, 0, 0, 0, 0, 0, 1, 0, 0]",0.4067,0.3858
BentsRule_01,What is Bent's rule?,"In a molecule, atomic orbitals with higher s-character are directed toward less electronegative substituents.",The bond angle in a molecule is always 109.5?.,The hybridization of an atom is fixed regardless of substituents.,"In a molecule, atomic orbitals with higher s-character are directed toward more electronegative substituents.",Incorrect. This is the opposite of Bent's rule.,Incorrect. Bond angles vary based on hybridization and substituents.,Incorrect. Hybridization can adjust based on substituent electronegativity.,"Correct. Bent's rule states that more electronegative atoms prefer hybrid orbitals with less s-character, while less electronegative atoms prefer more s-character.",Bent's Rule,"Sigma and Pi Bonding in Molecular Orbitals, Hybridization and Orbital Mixing Principles","[0.0, 0.0, 0.0, 0.0, 0.0, 0.0, 0.0, 0.0, 0.0, 0.8, 0.0, 0.0, 0.0, 0.0, 0.0, 0.0, 0.5, 0.0, 0.0, 0.0, 1.5, 0.0, 0.0, 0.0, 0.0, 0.0, 0.0, 0.0, 0.0, 0.0, 0.0, 0.0, 0.0, 0.0, 0.0, 0.0, 0.0, 0.0, 0.0, 0.0, 0.0, 0.0, 0.0, 0.0, 0.0, 0.0, 0.0, 0.0, 0.0, 0.0, 0.0, 0.0, 0.0, 0.0, 0.0, 0.0, 0.0, 0.0]",0.0,4,"[0, 0, 0, 0, 1, 0, 0, 0, 0, 0, 0, 0, 0, 0, 0]","[0, 0, 0, 0, 0, 0, 0, 0, 0, 0, 0, 0, 0, 0, 0]","[0, 0, 0, 0, 0, 0, 0, 0, 0, 1, 0, 0, 0, 0, 0]","[0, 0, 0, 0, 0, 0, 0, 0, 0, 0, 0, 0, 0, 0, 0]",0.4965,0.1468
BentsRule_02,"In the molecule CH?Cl?, the H?C?H bond angle is slightly less than the Cl?C?Cl bond angle. This is explained by Bent's rule because:","The molecule is tetrahedral, so all angles are equal.","Chlorine is less electronegative than hydrogen, so the C?Cl bonds use more s-character.","Chlorine is more electronegative than hydrogen, so the C?Cl bonds use orbitals with less s-character, leaving more s-character in the C?H bonds, which increases the H?C?H angle.",The lone pair on chlorine affects the geometry.,Incorrect. Angles are not equal due to different substituents.,"Incorrect. Cl is more electronegative, so it prefers less s-character.","Correct. According to Bent's rule, more electronegative substituents (Cl) prefer hybrid orbitals with lower s-character. Thus the C?Cl bonds have more p-character, and the C?H bonds have more s-character, increasing the H?C?H angle.",Incorrect. Lone pairs are not present on carbon.,Bent's Rule,"Sigma and Pi Bonding in Molecular Orbitals, Hybridization and Orbital Mixing Principles","[0.0, 0.0, 0.0, 0.0, 0.0, 0.0, 0.0, 0.0, 0.0, 1.0, 0.0, 0.0, 0.0, 0.0, 0.0, 0.0, 1.0, 0.0, 0.0, 0.0, 1.5, 0.0, 0.0, 0.0, 0.0, 0.0, 0.0, 0.0, 0.0, 0.0, 0.0, 0.0, 0.0, 0.0, 0.0, 0.0, 0.0, 0.0, 0.0, 0.0, 0.0, 0.0, 0.0, 0.0, 0.0, 0.0, 0.0, 0.0, 0.0, 0.0, 0.0, 0.0, 0.0, 0.0, 0.0, 0.0, 0.0, 0.0]",0.2,3,"[0, 0, 0, 0, 1, 0, 0, 0, 0, 0, 0, 0, 0, 0, 0]","[0, 0, 0, 0, 0, 0, 0, 0, 0, 0, 0, 1, 0, 0, 0]","[0, 0, 0, 0, 0, 0, 0, 0, 0, 0, 0, 0, 0, 0, 0]","[0, 0, 0, 0, 0, 0, 1, 0, 0, 0, 0, 0, 0, 0, 0]",0.5495,0.4631
BentsRule_03,"According to Bent's rule, the bond angle in PH? is expected to be _______ than that in NH? because:",Smaller; P uses almost pure p-orbitals due to low electronegativity difference.,Larger; H is more electronegative than P.,Larger; P has d-orbitals available.,Smaller; P is larger and less electronegative.,"Correct. The low electronegativity of P relative to H leads to P using low s-character orbitals, giving smaller angles.",Incorrect. The angle in PH? is smaller (~93?) than in NH? (~107?).,Incorrect. d-orbital involvement is not necessary to explain the angle.,"Incorrect. Bent's rule suggests that when the central atom is less electronegative than the substituent (H), it can use orbitals with higher p-character. PH? has nearly 90? angles, indicating nearly pure p-orbitals, while NH? has sp? hybridization with some s-character. Thus PH? angle is smaller.",Bent's Rule,"Sigma and Pi Bonding in Molecular Orbitals, Hybridization and Orbital Mixing Principles","[0.0, 0.0, 0.0, 0.0, 0.0, 0.0, 0.0, 0.0, 0.0, 1.0, 0.0, 0.0, 0.0, 0.0, 0.0, 0.0, 1.0, 0.0, 0.0, 0.0, 1.2, 0.0, 0.0, 0.0, 0.0, 0.0, 0.0, 0.0, 0.0, 0.0, 0.0, 0.0, 0.0, 0.0, 0.0, 0.0, 0.0, 0.0, 0.0, 0.0, 0.0, 0.0, 0.0, 0.0, 0.0, 0.0, 0.0, 0.0, 0.0, 0.0, 0.0, 0.0, 0.0, 0.0, 0.0, 0.0, 0.0, 0.0]",0.1,1,"[0, 0, 0, 0, 0, 0, 0, 0, 0, 0, 0, 0, 0, 0, 0]","[0, 0, 0, 0, 0, 0, 0, 0, 0, 0, 0, 1, 0, 0, 0]","[0, 0, 0, 0, 0, 0, 0, 0, 0, 1, 0, 0, 0, 0, 0]","[0, 0, 0, 0, 0, 0, 1, 0, 0, 0, 0, 0, 0, 0, 0]",0.4771,0.3862
BentsRule_04,Which of the following molecules will have the smallest H?X?H bond angle (where X is the central atom)?,H?O,H?Se,H?S,H?Te,"Incorrect. All have two bond pairs and two lone pairs. According to Bent's rule, as the central atom becomes larger and less electronegative, the s-character in the bonding orbitals decreases, making the bond angle approach 90?. Thus H?Te has the smallest angle (~90?).","Incorrect. H?Se has angle ~91?, larger than H?Te.","Incorrect. H?S has angle ~92?, larger than H?Te.",Correct. H?Te has the smallest angle (~90?) among the series.,Bent's Rule,"Sigma and Pi Bonding in Molecular Orbitals, Hybridization and Orbital Mixing Principles","[0.0, 0.0, 0.0, 0.0, 0.0, 0.0, 0.0, 0.0, 0.0, 1.0, 0.0, 0.0, 0.0, 0.0, 0.0, 0.0, 0.8, 0.0, 0.0, 0.0, 1.2, 0.0, 0.0, 0.0, 0.0, 0.0, 0.0, 0.0, 0.0, 0.0, 0.0, 0.0, 0.0, 0.0, 0.0, 0.0, 0.0, 0.0, 0.0, 0.0, 0.0, 0.0, 0.0, 0.0, 0.0, 0.0, 0.0, 0.0, 0.0, 0.0, 0.0, 0.0, 0.0, 0.0, 0.0, 0.0, 0.0, 0.0]",0.0,4,"[0, 0, 0, 0, 1, 0, 0, 0, 0, 0, 0, 0, 0, 0, 0]","[0, 0, 0, 0, 0, 0, 0, 0, 0, 0, 0, 1, 0, 0, 0]","[0, 0, 0, 0, 0, 0, 0, 0, 0, 1, 0, 0, 0, 0, 0]","[0, 0, 0, 0, 0, 0, 0, 0, 0, 0, 0, 0, 0, 0, 0]",0.4392,0.4277
BentsRule_05,"According to Bent's rule, the C-F bond in CH3F compared to the C-H bond utilizes:",Less s-character,More s-character,Only p-character,Equal s-character,Correct. Highly electronegative substituents like Fluorine prefer hybrid orbitals with more p-character and correspondingly less s-character.,Incorrect. Fluorine is highly electronegative and prefers orbitals with less s-character.,"Incorrect. The bonds are still fundamentally hybridized, just with unequal distributions of s and p character.",Incorrect. The extreme electronegativity difference causes a distinctly uneven distribution of s-character.,Bent's Rule,"Sigma and Pi Bonding in Molecular Orbitals, Hybridization and Orbital Mixing Principles","[0.0, 0.0, 0.0, 0.0, 0.0, 0.0, 0.0, 0.0, 0.0, 0.8, 0.0, 0.0, 0.0, 0.0, 0.0, 0.0, 1.0, 0.0, 0.0, 0.0, 1.5, 0.0, 0.0, 0.0, 0.0, 0.0, 0.0, 0.0, 0.0, 0.0, 0.0, 0.0, 0.0, 0.0, 0.0, 0.0, 0.0, 0.0, 0.0, 0.0, 0.0, 0.0, 0.0, 0.0, 0.0, 0.0, 0.0, 0.0, 0.0, 0.0, 0.0, 0.0, 0.0, 0.0, 0.0, 0.0, 0.0, 0.0]",0.2,1,"[0, 0, 0, 0, 0, 0, 0, 0, 0, 0, 0, 0, 0, 0, 0]","[0, 0, 0, 0, 0, 0, 0, 0, 0, 0, 0, 1, 0, 0, 0]","[0, 0, 0, 0, 0, 0, 0, 0, 0, 1, 0, 0, 0, 0, 0]","[0, 0, 0, 0, 0, 0, 1, 0, 0, 0, 0, 0, 0, 0, 0]",0.4588,0.2831
BentsRule_06,"In the molecule OF?, the F?O?F bond angle is 103.8?, which is smaller than the ideal tetrahedral angle. According to Bent's rule, this is because:","Oxygen is more electronegative than fluorine, so oxygen uses orbitals with lower s-character for bonding.","Fluorine is more electronegative than oxygen, so the O?F bonds use orbitals with lower s-character, leaving higher s-character on the lone pairs, compressing the angle.",The lone pairs are not involved in bonding.,The molecule is linear.,Incorrect. Oxygen is less electronegative than fluorine.,"Correct. Bent's rule: more electronegative substituents (F) prefer hybrid orbitals with less s-character. Thus the bonding orbitals of O have high p-character, reducing the bond angle.","Incorrect. Lone pairs are present and occupy orbitals with higher s-character, which further compresses the angle.",Incorrect. OF? is bent.,Bent's Rule,"Sigma and Pi Bonding in Molecular Orbitals, Hybridization and Orbital Mixing Principles","[0.0, 0.0, 0.0, 0.0, 0.0, 0.0, 0.0, 0.0, 0.0, 1.0, 0.0, 0.0, 0.0, 0.0, 0.0, 0.0, 1.0, 0.0, 0.0, 0.0, 1.5, 0.0, 0.0, 0.0, 0.0, 0.0, 0.0, 0.0, 0.0, 0.0, 0.0, 0.0, 0.0, 0.0, 0.0, 0.0, 0.0, 0.0, 0.0, 0.0, 0.0, 0.0, 0.0, 0.0, 0.0, 0.0, 0.0, 0.0, 0.0, 0.0, 0.0, 0.0, 0.0, 0.0, 0.0, 0.0, 0.0, 0.0]",0.2,2,"[0, 0, 0, 0, 1, 0, 0, 0, 0, 0, 0, 0, 0, 0, 0]","[0, 0, 0, 0, 0, 0, 0, 0, 0, 0, 0, 0, 0, 0, 0]","[0, 0, 0, 0, 0, 0, 0, 0, 0, 1, 0, 0, 0, 0, 0]","[0, 0, 0, 0, 0, 0, 1, 0, 0, 0, 0, 0, 0, 0, 0]",0.4815,0.4848
BentsRule_07,Which of the following statements is consistent with Bent's rule?,Electronegativity has no effect on bond angles.,"As the electronegativity of a substituent increases, the bond angle between that substituent and the central atom increases.","As the electronegativity of a substituent increases, the central atom uses less s-character in the bond to that substituent.","As the electronegativity of a substituent increases, the central atom uses more s-character in the bond to that substituent.",Incorrect. Electronegativity affects bond angles.,Incorrect. Bond angle may increase or decrease depending on the situation.,"Correct. More electronegative substituents attract hybrid orbitals with lower s-character, so the central atom uses less s-character for bonds to them.",Incorrect. This is the opposite of Bent's rule.,Bent's Rule,"Sigma and Pi Bonding in Molecular Orbitals, Hybridization and Orbital Mixing Principles","[0.0, 0.0, 0.0, 0.0, 0.0, 0.0, 0.0, 0.0, 0.0, 1.0, 0.0, 0.0, 0.0, 0.0, 0.0, 0.0, 0.5, 0.0, 0.0, 0.0, 1.2, 0.0, 0.0, 0.0, 0.0, 0.0, 0.0, 0.0, 0.0, 0.0, 0.0, 0.0, 0.0, 0.0, 0.0, 0.0, 0.0, 0.0, 0.0, 0.0, 0.0, 0.0, 0.0, 0.0, 0.0, 0.0, 0.0, 0.0, 0.0, 0.0, 0.0, 0.0, 0.0, 0.0, 0.0, 0.0, 0.0, 0.0]",-0.1,3,"[0, 0, 0, 0, 1, 0, 0, 0, 0, 0, 0, 0, 0, 0, 0]","[0, 0, 0, 0, 0, 0, 0, 0, 0, 0, 0, 1, 0, 0, 0]","[0, 0, 0, 0, 0, 0, 0, 0, 0, 0, 0, 0, 0, 0, 0]","[0, 0, 0, 0, 0, 0, 1, 0, 0, 0, 0, 0, 0, 0, 0]",0.5042,0.2885
BentsRule_08,"In a molecule like ClF?, the axial and equatorial bond lengths are different. Bent's rule suggests that:",Bond lengths are independent of orbital character.,Axial bonds have more s-character and are shorter.,Equatorial bonds have more s-character and are shorter.,All bonds are equal in length.,Incorrect. Bond length depends on orbital character.,"Incorrect. Axial bonds have less s-character, so they are longer.","Correct. In trigonal bipyramidal geometry, equatorial positions have more s-character (sp?) than axial (p-character). Thus equatorial bonds are shorter.",Incorrect. They differ.,Bent's Rule,"Sigma and Pi Bonding in Molecular Orbitals, Hybridization and Orbital Mixing Principles","[0.0, 0.0, 0.0, 0.0, 0.0, 0.0, 0.0, 0.0, 0.0, 1.0, 0.0, 0.0, 0.0, 0.0, 0.0, 0.0, 1.0, 0.0, 0.0, 0.0, 1.5, 0.0, 0.0, 0.0, 0.0, 0.0, 0.0, 0.0, 0.0, 0.0, 0.0, 0.0, 0.0, 0.0, 0.0, 0.0, 0.0, 0.0, 0.0, 0.0, 0.0, 0.0, 0.0, 0.0, 0.0, 0.0, 0.0, 0.0, 0.0, 0.0, 0.0, 0.0, 0.0, 0.0, 0.0, 0.0, 0.0, 0.0]",0.1,3,"[0, 0, 0, 0, 1, 0, 0, 0, 0, 0, 0, 0, 0, 0, 0]","[0, 0, 0, 0, 0, 0, 0, 0, 0, 0, 0, 1, 0, 0, 0]","[0, 0, 0, 0, 0, 0, 0, 0, 0, 0, 0, 0, 0, 0, 0]","[0, 0, 0, 0, 0, 0, 1, 0, 0, 0, 0, 0, 0, 0, 0]",0.4421,0.3732
BentsRule_09,"Bent's rule can be used to explain the trend in the bond angles of CH?Cl, CH?Cl?, CHCl?, and CCl?. Which of the following is correct?",All bond angles remain constant.,The Cl?C?Cl bond angle decreases as more Cl atoms are added.,The H?C?H bond angle increases as more H atoms are replaced by Cl.,The H?C?H bond angle decreases as more H atoms are replaced by Cl.,Incorrect. The angles change.,"Incorrect. The Cl?C?Cl angle does decrease slightly across the series (about 112? in CH?Cl? to about 110? in CHCl?), but the question is testing the H?C?H angle increase, which is the more direct application of Bent's rule here.","Correct. As Cl atoms replace H, the remaining C?H bonds acquire more s-character (since Cl atoms use lower s-character orbitals), so the H?C?H angle increases.",Incorrect. The angle actually increases.,Bent's Rule,"Sigma and Pi Bonding in Molecular Orbitals, Hybridization and Orbital Mixing Principles","[0.0, 0.0, 0.0, 0.0, 0.0, 0.0, 0.0, 0.0, 0.0, 1.0, 0.0, 0.0, 0.0, 0.0, 0.0, 0.0, 1.0, 0.0, 0.0, 0.0, 1.5, 0.0, 0.0, 0.0, 0.0, 0.0, 0.0, 0.0, 0.0, 0.0, 0.0, 0.0, 0.0, 0.0, 0.0, 0.0, 0.0, 0.0, 0.0, 0.0, 0.0, 0.0, 0.0, 0.0, 0.0, 0.0, 0.0, 0.0, 0.0, 0.0, 0.0, 0.0, 0.0, 0.0, 0.0, 0.0, 0.0, 0.0]",0.2,3,"[0, 0, 0, 0, 1, 0, 0, 0, 0, 0, 0, 0, 0, 0, 0]","[0, 0, 0, 0, 0, 0, 0, 0, 0, 0, 0, 0, 0, 0, 0]","[0, 0, 0, 0, 0, 0, 0, 0, 0, 0, 0, 0, 0, 0, 0]","[0, 0, 0, 0, 0, 0, 0, 0, 0, 0, 0, 0, 0, 0, 0]",0.4796,0.4704
BentsRule_10,"According to Bent's rule, which of the following is true regarding CH2F2?",The F-C-F angle is larger than the H-C-H angle.,The F-C-F and H-C-H angles are equal.,The H-C-H angle is larger than the F-C-F angle.,Bent's rule does not apply.,"Incorrect. Fluorine directs p-character to the C-F bonds, which effectively reduces the F-C-F angle in mixed methanes.",Incorrect. The angles are unequal due to differences in s-character distribution.,"Correct. Highly electronegative F prefers orbitals with more p-character, leaving more s-character for C-H bonds, widening the H-C-H angle.",Incorrect. Bents rule directly and accurately predicts the angle discrepancies we observe in mixed methanes like CH2F2.,Bent's Rule,Bent's Rule,"[0.0, 0.0, 0.0, 0.0, 0.0, 0.0, 0.0, 0.0, 0.0, 0.0, 0.0, 0.0, 0.0, 0.0, 0.0, 0.0, 0.0, 0.0, 0.0, 0.0, 1.0, 0.0, 0.0, 0.0, 0.0, 0.0, 0.0, 0.0, 0.0, 0.0, 0.0, 0.0, 0.0, 0.0, 0.0, 0.0, 0.0, 0.0, 0.0, 0.0, 0.0, 0.0, 0.0, 0.0, 0.0, 0.0, 0.0, 0.0, 0.0, 0.0, 0.0, 0.0, 0.0, 0.0, 0.0, 0.0, 0.0, 0.0]",1.5,3,"[0, 0, 0, 0, 1, 0, 0, 0, 0, 0, 0, 0, 0, 0, 0]","[0, 0, 0, 0, 0, 0, 0, 0, 0, 0, 0, 0, 0, 0, 0]","[0, 0, 0, 0, 0, 0, 0, 0, 0, 0, 0, 0, 0, 0, 0]","[0, 0, 0, 0, 0, 0, 0, 0, 0, 0, 0, 0, 0, 0, 0]",0.4544,0.2885
Polarization_01,What is the polarizing power of a cation?,The energy required to remove an electron from the cation.,"Its ability to attract electrons from an anion, distorting the anion's electron cloud.",Its ability to lose electrons easily.,The tendency of the cation to form covalent bonds with water.,"Incorrect. That is ionization energy of the atom, not polarizing power.","Correct. Polarizing power is the ability of a cation to distort the electron cloud of an anion, leading to increased covalent character.",Incorrect. That describes electropositive character or ionization energy.,"Incorrect. That is related to hydration, not polarization of anions.",Polarization Effects (Fajan's Rule + Polarizing Power),"Charge Density (Z/r) and Ionic Potential, Sigma and Pi Bonding in Molecular Orbitals","[0.0, 0.0, 0.0, 0.0, 0.0, 0.5, 0.0, 0.0, 0.0, 0.5, 0.0, 0.0, 0.0, 0.0, 0.0, 0.0, 0.0, 0.0, 0.0, 0.0, 0.0, 1.8, 0.0, 0.0, 0.0, 0.0, 0.0, 0.0, 0.0, 0.0, 0.0, 0.0, 0.0, 0.0, 0.0, 0.0, 0.0, 0.0, 0.0, 0.0, 0.0, 0.0, 0.0, 0.0, 0.0, 0.0, 0.0, 0.0, 0.0, 0.0, 0.0, 0.0, 0.0, 0.0, 0.0, 0.0, 0.0, 0.0]",0.0,2,"[0, 0, 0, 0, 0, 0, 0, 0, 0, 0, 0, 0, 1, 0, 0]","[0, 0, 0, 0, 0, 0, 0, 0, 0, 0, 0, 0, 0, 0, 0]","[0, 0, 0, 1, 0, 0, 0, 0, 0, 0, 0, 0, 0, 0, 0]","[0, 0, 0, 0, 0, 0, 0, 0, 0, 0, 0, 1, 0, 0, 0]",0.4328,0.1741
Polarization_02,"According to Fajan's rules, which of the following factors increases the covalent character in an ionic compound?",Small cation and large anion,Large cation and large anion,Large cation and small anion,Small cation and small anion,"Correct. A small, highly charged cation (high polarizing power) and a large, easily deformable anion (high polarizability) increase covalent character.",Incorrect. Both large gives low covalent character.,Incorrect. Large cation has low polarizing power.,Incorrect. Small anion has low polarizability.,Polarization Effects (Fajan's Rule + Polarizing Power),"Charge Density (Z/r) and Ionic Potential, Sigma and Pi Bonding in Molecular Orbitals","[0.0, 0.0, 0.0, 0.0, 0.0, 1.0, 0.0, 0.0, 0.0, 0.5, 0.0, 0.0, 0.0, 0.0, 0.0, 0.0, 0.0, 0.0, 0.0, 0.0, 0.0, 1.2, 0.0, 0.0, 0.0, 0.0, 0.0, 0.0, 0.0, 0.0, 0.0, 0.0, 0.0, 0.0, 0.0, 0.0, 0.0, 0.0, 0.0, 0.0, 0.0, 0.0, 0.0, 0.0, 0.0, 0.0, 0.0, 0.0, 0.0, 0.0, 0.0, 0.0, 0.0, 0.0, 0.0, 0.0, 0.0, 0.0]",-0.1,1,"[0, 0, 0, 0, 0, 0, 0, 0, 0, 0, 0, 0, 0, 0, 0]","[0, 0, 0, 0, 0, 0, 0, 0, 0, 0, 0, 0, 0, 0, 0]","[0, 0, 0, 1, 0, 0, 0, 0, 0, 0, 0, 0, 0, 0, 0]","[0, 0, 0, 0, 0, 0, 0, 0, 0, 0, 0, 0, 0, 0, 0]",0.8426,0.3124
Polarization_03,Which of the following compounds has the highest covalent character?,RbCl,LiCl,NaCl,KCl,"Incorrect. Rb? is largest, least polarizing.","Correct. Li? is the smallest alkali metal cation, having the highest polarizing power, thus LiCl has the most covalent character among these.","Incorrect. Na? is larger, less polarizing.",Incorrect. K? is even larger.,Polarization Effects (Fajan's Rule + Polarizing Power),Charge Density (Z/r) and Ionic Potential,"[0.0, 0.0, 0.0, 0.0, 0.0, 1.2, 0.0, 0.0, 0.0, 0.0, 0.0, 0.0, 0.0, 0.0, 0.0, 0.0, 0.0, 0.0, 0.0, 0.0, 0.0, 1.0, 0.0, 0.0, 0.0, 0.0, 0.0, 0.0, 0.0, 0.0, 0.0, 0.0, 0.0, 0.0, 0.0, 0.0, 0.0, 0.0, 0.0, 0.0, 0.0, 0.0, 0.0, 0.0, 0.0, 0.0, 0.0, 0.0, 0.0, 0.0, 0.0, 0.0, 0.0, 0.0, 0.0, 0.0, 0.0, 0.0]",-0.2,2,"[0, 0, 0, 0, 0, 0, 0, 0, 0, 0, 0, 0, 1, 0, 0]","[0, 0, 0, 0, 0, 0, 0, 0, 0, 0, 0, 0, 0, 0, 0]","[0, 0, 0, 1, 0, 0, 0, 0, 0, 0, 0, 0, 0, 0, 0]","[0, 0, 0, 0, 0, 0, 0, 0, 0, 0, 0, 1, 0, 0, 0]",0.4158,0.2807
Polarization_04,The low solubility of AgCl in water compared to NaCl is due to:,"Ag? has higher polarizing power than Na?, leading to more covalent character in AgCl.",Ag? has lower polarizing power than Na?.,NaCl has higher lattice energy.,Cl? is more polarizable in AgCl.,"Correct. Ag+ has a small size, a +1 charge, and a 4d10 configuration that shields the nuclear charge poorly, giving it high polarizing power. By Fajans' rules, this produces greater covalent character in AgCl, lowering its solubility compared to the fully ionic NaCl.",Incorrect. Ag? has higher polarizing power.,"Incorrect. NaCl has higher lattice energy, but that would decrease solubility; the actual reason is covalent character in AgCl.","Incorrect. Cl- is the same anion in both AgCl and NaCl, so it cannot explain the difference in solubility; the deciding factor is the high polarizing power of the Ag+ cation.",Polarization Effects (Fajan's Rule + Polarizing Power),Charge Density (Z/r) and Ionic Potential,"[0.0, 0.0, 0.0, 0.0, 0.0, 1.0, 0.0, 0.0, 0.0, 0.0, 0.0, 0.0, 0.0, 0.0, 0.0, 0.0, 0.0, 0.0, 0.0, 0.0, 0.0, 1.2, 0.0, 0.0, 0.0, 0.0, 0.0, 0.0, 0.0, 0.0, 0.0, 0.0, 0.0, 0.0, 0.0, 0.0, 0.0, 0.0, 0.0, 0.0, 0.0, 0.0, 0.0, 0.0, 0.0, 0.0, 0.0, 0.0, 0.0, 0.0, 0.0, 0.0, 0.0, 0.0, 0.0, 0.0, 0.0, 0.0]",-0.1,1,"[0, 0, 0, 0, 0, 0, 0, 0, 0, 0, 0, 0, 0, 0, 0]","[0, 0, 0, 0, 0, 0, 0, 0, 0, 0, 0, 0, 0, 0, 0]","[0, 0, 0, 1, 0, 0, 0, 0, 0, 0, 0, 0, 0, 0, 0]","[0, 0, 0, 0, 0, 0, 0, 0, 0, 0, 0, 1, 0, 0, 0]",0.8751,0.3032
Polarization_05,Which of the following anions is most easily polarized?,F?,I?,Cl?,Br?,Incorrect. F? is small and least polarizable.,"Correct. I? is the largest and has the most diffuse electron cloud, making it the most polarizable.","Incorrect. Cl? is larger, more polarizable.",Incorrect. Br? is even larger.,Polarization Effects (Fajan's Rule + Polarizing Power),Charge Density (Z/r) and Ionic Potential,"[0.0, 0.0, 0.0, 0.0, 0.0, 1.2, 0.0, 0.0, 0.0, 0.0, 0.0, 0.0, 0.0, 0.0, 0.0, 0.0, 0.0, 0.0, 0.0, 0.0, 0.0, 1.0, 0.0, 0.0, 0.0, 0.0, 0.0, 0.0, 0.0, 0.0, 0.0, 0.0, 0.0, 0.0, 0.0, 0.0, 0.0, 0.0, 0.0, 0.0, 0.0, 0.0, 0.0, 0.0, 0.0, 0.0, 0.0, 0.0, 0.0, 0.0, 0.0, 0.0, 0.0, 0.0, 0.0, 0.0, 0.0, 0.0]",-0.3,2,"[0, 0, 0, 0, 0, 0, 0, 0, 0, 0, 0, 0, 1, 0, 0]","[0, 0, 0, 0, 0, 0, 0, 0, 0, 0, 0, 0, 0, 0, 0]","[0, 0, 0, 1, 0, 0, 0, 0, 0, 0, 0, 0, 0, 0, 0]","[0, 0, 0, 0, 0, 0, 0, 0, 0, 0, 0, 1, 0, 0, 0]",0.4011,0.3008
Polarization_06,"The trend of increasing covalent character in halides of a given metal (e.g., AlCl?, AlBr?, AlI?) is explained by:",Increasing polarizing power of the cation,Decreasing lattice energy,Increasing polarizability of the anion,All of these,"Incorrect. The cation is the same, polarizing power constant.","Incorrect. Lattice energy decreases, but that alone does not dictate covalent character.","Correct. As we go from Cl? to Br? to I?, the anion size and polarizability increase, leading to more covalent character.","Incorrect. Actually both B and C contribute, but the primary factor is anion polarizability. Since the question is about covalent character, B is the direct reason.",Polarization Effects (Fajan's Rule + Polarizing Power),Charge Density (Z/r) and Ionic Potential,"[0.0, 0.0, 0.0, 0.0, 0.0, 1.0, 0.0, 0.0, 0.0, 0.0, 0.0, 0.0, 0.0, 0.0, 0.0, 0.0, 0.0, 0.0, 0.0, 0.0, 0.0, 1.2, 0.0, 0.0, 0.0, 0.0, 0.0, 0.0, 0.0, 0.0, 0.0, 0.0, 0.0, 0.0, 0.0, 0.0, 0.0, 0.0, 0.0, 0.0, 0.0, 0.0, 0.0, 0.0, 0.0, 0.0, 0.0, 0.0, 0.0, 0.0, 0.0, 0.0, 0.0, 0.0, 0.0, 0.0, 0.0, 0.0]",-0.2,3,"[0, 0, 0, 0, 0, 0, 0, 0, 0, 0, 0, 0, 1, 0, 0]","[0, 0, 0, 0, 0, 0, 0, 0, 0, 0, 0, 1, 0, 0, 0]","[0, 0, 0, 0, 0, 0, 0, 0, 0, 0, 0, 0, 0, 0, 0]","[0, 0, 0, 0, 0, 0, 0, 0, 0, 0, 0, 1, 0, 0, 0]",0.8905,0.4579
Polarization_07,Which of the following statements about polarizability is correct?,Polarizability is higher for cations than for anions.,Polarizability decreases as the size of the ion increases.,Polarizability is independent of charge.,Polarizability is the ease with which the electron cloud of an ion can be distorted.,Incorrect. Anions are generally larger and more polarizable than cations.,Incorrect. Polarizability increases with size.,"Incorrect. Higher charge increases polarizability, but also size matters.",Correct. Polarizability refers to the deformability of an ion's electron cloud.,Polarization Effects (Fajan's Rule + Polarizing Power),Charge Density (Z/r) and Ionic Potential,"[0.0, 0.0, 0.0, 0.0, 0.0, 1.0, 0.0, 0.0, 0.0, 0.0, 0.0, 0.0, 0.0, 0.0, 0.0, 0.0, 0.0, 0.0, 0.0, 0.0, 0.0, 1.2, 0.0, 0.0, 0.0, 0.0, 0.0, 0.0, 0.0, 0.0, 0.0, 0.0, 0.0, 0.0, 0.0, 0.0, 0.0, 0.0, 0.0, 0.0, 0.0, 0.0, 0.0, 0.0, 0.0, 0.0, 0.0, 0.0, 0.0, 0.0, 0.0, 0.0, 0.0, 0.0, 0.0, 0.0, 0.0, 0.0]",-0.2,4,"[0, 0, 0, 0, 0, 0, 0, 0, 0, 0, 0, 0, 1, 0, 0]","[0, 0, 0, 0, 0, 0, 0, 0, 0, 0, 0, 1, 0, 0, 0]","[0, 0, 0, 0, 0, 0, 0, 0, 0, 0, 0, 0, 0, 0, 0]","[0, 0, 0, 0, 0, 0, 0, 0, 0, 0, 0, 0, 0, 0, 0]",0.4051,0.3023
Polarization_08,Fajan's rule explains that the compound BeCl? is more covalent than MgCl? because:,Be?? is smaller and has higher polarizing power than Mg??.,Be?? is larger and has lower polarizing power.,BeCl? has higher lattice energy.,Cl? is more polarizable in BeCl?.,"Correct. Be?? has a very high charge density due to its small size, distorting the Cl? electron cloud more effectively.",Incorrect. Be?? is smaller.,Incorrect. Lattice energy is not the cause of covalent character; covalent character reduces lattice energy.,Incorrect. Cl? is the same; the difference is the cation.,Polarization Effects (Fajan's Rule + Polarizing Power),Charge Density (Z/r) and Ionic Potential,"[0.0, 0.0, 0.0, 0.0, 0.0, 1.0, 0.0, 0.0, 0.0, 0.0, 0.0, 0.0, 0.0, 0.0, 0.0, 0.0, 0.0, 0.0, 0.0, 0.0, 0.0, 1.2, 0.0, 0.0, 0.0, 0.0, 0.0, 0.0, 0.0, 0.0, 0.0, 0.0, 0.0, 0.0, 0.0, 0.0, 0.0, 0.0, 0.0, 0.0, 0.0, 0.0, 0.0, 0.0, 0.0, 0.0, 0.0, 0.0, 0.0, 0.0, 0.0, 0.0, 0.0, 0.0, 0.0, 0.0, 0.0, 0.0]",-0.2,1,"[0, 0, 0, 0, 0, 0, 0, 0, 0, 0, 0, 0, 0, 0, 0]","[0, 0, 0, 0, 0, 0, 0, 0, 0, 0, 0, 1, 0, 0, 0]","[0, 0, 0, 1, 0, 0, 0, 0, 0, 0, 0, 0, 0, 0, 0]","[0, 0, 0, 0, 0, 0, 0, 0, 0, 0, 0, 1, 0, 0, 0]",0.8825,0.358
Polarization_09,Which of the following pairs of compounds is correctly ordered by increasing covalent character?,NaI < KI < RbI,AlCl? < MgCl? < NaCl,LiI < LiBr < LiCl,NaCl < MgCl? < AlCl?,"Incorrect. For alkali metal iodides, covalent character decreases as cation size increases: NaI > KI > RbI.",Incorrect. This is the reverse order.,"Incorrect. For lithium halides, covalent character increases as the anion size increases: LiCl < LiBr < LiI.","Correct. As the charge on the cation increases (Na?, Mg??, Al??), polarizing power increases, so covalent character increases: NaCl < MgCl? < AlCl?.",Polarization Effects (Fajan's Rule + Polarizing Power),Charge Density (Z/r) and Ionic Potential,"[0.0, 0.0, 0.0, 0.0, 0.0, 1.2, 0.0, 0.0, 0.0, 0.0, 0.0, 0.0, 0.0, 0.0, 0.0, 0.0, 0.0, 0.0, 0.0, 0.0, 0.0, 1.0, 0.0, 0.0, 0.0, 0.0, 0.0, 0.0, 0.0, 0.0, 0.0, 0.0, 0.0, 0.0, 0.0, 0.0, 0.0, 0.0, 0.0, 0.0, 0.0, 0.0, 0.0, 0.0, 0.0, 0.0, 0.0, 0.0, 0.0, 0.0, 0.0, 0.0, 0.0, 0.0, 0.0, 0.0, 0.0, 0.0]",-0.1,4,"[0, 0, 0, 0, 0, 0, 0, 0, 0, 0, 0, 0, 1, 0, 0]","[0, 0, 0, 0, 0, 0, 0, 0, 0, 0, 0, 1, 0, 0, 0]","[0, 0, 0, 0, 0, 0, 0, 0, 0, 0, 0, 0, 0, 0, 0]","[0, 0, 0, 0, 0, 0, 0, 0, 0, 0, 0, 0, 0, 0, 0]",0.3952,0.296
Polarization_10,The partial covalent character in ionic compounds is a consequence of:,Distortion of the anion by the cation's electric field.,The presence of d-orbitals.,Complete transfer of electrons.,The formation of hydrogen bonds.,Correct. Polarization (distortion) of the anion by the cation leads to some electron sharing and covalent character.,"Incorrect. d-orbitals may play a role in some cases, but the basic concept is polarization.",Incorrect. Complete transfer would give pure ionic character.,Incorrect. H-bonding is not relevant here.,Polarization Effects (Fajan's Rule + Polarizing Power),Charge Density (Z/r) and Ionic Potential,"[0.0, 0.0, 0.0, 0.0, 0.0, 0.8, 0.0, 0.0, 0.0, 0.0, 0.0, 0.0, 0.0, 0.0, 0.0, 0.0, 0.0, 0.0, 0.0, 0.0, 0.0, 1.2, 0.0, 0.0, 0.0, 0.0, 0.0, 0.0, 0.0, 0.0, 0.0, 0.0, 0.0, 0.0, 0.0, 0.0, 0.0, 0.0, 0.0, 0.0, 0.0, 0.0, 0.0, 0.0, 0.0, 0.0, 0.0, 0.0, 0.0, 0.0, 0.0, 0.0, 0.0, 0.0, 0.0, 0.0, 0.0, 0.0]",-0.2,1,"[0, 0, 0, 0, 0, 0, 0, 0, 0, 0, 0, 0, 0, 0, 0]","[0, 0, 0, 0, 0, 0, 0, 0, 0, 0, 0, 0, 0, 0, 0]","[0, 0, 0, 1, 0, 0, 0, 0, 0, 0, 0, 0, 0, 0, 0]","[0, 0, 0, 0, 0, 0, 0, 0, 0, 0, 0, 1, 0, 0, 0]",0.4458,0.2798
SolubilityProduct_01,What is the solubility product constant (K_sp) of a sparingly soluble salt?,"The equilibrium constant for the dissolution of the salt, always equal to 1.",The ratio of the concentration of the solid to the concentration of the ions.,The product of the masses of the ions present in a saturated solution.,"The product of the concentrations of the ions in a saturated solution, each raised to the power of its stoichiometric coefficient, at a given temperature.",Incorrect. K_sp varies with the salt; it is not always 1.,Incorrect. The solid does not appear in the expression; its activity is 1.,"Incorrect. K_sp uses concentrations, not masses.","Correct. K_sp is defined as the product of the equilibrium concentrations (activities) of the ions, each raised to the power of its coefficient in the balanced dissolution equation.",Solubility Product and Precipitation Logic,"Lattice Energy, Hydration Enthalpy","[0.0, 0.0, 0.0, 0.0, 0.0, 0.0, 0.8, 0.5, 0.0, 0.0, 0.0, 0.0, 0.0, 0.0, 0.0, 0.0, 0.0, 0.0, 0.0, 0.0, 0.0, 0.0, 1.5, 0.0, 0.0, 0.0, 0.0, 0.0, 0.0, 0.0, 0.0, 0.0, 0.0, 0.0, 0.0, 0.0, 0.0, 0.0, 0.0, 0.0, 0.0, 0.0, 0.0, 0.0, 0.0, 0.0, 0.0, 0.0, 0.0, 0.0, 0.0, 0.0, 0.0, 0.0, 0.0, 0.0, 0.0, 0.0]",-0.2,4,"[0, 0, 0, 1, 0, 0, 0, 0, 0, 0, 0, 0, 0, 0, 0]","[0, 0, 1, 0, 0, 0, 0, 0, 0, 0, 0, 0, 0, 0, 0]","[0, 0, 0, 0, 0, 0, 0, 0, 0, 0, 0, 1, 0, 0, 0]","[0, 0, 0, 0, 0, 0, 0, 0, 0, 0, 0, 0, 0, 0, 0]",0.4698,0.2038
SolubilityProduct_02,"For the salt Ag?CrO?, the correct expression for its solubility product (K_sp) in terms of its molar solubility (s) is:",K_sp = 4s?,K_sp = s?,K_sp = s?,K_sp = 27s?,"Correct. Ag?CrO? ≈ 2Ag? + CrO???. If s = solubility, then [Ag?] = 2s, [CrO???] = s, so K_sp = (2s)?(s) = 4s?.","Incorrect. A K_sp expression of s? (without a numeric coefficient) does not correspond to any simple binary salt stoichiometry relevant here; for a 1:2 salt like Ag?CrO?, the correct expression is 4s?.",Incorrect. That would be for a 1:1 salt like AgCl.,Incorrect. That expression (27s?) corresponds to a salt like A?B or AB?.,Solubility Product and Precipitation Logic,"Lattice Energy, Hydration Enthalpy","[0.0, 0.0, 0.0, 0.0, 0.0, 0.0, 1.0, 0.8, 0.0, 0.0, 0.0, 0.0, 0.0, 0.0, 0.0, 0.0, 0.0, 0.0, 0.0, 0.0, 0.0, 0.0, 1.2, 0.0, 0.0, 0.0, 0.0, 0.0, 0.0, 0.0, 0.0, 0.0, 0.0, 0.0, 0.0, 0.0, 0.0, 0.0, 0.0, 0.0, 0.0, 0.0, 0.0, 0.0, 0.0, 0.0, 0.0, 0.0, 0.0, 0.0, 0.0, 0.0, 0.0, 0.0, 0.0, 0.0, 0.0, 0.0]",-0.1,1,"[0, 0, 0, 0, 0, 0, 0, 0, 0, 0, 0, 0, 0, 0, 0]","[0, 0, 1, 0, 0, 0, 0, 0, 0, 0, 0, 0, 0, 0, 0]","[0, 0, 0, 0, 0, 0, 0, 0, 0, 0, 0, 1, 0, 0, 0]","[0, 0, 0, 0, 0, 0, 0, 0, 1, 0, 0, 0, 0, 0, 0]",0.4379,0.4699
SolubilityProduct_03,"If the ionic product (Q) of a sparingly soluble salt exceeds its K_sp, what will happen?",The solution is saturated; no change occurs.,The solution is unsaturated; more salt will dissolve.,Precipitation will occur until Q equals K_sp.,The salt will become more soluble.,Incorrect. Saturation occurs when Q = K_sp.,Incorrect. Q > K_sp indicates supersaturation; precipitation occurs.,"Correct. When Q > K_sp, the solution is supersaturated and precipitation will occur to reduce the ion concentrations until Q = K_sp.",Incorrect. Solubility is a constant at a given temperature; precipitation does not increase solubility.,Solubility Product and Precipitation Logic,"Lattice Energy, Hydration Enthalpy","[0.0, 0.0, 0.0, 0.0, 0.0, 0.0, 1.0, 0.5, 0.0, 0.0, 0.0, 0.0, 0.0, 0.0, 0.0, 0.0, 0.0, 0.0, 0.0, 0.0, 0.0, 0.0, 1.2, 0.0, 0.0, 0.0, 0.0, 0.0, 0.0, 0.0, 0.0, 0.0, 0.0, 0.0, 0.0, 0.0, 0.0, 0.0, 0.0, 0.0, 0.0, 0.0, 0.0, 0.0, 0.0, 0.0, 0.0, 0.0, 0.0, 0.0, 0.0, 0.0, 0.0, 0.0, 0.0, 0.0, 0.0, 0.0]",-0.3,3,"[0, 0, 0, 1, 0, 0, 0, 0, 0, 0, 0, 0, 0, 0, 0]","[0, 0, 1, 0, 0, 0, 0, 0, 0, 0, 0, 0, 0, 0, 0]","[0, 0, 0, 0, 0, 0, 0, 0, 0, 0, 0, 0, 0, 0, 0]","[0, 0, 0, 0, 0, 0, 0, 0, 1, 0, 0, 0, 0, 0, 0]",0.4497,0.3163
SolubilityProduct_04,The solubility of AgCl in water is 1.3 ≈ 10?? mol/L. What is its K_sp? (Assume complete dissociation),1.3 ≈ 10??,1.69 ≈ 10??,2.6 ≈ 10??,1.69 ≈ 10???,"Incorrect. This is the molar solubility (s) itself, not Ksp = s^2.","Incorrect. The digits are right (1.3^2 = 1.69) but the power of ten is wrong; squaring 10^-5 gives 10^-10, not 10^-5.","Incorrect. This equals 2s, which is not how Ksp is calculated for a 1:1 salt like AgCl.","Correct. For AgCl -> Ag+ + Cl-, Ksp = [Ag+][Cl-] = s^2 = (1.3 x 10^-5)^2 = 1.69 x 10^-10.",Solubility Product and Precipitation Logic,"Lattice Energy, Hydration Enthalpy","[0.0, 0.0, 0.0, 0.0, 0.0, 0.0, 1.2, 0.5, 0.0, 0.0, 0.0, 0.0, 0.0, 0.0, 0.0, 0.0, 0.0, 0.0, 0.0, 0.0, 0.0, 0.0, 1.0, 0.0, 0.0, 0.0, 0.0, 0.0, 0.0, 0.0, 0.0, 0.0, 0.0, 0.0, 0.0, 0.0, 0.0, 0.0, 0.0, 0.0, 0.0, 0.0, 0.0, 0.0, 0.0, 0.0, 0.0, 0.0, 0.0, 0.0, 0.0, 0.0, 0.0, 0.0, 0.0, 0.0, 0.0, 0.0]",-0.4,4,"[0, 0, 0, 1, 0, 0, 0, 0, 0, 0, 0, 0, 0, 0, 0]","[0, 0, 1, 0, 0, 0, 0, 0, 0, 0, 0, 0, 0, 0, 0]","[0, 0, 0, 0, 0, 0, 0, 0, 0, 0, 0, 1, 0, 0, 0]","[0, 0, 0, 0, 0, 0, 0, 0, 0, 0, 0, 0, 0, 0, 0]",0.4595,0.4478
SolubilityProduct_05,Which of the following factors affects the solubility product of a sparingly soluble salt?,Temperature,All of these,Addition of a common ion,Change in pH (if the anion is basic),Incorrect. Only temperature changes K_sp.,Correct. K_sp is an equilibrium constant and depends only on temperature. Common ion and pH affect the solubility but not the value of K_sp itself.,"Incorrect. Common ion effect changes solubility, not K_sp.","Incorrect. pH changes solubility, not K_sp.",Solubility Product and Precipitation Logic,"Lattice Energy, Hydration Enthalpy","[0.0, 0.0, 0.0, 0.0, 0.0, 0.0, 0.8, 0.5, 0.0, 0.0, 0.0, 0.0, 0.0, 0.0, 0.0, 0.0, 0.0, 0.0, 0.0, 0.0, 0.0, 0.0, 1.2, 0.0, 0.0, 0.0, 0.0, 0.0, 0.0, 0.0, 0.0, 0.0, 0.0, 0.0, 0.0, 0.0, 0.0, 0.0, 0.0, 0.0, 0.0, 0.0, 0.0, 0.0, 0.0, 0.0, 0.0, 0.0, 0.0, 0.0, 0.0, 0.0, 0.0, 0.0, 0.0, 0.0, 0.0, 0.0]",-0.3,2,"[0, 0, 0, 1, 0, 0, 0, 0, 0, 0, 0, 0, 0, 0, 0]","[0, 0, 0, 0, 0, 0, 0, 0, 0, 0, 0, 0, 0, 0, 0]","[0, 0, 0, 0, 0, 0, 0, 0, 0, 0, 0, 1, 0, 0, 0]","[0, 0, 0, 0, 0, 0, 0, 0, 1, 0, 0, 0, 0, 0, 0]",0.4406,0.2981
SolubilityProduct_06,The solubility of BaSO? in pure water is s. Its solubility in 0.1 M Na?SO? solution will be:,Less than s,Greater than s,Unpredictable,Equal to s,"Correct. The presence of SO??? from Na?SO? (common ion) shifts the equilibrium BaSO?(s) ? Ba?? + SO??? left, decreasing solubility.",Incorrect. Common ion effect reduces solubility.,Incorrect. It is predictable using K_sp and common ion effect.,Incorrect.,Solubility Product and Precipitation Logic,"Lattice Energy, Hydration Enthalpy","[0.0, 0.0, 0.0, 0.0, 0.0, 0.0, 1.0, 0.8, 0.0, 0.0, 0.0, 0.0, 0.0, 0.0, 0.0, 0.0, 0.0, 0.0, 0.0, 0.0, 0.0, 0.0, 1.0, 0.0, 0.0, 0.0, 0.0, 0.0, 0.0, 0.0, 0.0, 0.0, 0.0, 0.0, 0.0, 0.0, 0.0, 0.0, 0.0, 0.0, 0.0, 0.0, 0.0, 0.0, 0.0, 0.0, 0.0, 0.0, 0.0, 0.0, 0.0, 0.0, 0.0, 0.0, 0.0, 0.0, 0.0, 0.0]",-0.2,1,"[0, 0, 0, 0, 0, 0, 0, 0, 0, 0, 0, 0, 0, 0, 0]","[0, 0, 1, 0, 0, 0, 0, 0, 0, 0, 0, 0, 0, 0, 0]","[0, 0, 0, 0, 0, 0, 0, 0, 0, 0, 0, 1, 0, 0, 0]","[0, 0, 0, 0, 0, 0, 0, 0, 1, 0, 0, 0, 0, 0, 0]",0.4489,0.4352
SolubilityProduct_07,"For a 0.1 M solution of Mg2+, precipitation of Mg(OH)2 (Ksp = 8.9 ≈ 10^-12) begins at a pH closest to:",12,5,9,10.5,Incorrect. Precipitation begins much earlier at pH 9.0.,"Incorrect. This is the pOH value, not the pH value.",Correct. [OH-] = sqrt(Ksp / [Mg2+]) = ~9.4e-6 M. pOH = ~5.0. pH = 14 - 5 = 9.0.,Incorrect. A pH of 10.5 is far past the precipitation threshold.,Solubility Product and Precipitation Logic,"Lattice Energy, Hydration Enthalpy","[0.0, 0.0, 0.0, 0.0, 0.0, 0.0, 1.0, 1.0, 0.0, 0.0, 0.0, 0.0, 0.0, 0.0, 0.0, 0.0, 0.0, 0.0, 0.0, 0.0, 0.0, 0.0, 1.5, 0.0, 0.0, 0.0, 0.0, 0.0, 0.0, 0.0, 0.0, 0.0, 0.0, 0.0, 0.0, 0.0, 0.0, 0.0, 0.0, 0.0, 0.0, 0.0, 0.0, 0.0, 0.0, 0.0, 0.0, 0.0, 0.0, 0.0, 0.0, 0.0, 0.0, 0.0, 0.0, 0.0, 0.0, 0.0]",0.0,3,"[0, 0, 0, 1, 0, 0, 0, 0, 0, 0, 0, 0, 0, 0, 0]","[0, 0, 0, 0, 0, 0, 0, 0, 0, 0, 0, 0, 0, 0, 0]","[0, 0, 0, 0, 0, 0, 0, 0, 0, 0, 0, 0, 0, 0, 0]","[0, 0, 0, 0, 0, 0, 0, 0, 1, 0, 0, 0, 0, 0, 0]",0.3968,0.4689
SolubilityProduct_08,The molar solubility of CaF? is 2.1 ≈ 10?? mol/L. What is its K_sp?,3.7 ≈ 10???,9.3 ≈ 10???,4.4 ≈ 10??,2.1 ≈ 10??,"Correct. CaF? ? Ca?? + 2F?; s = 2.1?10??; [Ca??] = s, [F?] = 2s; K_sp = (s)(2s)? = 4s? = 4?(2.1?10??)? = 4?9.26?10??? = 3.7?10???.","Incorrect. That would be s?, missing factor 4.","Incorrect. That would be 4s?, wrong.","Incorrect. That is the solubility, not K_sp.",Solubility Product and Precipitation Logic,"Lattice Energy, Hydration Enthalpy","[0.0, 0.0, 0.0, 0.0, 0.0, 0.0, 1.0, 0.8, 0.0, 0.0, 0.0, 0.0, 0.0, 0.0, 0.0, 0.0, 0.0, 0.0, 0.0, 0.0, 0.0, 0.0, 1.2, 0.0, 0.0, 0.0, 0.0, 0.0, 0.0, 0.0, 0.0, 0.0, 0.0, 0.0, 0.0, 0.0, 0.0, 0.0, 0.0, 0.0, 0.0, 0.0, 0.0, 0.0, 0.0, 0.0, 0.0, 0.0, 0.0, 0.0, 0.0, 0.0, 0.0, 0.0, 0.0, 0.0, 0.0, 0.0]",-0.2,1,"[0, 0, 0, 0, 0, 0, 0, 0, 0, 0, 0, 0, 0, 0, 0]","[0, 0, 1, 0, 0, 0, 0, 0, 0, 0, 0, 0, 0, 0, 0]","[0, 0, 0, 0, 0, 0, 0, 0, 0, 0, 0, 1, 0, 0, 0]","[0, 0, 0, 0, 0, 0, 0, 0, 1, 0, 0, 0, 0, 0, 0]",0.4455,0.4381
SolubilityProduct_09,"When a solution containing Ag+ and Cl- is mixed, which statement is true at the exact point of precipitation?",Ionic product < K_sp,Ionic product is zero,Ionic product = K_sp,Ionic product > K_sp,"Incorrect. When the ionic product (Q) is less than Ksp, the solution is unsaturated and no precipitate will form.",Incorrect. The ionic product is non-zero in any mixed solution containing these ions.,"Incorrect. When Q equals Ksp, the solution is exactly at saturation equilibrium without active precipitation.",Correct. Precipitation begins the exact moment the ionic product (Q) exceeds the solubility product (Ksp).,Solubility Product and Precipitation Logic,"Lattice Energy, Hydration Enthalpy","[0.0, 0.0, 0.0, 0.0, 0.0, 0.0, 1.0, 1.0, 0.0, 0.0, 0.0, 0.0, 0.0, 0.0, 0.0, 0.0, 0.0, 0.0, 0.0, 0.0, 0.0, 0.0, 1.0, 0.0, 0.0, 0.0, 0.0, 0.0, 0.0, 0.0, 0.0, 0.0, 0.0, 0.0, 0.0, 0.0, 0.0, 0.0, 0.0, 0.0, 0.0, 0.0, 0.0, 0.0, 0.0, 0.0, 0.0, 0.0, 0.0, 0.0, 0.0, 0.0, 0.0, 0.0, 0.0, 0.0, 0.0, 0.0]",0.0,4,"[0, 0, 0, 0, 0, 0, 1, 0, 0, 0, 0, 0, 0, 0, 0]","[0, 0, 0, 0, 0, 0, 0, 0, 1, 0, 0, 0, 0, 0, 0]","[0, 0, 0, 0, 0, 0, 0, 0, 0, 1, 0, 0, 0, 0, 0]","[0, 0, 0, 0, 0, 0, 0, 0, 0, 0, 0, 0, 0, 0, 0]",0.4458,0.3008
SolubilityProduct_10,"The solubility product of AgCl is 1.8 ≈ 10???. If 100 mL of 0.01 M AgNO? is mixed with 100 mL of 0.01 M NaCl, will a precipitate form?","Yes, because Q > K_sp","No, because Q = K_sp",Cannot be determined,"No, because Q < K_sp","Correct. After mixing, volume doubles; [Ag?] = 0.005 M, [Cl?] = 0.005 M; Q = (0.005)(0.005) = 2.5 ≈ 10??. This is much greater than 1.8 ≈ 10???, so Q > K_sp, precipitate forms.",Incorrect. Q is not equal to K_sp.,Incorrect. It can be determined.,"Incorrect. Q is larger, not smaller.",Solubility Product and Precipitation Logic,"Lattice Energy, Hydration Enthalpy","[0.0, 0.0, 0.0, 0.0, 0.0, 0.0, 1.0, 1.0, 0.0, 0.0, 0.0, 0.0, 0.0, 0.0, 0.0, 0.0, 0.0, 0.0, 0.0, 0.0, 0.0, 0.0, 1.0, 0.0, 0.0, 0.0, 0.0, 0.0, 0.0, 0.0, 0.0, 0.0, 0.0, 0.0, 0.0, 0.0, 0.0, 0.0, 0.0, 0.0, 0.0, 0.0, 0.0, 0.0, 0.0, 0.0, 0.0, 0.0, 0.0, 0.0, 0.0, 0.0, 0.0, 0.0, 0.0, 0.0, 0.0, 0.0]",-0.1,1,"[0, 0, 0, 0, 0, 0, 0, 0, 0, 0, 0, 0, 0, 0, 0]","[0, 0, 0, 0, 0, 0, 0, 0, 0, 0, 0, 0, 0, 0, 0]","[0, 0, 0, 0, 0, 0, 0, 0, 0, 0, 0, 0, 0, 0, 0]","[0, 0, 0, 0, 0, 0, 0, 0, 1, 0, 0, 0, 0, 0, 0]",0.3691,0.4957
Diagonal_01,What is the diagonal relationship in the periodic table?,The similarity in properties between elements in the same group.,The similarity in properties between elements in the same period.,The similarity in properties between an element of period 2 and the element diagonally below it in period 3 of the next group.,The difference in properties between elements in adjacent groups.,Incorrect. That describes group similarity.,Incorrect. That describes periodicity across a period.,"Correct. Diagonal relationship refers to the resemblance between elements of the second period and the third period elements diagonally adjacent in the next group (e.g., Li-Mg, Be-Al, B-Si).","Incorrect. Diagonal relationship is about similarity, not difference.",Diagonal Relationship,"Electronegativity Trend, Atomic Radius Trend","[0.0, 0.0, 0.0, 0.0, 0.0, 0.0, 0.0, 0.0, 0.0, 0.0, 0.5, 0.0, 0.0, 0.5, 0.0, 0.0, 0.0, 0.0, 0.0, 0.0, 0.0, 0.0, 0.0, 1.5, 0.0, 0.0, 0.0, 0.0, 0.0, 0.0, 0.0, 0.0, 0.0, 0.0, 0.0, 0.0, 0.0, 0.0, 0.0, 0.0, 0.0, 0.0, 0.0, 0.0, 0.0, 0.0, 0.0, 0.0, 0.0, 0.0, 0.0, 0.0, 0.0, 0.0, 0.0, 0.0, 0.0, 0.0]",0.6,3,"[0, 0, 0, 0, 0, 0, 0, 1, 0, 0, 0, 0, 0, 0, 0]","[0, 0, 0, 0, 0, 0, 0, 0, 0, 0, 0, 0, 1, 0, 0]","[0, 0, 0, 0, 0, 0, 0, 0, 0, 0, 0, 0, 0, 0, 0]","[0, 0, 0, 1, 0, 0, 0, 0, 0, 0, 0, 0, 0, 0, 0]",0.4914,0.1525
Diagonal_02,Which of the following pairs exhibits a diagonal relationship?,Be and B,B and Al,Li and Mg,Na and Mg,"Incorrect. Be (period 2, group 2) and B (period 2, group 13) are not diagonal.","Incorrect. B (period 2) and Al (period 3) are in the same group, not diagonal.","Correct. Lithium (group 1, period 2) shows similarity with magnesium (group 2, period 3) due to comparable charge density.","Incorrect. Na (period 3) and Mg (period 3) are adjacent in the same period, not diagonal.",Diagonal Relationship,"Electronegativity Trend, Atomic Radius Trend","[0.0, 0.0, 0.0, 0.0, 0.0, 0.0, 0.0, 0.0, 0.0, 0.0, 0.5, 0.0, 0.0, 1.2, 0.0, 0.0, 0.0, 0.0, 0.0, 0.0, 0.0, 0.0, 0.0, 1.0, 0.0, 0.0, 0.0, 0.0, 0.0, 0.0, 0.0, 0.0, 0.0, 0.0, 0.0, 0.0, 0.0, 0.0, 0.0, 0.0, 0.0, 0.0, 0.0, 0.0, 0.0, 0.0, 0.0, 0.0, 0.0, 0.0, 0.0, 0.0, 0.0, 0.0, 0.0, 0.0, 0.0, 0.0]",0.5,3,"[0, 0, 0, 0, 0, 0, 0, 1, 0, 0, 0, 0, 0, 0, 0]","[0, 0, 0, 0, 0, 0, 0, 0, 0, 0, 0, 0, 1, 0, 0]","[0, 0, 0, 0, 0, 0, 0, 0, 0, 0, 0, 0, 0, 0, 0]","[0, 0, 0, 1, 0, 0, 0, 0, 0, 0, 0, 0, 0, 0, 0]",0.4556,0.2918
Diagonal_03,The diagonal relationship between Be and Al is due to:,Similar electronegativity values,Similar charge/radius ratios (ionic potentials),Similar atomic sizes,Similar electronic configurations,"Incorrect. Electronegativities are somewhat similar, but the primary reason is charge density.","Correct. Both Be?? and Al?? have high charge density, leading to similar polarizing power and chemical behavior.",Incorrect. Their atomic sizes are not very similar; Be is much smaller.,"Incorrect. Be has 2s?, Al has 3s?3p?; configurations differ.",Diagonal Relationship,"Electronegativity Trend, Atomic Radius Trend","[0.0, 0.0, 0.0, 0.0, 0.0, 0.0, 0.0, 0.0, 0.0, 0.0, 0.8, 0.0, 0.0, 1.0, 0.0, 0.0, 0.0, 0.0, 0.0, 0.0, 0.0, 0.0, 0.0, 1.2, 0.0, 0.0, 0.0, 0.0, 0.0, 0.0, 0.0, 0.0, 0.0, 0.0, 0.0, 0.0, 0.0, 0.0, 0.0, 0.0, 0.0, 0.0, 0.0, 0.0, 0.0, 0.0, 0.0, 0.0, 0.0, 0.0, 0.0, 0.0, 0.0, 0.0, 0.0, 0.0, 0.0, 0.0]",0.7,2,"[0, 0, 0, 0, 0, 0, 0, 1, 0, 0, 0, 0, 0, 0, 0]","[0, 0, 0, 0, 0, 0, 0, 0, 0, 0, 0, 0, 0, 0, 0]","[0, 0, 0, 0, 0, 1, 0, 0, 0, 0, 0, 0, 0, 0, 0]","[0, 0, 0, 0, 0, 0, 0, 0, 0, 0, 0, 0, 0, 0, 0]",0.4624,0.2927
Diagonal_04,Which property of lithium is similar to that of magnesium?,"It reacts with nitrogen to form a nitride (Li?N), and Mg forms Mg?N?.",Its carbonate decomposes on heating.,"It forms an oxide with the formula Li?O, while Mg forms MgO.",All of the above.,Incorrect. Both form nitrides with nitrogen.,"Incorrect. This is true, but it is only one of several similarities; option 4 (all of the above) is the complete answer.","Incorrect. This is true, but not the only similarity.","Correct. All of these reflect the diagonal relationship between Li and Mg: both form nitrides directly with N2 (Li3N, Mg3N2), both carbonates decompose on heating, and both form simple ionic monoxides (Li2O, MgO).",Diagonal Relationship,"Electronegativity Trend, Atomic Radius Trend","[0.0, 0.0, 0.0, 0.0, 0.0, 0.0, 0.0, 0.0, 0.0, 0.0, 1.0, 0.0, 0.0, 1.2, 0.0, 0.0, 0.0, 0.0, 0.0, 0.0, 0.0, 0.0, 0.0, 1.0, 0.0, 0.0, 0.0, 0.0, 0.0, 0.0, 0.0, 0.0, 0.0, 0.0, 0.0, 0.0, 0.0, 0.0, 0.0, 0.0, 0.0, 0.0, 0.0, 0.0, 0.0, 0.0, 0.0, 0.0, 0.0, 0.0, 0.0, 0.0, 0.0, 0.0, 0.0, 0.0, 0.0, 0.0]",0.8,4,"[0, 0, 0, 0, 0, 0, 0, 1, 0, 0, 0, 0, 0, 0, 0]","[0, 0, 0, 0, 0, 0, 0, 0, 0, 0, 0, 0, 1, 0, 0]","[0, 0, 0, 0, 0, 1, 0, 0, 0, 0, 0, 0, 0, 0, 0]","[0, 0, 0, 0, 0, 0, 0, 0, 0, 0, 0, 0, 0, 0, 0]",0.4976,0.2795
Diagonal_05,"The anomalous behavior of lithium, compared to other alkali metals, is often explained by its diagonal relationship with:",Sodium,Calcium,Potassium,Magnesium,"Incorrect. Na is in the same group, not diagonal.",Incorrect. Ca is further down; the diagonal relationship is with Mg.,Incorrect. K is also in the same group.,Correct. Li shows similarities with Mg (diagonal) that explain its anomalous properties.,Diagonal Relationship,"Electronegativity Trend, Atomic Radius Trend","[0.0, 0.0, 0.0, 0.0, 0.0, 0.0, 0.0, 0.0, 0.0, 0.0, 0.8, 0.0, 0.0, 1.0, 0.0, 0.0, 0.0, 0.0, 0.0, 0.0, 0.0, 0.0, 0.0, 1.0, 0.0, 0.0, 0.0, 0.0, 0.0, 0.0, 0.0, 0.0, 0.0, 0.0, 0.0, 0.0, 0.0, 0.0, 0.0, 0.0, 0.0, 0.0, 0.0, 0.0, 0.0, 0.0, 0.0, 0.0, 0.0, 0.0, 0.0, 0.0, 0.0, 0.0, 0.0, 0.0, 0.0, 0.0]",0.6,4,"[0, 0, 0, 0, 0, 0, 0, 1, 0, 0, 0, 0, 0, 0, 0]","[0, 0, 0, 0, 0, 0, 0, 0, 0, 0, 0, 0, 1, 0, 0]","[0, 0, 0, 0, 0, 1, 0, 0, 0, 0, 0, 0, 0, 0, 0]","[0, 0, 0, 0, 0, 0, 0, 0, 0, 0, 0, 0, 0, 0, 0]",0.4473,0.3168
Diagonal_06,Which of the following statements is correct about the diagonal relationship?,It is observed only among elements of periods 2 and 3.,"It is due to the fact that moving diagonally down the table compensates for the increase in atomic size with a decrease in group number, leading to similar charge densities.",Elements showing diagonal relationship have the same number of valence electrons.,It is observed only for metals.,"Incorrect. It is most prominent between periods 2 and 3, but similar effects exist between periods 3 and 4 to a lesser extent.","Correct. The diagonal direction balances the increase in size (down a group) with the decrease in size (across a period), resulting in similar charge/radius ratios.",Incorrect. Li (1 valence electron) and Mg (2 valence electrons) differ.,Incorrect. Nonmetals like B and Si also show diagonal relationship.,Diagonal Relationship,"Electronegativity Trend, Atomic Radius Trend","[0.0, 0.0, 0.0, 0.0, 0.0, 0.0, 0.0, 0.0, 0.0, 0.0, 1.0, 0.0, 0.0, 0.8, 0.0, 0.0, 0.0, 0.0, 0.0, 0.0, 0.0, 0.0, 0.0, 1.5, 0.0, 0.0, 0.0, 0.0, 0.0, 0.0, 0.0, 0.0, 0.0, 0.0, 0.0, 0.0, 0.0, 0.0, 0.0, 0.0, 0.0, 0.0, 0.0, 0.0, 0.0, 0.0, 0.0, 0.0, 0.0, 0.0, 0.0, 0.0, 0.0, 0.0, 0.0, 0.0, 0.0, 0.0]",0.7,2,"[0, 0, 0, 0, 0, 0, 0, 1, 0, 0, 0, 0, 0, 0, 0]","[0, 0, 0, 0, 0, 0, 0, 0, 0, 0, 0, 0, 0, 0, 0]","[0, 0, 0, 0, 0, 1, 0, 0, 0, 0, 0, 0, 0, 0, 0]","[0, 0, 0, 1, 0, 0, 0, 0, 0, 0, 0, 0, 0, 0, 0]",0.4705,0.2822
Diagonal_07,Beryllium resembles aluminum in many ways. Which of the following is NOT a similarity?,Both form amphoteric oxides.,Both form ionic chlorides that are soluble in water.,Both are resistant to attack by concentrated nitric acid due to passivation.,Both form carbides that react with water to give methane.,Incorrect. Both BeO and Al?O? are amphoteric.,"Correct. This is NOT a similarity - BeCl2 and AlCl3 are both covalent (not ionic) and undergo hydrolysis in water rather than simply dissolving as ionic salts, so this statement is the exception.",Incorrect. Both Be and Al are rendered passive by concentrated HNO?.,Incorrect. Be?C and Al?C? both yield methane on hydrolysis.,Diagonal Relationship,"Electronegativity Trend, Atomic Radius Trend","[0.0, 0.0, 0.0, 0.0, 0.0, 0.0, 0.0, 0.0, 0.0, 0.0, 1.0, 0.0, 0.0, 1.0, 0.0, 0.0, 0.0, 0.0, 0.0, 0.0, 0.0, 0.0, 0.0, 1.2, 0.0, 0.0, 0.0, 0.0, 0.0, 0.0, 0.0, 0.0, 0.0, 0.0, 0.0, 0.0, 0.0, 0.0, 0.0, 0.0, 0.0, 0.0, 0.0, 0.0, 0.0, 0.0, 0.0, 0.0, 0.0, 0.0, 0.0, 0.0, 0.0, 0.0, 0.0, 0.0, 0.0, 0.0]",0.8,2,"[0, 0, 0, 0, 0, 0, 0, 1, 0, 0, 0, 0, 0, 0, 0]","[0, 0, 0, 0, 0, 0, 0, 0, 0, 0, 0, 0, 0, 0, 0]","[0, 0, 0, 0, 0, 1, 0, 0, 0, 0, 0, 0, 0, 0, 0]","[0, 0, 0, 1, 0, 0, 0, 0, 0, 0, 0, 0, 0, 0, 0]",0.7137,0.4425
Diagonal_08,The diagonal relationship between boron and silicon is evident from:,Both form acidic oxides (B?O? and SiO?).,Both are metalloids with high melting points.,Both form volatile hydrides (boranes and silanes) that are spontaneously flammable in air.,All of the above.,Incorrect. True.,Incorrect. True but not the only evidence.,Incorrect. True.,Correct. All these are similarities between B and Si due to diagonal relationship.,Diagonal Relationship,"Electronegativity Trend, Atomic Radius Trend","[0.0, 0.0, 0.0, 0.0, 0.0, 0.0, 0.0, 0.0, 0.0, 0.0, 1.0, 0.0, 0.0, 1.2, 0.0, 0.0, 0.0, 0.0, 0.0, 0.0, 0.0, 0.0, 0.0, 1.0, 0.0, 0.0, 0.0, 0.0, 0.0, 0.0, 0.0, 0.0, 0.0, 0.0, 0.0, 0.0, 0.0, 0.0, 0.0, 0.0, 0.0, 0.0, 0.0, 0.0, 0.0, 0.0, 0.0, 0.0, 0.0, 0.0, 0.0, 0.0, 0.0, 0.0, 0.0, 0.0, 0.0, 0.0]",0.7,4,"[0, 0, 0, 0, 0, 0, 0, 1, 0, 0, 0, 0, 0, 0, 0]","[0, 0, 0, 0, 0, 0, 0, 0, 0, 0, 0, 0, 1, 0, 0]","[0, 0, 0, 0, 0, 1, 0, 0, 0, 0, 0, 0, 0, 0, 0]","[0, 0, 0, 0, 0, 0, 0, 0, 0, 0, 0, 0, 0, 0, 0]",0.477,0.2801
Diagonal_09,The solubility of lithium compounds in water is often higher than expected for an alkali metal. This is similar to:,Magnesium compounds,Sodium compounds,Potassium compounds,Calcium compounds,Correct. Both Li and Mg form compounds that are often more soluble than other group 1 or 2 elements due to high hydration enthalpy.,"Incorrect. Na compounds are generally very soluble, but the anomaly is Li's similarity to Mg.","Incorrect. K compounds are also soluble, but the diagonal is with Mg.",Incorrect. Ca compounds have lower solubility than Mg.,Diagonal Relationship,"Electronegativity Trend, Atomic Radius Trend","[0.0, 0.0, 0.0, 0.0, 0.0, 0.0, 0.0, 0.0, 0.0, 0.0, 0.8, 0.0, 0.0, 1.0, 0.0, 0.0, 0.0, 0.0, 0.0, 0.0, 0.0, 0.0, 0.0, 1.2, 0.0, 0.0, 0.0, 0.0, 0.0, 0.0, 0.0, 0.0, 0.0, 0.0, 0.0, 0.0, 0.0, 0.0, 0.0, 0.0, 0.0, 0.0, 0.0, 0.0, 0.0, 0.0, 0.0, 0.0, 0.0, 0.0, 0.0, 0.0, 0.0, 0.0, 0.0, 0.0, 0.0, 0.0]",0.6,1,"[0, 0, 0, 0, 0, 0, 0, 0, 0, 0, 0, 0, 0, 0, 0]","[0, 0, 0, 0, 0, 0, 0, 0, 0, 0, 0, 0, 1, 0, 0]","[0, 0, 0, 0, 0, 1, 0, 0, 0, 0, 0, 0, 0, 0, 0]","[0, 0, 0, 0, 0, 0, 0, 0, 0, 0, 0, 0, 0, 0, 0]",0.4681,0.3648
Diagonal_10,Which of the following is NOT a reason for the diagonal relationship?,Presence of same number of valence electrons,Similar ionic radii after accounting for charge differences,Similar polarizing power (charge/radius),Similar electronegativity values,"Correct. Diagonal pairs do not have the same number of valence electrons (e.g., Li has 1, Mg has 2). This is not the reason; the reason is the charge density similarity despite different charges.",Incorrect. This is a factor; ions like Li? and Mg?? have similar sizes.,Incorrect. Polarizing power is similar due to charge/size compensation.,Incorrect. Electronegativity values are indeed similar for diagonal pairs.,Diagonal Relationship,"Electronegativity Trend, Atomic Radius Trend","[0.0, 0.0, 0.0, 0.0, 0.0, 0.0, 0.0, 0.0, 0.0, 0.0, 1.0, 0.0, 0.0, 0.8, 0.0, 0.0, 0.0, 0.0, 0.0, 0.0, 0.0, 0.0, 0.0, 1.5, 0.0, 0.0, 0.0, 0.0, 0.0, 0.0, 0.0, 0.0, 0.0, 0.0, 0.0, 0.0, 0.0, 0.0, 0.0, 0.0, 0.0, 0.0, 0.0, 0.0, 0.0, 0.0, 0.0, 0.0, 0.0, 0.0, 0.0, 0.0, 0.0, 0.0, 0.0, 0.0, 0.0, 0.0]",0.7,1,"[0, 0, 0, 0, 0, 0, 0, 0, 0, 0, 0, 0, 0, 0, 0]","[0, 0, 0, 0, 0, 0, 0, 0, 0, 0, 0, 0, 1, 0, 0]","[0, 0, 0, 0, 0, 1, 0, 0, 0, 0, 0, 0, 0, 0, 0]","[0, 0, 0, 1, 0, 0, 0, 0, 0, 0, 0, 0, 0, 0, 0]",0.68,0.4079
InertPair_01,What is the inert pair effect?,The tendency of the ns? electrons to participate readily in bonding.,The effect of inner d-electrons on the size of the atom.,"The reluctance of the ns? electrons to participate in bonding, resulting in lower oxidation states being more stable for heavier p-block elements.",The increase in ionization energy down a group.,Incorrect. This is the opposite of the inert pair effect.,Incorrect. That is shielding or contraction effects.,"Correct. In heavier p-block elements (e.g., Tl, Pb, Bi), the ns? electrons do not participate in bonding, making the +1, +2, +3 oxidation states more stable than higher ones.","Incorrect. Ionization energy decreases down a group, not increases.",Inert Pair Effect,"Effective Nuclear Charge, Shielding Effect, Orbital Penetration","[0.5, 0.5, 0.0, 0.0, 0.0, 0.0, 0.0, 0.0, 0.0, 0.0, 0.0, 0.0, 0.0, 0.0, 0.0, 0.0, 0.0, 0.0, 0.0, 0.0, 0.0, 0.0, 0.0, 0.0, 1.5, 0.0, 0.0, 0.0, 0.0, 0.0, 0.0, 0.0, 0.0, 0.0, 0.0, 0.0, 0.0, 0.0, 0.0, 0.0, 0.0, 0.0, 0.0, 0.0, 0.0, 0.0, 0.0, 0.0, 0.0, 0.0, 0.0, 0.0, 0.0, 0.0, 0.0, 0.0, 0.0, 0.0]",0.6,3,"[0, 0, 0, 0, 0, 1, 0, 0, 0, 0, 0, 0, 0, 0, 0]","[1, 0, 0, 0, 0, 0, 0, 0, 0, 0, 0, 0, 0, 0, 0]","[0, 0, 0, 0, 0, 0, 0, 0, 0, 0, 0, 0, 0, 0, 0]","[0, 0, 0, 0, 0, 0, 0, 0, 0, 1, 0, 0, 0, 0, 0]",0.4781,0.1471
InertPair_02,The inert pair effect is most prominent in which group of the periodic table?,"All of these, increasing down the group",Group 15,Group 13,Group 14,"Correct. The inert pair effect becomes more pronounced as we move down groups 13, 14, 15, 16.","Incorrect. It is seen in group 15, but also in others.","Incorrect. Group 13 shows it (Tl? stable), but it is also seen in group 14 (Pb??) and group 15 (Bi??).","Incorrect. It is seen in group 14, but also in others.",Inert Pair Effect,"Effective Nuclear Charge, Shielding Effect, Orbital Penetration","[1.2, 0.5, 0.0, 0.0, 0.0, 0.0, 0.0, 0.0, 0.0, 0.0, 0.0, 0.0, 0.0, 0.0, 0.0, 0.0, 0.0, 0.0, 0.0, 0.0, 0.0, 0.0, 0.0, 0.0, 1.0, 0.0, 0.0, 0.0, 0.0, 0.0, 0.0, 0.0, 0.0, 0.0, 0.0, 0.0, 0.0, 0.0, 0.0, 0.0, 0.0, 0.0, 0.0, 0.0, 0.0, 0.0, 0.0, 0.0, 0.0, 0.0, 0.0, 0.0, 0.0, 0.0, 0.0, 0.0, 0.0, 0.0]",0.7,1,"[0, 0, 0, 0, 0, 0, 0, 0, 0, 0, 0, 0, 0, 0, 0]","[1, 0, 0, 0, 0, 0, 0, 0, 0, 0, 0, 0, 0, 0, 0]","[0, 0, 0, 0, 0, 0, 0, 1, 0, 0, 0, 0, 0, 0, 0]","[0, 0, 0, 0, 0, 0, 0, 0, 0, 0, 0, 0, 0, 0, 0]",0.4115,0.3017
InertPair_03,Which of the following oxidation states is most stable for thallium (Tl)?,5,1,7,3,Incorrect. +5 is not common for Tl.,"Correct. Due to the inert pair effect, Tl? is more stable than Tl??.",Incorrect. Tl does not show +7.,Incorrect. Tl?? is less stable and acts as an oxidizing agent.,Inert Pair Effect,"Effective Nuclear Charge, Shielding Effect, Orbital Penetration","[1.2, 0.5, 0.0, 0.0, 0.0, 0.0, 0.0, 0.0, 0.0, 0.0, 0.0, 0.0, 0.0, 0.0, 0.0, 0.0, 0.0, 0.0, 0.0, 0.0, 0.0, 0.0, 0.0, 0.0, 1.0, 0.0, 0.0, 0.0, 0.0, 0.0, 0.0, 0.0, 0.0, 0.0, 0.0, 0.0, 0.0, 0.0, 0.0, 0.0, 0.0, 0.0, 0.0, 0.0, 0.0, 0.0, 0.0, 0.0, 0.0, 0.0, 0.0, 0.0, 0.0, 0.0, 0.0, 0.0, 0.0, 0.0]",0.6,2,"[0, 0, 0, 0, 0, 1, 0, 0, 0, 0, 0, 0, 0, 0, 0]","[0, 0, 0, 0, 0, 0, 0, 0, 0, 0, 0, 0, 0, 0, 0]","[0, 0, 0, 0, 0, 0, 0, 1, 0, 0, 0, 0, 0, 0, 0]","[0, 0, 0, 0, 0, 0, 0, 0, 0, 1, 0, 0, 0, 0, 0]",0.4485,0.317
InertPair_04,Why does Pb(IV) act as a strong oxidizing agent?,Because lead has a high ionization enthalpy.,"Because Pb?? is more stable due to the inert pair effect, and Pb?? readily gains electrons to form Pb??.",Because Pb?? is very stable.,Because Pb?? has a noble gas configuration.,"Incorrect. A high ionization enthalpy would make electrons harder to remove from Pb, which does not explain why Pb4+ acts as an oxidizing agent; the real explanation is the inert pair effect stabilizing Pb2+.","Correct. The inert pair effect stabilizes Pb??, so Pb?? is a strong oxidizing agent (it is reduced to Pb??).",Incorrect. Pb?? is not stable; it is reduced to Pb??.,"Incorrect. Pb4+ does not have a noble gas configuration; after losing the 6s2 and 6p2 electrons, its configuration is [Xe]4f14 5d10, not that of a noble gas.",Inert Pair Effect,"Effective Nuclear Charge, Shielding Effect, Orbital Penetration","[1.0, 0.8, 0.0, 0.0, 0.0, 0.0, 0.0, 0.0, 0.0, 0.0, 0.0, 0.0, 0.0, 0.0, 0.0, 0.0, 0.0, 0.0, 0.0, 0.0, 0.0, 0.0, 0.0, 0.0, 1.2, 0.0, 0.0, 0.0, 0.0, 0.0, 0.0, 0.0, 0.0, 0.0, 0.0, 0.0, 0.0, 0.0, 0.0, 0.0, 0.0, 0.0, 0.0, 0.0, 0.0, 0.0, 0.0, 0.0, 0.0, 0.0, 0.0, 0.0, 0.0, 0.0, 0.0, 0.0, 0.0, 0.0]",0.8,2,"[0, 0, 0, 0, 0, 1, 0, 0, 0, 0, 0, 0, 0, 0, 0]","[0, 0, 0, 0, 0, 0, 0, 0, 0, 0, 0, 0, 0, 0, 0]","[0, 0, 0, 0, 0, 0, 0, 1, 0, 0, 0, 0, 0, 0, 0]","[0, 0, 0, 0, 0, 0, 0, 0, 0, 0, 0, 0, 0, 0, 0]",0.4917,0.3056
InertPair_05,Which of the following correctly represents the relative stability of +1 and +3 oxidation states for group 13 elements?,"Tl? is more stable than Tl??, while B?? is the only stable state for boron.",B > Al > Ga > In > Tl for +3,Both B? and B?? are stable.,The +3 state becomes more stable down the group.,"Correct. Boron shows only +3, aluminum and gallium show +3 as more stable, indium shows both, thallium shows +1 as more stable due to inert pair effect.","Incorrect. For group 13, the +3 state is most stable for B, Al, Ga, In, but for Tl the +1 state becomes more stable. So the trend is not monotonic.",Incorrect. B? is not stable.,Incorrect. The +3 state becomes less stable down the group; +1 becomes more stable.,Inert Pair Effect,"Effective Nuclear Charge, Shielding Effect, Orbital Penetration","[1.0, 0.8, 0.0, 0.0, 0.0, 0.0, 0.0, 0.0, 0.0, 0.0, 0.0, 0.0, 0.0, 0.0, 0.0, 0.0, 0.0, 0.0, 0.0, 0.0, 0.0, 0.0, 0.0, 0.0, 1.2, 0.0, 0.0, 0.0, 0.0, 0.0, 0.0, 0.0, 0.0, 0.0, 0.0, 0.0, 0.0, 0.0, 0.0, 0.0, 0.0, 0.0, 0.0, 0.0, 0.0, 0.0, 0.0, 0.0, 0.0, 0.0, 0.0, 0.0, 0.0, 0.0, 0.0, 0.0, 0.0, 0.0]",0.7,1,"[0, 0, 0, 0, 0, 0, 0, 0, 0, 0, 0, 0, 0, 0, 0]","[1, 0, 0, 0, 0, 0, 0, 0, 0, 0, 0, 0, 0, 0, 0]","[0, 0, 0, 0, 0, 0, 0, 0, 0, 0, 0, 0, 0, 0, 0]","[0, 0, 0, 0, 0, 0, 0, 0, 0, 1, 0, 0, 0, 0, 0]",0.4387,0.2999
InertPair_06,The inert pair effect is a consequence of:,Poor shielding by d and f electrons in heavier elements.,High ionization energy of s-electrons in heavy atoms due to relativistic effects and poor shielding.,Both A and B,High electronegativity of heavy elements.,"Incorrect. This is part of the reason, but not the whole story.",Incorrect. This is also part of the reason.,Correct. Both poor shielding by inner d/f electrons and relativistic contraction of s-orbitals contribute to the ns? electrons being held more tightly and less available for bonding.,Incorrect. Heavy elements are not highly electronegative; electronegativity generally decreases down a group.,Inert Pair Effect,"Effective Nuclear Charge, Shielding Effect, Orbital Penetration","[1.0, 1.0, 0.0, 0.0, 0.0, 0.0, 0.0, 0.0, 0.0, 0.0, 0.0, 0.0, 0.0, 0.0, 0.0, 0.0, 0.0, 0.0, 0.0, 0.0, 0.0, 0.0, 0.0, 0.0, 1.5, 0.0, 0.0, 0.0, 0.0, 0.0, 0.0, 0.0, 0.0, 0.0, 0.0, 0.0, 0.0, 0.0, 0.0, 0.0, 0.0, 0.0, 0.0, 0.0, 0.0, 0.0, 0.0, 0.0, 0.0, 0.0, 0.0, 0.0, 0.0, 0.0, 0.0, 0.0, 0.0, 0.0]",0.9,3,"[0, 0, 0, 0, 0, 1, 0, 0, 0, 0, 0, 0, 0, 0, 0]","[1, 0, 0, 0, 0, 0, 0, 0, 0, 0, 0, 0, 0, 0, 0]","[0, 0, 0, 0, 0, 0, 0, 0, 0, 0, 0, 0, 0, 0, 0]","[0, 0, 0, 0, 0, 0, 0, 0, 0, 1, 0, 0, 0, 0, 0]",0.5459,0.2786
InertPair_07,"In group 14, the stability of +2 oxidation state increases from C to Pb. This is due to:",Increasing electronegativity,Increasing inert pair effect,Decreasing atomic size,Increasing ionization energy,Incorrect. Electronegativity decreases down the group.,"Correct. The inert pair effect becomes more pronounced, making the +2 state more stable for Sn and Pb.","Incorrect. Atomic size increases down the group, not decreases.",Incorrect. Ionization energy decreases down the group.,Inert Pair Effect,"Effective Nuclear Charge, Shielding Effect, Orbital Penetration","[1.0, 0.8, 0.0, 0.0, 0.0, 0.0, 0.0, 0.0, 0.0, 0.0, 0.0, 0.0, 0.0, 0.0, 0.0, 0.0, 0.0, 0.0, 0.0, 0.0, 0.0, 0.0, 0.0, 0.0, 1.2, 0.0, 0.0, 0.0, 0.0, 0.0, 0.0, 0.0, 0.0, 0.0, 0.0, 0.0, 0.0, 0.0, 0.0, 0.0, 0.0, 0.0, 0.0, 0.0, 0.0, 0.0, 0.0, 0.0, 0.0, 0.0, 0.0, 0.0, 0.0, 0.0, 0.0, 0.0, 0.0, 0.0]",0.7,2,"[0, 0, 0, 0, 0, 1, 0, 0, 0, 0, 0, 0, 0, 0, 0]","[0, 0, 0, 0, 0, 0, 0, 0, 0, 0, 0, 0, 0, 0, 0]","[0, 0, 0, 0, 0, 0, 0, 1, 0, 0, 0, 0, 0, 0, 0]","[0, 0, 0, 0, 0, 0, 0, 0, 0, 1, 0, 0, 0, 0, 0]",0.4721,0.3415
InertPair_08,Which of the following statements about the inert pair effect is correct?,It is negligible for elements of period 6.,It is observed only in s-block elements.,It results in higher oxidation states being more stable.,It is due to the increasing stability of the ns? electron pair as we move down a group.,"Incorrect. It is most pronounced for period 6 elements (Tl, Pb, Bi).",Incorrect. It is observed in p-block elements of groups 13-16.,Incorrect. It makes lower oxidation states more stable.,"Correct. As we move down, the ns? electrons become more tightly held due to poor shielding and relativistic effects, making them less available for bonding.",Inert Pair Effect,"Effective Nuclear Charge, Shielding Effect, Orbital Penetration","[1.0, 0.5, 0.0, 0.0, 0.0, 0.0, 0.0, 0.0, 0.0, 0.0, 0.0, 0.0, 0.0, 0.0, 0.0, 0.0, 0.0, 0.0, 0.0, 0.0, 0.0, 0.0, 0.0, 0.0, 1.2, 0.0, 0.0, 0.0, 0.0, 0.0, 0.0, 0.0, 0.0, 0.0, 0.0, 0.0, 0.0, 0.0, 0.0, 0.0, 0.0, 0.0, 0.0, 0.0, 0.0, 0.0, 0.0, 0.0, 0.0, 0.0, 0.0, 0.0, 0.0, 0.0, 0.0, 0.0, 0.0, 0.0]",0.6,4,"[0, 0, 0, 0, 0, 1, 0, 0, 0, 0, 0, 0, 0, 0, 0]","[1, 0, 0, 0, 0, 0, 0, 0, 0, 0, 0, 0, 0, 0, 0]","[0, 0, 0, 0, 0, 0, 0, 1, 0, 0, 0, 0, 0, 0, 0]","[0, 0, 0, 0, 0, 0, 0, 0, 0, 0, 0, 0, 0, 0, 0]",0.4884,0.2894
InertPair_09,The compound PbO? is a strong oxidizing agent. The reduction product is:,Pb?? (PbO or Pb salts),PbO,Pb,Pb?O?,"Correct. PbO? is reduced to Pb?? compounds (e.g., PbO or Pb salts).","Incorrect. PbO is Pb?? with O??; yes, that is Pb??.","Incorrect. PbO? is reduced to Pb??, not Pb(0).",Incorrect. Pb?O? is a mixed oxide of Pb(II) and Pb(IV); not the primary reduction product.,Inert Pair Effect,"Effective Nuclear Charge, Shielding Effect, Orbital Penetration","[1.0, 0.8, 0.0, 0.0, 0.0, 0.0, 0.0, 0.0, 0.0, 0.0, 0.0, 0.0, 0.0, 0.0, 0.0, 0.0, 0.0, 0.0, 0.0, 0.0, 0.0, 0.0, 0.0, 0.0, 1.0, 0.0, 0.0, 0.0, 0.0, 0.0, 0.0, 0.0, 0.0, 0.0, 0.0, 0.0, 0.0, 0.0, 0.0, 0.0, 0.0, 0.0, 0.0, 0.0, 0.0, 0.0, 0.0, 0.0, 0.0, 0.0, 0.0, 0.0, 0.0, 0.0, 0.0, 0.0, 0.0, 0.0]",0.7,1,"[0, 0, 0, 0, 0, 0, 0, 0, 0, 0, 0, 0, 0, 0, 0]","[1, 0, 0, 0, 0, 0, 0, 0, 0, 0, 0, 0, 0, 0, 0]","[0, 0, 0, 0, 0, 0, 0, 1, 0, 0, 0, 0, 0, 0, 0]","[0, 0, 0, 0, 0, 0, 0, 0, 0, 1, 0, 0, 0, 0, 0]",0.4639,0.3556
InertPair_10,"Which of the following metals is expected to show the +1 oxidation state as the most stable, despite belonging to group 13?",Boron,Aluminum,Thallium,Gallium,Incorrect. Boron shows only +3.,Incorrect. Aluminum shows only +3.,Correct. Thallium exhibits +1 as the most stable oxidation state due to the inert pair effect.,"Incorrect. Gallium shows both, but +3 is more stable.",Inert Pair Effect,"Effective Nuclear Charge, Shielding Effect, Orbital Penetration","[1.2, 0.5, 0.0, 0.0, 0.0, 0.0, 0.0, 0.0, 0.0, 0.0, 0.0, 0.0, 0.0, 0.0, 0.0, 0.0, 0.0, 0.0, 0.0, 0.0, 0.0, 0.0, 0.0, 0.0, 1.0, 0.0, 0.0, 0.0, 0.0, 0.0, 0.0, 0.0, 0.0, 0.0, 0.0, 0.0, 0.0, 0.0, 0.0, 0.0, 0.0, 0.0, 0.0, 0.0, 0.0, 0.0, 0.0, 0.0, 0.0, 0.0, 0.0, 0.0, 0.0, 0.0, 0.0, 0.0, 0.0, 0.0]",0.6,3,"[0, 0, 0, 0, 0, 1, 0, 0, 0, 0, 0, 0, 0, 0, 0]","[1, 0, 0, 0, 0, 0, 0, 0, 0, 0, 0, 0, 0, 0, 0]","[0, 0, 0, 0, 0, 0, 0, 0, 0, 0, 0, 0, 0, 0, 0]","[0, 0, 0, 0, 0, 0, 0, 0, 0, 1, 0, 0, 0, 0, 0]",0.4285,0.333
SilicatePoly_01,What are silicates?,Compounds containing silicon and carbon.,Compounds containing only silicon and oxygen.,Polymers of silicon hydrides.,"Compounds containing silicon, oxygen, and metals, with the basic structural unit SiO???.",Incorrect. That is organosilicon compounds.,"Incorrect. That is silica (SiO?), not silicates.","Incorrect. Silanes are silicon hydrides, not silicates.","Correct. Silicates are minerals where the basic unit is the SiO??? tetrahedron, with silicon bonded to four oxygen atoms.",Polymerization of Silicate Units,"Sigma and Pi Bonding in Molecular Orbitals, Charge Density (Z/r) and Ionic Potential","[0.0, 0.0, 0.0, 0.0, 0.0, 0.5, 0.0, 0.0, 0.0, 0.5, 0.0, 0.0, 0.0, 0.0, 0.0, 0.0, 0.0, 0.0, 0.0, 0.0, 0.0, 0.0, 0.0, 0.0, 0.0, 1.5, 0.0, 0.0, 0.0, 0.0, 0.0, 0.0, 0.0, 0.0, 0.0, 0.0, 0.0, 0.0, 0.0, 0.0, 0.0, 0.0, 0.0, 0.0, 0.0, 0.0, 0.0, 0.0, 0.0, 0.0, 0.0, 0.0, 0.0, 0.0, 0.0, 0.0, 0.0, 0.0]",0.7,4,"[0, 0, 0, 0, 0, 0, 0, 0, 0, 0, 0, 0, 0, 0, 0]","[0, 0, 0, 0, 0, 0, 0, 0, 0, 0, 0, 0, 0, 0, 0]","[0, 0, 0, 1, 0, 0, 0, 0, 0, 0, 0, 0, 0, 0, 0]","[0, 0, 0, 0, 0, 0, 0, 0, 0, 0, 0, 0, 0, 0, 0]",0.4064,0.2915
SilicatePoly_02,The basic structural unit of silicates is:,SiO???,SiO?,Si?O???,SiO???,"Incorrect. This is the pyrosilicate unit, not the basic unit.","Incorrect. SiO? is silica, not the basic unit of silicates.","Incorrect. This is the pyrosilicate anion, formed by sharing one oxygen between two tetrahedra.",Correct. The SiO??? tetrahedron is the fundamental building block of all silicates.,Polymerization of Silicate Units,Sigma and Pi Bonding in Molecular Orbitals,"[0.0, 0.0, 0.0, 0.0, 0.0, 0.0, 0.0, 0.0, 0.0, 1.2, 0.0, 0.0, 0.0, 0.0, 0.0, 0.0, 0.0, 0.0, 0.0, 0.0, 0.0, 0.0, 0.0, 0.0, 0.0, 1.0, 0.0, 0.0, 0.0, 0.0, 0.0, 0.0, 0.0, 0.0, 0.0, 0.0, 0.0, 0.0, 0.0, 0.0, 0.0, 0.0, 0.0, 0.0, 0.0, 0.0, 0.0, 0.0, 0.0, 0.0, 0.0, 0.0, 0.0, 0.0, 0.0, 0.0, 0.0, 0.0]",0.6,4,"[0, 0, 1, 0, 0, 0, 0, 0, 0, 0, 0, 0, 0, 0, 0]","[0, 0, 0, 0, 0, 0, 1, 0, 0, 0, 0, 0, 0, 0, 0]","[0, 0, 0, 1, 0, 0, 0, 0, 0, 0, 0, 0, 0, 0, 0]","[0, 0, 0, 0, 0, 0, 0, 0, 0, 0, 0, 0, 0, 0, 0]",0.4233,0.2909
SilicatePoly_03,"In silicates, silicon exhibits which type of hybridization?",sp,sp?,sp?d,sp?,"Incorrect. sp gives linear geometry, not tetrahedral.","Correct. Each silicon is tetrahedrally coordinated by four oxygen atoms, using sp? hybrid orbitals.","Incorrect. sp?d would give trigonal bipyramidal or square pyramidal, not tetrahedral.","Incorrect. sp? gives trigonal planar, not tetrahedral.",Polymerization of Silicate Units,Sigma and Pi Bonding in Molecular Orbitals,"[0.0, 0.0, 0.0, 0.0, 0.0, 0.0, 0.0, 0.0, 0.0, 1.2, 0.0, 0.0, 0.0, 0.0, 0.0, 0.0, 0.0, 0.0, 0.0, 0.0, 0.0, 0.0, 0.0, 0.0, 0.0, 1.0, 0.0, 0.0, 0.0, 0.0, 0.0, 0.0, 0.0, 0.0, 0.0, 0.0, 0.0, 0.0, 0.0, 0.0, 0.0, 0.0, 0.0, 0.0, 0.0, 0.0, 0.0, 0.0, 0.0, 0.0, 0.0, 0.0, 0.0, 0.0, 0.0, 0.0, 0.0, 0.0]",0.6,2,"[0, 0, 1, 0, 0, 0, 0, 0, 0, 0, 0, 0, 0, 0, 0]","[0, 0, 0, 0, 0, 0, 0, 0, 0, 0, 0, 0, 0, 0, 0]","[0, 0, 0, 1, 0, 0, 0, 0, 0, 0, 0, 0, 0, 0, 0]","[0, 0, 0, 0, 0, 0, 0, 0, 0, 0, 0, 0, 0, 1, 0]",0.4705,0.2948
SilicatePoly_04,Which type of silicate has a three-dimensional network structure with all oxygen atoms shared between SiO? tetrahedra?,Tectosilicates,Sheet silicates,Pyrosilicates,Orthosilicates,"Correct. Tectosilicates (e.g., quartz, feldspar) have each oxygen shared between two tetrahedra, forming a 3D framework.","Incorrect. Sheet silicates (e.g., mica) have three oxygens shared per tetrahedron, forming sheets.",Incorrect. Pyrosilicates have two tetrahedra sharing one oxygen.,"Incorrect. Orthosilicates have discrete SiO??? units, no sharing.",Polymerization of Silicate Units,Sigma and Pi Bonding in Molecular Orbitals,"[0.0, 0.0, 0.0, 0.0, 0.0, 0.0, 0.0, 0.0, 0.0, 1.0, 0.0, 0.0, 0.0, 0.0, 0.0, 0.0, 0.0, 0.0, 0.0, 0.0, 0.0, 0.0, 0.0, 0.0, 0.0, 1.2, 0.0, 0.0, 0.0, 0.0, 0.0, 0.0, 0.0, 0.0, 0.0, 0.0, 0.0, 0.0, 0.0, 0.0, 0.0, 0.0, 0.0, 0.0, 0.0, 0.0, 0.0, 0.0, 0.0, 0.0, 0.0, 0.0, 0.0, 0.0, 0.0, 0.0, 0.0, 0.0]",0.8,1,"[0, 0, 0, 0, 0, 0, 0, 0, 0, 0, 0, 0, 0, 0, 0]","[0, 0, 0, 0, 0, 0, 1, 0, 0, 0, 0, 0, 0, 0, 0]","[0, 0, 0, 1, 0, 0, 0, 0, 0, 0, 0, 0, 0, 0, 0]","[0, 0, 0, 0, 0, 0, 0, 0, 0, 0, 0, 0, 0, 1, 0]",0.4395,0.3359
SilicatePoly_05,The polymerization of silicate units occurs by:,Formation of Si-Si bonds.,Sharing of oxygen atoms between SiO? tetrahedra.,Sharing of silicon atoms between units.,Loss of water molecules without bond formation.,Incorrect. Si-Si bonds are not present in silicates (except in silicides).,"Correct. Silicate polymerization involves oxygen atoms being shared between adjacent SiO? tetrahedra, forming Si-O-Si bridges.",Incorrect. Silicon atoms are not directly shared.,Incorrect. Polymerization involves condensation (loss of water) but the key is sharing of oxygens.,Polymerization of Silicate Units,Sigma and Pi Bonding in Molecular Orbitals,"[0.0, 0.0, 0.0, 0.0, 0.0, 0.0, 0.0, 0.0, 0.0, 1.0, 0.0, 0.0, 0.0, 0.0, 0.0, 0.0, 0.0, 0.0, 0.0, 0.0, 0.0, 0.0, 0.0, 0.0, 0.0, 1.2, 0.0, 0.0, 0.0, 0.0, 0.0, 0.0, 0.0, 0.0, 0.0, 0.0, 0.0, 0.0, 0.0, 0.0, 0.0, 0.0, 0.0, 0.0, 0.0, 0.0, 0.0, 0.0, 0.0, 0.0, 0.0, 0.0, 0.0, 0.0, 0.0, 0.0, 0.0, 0.0]",0.7,2,"[0, 0, 1, 0, 0, 0, 0, 0, 0, 0, 0, 0, 0, 0, 0]","[0, 0, 0, 0, 0, 0, 0, 0, 0, 0, 0, 0, 0, 0, 0]","[0, 0, 0, 0, 0, 0, 0, 0, 0, 0, 0, 0, 0, 0, 0]","[0, 0, 0, 0, 0, 0, 0, 0, 0, 0, 0, 0, 0, 1, 0]",0.4534,0.3011
SilicatePoly_06,Which of the following is an example of a chain silicate (inosilicate)?,Talc,Feldspar,Quartz,Asbestos,Incorrect. Talc is a sheet silicate.,Incorrect. Feldspar is a tectosilicate.,Incorrect. Quartz is a tectosilicate (3D network).,"Correct. Asbestos (e.g., chrysotile) is a chain silicate (inosilicate) with single or double chains of SiO? tetrahedra.",Polymerization of Silicate Units,Sigma and Pi Bonding in Molecular Orbitals,"[0.0, 0.0, 0.0, 0.0, 0.0, 0.0, 0.0, 0.0, 0.0, 1.2, 0.0, 0.0, 0.0, 0.0, 0.0, 0.0, 0.0, 0.0, 0.0, 0.0, 0.0, 0.0, 0.0, 0.0, 0.0, 1.0, 0.0, 0.0, 0.0, 0.0, 0.0, 0.0, 0.0, 0.0, 0.0, 0.0, 0.0, 0.0, 0.0, 0.0, 0.0, 0.0, 0.0, 0.0, 0.0, 0.0, 0.0, 0.0, 0.0, 0.0, 0.0, 0.0, 0.0, 0.0, 0.0, 0.0, 0.0, 0.0]",0.7,4,"[0, 0, 1, 0, 0, 0, 0, 0, 0, 0, 0, 0, 0, 0, 0]","[0, 0, 0, 0, 0, 0, 1, 0, 0, 0, 0, 0, 0, 0, 0]","[0, 0, 0, 1, 0, 0, 0, 0, 0, 0, 0, 0, 0, 0, 0]","[0, 0, 0, 0, 0, 0, 0, 0, 0, 0, 0, 0, 0, 0, 0]",0.4451,0.3305
SilicatePoly_07,"In sheet silicates (phyllosilicates), each SiO? tetrahedron shares how many of its oxygen atoms with neighboring tetrahedra?",4,2,3,1,Incorrect. Four shared oxygens give tectosilicates (3D framework).,Incorrect. Two shared oxygens give chain silicates.,"Correct. In sheet silicates, three oxygens of each tetrahedron are shared, forming infinite two-dimensional sheets.",Incorrect. One shared oxygen gives pyrosilicates.,Polymerization of Silicate Units,Sigma and Pi Bonding in Molecular Orbitals,"[0.0, 0.0, 0.0, 0.0, 0.0, 0.0, 0.0, 0.0, 0.0, 1.0, 0.0, 0.0, 0.0, 0.0, 0.0, 0.0, 0.0, 0.0, 0.0, 0.0, 0.0, 0.0, 0.0, 0.0, 0.0, 1.2, 0.0, 0.0, 0.0, 0.0, 0.0, 0.0, 0.0, 0.0, 0.0, 0.0, 0.0, 0.0, 0.0, 0.0, 0.0, 0.0, 0.0, 0.0, 0.0, 0.0, 0.0, 0.0, 0.0, 0.0, 0.0, 0.0, 0.0, 0.0, 0.0, 0.0, 0.0, 0.0]",0.7,3,"[0, 0, 1, 0, 0, 0, 0, 0, 0, 0, 0, 0, 0, 0, 0]","[0, 0, 0, 0, 0, 0, 1, 0, 0, 0, 0, 0, 0, 0, 0]","[0, 0, 0, 0, 0, 0, 0, 0, 0, 0, 0, 0, 0, 0, 0]","[0, 0, 0, 0, 0, 0, 0, 0, 0, 0, 0, 0, 0, 1, 0]",0.4263,0.3848
SilicatePoly_08,The presence of Al?? substituting for Si?? in silicate minerals leads to:,Destruction of the tetrahedral structure.,No change in charge.,A positive charge on the framework.,"A negative charge on the framework, requiring cations for charge balance.","Incorrect. The structure remains tetrahedral, as Al?? can also occupy tetrahedral sites.",Incorrect. Charge changes.,Incorrect. Substitution of lower valence cation creates negative charge.,"Correct. When Al?? replaces Si?? in the tetrahedral site, a negative charge develops, which is balanced by cations like K?, Na?, Ca??.",Polymerization of Silicate Units,Sigma and Pi Bonding in Molecular Orbitals,"[0.0, 0.0, 0.0, 0.0, 0.0, 0.0, 0.0, 0.0, 0.0, 1.0, 0.0, 0.0, 0.0, 0.0, 0.0, 0.0, 0.0, 0.0, 0.0, 0.0, 0.0, 0.0, 0.0, 0.0, 0.0, 1.5, 0.0, 0.0, 0.0, 0.0, 0.0, 0.0, 0.0, 0.0, 0.0, 0.0, 0.0, 0.0, 0.0, 0.0, 0.0, 0.0, 0.0, 0.0, 0.0, 0.0, 0.0, 0.0, 0.0, 0.0, 0.0, 0.0, 0.0, 0.0, 0.0, 0.0, 0.0, 0.0]",0.9,4,"[0, 0, 1, 0, 0, 0, 0, 0, 0, 0, 0, 0, 0, 0, 0]","[0, 0, 0, 0, 0, 0, 1, 0, 0, 0, 0, 0, 0, 0, 0]","[0, 0, 0, 1, 0, 0, 0, 0, 0, 0, 0, 0, 0, 0, 0]","[0, 0, 0, 0, 0, 0, 0, 0, 0, 0, 0, 0, 0, 0, 0]",0.4608,0.3697
SilicatePoly_09,Which of the following correctly orders silicate types by increasing degree of polymerization?,Tectosilicates < Sheet silicates < Chain silicates < Pyrosilicates < Orthosilicates,Sheet < Chain < Pyro < Ortho < Tecto,Orthosilicates > Pyrosilicates > Chain > Sheet > Tecto,Orthosilicates < Pyrosilicates < Chain silicates < Sheet silicates < Tectosilicates,Incorrect. This is the reverse order.,Incorrect. This order is mixed.,Incorrect. This is decreasing order.,"Correct. Orthosilicates have discrete units (no sharing), pyrosilicates share one oxygen, chain silicates share two, sheet silicates share three, tectosilicates share all four.",Polymerization of Silicate Units,Sigma and Pi Bonding in Molecular Orbitals,"[0.0, 0.0, 0.0, 0.0, 0.0, 0.0, 0.0, 0.0, 0.0, 1.0, 0.0, 0.0, 0.0, 0.0, 0.0, 0.0, 0.0, 0.0, 0.0, 0.0, 0.0, 0.0, 0.0, 0.0, 0.0, 1.2, 0.0, 0.0, 0.0, 0.0, 0.0, 0.0, 0.0, 0.0, 0.0, 0.0, 0.0, 0.0, 0.0, 0.0, 0.0, 0.0, 0.0, 0.0, 0.0, 0.0, 0.0, 0.0, 0.0, 0.0, 0.0, 0.0, 0.0, 0.0, 0.0, 0.0, 0.0, 0.0]",0.8,4,"[0, 0, 1, 0, 0, 0, 0, 0, 0, 0, 0, 0, 0, 0, 0]","[0, 0, 0, 0, 0, 0, 1, 0, 0, 0, 0, 0, 0, 0, 0]","[0, 0, 0, 0, 0, 0, 0, 0, 0, 0, 0, 0, 0, 0, 0]","[0, 0, 0, 0, 0, 0, 0, 0, 0, 0, 0, 0, 0, 0, 0]",0.4738,0.284
SilicatePoly_10,The empirical formula of a pyroxene (chain silicate) is often written as (SiO?)????. This indicates:,"Each SiO? tetrahedron shares two oxygens, forming infinite chains.",It is a three-dimensional network.,The structure contains discrete Si?O??? rings.,Each SiO? tetrahedron shares three oxygens.,"Correct. In chain silicates, two oxygens per tetrahedron are shared, giving a repeating unit of SiO???.","Incorrect. That describes tectosilicates (e.g., SiO?).",Incorrect. That describes cyclosilicates (ring silicates).,Incorrect. That would give sheet silicates with formula (Si?O?)????.,Polymerization of Silicate Units,Sigma and Pi Bonding in Molecular Orbitals,"[0.0, 0.0, 0.0, 0.0, 0.0, 0.0, 0.0, 0.0, 0.0, 1.0, 0.0, 0.0, 0.0, 0.0, 0.0, 0.0, 0.0, 0.0, 0.0, 0.0, 0.0, 0.0, 0.0, 0.0, 0.0, 1.2, 0.0, 0.0, 0.0, 0.0, 0.0, 0.0, 0.0, 0.0, 0.0, 0.0, 0.0, 0.0, 0.0, 0.0, 0.0, 0.0, 0.0, 0.0, 0.0, 0.0, 0.0, 0.0, 0.0, 0.0, 0.0, 0.0, 0.0, 0.0, 0.0, 0.0, 0.0, 0.0]",0.7,1,"[0, 0, 0, 0, 0, 0, 0, 0, 0, 0, 0, 0, 0, 0, 0]","[0, 0, 0, 0, 0, 0, 1, 0, 0, 0, 0, 0, 0, 0, 0]","[0, 0, 0, 1, 0, 0, 0, 0, 0, 0, 0, 0, 0, 0, 0]","[0, 0, 0, 0, 0, 0, 0, 0, 0, 0, 0, 0, 0, 0, 0]",0.441,0.4237
ThermalStability_01,The thermal stability of Group 2 carbonates (MCO?) increases down the group. This is because:,"The hydration enthalpy increases down the group, stabilizing the carbonate.","The lattice energy increases down the group, making decomposition more difficult.","The size of the cation increases, decreasing its polarizing power, which makes the carbonate ion less distorted and more stable.","The size of the cation decreases, increasing its polarizing power, which makes the carbonate ion more distorted and less stable.","Incorrect. Hydration enthalpy relates to solubility, not thermal stability of the solid carbonate.",Incorrect. Lattice energy actually decreases down the group; the trend in stability is not primarily due to lattice energy but to polarization of the anion.,"Correct. As we move down Group 2, the cation size increases, polarizing power decreases. The carbonate ion is less distorted, so more energy is needed to decompose it.","Incorrect. Cation size increases, not decreases. Also, higher polarizing power would decrease stability, opposite to the observed trend.",Thermal Stability from Lattice Energy and Polarization,"Lattice Energy, Polarization Effects (Fajan's Rule + Polarizing Power)","[0.0, 0.0, 0.0, 0.0, 0.0, 0.0, 1.0, 0.0, 0.0, 0.0, 0.0, 0.0, 0.0, 0.0, 0.0, 0.0, 0.0, 0.0, 0.0, 0.0, 0.0, 0.8, 0.0, 0.0, 0.0, 0.0, 1.2, 0.0, 0.0, 0.0, 0.0, 0.0, 0.0, 0.0, 0.0, 0.0, 0.0, 0.0, 0.0, 0.0, 0.0, 0.0, 0.0, 0.0, 0.0, 0.0, 0.0, 0.0, 0.0, 0.0, 0.0, 0.0, 0.0, 0.0, 0.0, 0.0, 0.0, 0.0]",0.8,3,"[0, 0, 0, 1, 0, 0, 0, 0, 0, 0, 0, 0, 0, 0, 0]","[0, 0, 0, 0, 0, 0, 1, 0, 0, 0, 0, 0, 0, 0, 0]","[0, 0, 0, 0, 0, 0, 0, 0, 0, 0, 0, 0, 0, 0, 0]","[0, 0, 0, 0, 0, 0, 0, 0, 0, 0, 0, 1, 0, 0, 0]",0.8647,0.3964
ThermalStability_02,Why does Li?CO? decompose on heating while Na?CO? does not?,Na?CO? has a higher lattice energy.,Li?CO? is more soluble in water.,"Li? has a small size and high polarizing power, which distorts the CO??? ion, leading to decomposition.",Li?CO? has a higher hydration enthalpy.,"Incorrect. Na2CO3 actually has a lower lattice energy than Li2CO3 (Na+ is larger); the key factor in Li2CO3's instability is the strong polarization of the carbonate ion by the small, highly charged Li+, not lattice energy.",Incorrect. Solubility is not directly related to thermal stability.,"Correct. The small Li? with high charge density strongly polarizes the carbonate ion, weakening the C?O bonds and causing decomposition upon heating.","Incorrect. Hydration enthalpy affects solubility, not thermal decomposition of the solid.",Thermal Stability from Lattice Energy and Polarization,"Lattice Energy, Polarization Effects (Fajan's Rule + Polarizing Power)","[0.0, 0.0, 0.0, 0.0, 0.0, 0.0, 1.0, 0.0, 0.0, 0.0, 0.0, 0.0, 0.0, 0.0, 0.0, 0.0, 0.0, 0.0, 0.0, 0.0, 0.0, 0.8, 0.0, 0.0, 0.0, 0.0, 1.2, 0.0, 0.0, 0.0, 0.0, 0.0, 0.0, 0.0, 0.0, 0.0, 0.0, 0.0, 0.0, 0.0, 0.0, 0.0, 0.0, 0.0, 0.0, 0.0, 0.0, 0.0, 0.0, 0.0, 0.0, 0.0, 0.0, 0.0, 0.0, 0.0, 0.0, 0.0]",0.9,3,"[0, 0, 0, 0, 0, 0, 0, 0, 0, 0, 0, 0, 0, 0, 0]","[0, 0, 0, 0, 0, 0, 1, 0, 0, 0, 0, 0, 0, 0, 0]","[0, 0, 0, 0, 0, 0, 0, 0, 0, 0, 0, 0, 0, 0, 0]","[0, 0, 0, 0, 0, 0, 0, 0, 0, 0, 0, 1, 0, 0, 0]",0.6817,0.5551
ThermalStability_03,The correct order of thermal stability of the following carbonates is:,BaCO? < SrCO? < CaCO? < MgCO?,MgCO? > CaCO? > SrCO? > BaCO?,MgCO? < CaCO? < SrCO? < BaCO?,CaCO? < MgCO? < SrCO? < BaCO?,Incorrect. This is the reverse order.,"Incorrect. MgCO? is the least stable, not the most.",Correct. Thermal stability increases down Group 2 as cation size increases and polarizing power decreases.,"Incorrect. MgCO? is the least stable, not CaCO?.",Thermal Stability from Lattice Energy and Polarization,"Lattice Energy, Polarization Effects (Fajan's Rule + Polarizing Power)","[0.0, 0.0, 0.0, 0.0, 0.0, 0.0, 1.2, 0.0, 0.0, 0.0, 0.0, 0.0, 0.0, 0.0, 0.0, 0.0, 0.0, 0.0, 0.0, 0.0, 0.0, 0.5, 0.0, 0.0, 0.0, 0.0, 1.0, 0.0, 0.0, 0.0, 0.0, 0.0, 0.0, 0.0, 0.0, 0.0, 0.0, 0.0, 0.0, 0.0, 0.0, 0.0, 0.0, 0.0, 0.0, 0.0, 0.0, 0.0, 0.0, 0.0, 0.0, 0.0, 0.0, 0.0, 0.0, 0.0, 0.0, 0.0]",0.7,3,"[0, 0, 0, 1, 0, 0, 0, 0, 0, 0, 0, 0, 0, 0, 0]","[0, 0, 0, 0, 0, 0, 1, 0, 0, 0, 0, 0, 0, 0, 0]","[0, 0, 0, 0, 0, 0, 0, 0, 0, 0, 0, 0, 0, 0, 0]","[0, 0, 0, 0, 0, 0, 0, 0, 0, 0, 0, 1, 0, 0, 0]",0.4781,0.2993
ThermalStability_04,The thermal decomposition of metal carbonates generally produces:,Metal oxide and carbon monoxide,Metal and carbon dioxide,Metal hydroxide and carbon dioxide,Metal oxide and carbon dioxide,Incorrect. Carbon monoxide is not a typical product; it is CO?.,Incorrect. Reduction to metal is not typical for carbonates; it requires stronger reducing conditions.,Incorrect. Hydroxides are not formed; water is not involved in the decomposition.,Correct. Most metal carbonates (except those of very active metals) decompose to the metal oxide and CO?.,Thermal Stability from Lattice Energy and Polarization,"Lattice Energy, Polarization Effects (Fajan's Rule + Polarizing Power)","[0.0, 0.0, 0.0, 0.0, 0.0, 0.0, 1.0, 0.0, 0.0, 0.0, 0.0, 0.0, 0.0, 0.0, 0.0, 0.0, 0.0, 0.0, 0.0, 0.0, 0.0, 0.5, 0.0, 0.0, 0.0, 0.0, 1.0, 0.0, 0.0, 0.0, 0.0, 0.0, 0.0, 0.0, 0.0, 0.0, 0.0, 0.0, 0.0, 0.0, 0.0, 0.0, 0.0, 0.0, 0.0, 0.0, 0.0, 0.0, 0.0, 0.0, 0.0, 0.0, 0.0, 0.0, 0.0, 0.0, 0.0, 0.0]",0.7,4,"[0, 0, 0, 1, 0, 0, 0, 0, 0, 0, 0, 0, 0, 0, 0]","[0, 0, 0, 0, 0, 0, 1, 0, 0, 0, 0, 0, 0, 0, 0]","[0, 0, 0, 0, 0, 0, 0, 0, 0, 0, 0, 0, 0, 0, 0]","[0, 0, 0, 0, 0, 0, 0, 0, 0, 0, 0, 0, 0, 0, 0]",0.4226,0.2927
ThermalStability_05,Which of the following statements about the thermal stability of nitrates is correct?,Nitrates of all alkali metals decompose to the metal oxide.,"LiNO? decomposes to lithium oxide, nitrogen dioxide, and oxygen, similar to Group 2 nitrates.",Both A and B,Group 1 nitrates (except LiNO?) decompose to nitrites and oxygen.,Incorrect. Only LiNO? decomposes to oxide; others give nitrite.,Incorrect. This is also true; LiNO? behaves like Mg(NO?)?.,Correct. Both statements A and B are correct. LiNO? behaves differently from other alkali metal nitrates due to the high polarizing power of Li?.,"Incorrect. This is true for NaNO?, KNO?, etc.",Thermal Stability from Lattice Energy and Polarization,"Lattice Energy, Polarization Effects (Fajan's Rule + Polarizing Power)","[0.0, 0.0, 0.0, 0.0, 0.0, 0.0, 1.0, 0.0, 0.0, 0.0, 0.0, 0.0, 0.0, 0.0, 0.0, 0.0, 0.0, 0.0, 0.0, 0.0, 0.0, 1.0, 0.0, 0.0, 0.0, 0.0, 1.2, 0.0, 0.0, 0.0, 0.0, 0.0, 0.0, 0.0, 0.0, 0.0, 0.0, 0.0, 0.0, 0.0, 0.0, 0.0, 0.0, 0.0, 0.0, 0.0, 0.0, 0.0, 0.0, 0.0, 0.0, 0.0, 0.0, 0.0, 0.0, 0.0, 0.0, 0.0]",0.9,3,"[0, 0, 0, 1, 0, 0, 0, 0, 0, 0, 0, 0, 0, 0, 0]","[0, 0, 0, 0, 0, 0, 1, 0, 0, 0, 0, 0, 0, 0, 0]","[0, 0, 0, 0, 0, 0, 0, 0, 0, 0, 0, 0, 0, 0, 0]","[0, 0, 0, 0, 0, 0, 0, 0, 0, 0, 0, 1, 0, 0, 0]",0.4762,0.2825
ThermalStability_06,The decreasing thermal stability of Group 2 carbonates down the group is actually an increasing stability. Which factor is primarily responsible?,Increasing hydration enthalpy,Increasing lattice energy,Decreasing bond dissociation energy of C?O,Decreasing polarizing power of the cation,Incorrect. Hydration enthalpy is not directly related to thermal decomposition of the solid.,"Incorrect. Lattice energy decreases down the group, not increases.",Incorrect. The C?O bond strength is similar; distortion weakens the bond.,"Correct. As cation size increases, polarizing power decreases, so the carbonate ion is less distorted and more stable to heat.",Thermal Stability from Lattice Energy and Polarization,"Lattice Energy, Polarization Effects (Fajan's Rule + Polarizing Power)","[0.0, 0.0, 0.0, 0.0, 0.0, 0.0, 1.0, 0.0, 0.0, 0.0, 0.0, 0.0, 0.0, 0.0, 0.0, 0.0, 0.0, 0.0, 0.0, 0.0, 0.0, 0.8, 0.0, 0.0, 0.0, 0.0, 1.2, 0.0, 0.0, 0.0, 0.0, 0.0, 0.0, 0.0, 0.0, 0.0, 0.0, 0.0, 0.0, 0.0, 0.0, 0.0, 0.0, 0.0, 0.0, 0.0, 0.0, 0.0, 0.0, 0.0, 0.0, 0.0, 0.0, 0.0, 0.0, 0.0, 0.0, 0.0]",0.8,4,"[0, 0, 0, 1, 0, 0, 0, 0, 0, 0, 0, 0, 0, 0, 0]","[0, 0, 0, 0, 0, 0, 1, 0, 0, 0, 0, 0, 0, 0, 0]","[0, 0, 0, 0, 0, 0, 0, 1, 0, 0, 0, 0, 0, 0, 0]","[0, 0, 0, 0, 0, 0, 0, 0, 0, 0, 0, 0, 0, 0, 0]",0.6698,0.3584
ThermalStability_07,Which of the following carbonates decomposes at the lowest temperature?,CaCO?,Na?CO?,BaCO?,MgCO?,Incorrect. CaCO? decomposes at a higher temperature than MgCO?.,Incorrect. Na?CO? does not decompose on heating (except at very high temperatures).,"Incorrect. BaCO? is the most stable, decomposing at the highest temperature.","Correct. MgCO? has the smallest cation with highest polarizing power, so it decomposes most easily at the lowest temperature.",Thermal Stability from Lattice Energy and Polarization,"Lattice Energy, Polarization Effects (Fajan's Rule + Polarizing Power)","[0.0, 0.0, 0.0, 0.0, 0.0, 0.0, 1.2, 0.0, 0.0, 0.0, 0.0, 0.0, 0.0, 0.0, 0.0, 0.0, 0.0, 0.0, 0.0, 0.0, 0.0, 0.5, 0.0, 0.0, 0.0, 0.0, 1.0, 0.0, 0.0, 0.0, 0.0, 0.0, 0.0, 0.0, 0.0, 0.0, 0.0, 0.0, 0.0, 0.0, 0.0, 0.0, 0.0, 0.0, 0.0, 0.0, 0.0, 0.0, 0.0, 0.0, 0.0, 0.0, 0.0, 0.0, 0.0, 0.0, 0.0, 0.0]",0.7,4,"[0, 0, 0, 1, 0, 0, 0, 0, 0, 0, 0, 0, 0, 0, 0]","[0, 0, 0, 0, 0, 0, 1, 0, 0, 0, 0, 0, 0, 0, 0]","[0, 0, 0, 0, 0, 0, 0, 1, 0, 0, 0, 0, 0, 0, 0]","[0, 0, 0, 0, 0, 0, 0, 0, 0, 0, 0, 0, 0, 0, 0]",0.4391,0.2948
ThermalStability_08,The high thermal stability of Na?CO? compared to Li?CO? is due to:,Na? has a smaller size and higher polarizing power.,Na?CO? is more covalent.,Na?CO? has a higher lattice energy.,"Na? has a larger size and lower polarizing power, causing less distortion of the carbonate ion.",Incorrect. Na? is larger and has lower polarizing power.,"Incorrect. Li?CO? is more covalent due to higher polarizing power, which makes it less stable.","Incorrect. Lattice energy of Li?CO? is higher than Na?CO?, but that alone doesn't explain the stability order. Polarization is the key.","Correct. Larger Na? distorts the CO??? ion less, making it more stable to heat.",Thermal Stability from Lattice Energy and Polarization,"Lattice Energy, Polarization Effects (Fajan's Rule + Polarizing Power)","[0.0, 0.0, 0.0, 0.0, 0.0, 0.0, 1.0, 0.0, 0.0, 0.0, 0.0, 0.0, 0.0, 0.0, 0.0, 0.0, 0.0, 0.0, 0.0, 0.0, 0.0, 0.8, 0.0, 0.0, 0.0, 0.0, 1.2, 0.0, 0.0, 0.0, 0.0, 0.0, 0.0, 0.0, 0.0, 0.0, 0.0, 0.0, 0.0, 0.0, 0.0, 0.0, 0.0, 0.0, 0.0, 0.0, 0.0, 0.0, 0.0, 0.0, 0.0, 0.0, 0.0, 0.0, 0.0, 0.0, 0.0, 0.0]",0.8,4,"[0, 0, 0, 1, 0, 0, 0, 0, 0, 0, 0, 0, 0, 0, 0]","[0, 0, 0, 0, 0, 0, 1, 0, 0, 0, 0, 0, 0, 0, 0]","[0, 0, 0, 0, 0, 0, 0, 1, 0, 0, 0, 0, 0, 0, 0]","[0, 0, 0, 0, 0, 0, 0, 0, 0, 0, 0, 0, 0, 0, 0]",0.6761,0.4177
ThermalStability_09,"The thermal stability of hydrides of Group 16 (H?O, H?S, H?Se, H?Te) decreases down the group. This is due to:",Increasing bond dissociation energy of the H?X bond,Decreasing bond dissociation energy of the H?X bond,Increasing electronegativity of the central atom,Decreasing size of the central atom,"Incorrect. Bond dissociation energy decreases down the group, making decomposition easier.","Correct. As we move down, the H?X bond becomes weaker, so thermal stability decreases.",Incorrect. Electronegativity decreases down the group.,"Incorrect. Size increases down the group, leading to weaker bonds.",Thermal Stability from Lattice Energy and Polarization,Bond Dissociation Energy and Stability,"[0.0, 0.0, 0.0, 0.0, 0.0, 0.0, 0.0, 0.0, 1.0, 0.0, 0.0, 0.0, 0.0, 0.0, 0.0, 0.0, 0.0, 0.0, 0.0, 0.0, 0.0, 0.0, 0.0, 0.0, 0.0, 0.0, 1.2, 0.0, 0.0, 0.0, 0.0, 0.0, 0.0, 0.0, 0.0, 0.0, 0.0, 0.0, 0.0, 0.0, 0.0, 0.0, 0.0, 0.0, 0.0, 0.0, 0.0, 0.0, 0.0, 0.0, 0.0, 0.0, 0.0, 0.0, 0.0, 0.0, 0.0, 0.0]",0.7,2,"[0, 0, 0, 1, 0, 0, 0, 0, 0, 0, 0, 0, 0, 0, 0]","[0, 0, 0, 0, 0, 0, 0, 0, 0, 0, 0, 0, 0, 0, 0]","[0, 0, 0, 0, 0, 0, 0, 1, 0, 0, 0, 0, 0, 0, 0]","[0, 0, 0, 0, 0, 0, 0, 0, 0, 0, 0, 1, 0, 0, 0]",0.497,0.4504
ThermalStability_10,Which of the following is the correct order of thermal stability for the given compounds?,CaCO? < BeCO? < MgCO? < BaCO?,BeCO? < MgCO? < CaCO? < SrCO? < BaCO?,BeCO? > MgCO? > CaCO? > SrCO? > BaCO?,BeCO? > BaCO? > MgCO? > CaCO?,"Incorrect. BeCO? is the least stable, not in the middle.","Correct. BeCO? is the least stable (decomposes easily), and stability increases down the group due to decreasing polarizing power.",Incorrect. This is the reverse order.,"Incorrect. BeCO? is least stable, not most.",Thermal Stability from Lattice Energy and Polarization,"Lattice Energy, Polarization Effects (Fajan's Rule + Polarizing Power)","[0.0, 0.0, 0.0, 0.0, 0.0, 0.0, 1.2, 0.0, 0.0, 0.0, 0.0, 0.0, 0.0, 0.0, 0.0, 0.0, 0.0, 0.0, 0.0, 0.0, 0.0, 0.5, 0.0, 0.0, 0.0, 0.0, 1.0, 0.0, 0.0, 0.0, 0.0, 0.0, 0.0, 0.0, 0.0, 0.0, 0.0, 0.0, 0.0, 0.0, 0.0, 0.0, 0.0, 0.0, 0.0, 0.0, 0.0, 0.0, 0.0, 0.0, 0.0, 0.0, 0.0, 0.0, 0.0, 0.0, 0.0, 0.0]",0.8,2,"[0, 0, 0, 1, 0, 0, 0, 0, 0, 0, 0, 0, 0, 0, 0]","[0, 0, 0, 0, 0, 0, 0, 0, 0, 0, 0, 0, 0, 0, 0]","[0, 0, 0, 0, 0, 0, 0, 1, 0, 0, 0, 0, 0, 0, 0]","[0, 0, 0, 0, 0, 0, 0, 0, 0, 0, 0, 1, 0, 0, 0]",0.4653,0.3014
OxoacidStrength_01,The strength of an oxoacid H?XO? depends primarily on:,The number of oxygen atoms attached to X.,"All of the above, but the key factor is the ability of the oxoacid to stabilize the conjugate base through electron withdrawal by oxygen atoms.",The oxidation state of X.,The electronegativity of the central atom X.,"Incorrect. Number of oxygens is a key factor, but not the only one.","Correct. The strength of an oxoacid is determined by how well the conjugate base is stabilized; this depends on the electronegativity and oxidation state of X, and the number of oxygen atoms that can delocalize the negative charge.","Incorrect. Oxidation state is related to the number of oxygens, but the explanation is more nuanced.","Incorrect. Electronegativity is important, but it is not the only factor.",Oxoacid Strength and Basicity from Structure,"Electronegativity Trend, Hybridization and Orbital Mixing Principles, Molecular Orbital Theory and Delocalization","[0.0, 0.0, 0.0, 0.0, 0.0, 0.0, 0.0, 0.0, 0.0, 0.0, 0.0, 0.0, 0.0, 1.0, 0.0, 0.0, 0.8, 0.0, 0.0, 0.0, 0.0, 0.0, 0.0, 0.0, 0.0, 0.0, 0.0, 1.2, 0.0, 0.0, 0.0, 0.0, 0.0, 0.0, 0.0, 0.0, 0.0, 0.0, 0.0, 0.0, 0.0, 0.0, 0.0, 0.0, 0.0, 0.0, 0.0, 0.0, 0.0, 0.0, 0.0, 0.0, 0.0, 0.0, 0.0, 0.0, 0.0, 0.0]",0.8,2,"[0, 0, 0, 0, 1, 0, 0, 0, 0, 0, 0, 0, 0, 0, 0]","[0, 0, 0, 0, 0, 0, 0, 0, 0, 0, 0, 0, 0, 0, 0]","[0, 0, 0, 0, 0, 0, 0, 0, 0, 1, 0, 0, 0, 0, 0]","[0, 0, 0, 0, 0, 0, 0, 0, 0, 0, 0, 0, 0, 1, 0]",0.5428,0.3724
OxoacidStrength_02,Which of the following is the correct order of acidic strength for the oxoacids of chlorine?,HClO? < HClO? < HClO? < HClO,HClO < HClO? < HClO? < HClO?,HClO? < HClO < HClO? < HClO?,HClO < HClO? < HClO? < HClO?,Incorrect. This is the reverse order.,"Incorrect. HClO is weakest, HClO? is strongest.","Incorrect. HClO is the weakest, not in the middle.","Correct. As the number of oxygen atoms increases, the oxidation state of Cl increases, and the conjugate base is stabilized by resonance, increasing acid strength.",Oxoacid Strength and Basicity from Structure,"Electronegativity Trend, Hybridization and Orbital Mixing Principles, Molecular Orbital Theory and Delocalization","[0.0, 0.0, 0.0, 0.0, 0.0, 0.0, 0.0, 0.0, 0.0, 0.0, 0.0, 0.0, 0.0, 1.2, 0.0, 0.0, 0.8, 0.0, 0.0, 0.0, 0.0, 0.0, 0.0, 0.0, 0.0, 0.0, 0.0, 1.0, 0.0, 0.0, 0.0, 0.0, 0.0, 0.0, 0.0, 0.0, 0.0, 0.0, 0.0, 0.0, 0.0, 0.0, 0.0, 0.0, 0.0, 0.0, 0.0, 0.0, 0.0, 0.0, 0.0, 0.0, 0.0, 0.0, 0.0, 0.0, 0.0, 0.0]",0.7,4,"[0, 0, 0, 0, 1, 0, 0, 0, 0, 0, 0, 0, 0, 0, 0]","[0, 0, 0, 0, 0, 0, 0, 0, 0, 0, 0, 0, 0, 0, 0]","[0, 0, 0, 0, 0, 0, 0, 0, 0, 1, 0, 0, 0, 0, 0]","[0, 0, 0, 0, 0, 0, 0, 0, 0, 0, 0, 0, 0, 0, 0]",0.4565,0.2806
OxoacidStrength_03,Why is H?SO? a stronger acid than H?SO??,H?SO? has a lower molecular weight.,H?SO? is more volatile.,"Sulfur in H?SO? has a higher oxidation state (+6) compared to H?SO? (+4), leading to greater electron withdrawal and stronger stabilization of the conjugate base.",H?SO? has more hydrogen atoms.,Incorrect. Molecular weight does not determine acid strength.,Incorrect. Volatility is not directly related to acid strength in water.,"Correct. Higher oxidation state of S in H?SO? means more oxygen atoms, which withdraw electron density and stabilize the anion after deprotonation, making it a stronger acid.",Incorrect. Number of hydrogen atoms is not the key factor.,Oxoacid Strength and Basicity from Structure,"Electronegativity Trend, Hybridization and Orbital Mixing Principles, Molecular Orbital Theory and Delocalization","[0.0, 0.0, 0.0, 0.0, 0.0, 0.0, 0.0, 0.0, 0.0, 0.0, 0.0, 0.0, 0.0, 1.0, 0.0, 0.0, 0.8, 0.0, 0.0, 0.0, 0.0, 0.0, 0.0, 0.0, 0.0, 0.0, 0.0, 1.2, 0.0, 0.0, 0.0, 0.0, 0.0, 0.0, 0.0, 0.0, 0.0, 0.0, 0.0, 0.0, 0.0, 0.0, 0.0, 0.0, 0.0, 0.0, 0.0, 0.0, 0.0, 0.0, 0.0, 0.0, 0.0, 0.0, 0.0, 0.0, 0.0, 0.0]",0.7,3,"[0, 0, 0, 0, 1, 0, 0, 0, 0, 0, 0, 0, 0, 0, 0]","[1, 0, 0, 0, 0, 0, 0, 0, 0, 0, 0, 0, 0, 0, 0]","[0, 0, 0, 0, 0, 0, 0, 0, 0, 0, 0, 0, 0, 0, 0]","[0, 0, 0, 0, 0, 0, 0, 0, 0, 0, 0, 0, 0, 1, 0]",0.4672,0.3986
OxoacidStrength_04,"Among the oxoacids of phosphorus, H?PO? (hypophosphorous acid) is a stronger acid than H?PO? (phosphorous acid). This is because:","H?PO? has fewer P?OH bonds and more P?H bonds, and the P?H bond does not contribute to acidity, so the first dissociation is easier.",H?PO? has a higher oxidation state of P.,H?PO? has more oxygen atoms.,H?PO? is a tribasic acid.,"Correct. H3PO2 has one P-OH bond and two non-ionizable P-H bonds, while H3PO3 has two P-OH bonds. Since only P-OH hydrogens ionize, and H3PO2's single, more polarized P-OH bond releases its proton more readily, H3PO2 is the stronger acid of the two.",Incorrect. Oxidation state is lower in H?PO?.,Incorrect. It has fewer oxygens.,"Incorrect. H?PO? is monobasic, not tribasic.",Oxoacid Strength and Basicity from Structure,"Electronegativity Trend, Hybridization and Orbital Mixing Principles, Molecular Orbital Theory and Delocalization","[0.0, 0.0, 0.0, 0.0, 0.0, 0.0, 0.0, 0.0, 0.0, 0.0, 0.0, 0.0, 0.0, 0.8, 0.0, 0.0, 1.0, 0.0, 0.0, 0.0, 0.0, 0.0, 0.0, 0.0, 0.0, 0.0, 0.0, 1.5, 0.0, 0.0, 0.0, 0.0, 0.0, 0.0, 0.0, 0.0, 0.0, 0.0, 0.0, 0.0, 0.0, 0.0, 0.0, 0.0, 0.0, 0.0, 0.0, 0.0, 0.0, 0.0, 0.0, 0.0, 0.0, 0.0, 0.0, 0.0, 0.0, 0.0]",0.9,1,"[0, 0, 0, 0, 0, 0, 0, 0, 0, 0, 0, 0, 0, 0, 0]","[1, 0, 0, 0, 0, 0, 0, 0, 0, 0, 0, 0, 0, 0, 0]","[0, 0, 0, 0, 0, 0, 0, 0, 0, 1, 0, 0, 0, 0, 0]","[0, 0, 0, 0, 0, 0, 0, 0, 0, 0, 0, 0, 0, 1, 0]",0.5165,0.4387
OxoacidStrength_05,Which of the following is the strongest acid?,HNO?,H?PO?,HNO?,H?SO?,Incorrect. HNO? is a weak acid.,Incorrect. H?PO? is a moderately weak acid.,Correct. HNO? is a strong acid due to high oxidation state of N (+5) and resonance stabilization of the nitrate ion.,Incorrect. H?SO? is a weak acid.,Oxoacid Strength and Basicity from Structure,"Electronegativity Trend, Hybridization and Orbital Mixing Principles, Molecular Orbital Theory and Delocalization","[0.0, 0.0, 0.0, 0.0, 0.0, 0.0, 0.0, 0.0, 0.0, 0.0, 0.0, 0.0, 0.0, 1.2, 0.0, 0.0, 0.5, 0.0, 0.0, 0.0, 0.0, 0.0, 0.0, 0.0, 0.0, 0.0, 0.0, 1.0, 0.0, 0.0, 0.0, 0.0, 0.0, 0.0, 0.0, 0.0, 0.0, 0.0, 0.0, 0.0, 0.0, 0.0, 0.0, 0.0, 0.0, 0.0, 0.0, 0.0, 0.0, 0.0, 0.0, 0.0, 0.0, 0.0, 0.0, 0.0, 0.0, 0.0]",0.6,3,"[0, 0, 0, 0, 0, 0, 0, 0, 0, 0, 0, 0, 0, 0, 0]","[1, 0, 0, 0, 0, 0, 0, 0, 0, 0, 0, 0, 0, 0, 0]","[0, 0, 0, 0, 0, 0, 0, 0, 0, 0, 0, 0, 0, 0, 0]","[0, 0, 0, 0, 0, 0, 0, 0, 0, 0, 0, 0, 0, 1, 0]",0.4145,0.2945
OxoacidStrength_06,The basicity of an oxoacid (the number of ionizable hydrogens) is determined by:,The number of O?H bonds directly attached to the central atom.,The oxidation state of the central atom.,The number of oxygen atoms.,The total number of hydrogen atoms in the formula.,"Correct. Only hydrogens bonded to oxygen (O?H) are ionizable; those directly bonded to the central atom (e.g., P?H) are not.","Incorrect. Oxidation state affects strength, not basicity (number of ionizable H).",Incorrect. Number of oxygens does not directly give the number of ionizable hydrogens.,"Incorrect. Not all hydrogens in an oxoacid are ionizable (e.g., H?PO? has only one ionizable H).",Oxoacid Strength and Basicity from Structure,"Electronegativity Trend, Hybridization and Orbital Mixing Principles, Molecular Orbital Theory and Delocalization","[0.0, 0.0, 0.0, 0.0, 0.0, 0.0, 0.0, 0.0, 0.0, 0.0, 0.0, 0.0, 0.0, 1.0, 0.0, 0.0, 0.8, 0.0, 0.0, 0.0, 0.0, 0.0, 0.0, 0.0, 0.0, 0.0, 0.0, 1.2, 0.0, 0.0, 0.0, 0.0, 0.0, 0.0, 0.0, 0.0, 0.0, 0.0, 0.0, 0.0, 0.0, 0.0, 0.0, 0.0, 0.0, 0.0, 0.0, 0.0, 0.0, 0.0, 0.0, 0.0, 0.0, 0.0, 0.0, 0.0, 0.0, 0.0]",0.8,1,"[0, 0, 0, 0, 0, 0, 0, 0, 0, 0, 0, 0, 0, 0, 0]","[1, 0, 0, 0, 0, 0, 0, 0, 0, 0, 0, 0, 0, 0, 0]","[0, 0, 0, 0, 0, 0, 0, 0, 0, 1, 0, 0, 0, 0, 0]","[0, 0, 0, 0, 0, 0, 0, 0, 0, 0, 0, 0, 0, 0, 0]",0.5631,0.3173
OxoacidStrength_07,Which of the following oxoacids of phosphorus is dibasic?,H4P2O7,H3PO3,H3PO2,H3PO4,Incorrect. H4P2O7 is tetrabasic.,"Correct. H3PO3 has two P-OH bonds and one P-H bond, making it dibasic.",Incorrect. H3PO2 is monobasic (only one P-OH bond).,Incorrect. H3PO4 is tribasic (three P-OH bonds).,Oxoacid Strength and Basicity from Structure,"Electronegativity Trend, Hybridization and Orbital Mixing Principles, Molecular Orbital Theory and Delocalization","[0.0, 0.0, 0.0, 0.0, 0.0, 0.0, 0.0, 0.0, 0.0, 0.0, 0.0, 0.0, 0.0, 1.0, 0.0, 0.0, 1.0, 0.0, 0.0, 0.0, 0.0, 0.0, 0.0, 0.0, 0.0, 0.0, 0.0, 1.0, 0.0, 0.0, 0.0, 0.0, 0.0, 0.0, 0.0, 0.0, 0.0, 0.0, 0.0, 0.0, 0.0, 0.0, 0.0, 0.0, 0.0, 0.0, 0.0, 0.0, 0.0, 0.0, 0.0, 0.0, 0.0, 0.0, 0.0, 0.0, 0.0, 0.0]",1.0,2,"[0, 0, 0, 0, 0, 0, 0, 0, 0, 0, 0, 0, 0, 0, 0]","[0, 0, 0, 0, 0, 0, 0, 0, 0, 0, 0, 0, 0, 0, 0]","[1, 0, 0, 0, 0, 0, 0, 0, 0, 0, 0, 0, 0, 0, 0]","[0, 0, 0, 0, 0, 0, 0, 0, 0, 0, 0, 0, 0, 0, 0]",0.3997,0.2966
OxoacidStrength_08,"The basicity of H?PO? is 2, while H?PO? has basicity 3. This is because:","H?PO? has one P?H bond, so only two O?H groups are present.",H?PO? has a lower oxidation state of P.,H?PO? is a reducing agent.,H?PO? has fewer oxygen atoms.,"Correct. In H?PO?, one H is directly bonded to P (P?H) and is not ionizable; the other two are O?H. In H?PO?, all three H are in O?H groups.","Incorrect. Oxidation state affects acid strength, not basicity.",Incorrect. Reducing ability is not the reason for basicity.,"Incorrect. Fewer oxygens is true, but the direct reason is the presence of P?H.",Oxoacid Strength and Basicity from Structure,"Electronegativity Trend, Hybridization and Orbital Mixing Principles, Molecular Orbital Theory and Delocalization","[0.0, 0.0, 0.0, 0.0, 0.0, 0.0, 0.0, 0.0, 0.0, 0.0, 0.0, 0.0, 0.0, 1.0, 0.0, 0.0, 1.0, 0.0, 0.0, 0.0, 0.0, 0.0, 0.0, 0.0, 0.0, 0.0, 0.0, 1.2, 0.0, 0.0, 0.0, 0.0, 0.0, 0.0, 0.0, 0.0, 0.0, 0.0, 0.0, 0.0, 0.0, 0.0, 0.0, 0.0, 0.0, 0.0, 0.0, 0.0, 0.0, 0.0, 0.0, 0.0, 0.0, 0.0, 0.0, 0.0, 0.0, 0.0]",0.8,1,"[0, 0, 0, 0, 0, 0, 0, 0, 0, 0, 0, 0, 0, 0, 0]","[1, 0, 0, 0, 0, 0, 0, 0, 0, 0, 0, 0, 0, 0, 0]","[0, 0, 0, 0, 0, 0, 0, 0, 0, 1, 0, 0, 0, 0, 0]","[0, 0, 0, 0, 0, 0, 0, 0, 0, 0, 0, 0, 0, 1, 0]",0.5395,0.4342
OxoacidStrength_09,Which factor explains why HClO? is a stronger acid than H?SO??,Cl has a higher electronegativity than S.,Both A and B,Cl has a higher oxidation state in HClO? than S in H?SO?.,The perchlorate ion is larger than the sulfate ion.,"Incorrect as a standalone answer. It is true that Cl has higher electronegativity than S, but this is only one of two contributing factors - see option 3.","Correct. Both the higher electronegativity of Cl and the higher oxidation state of Cl in HClO4 (+7) compared to S in H2SO4 (+6) work together to stabilize the conjugate base ClO4-, making HClO4 the stronger acid.","Incorrect as a standalone answer. The higher oxidation state of Cl (+7) versus S (+6) does help stabilize ClO4-, but electronegativity also contributes - both factors together give option 3.",Incorrect. Size is not the primary reason; the conjugate base stability is key.,Oxoacid Strength and Basicity from Structure,"Electronegativity Trend, Hybridization and Orbital Mixing Principles, Molecular Orbital Theory and Delocalization","[0.0, 0.0, 0.0, 0.0, 0.0, 0.0, 0.0, 0.0, 0.0, 0.0, 0.0, 0.0, 0.0, 1.0, 0.0, 0.0, 0.8, 0.0, 0.0, 0.0, 0.0, 0.0, 0.0, 0.0, 0.0, 0.0, 0.0, 1.2, 0.0, 0.0, 0.0, 0.0, 0.0, 0.0, 0.0, 0.0, 0.0, 0.0, 0.0, 0.0, 0.0, 0.0, 0.0, 0.0, 0.0, 0.0, 0.0, 0.0, 0.0, 0.0, 0.0, 0.0, 0.0, 0.0, 0.0, 0.0, 0.0, 0.0]",0.7,2,"[0, 0, 0, 0, 0, 0, 0, 0, 0, 0, 0, 0, 0, 0, 0]","[0, 0, 0, 0, 0, 0, 0, 0, 0, 0, 0, 0, 0, 0, 0]","[0, 0, 0, 0, 0, 0, 0, 0, 0, 1, 0, 0, 0, 0, 0]","[0, 0, 0, 0, 0, 0, 0, 0, 0, 0, 0, 0, 0, 1, 0]",0.5593,0.3718
OxoacidStrength_10,Which of the following is the correct order of acid strength for the oxoacids of sulfur?,HΔS°O? > H?SO? > H?SO?,H?SO? > H?SO? > HΔS°O?,H?SO? > H?SO? > HΔS°O?,H?SO? > HΔS°O? > H?SO?,"Incorrect. This order wrongly places the weaker H2S2O3 ahead of H2SO4; the correct order is H2SO4 > H2SO3 > H2S2O3, as in option 1.",Incorrect.,"Correct. Sulfur is in its highest oxidation state (+6) in H2SO4, making it the strongest acid; it is +4 in H2SO3 (weaker); and thiosulfuric acid H2S2O3 is weaker still, giving the order H2SO4 > H2SO3 > H2S2O3.",Incorrect.,Oxoacid Strength and Basicity from Structure,"Electronegativity Trend, Hybridization and Orbital Mixing Principles, Molecular Orbital Theory and Delocalization","[0.0, 0.0, 0.0, 0.0, 0.0, 0.0, 0.0, 0.0, 0.0, 0.0, 0.0, 0.0, 0.0, 1.2, 0.0, 0.0, 0.8, 0.0, 0.0, 0.0, 0.0, 0.0, 0.0, 0.0, 0.0, 0.0, 0.0, 1.0, 0.0, 0.0, 0.0, 0.0, 0.0, 0.0, 0.0, 0.0, 0.0, 0.0, 0.0, 0.0, 0.0, 0.0, 0.0, 0.0, 0.0, 0.0, 0.0, 0.0, 0.0, 0.0, 0.0, 0.0, 0.0, 0.0, 0.0, 0.0, 0.0, 0.0]",0.7,3,"[0, 0, 0, 0, 1, 0, 0, 0, 0, 0, 0, 0, 0, 0, 0]","[1, 0, 0, 0, 0, 0, 0, 0, 0, 0, 0, 0, 0, 0, 0]","[0, 0, 0, 0, 0, 0, 0, 0, 0, 0, 0, 0, 0, 0, 0]","[0, 0, 0, 0, 0, 0, 0, 0, 0, 0, 0, 0, 0, 1, 0]",0.4436,0.3085
LanthanoidContraction_01,What is lanthanoid contraction?,The increase in atomic radius across the lanthanoid series.,The decrease in density across the lanthanoid series.,The contraction of the lanthanoid elements at high pressure.,The decrease in atomic and ionic radii across the lanthanoid series (from La to Lu) due to poor shielding of 4f electrons.,"Incorrect. The radius decreases, not increases.","Incorrect. Density actually increases, but the contraction refers to radius.",Incorrect. This is not the definition.,"Correct. As we move from Ce to Lu, the nuclear charge increases, but the added electrons enter the 4f orbital, which shields poorly, causing a gradual decrease in radius.",Lanthanoid Contraction,"Shielding Effect, Orbital Penetration","[0.0, 0.5, 0.5, 0.0, 0.0, 0.0, 0.0, 0.0, 0.0, 0.0, 0.0, 0.0, 0.0, 0.0, 0.0, 0.0, 0.0, 0.0, 0.0, 0.0, 0.0, 0.0, 0.0, 0.0, 0.0, 0.0, 0.0, 0.0, 1.5, 0.0, 0.0, 0.0, 0.0, 0.0, 0.0, 0.0, 0.0, 0.0, 0.0, 0.0, 0.0, 0.0, 0.0, 0.0, 0.0, 0.0, 0.0, 0.0, 0.0, 0.0, 0.0, 0.0, 0.0, 0.0, 0.0, 0.0, 0.0, 0.0]",0.6,4,"[0, 0, 0, 0, 0, 0, 0, 0, 0, 0, 1, 0, 0, 0, 0]","[0, 0, 0, 0, 0, 0, 0, 0, 0, 1, 0, 0, 0, 0, 0]","[1, 0, 0, 0, 0, 0, 0, 0, 0, 0, 0, 0, 0, 0, 0]","[0, 0, 0, 0, 0, 0, 0, 0, 0, 0, 0, 0, 0, 0, 0]",0.5166,0.1483
LanthanoidContraction_02,The cause of lanthanoid contraction is:,Increase in the number of electron shells.,"Poor shielding effect of 4f electrons, leading to a gradual increase in effective nuclear charge across the series.",Decrease in nuclear charge across the series.,"Excellent shielding by 4f electrons, which keeps the radius constant.",Incorrect. No new shells are added within the series.,"Correct. The 4f electrons are not effective at shielding the outer electrons from the increasing nuclear charge, so Z_eff increases gradually, pulling the electron cloud inward.",Incorrect. Nuclear charge increases.,"Incorrect. 4f electrons provide poor shielding, not excellent.",Lanthanoid Contraction,"Shielding Effect, Orbital Penetration","[0.0, 1.0, 0.5, 0.0, 0.0, 0.0, 0.0, 0.0, 0.0, 0.0, 0.0, 0.0, 0.0, 0.0, 0.0, 0.0, 0.0, 0.0, 0.0, 0.0, 0.0, 0.0, 0.0, 0.0, 0.0, 0.0, 0.0, 0.0, 1.2, 0.0, 0.0, 0.0, 0.0, 0.0, 0.0, 0.0, 0.0, 0.0, 0.0, 0.0, 0.0, 0.0, 0.0, 0.0, 0.0, 0.0, 0.0, 0.0, 0.0, 0.0, 0.0, 0.0, 0.0, 0.0, 0.0, 0.0, 0.0, 0.0]",0.6,2,"[0, 0, 0, 0, 0, 0, 0, 0, 0, 0, 1, 0, 0, 0, 0]","[0, 0, 0, 0, 0, 0, 0, 0, 0, 0, 0, 0, 0, 0, 0]","[1, 0, 0, 0, 0, 0, 0, 0, 0, 0, 0, 0, 0, 0, 0]","[0, 0, 0, 0, 0, 0, 0, 0, 0, 0, 0, 0, 0, 0, 0]",0.6816,0.2951
LanthanoidContraction_03,What is the consequence of lanthanoid contraction?,The lanthanoids have variable oxidation states.,The lanthanoids are paramagnetic.,The lanthanoids are highly electropositive.,The atomic radii of the 4d and 5d transition series elements in the same group become nearly identical.,"Incorrect. Variable oxidation states are due to the closeness of 4f and 5d/6s energy levels, not directly the contraction.",Incorrect. Paramagnetism is due to unpaired 4f electrons.,Incorrect. Electropositivity is a general property of metals.,"Correct. Due to lanthanoid contraction, the radii of Zr and Hf, Nb and Ta, Mo and W, etc., are very similar, leading to chemical similarities.",Lanthanoid Contraction,"Shielding Effect, Orbital Penetration","[0.0, 1.2, 0.5, 0.0, 0.0, 0.0, 0.0, 0.0, 0.0, 0.0, 0.0, 0.0, 0.0, 0.0, 0.0, 0.0, 0.0, 0.0, 0.0, 0.0, 0.0, 0.0, 0.0, 0.0, 0.0, 0.0, 0.0, 0.0, 1.0, 0.0, 0.0, 0.0, 0.0, 0.0, 0.0, 0.0, 0.0, 0.0, 0.0, 0.0, 0.0, 0.0, 0.0, 0.0, 0.0, 0.0, 0.0, 0.0, 0.0, 0.0, 0.0, 0.0, 0.0, 0.0, 0.0, 0.0, 0.0, 0.0]",0.7,4,"[0, 0, 0, 0, 0, 0, 0, 0, 0, 0, 1, 0, 0, 0, 0]","[0, 0, 0, 0, 0, 0, 0, 0, 0, 1, 0, 0, 0, 0, 0]","[1, 0, 0, 0, 0, 0, 0, 0, 0, 0, 0, 0, 0, 0, 0]","[0, 0, 0, 0, 0, 0, 0, 0, 0, 0, 0, 0, 0, 0, 0]",0.6824,0.1507
LanthanoidContraction_04,Which of the following pairs of elements has nearly the same atomic radius due to lanthanoid contraction?,Zr and Hf,Cr and Mo,Ti and Zr,Fe and Ru,Correct. Zr (period 5) and Hf (period 6) have very similar atomic radii because the expected increase in radius from period 5 to 6 is counteracted by lanthanoid contraction.,"Incorrect. Cr and Mo are also in the same group; there is some effect, but the most striking similarity is between 4d and 5d elements after the lanthanoids.",Incorrect. Ti and Zr are in different groups and not affected similarly.,Incorrect. Fe and Ru are not as close.,Lanthanoid Contraction,"Shielding Effect, Orbital Penetration","[0.0, 1.2, 0.5, 0.0, 0.0, 0.0, 0.0, 0.0, 0.0, 0.0, 0.0, 0.0, 0.0, 0.0, 0.0, 0.0, 0.0, 0.0, 0.0, 0.0, 0.0, 0.0, 0.0, 0.0, 0.0, 0.0, 0.0, 0.0, 1.0, 0.0, 0.0, 0.0, 0.0, 0.0, 0.0, 0.0, 0.0, 0.0, 0.0, 0.0, 0.0, 0.0, 0.0, 0.0, 0.0, 0.0, 0.0, 0.0, 0.0, 0.0, 0.0, 0.0, 0.0, 0.0, 0.0, 0.0, 0.0, 0.0]",0.6,1,"[0, 0, 0, 0, 0, 0, 0, 0, 0, 0, 0, 0, 0, 0, 0]","[0, 0, 0, 0, 0, 0, 0, 0, 0, 1, 0, 0, 0, 0, 0]","[1, 0, 0, 0, 0, 0, 0, 0, 0, 0, 0, 0, 0, 0, 0]","[0, 0, 0, 0, 0, 0, 0, 0, 0, 0, 0, 0, 0, 0, 0]",0.4318,0.2902
LanthanoidContraction_05,The ionic radius of Lu?? is smaller than that of La?? because:,Lu has a different electronic configuration.,"Lu has a higher atomic number and the added electrons enter the 4f orbital, which does not shield effectively, increasing Z_eff.","Lu is at the end of the series and has more electrons, causing greater repulsion.",Lu has a higher principal quantum number.,"Incorrect. The 4f electron count does differ, but the deciding factor is poor shielding by those 4f electrons raising Z_eff, not simply 'a different configuration.'","Correct. Across the lanthanide series electrons are added to the inner 4f orbitals, which shield the outer shell poorly. This raises the effective nuclear charge felt by the outer electrons, so Lu3+ (more 4f electrons) is smaller than La3+.","Incorrect. More electrons would tend to increase repulsion and radius, but this is outweighed by the poor shielding of 4f electrons, which causes net contraction.","Incorrect. La3+ and Lu3+ have the same outer-shell principal quantum number; the radius difference comes from differing 4f electron counts, not from n.",Lanthanoid Contraction,"Shielding Effect, Orbital Penetration","[0.0, 1.0, 0.8, 0.0, 0.0, 0.0, 0.0, 0.0, 0.0, 0.0, 0.0, 0.0, 0.0, 0.0, 0.0, 0.0, 0.0, 0.0, 0.0, 0.0, 0.0, 0.0, 0.0, 0.0, 0.0, 0.0, 0.0, 0.0, 1.2, 0.0, 0.0, 0.0, 0.0, 0.0, 0.0, 0.0, 0.0, 0.0, 0.0, 0.0, 0.0, 0.0, 0.0, 0.0, 0.0, 0.0, 0.0, 0.0, 0.0, 0.0, 0.0, 0.0, 0.0, 0.0, 0.0, 0.0, 0.0, 0.0]",0.7,2,"[0, 0, 0, 0, 0, 0, 0, 0, 0, 0, 0, 0, 0, 0, 0]","[0, 0, 0, 0, 0, 0, 0, 0, 0, 0, 0, 0, 0, 0, 0]","[1, 0, 0, 0, 0, 0, 0, 0, 0, 0, 0, 0, 0, 0, 0]","[0, 0, 0, 0, 0, 0, 0, 0, 0, 0, 0, 0, 0, 1, 0]",0.8313,0.3724
LanthanoidContraction_06,Which of the following is a direct consequence of lanthanoid contraction?,All of these,High melting points of lanthanoids.,Difficulty in separating lanthanoids due to similar ionic radii.,Ability of lanthanoids to form colored ions.,Incorrect. Only A is a direct consequence.,"Incorrect. Melting points are influenced by metallic bonding, not directly the contraction.","Correct. The gradual decrease in radius across the series makes the ionic radii of adjacent lanthanoids very similar, leading to similar chemical properties and difficulty in separation.","Incorrect. Color arises from f?f transitions, not directly from the contraction.",Lanthanoid Contraction,"Shielding Effect, Orbital Penetration","[0.0, 1.0, 1.0, 0.0, 0.0, 0.0, 0.0, 0.0, 0.0, 0.0, 0.0, 0.0, 0.0, 0.0, 0.0, 0.0, 0.0, 0.0, 0.0, 0.0, 0.0, 0.0, 0.0, 0.0, 0.0, 0.0, 0.0, 0.0, 1.2, 0.0, 0.0, 0.0, 0.0, 0.0, 0.0, 0.0, 0.0, 0.0, 0.0, 0.0, 0.0, 0.0, 0.0, 0.0, 0.0, 0.0, 0.0, 0.0, 0.0, 0.0, 0.0, 0.0, 0.0, 0.0, 0.0, 0.0, 0.0, 0.0]",0.8,3,"[0, 0, 0, 0, 0, 0, 0, 0, 0, 0, 1, 0, 0, 0, 0]","[0, 0, 0, 0, 0, 0, 0, 0, 0, 1, 0, 0, 0, 0, 0]","[0, 0, 0, 0, 0, 0, 0, 0, 0, 0, 0, 0, 0, 0, 0]","[0, 0, 0, 0, 0, 0, 0, 0, 0, 0, 0, 0, 0, 1, 0]",0.4578,0.2864
LanthanoidContraction_07,The radius of Y?? (period 5) is similar to which lanthanoid ion?,Lu??,Ce??,La??,Ho??,Incorrect. Lu?? is smaller.,Incorrect. Ce?? is also larger.,Incorrect. La?? is larger.,Correct. Y?? has an ionic radius similar to Ho?? or Er?? due to lanthanoid contraction. Yttrium often occurs with heavy lanthanoids.,Lanthanoid Contraction,"Shielding Effect, Orbital Penetration","[0.0, 1.2, 0.8, 0.0, 0.0, 0.0, 0.0, 0.0, 0.0, 0.0, 0.0, 0.0, 0.0, 0.0, 0.0, 0.0, 0.0, 0.0, 0.0, 0.0, 0.0, 0.0, 0.0, 0.0, 0.0, 0.0, 0.0, 0.0, 1.0, 0.0, 0.0, 0.0, 0.0, 0.0, 0.0, 0.0, 0.0, 0.0, 0.0, 0.0, 0.0, 0.0, 0.0, 0.0, 0.0, 0.0, 0.0, 0.0, 0.0, 0.0, 0.0, 0.0, 0.0, 0.0, 0.0, 0.0, 0.0, 0.0]",0.8,4,"[0, 0, 0, 0, 0, 0, 0, 0, 0, 0, 1, 0, 0, 0, 0]","[0, 0, 0, 0, 0, 0, 0, 0, 0, 1, 0, 0, 0, 0, 0]","[1, 0, 0, 0, 0, 0, 0, 0, 0, 0, 0, 0, 0, 0, 0]","[0, 0, 0, 0, 0, 0, 0, 0, 0, 0, 0, 0, 0, 0, 0]",0.466,0.3684
LanthanoidContraction_08,Which of the following statements about lanthanoid contraction is correct?,It is caused by the poor shielding effect of 4f electrons.,It results in the radii of 5d series elements being larger than their 4d counterparts.,It only affects the lanthanoids themselves.,It is a decrease in radius observed only in the +3 oxidation state.,"Correct. The 4f electrons do not shield the outer electrons effectively, causing the contraction.","Incorrect. It makes the radii of 5d elements nearly equal to 4d, not larger.",Incorrect. It affects post-lanthanoid elements (4d and 5d series) as well.,"Incorrect. It is also observed in atomic radii and in other oxidation states, though most pronounced for +3.",Lanthanoid Contraction,"Shielding Effect, Orbital Penetration","[0.0, 1.0, 0.5, 0.0, 0.0, 0.0, 0.0, 0.0, 0.0, 0.0, 0.0, 0.0, 0.0, 0.0, 0.0, 0.0, 0.0, 0.0, 0.0, 0.0, 0.0, 0.0, 0.0, 0.0, 0.0, 0.0, 0.0, 0.0, 1.2, 0.0, 0.0, 0.0, 0.0, 0.0, 0.0, 0.0, 0.0, 0.0, 0.0, 0.0, 0.0, 0.0, 0.0, 0.0, 0.0, 0.0, 0.0, 0.0, 0.0, 0.0, 0.0, 0.0, 0.0, 0.0, 0.0, 0.0, 0.0, 0.0]",0.7,1,"[0, 0, 0, 0, 0, 0, 0, 0, 0, 0, 0, 0, 0, 0, 0]","[0, 0, 0, 0, 0, 0, 0, 0, 0, 1, 0, 0, 0, 0, 0]","[0, 0, 0, 0, 0, 0, 0, 0, 0, 0, 0, 0, 0, 0, 0]","[0, 0, 0, 0, 0, 0, 0, 0, 0, 0, 0, 0, 0, 1, 0]",0.689,0.2912
LanthanoidContraction_09,The lanthanoid contraction is analogous to which other phenomenon?,Inert pair effect,Diagonal relationship,Actinoid contraction,D-block contraction,Incorrect. Inert pair effect is about stability of lower oxidation states.,Incorrect. Diagonal relationship is a similarity between period 2 and 3 elements.,Correct. Actinoid contraction is the similar decrease in radii across the actinoid series due to poor shielding of 5f electrons.,Incorrect. d-block elements do not show such a pronounced contraction within a series.,Lanthanoid Contraction,"Shielding Effect, Orbital Penetration","[0.0, 1.2, 0.5, 0.0, 0.0, 0.0, 0.0, 0.0, 0.0, 0.0, 0.0, 0.0, 0.0, 0.0, 0.0, 0.0, 0.0, 0.0, 0.0, 0.0, 0.0, 0.0, 0.0, 0.0, 0.0, 0.0, 0.0, 0.0, 1.0, 0.0, 0.0, 0.0, 0.0, 0.0, 0.0, 0.0, 0.0, 0.0, 0.0, 0.0, 0.0, 0.0, 0.0, 0.0, 0.0, 0.0, 0.0, 0.0, 0.0, 0.0, 0.0, 0.0, 0.0, 0.0, 0.0, 0.0, 0.0, 0.0]",0.6,3,"[0, 0, 0, 0, 0, 0, 0, 0, 0, 0, 0, 0, 0, 0, 0]","[0, 0, 0, 0, 0, 0, 0, 0, 0, 0, 0, 0, 0, 0, 0]","[0, 0, 0, 0, 0, 0, 0, 0, 0, 0, 0, 0, 0, 0, 0]","[0, 0, 0, 0, 0, 0, 0, 0, 0, 0, 0, 0, 0, 1, 0]",0.6084,0.2912
LanthanoidContraction_10,The basic strength of lanthanoid hydroxides decreases from La(OH)? to Lu(OH)? because:,"The ionic radius increases, decreasing the polarizing power.",The lattice energy increases.,"The ionic radius decreases, increasing the polarizing power of the Ln?? ion, which weakens the O?H bond in the hydroxide.",The hydration enthalpy decreases.,"Incorrect. The radius decreases, not increases.","Incorrect. Lattice energy affects solubility, not basicity directly.","Correct. As the ionic radius decreases across the series, the charge density increases, making the Ln?? more polarizing. This polarizes the O?H bond in the hydroxide, making it more acidic (less basic).","Incorrect. Hydration enthalpy increases, but the trend in basicity is due to polarizing power.",Lanthanoid Contraction,"Shielding Effect, Orbital Penetration, Charge Density (Z/r) and Ionic Potential","[0.0, 1.0, 1.0, 0.0, 0.0, 0.0, 0.0, 0.0, 0.0, 0.0, 0.0, 0.0, 0.0, 0.0, 0.0, 0.0, 0.0, 0.0, 0.0, 0.0, 0.0, 0.0, 0.0, 0.0, 0.0, 0.0, 0.0, 0.0, 1.2, 0.0, 0.0, 0.0, 0.0, 0.0, 0.0, 0.0, 0.0, 0.0, 0.0, 0.0, 0.0, 0.0, 0.0, 0.0, 0.0, 0.0, 0.0, 0.0, 0.0, 0.0, 0.0, 0.0, 0.0, 0.0, 0.0, 0.0, 0.0, 0.0]",0.8,3,"[0, 0, 0, 0, 0, 0, 0, 0, 0, 0, 1, 0, 0, 0, 0]","[0, 0, 0, 0, 0, 0, 0, 0, 0, 0, 0, 0, 0, 0, 0]","[0, 0, 0, 0, 0, 0, 0, 0, 0, 0, 0, 0, 0, 0, 0]","[0, 0, 0, 0, 0, 0, 0, 0, 0, 0, 0, 0, 0, 1, 0]",0.8113,0.4405
ActinoidCont_01,What is actinoid contraction?,The decrease in atomic and ionic radii across the actinoid series due to poor shielding of 5f electrons.,The increase in atomic and ionic radii across the actinoid series.,The decrease in radioactivity across the series.,The contraction of actinoid elements at high pressure.,"Correct. Similar to lanthanoid contraction, the 5f electrons shield poorly, causing a gradual decrease in radius as nuclear charge increases.","Incorrect. Radii decrease, not increase.",Incorrect. Radioactivity is not directly related to the contraction.,Incorrect. This is not the definition.,Actinoid Contraction,"Shielding Effect, Orbital Penetration, Lanthanoid Contraction","[0.0, 0.5, 0.5, 0.0, 0.0, 0.0, 0.0, 0.0, 0.0, 0.0, 0.0, 0.0, 0.0, 0.0, 0.0, 0.0, 0.0, 0.0, 0.0, 0.0, 0.0, 0.0, 0.0, 0.0, 0.0, 0.0, 0.0, 0.0, 0.0, 1.5, 0.0, 0.0, 0.0, 0.0, 0.0, 0.0, 0.0, 0.0, 0.0, 0.0, 0.0, 0.0, 0.0, 0.0, 0.0, 0.0, 0.0, 0.0, 0.0, 0.0, 0.0, 0.0, 0.0, 0.0, 0.0, 0.0, 0.0, 0.0]",0.7,1,"[0, 0, 0, 0, 0, 0, 0, 0, 0, 0, 0, 0, 0, 0, 0]","[0, 0, 0, 0, 0, 0, 0, 0, 1, 0, 0, 0, 0, 0, 0]","[0, 0, 0, 0, 0, 0, 0, 0, 0, 0, 0, 0, 0, 0, 1]","[0, 0, 0, 0, 0, 0, 1, 0, 0, 0, 0, 0, 0, 0, 0]",0.5007,0.1501
ActinoidCont_02,The cause of actinoid contraction is:,The addition of electrons to the 6d orbital.,"Poor shielding effect of 5f electrons, leading to an increase in effective nuclear charge across the series.","Excellent shielding by 5f electrons, keeping the radius constant.",The presence of radioactive decay.,"Incorrect. Electrons are added to the 5f orbital, not 6d, across the actinoid series.","Correct. The 5f electrons do not shield the outer electrons effectively, so Z_eff increases, pulling the electron cloud inward.",Incorrect. 5f electrons provide poor shielding.,Incorrect. Radioactivity is not the cause of the contraction.,Actinoid Contraction,"Shielding Effect, Orbital Penetration","[0.0, 1.0, 0.5, 0.0, 0.0, 0.0, 0.0, 0.0, 0.0, 0.0, 0.0, 0.0, 0.0, 0.0, 0.0, 0.0, 0.0, 0.0, 0.0, 0.0, 0.0, 0.0, 0.0, 0.0, 0.0, 0.0, 0.0, 0.0, 0.0, 1.2, 0.0, 0.0, 0.0, 0.0, 0.0, 0.0, 0.0, 0.0, 0.0, 0.0, 0.0, 0.0, 0.0, 0.0, 0.0, 0.0, 0.0, 0.0, 0.0, 0.0, 0.0, 0.0, 0.0, 0.0, 0.0, 0.0, 0.0, 0.0]",0.7,2,"[0, 0, 0, 0, 0, 0, 0, 0, 0, 0, 0, 1, 0, 0, 0]","[0, 0, 0, 0, 0, 0, 0, 0, 0, 0, 0, 0, 0, 0, 0]","[0, 0, 0, 0, 0, 0, 0, 0, 0, 0, 0, 0, 0, 0, 1]","[0, 0, 0, 0, 0, 0, 0, 0, 0, 0, 0, 0, 0, 0, 0]",0.4704,0.2852
ActinoidCont_03,The actinoid contraction is more pronounced than lanthanoid contraction because:,Actinoids are all radioactive.,The nuclear charge increases more slowly in actinoids.,"5f orbitals penetrate better than 4f orbitals, increasing shielding.",5f orbitals are more diffuse and shield even more poorly than 4f orbitals.,Incorrect. Radioactivity is not the reason for the contraction.,"Incorrect. Nuclear charge increases by one per element, similar to lanthanoids.","Incorrect. Poorer penetration means poorer shielding, not better.","Correct. The 5f orbitals are more extended and less penetrating than 4f orbitals, leading to even poorer shielding and a greater contraction effect.",Actinoid Contraction,"Shielding Effect, Orbital Penetration, Lanthanoid Contraction","[0.0, 1.0, 0.8, 0.0, 0.0, 0.0, 0.0, 0.0, 0.0, 0.0, 0.0, 0.0, 0.0, 0.0, 0.0, 0.0, 0.0, 0.0, 0.0, 0.0, 0.0, 0.0, 0.0, 0.0, 0.0, 0.0, 0.0, 0.0, 0.0, 1.2, 0.0, 0.0, 0.0, 0.0, 0.0, 0.0, 0.0, 0.0, 0.0, 0.0, 0.0, 0.0, 0.0, 0.0, 0.0, 0.0, 0.0, 0.0, 0.0, 0.0, 0.0, 0.0, 0.0, 0.0, 0.0, 0.0, 0.0, 0.0]",0.8,4,"[0, 0, 0, 0, 0, 0, 0, 0, 0, 0, 0, 1, 0, 0, 0]","[0, 0, 0, 0, 0, 0, 0, 0, 1, 0, 0, 0, 0, 0, 0]","[0, 0, 0, 0, 0, 0, 0, 0, 0, 0, 0, 0, 0, 0, 1]","[0, 0, 0, 0, 0, 0, 0, 0, 0, 0, 0, 0, 0, 0, 0]",0.6947,0.2969
ActinoidCont_04,Which of the following is a consequence of actinoid contraction?,The similarity in radii of 5d and 6d transition series elements.,The actinoids have variable oxidation states.,"The radii of post-actinoid elements (e.g., lawrencium) are smaller than expected.",Both A and B,Incorrect. This is also true.,"Incorrect. Variable oxidation states arise from the closeness of 5f, 6d, and 7s energy levels, not directly from the contraction.","Incorrect. Actinoid contraction causes the radii of 6d elements (like rutherfordium) to be similar to their 5d counterparts, and also affects the properties of post-actinoid elements.",Correct. Both statements are consequences of actinoid contraction.,Actinoid Contraction,"Shielding Effect, Orbital Penetration","[0.0, 1.0, 1.0, 0.0, 0.0, 0.0, 0.0, 0.0, 0.0, 0.0, 0.0, 0.0, 0.0, 0.0, 0.0, 0.0, 0.0, 0.0, 0.0, 0.0, 0.0, 0.0, 0.0, 0.0, 0.0, 0.0, 0.0, 0.0, 0.0, 1.2, 0.0, 0.0, 0.0, 0.0, 0.0, 0.0, 0.0, 0.0, 0.0, 0.0, 0.0, 0.0, 0.0, 0.0, 0.0, 0.0, 0.0, 0.0, 0.0, 0.0, 0.0, 0.0, 0.0, 0.0, 0.0, 0.0, 0.0, 0.0]",0.9,4,"[0, 0, 0, 0, 0, 0, 0, 0, 0, 0, 0, 1, 0, 0, 0]","[0, 0, 0, 0, 0, 0, 0, 0, 1, 0, 0, 0, 0, 0, 0]","[0, 0, 0, 0, 0, 0, 0, 0, 0, 0, 0, 0, 0, 0, 1]","[0, 0, 0, 0, 0, 0, 0, 0, 0, 0, 0, 0, 0, 0, 0]",0.4985,0.2978
ActinoidCont_05,The ionic radius of Am?? is smaller than that of Pu?? because:,"Am has a larger number of electrons, causing greater repulsion.",Pu has a more stable configuration.,Am has a different oxidation state.,"Am has a higher atomic number and the added electron enters the 5f orbital, which does not shield effectively, increasing Z_eff.","Incorrect. More electrons would increase repulsion, but the contraction dominates.","Incorrect. Pu has a half-filled 5f? configuration, but that does not make it larger; radius still decreases.",Incorrect. Both are in +3 state.,"Correct. Across the actinoid series, the increase in nuclear charge coupled with poor shielding of 5f electrons leads to a decrease in ionic radius.",Actinoid Contraction,"Shielding Effect, Orbital Penetration","[0.0, 1.0, 0.8, 0.0, 0.0, 0.0, 0.0, 0.0, 0.0, 0.0, 0.0, 0.0, 0.0, 0.0, 0.0, 0.0, 0.0, 0.0, 0.0, 0.0, 0.0, 0.0, 0.0, 0.0, 0.0, 0.0, 0.0, 0.0, 0.0, 1.2, 0.0, 0.0, 0.0, 0.0, 0.0, 0.0, 0.0, 0.0, 0.0, 0.0, 0.0, 0.0, 0.0, 0.0, 0.0, 0.0, 0.0, 0.0, 0.0, 0.0, 0.0, 0.0, 0.0, 0.0, 0.0, 0.0, 0.0, 0.0]",0.7,4,"[0, 0, 0, 0, 0, 0, 0, 0, 0, 0, 0, 1, 0, 0, 0]","[0, 0, 0, 0, 0, 0, 0, 0, 1, 0, 0, 0, 0, 0, 0]","[0, 0, 0, 0, 0, 0, 0, 0, 0, 0, 0, 0, 0, 0, 1]","[0, 0, 0, 0, 0, 0, 0, 0, 0, 0, 0, 0, 0, 0, 0]",0.5252,0.3565
ActinoidCont_06,The actinoid contraction results in:,No change in basicity.,Increased solubility of actinoid compounds.,Increased basicity of actinoid hydroxides across the series.,Decreased basicity of actinoid hydroxides across the series.,Incorrect.,Incorrect. Solubility trends are more complex.,"Correct. As the ionic radius decreases across the series, the polarizing power of the cation increases, making the hydroxide more acidic (less basic).","Incorrect. Basicity decreases, not increases.",Actinoid Contraction,Charge Density (Z/r) and Ionic Potential,"[0.0, 0.0, 0.0, 0.0, 0.0, 1.0, 0.0, 0.0, 0.0, 0.0, 0.0, 0.0, 0.0, 0.0, 0.0, 0.0, 0.0, 0.0, 0.0, 0.0, 0.0, 0.0, 0.0, 0.0, 0.0, 0.0, 0.0, 0.0, 0.0, 1.2, 0.0, 0.0, 0.0, 0.0, 0.0, 0.0, 0.0, 0.0, 0.0, 0.0, 0.0, 0.0, 0.0, 0.0, 0.0, 0.0, 0.0, 0.0, 0.0, 0.0, 0.0, 0.0, 0.0, 0.0, 0.0, 0.0, 0.0, 0.0]",0.8,3,"[0, 0, 0, 0, 0, 0, 0, 0, 0, 0, 0, 1, 0, 0, 0]","[0, 0, 0, 0, 0, 0, 0, 0, 1, 0, 0, 0, 0, 0, 0]","[0, 0, 0, 0, 0, 0, 0, 0, 0, 0, 0, 0, 0, 0, 0]","[0, 0, 0, 0, 0, 0, 1, 0, 0, 0, 0, 0, 0, 0, 0]",0.5408,0.3011
ActinoidCont_07,Which of the following statements about actinoid contraction is correct?,It is observed only in the +3 oxidation state.,It is caused by the poor shielding of 4f electrons.,It is analogous to lanthanoid contraction but with a more pronounced effect.,It makes the radii of 6d elements larger than their 5d counterparts.,Incorrect. It is observed in atomic and other ionic radii as well.,"Incorrect. Actinoids involve 5f electrons, not 4f.","Correct. Both are caused by poor f-orbital shielding, and the effect is greater in actinoids due to the more diffuse nature of 5f orbitals.","Incorrect. It makes the radii of 6d elements similar to 5d, not larger.",Actinoid Contraction,"Shielding Effect, Orbital Penetration","[0.0, 1.2, 0.5, 0.0, 0.0, 0.0, 0.0, 0.0, 0.0, 0.0, 0.0, 0.0, 0.0, 0.0, 0.0, 0.0, 0.0, 0.0, 0.0, 0.0, 0.0, 0.0, 0.0, 0.0, 0.0, 0.0, 0.0, 0.0, 0.0, 1.0, 0.0, 0.0, 0.0, 0.0, 0.0, 0.0, 0.0, 0.0, 0.0, 0.0, 0.0, 0.0, 0.0, 0.0, 0.0, 0.0, 0.0, 0.0, 0.0, 0.0, 0.0, 0.0, 0.0, 0.0, 0.0, 0.0, 0.0, 0.0]",0.8,3,"[0, 0, 0, 0, 0, 0, 0, 0, 0, 0, 0, 1, 0, 0, 0]","[0, 0, 0, 0, 0, 0, 0, 0, 1, 0, 0, 0, 0, 0, 0]","[0, 0, 0, 0, 0, 0, 0, 0, 0, 0, 0, 0, 0, 0, 0]","[0, 0, 0, 0, 0, 0, 1, 0, 0, 0, 0, 0, 0, 0, 0]",0.5547,0.2867
ActinoidCont_08,The similarity in chemical properties between uranium and its subsequent actinoids is partly due to:,Their high radioactivity.,Their ability to form oxocations.,Actinoid contraction making ionic radii very similar.,The presence of 5f electrons.,Incorrect. Radioactivity is not the cause of chemical similarity.,Incorrect. This is a property of some actinoids but not the cause of similarity.,"Correct. The gradual decrease in radius across the series means adjacent actinoids have very similar sizes, leading to similar chemical behavior and difficulty in separation.","Incorrect. The presence of 5f electrons is common, but the contraction explains similarities across the series.",Actinoid Contraction,"Shielding Effect, Orbital Penetration","[0.0, 1.2, 0.8, 0.0, 0.0, 0.0, 0.0, 0.0, 0.0, 0.0, 0.0, 0.0, 0.0, 0.0, 0.0, 0.0, 0.0, 0.0, 0.0, 0.0, 0.0, 0.0, 0.0, 0.0, 0.0, 0.0, 0.0, 0.0, 0.0, 1.0, 0.0, 0.0, 0.0, 0.0, 0.0, 0.0, 0.0, 0.0, 0.0, 0.0, 0.0, 0.0, 0.0, 0.0, 0.0, 0.0, 0.0, 0.0, 0.0, 0.0, 0.0, 0.0, 0.0, 0.0, 0.0, 0.0, 0.0, 0.0]",0.7,3,"[0, 0, 0, 0, 0, 0, 0, 0, 0, 0, 0, 1, 0, 0, 0]","[0, 0, 0, 0, 0, 0, 0, 0, 1, 0, 0, 0, 0, 0, 0]","[0, 0, 0, 0, 0, 0, 0, 0, 0, 0, 0, 0, 0, 0, 0]","[0, 0, 0, 0, 0, 0, 1, 0, 0, 0, 0, 0, 0, 0, 0]",0.4651,0.2891
ActinoidCont_09,The chemical and size similarity between Zirconium (Zr) and Hafnium (Hf) is a consequence of:,Actinoid contraction,Transition metal contraction,Lanthanoid contraction,Inert pair effect,"Incorrect. Actinoid contraction affects elements in the 6d series, not 5d (Hf).",Incorrect. Transition metal contraction is a broader term; the specific chemical phenomenon causing this exact similarity is the lanthanoid contraction.,"Correct. The filling of 4f orbitals before Hf results in poor shielding, causing Hf to have a radius nearly identical to Zr.",Incorrect. The inert pair effect relates to lower oxidation states in heavy p-block elements.,Actinoid Contraction,"Shielding Effect, Orbital Penetration, Lanthanoid Contraction","[0.0, 1.0, 1.0, 0.0, 0.0, 0.0, 0.0, 0.0, 0.0, 0.0, 0.0, 0.0, 0.0, 0.0, 0.0, 0.0, 0.0, 0.0, 0.0, 0.0, 0.0, 0.0, 0.0, 0.0, 0.0, 0.0, 0.0, 0.0, 0.0, 1.0, 0.0, 0.0, 0.0, 0.0, 0.0, 0.0, 0.0, 0.0, 0.0, 0.0, 0.0, 0.0, 0.0, 0.0, 0.0, 0.0, 0.0, 0.0, 0.0, 0.0, 0.0, 0.0, 0.0, 0.0, 0.0, 0.0, 0.0, 0.0]",1.2,3,"[1, 0, 0, 0, 0, 0, 0, 0, 0, 0, 0, 0, 0, 0, 0]","[1, 0, 0, 0, 0, 0, 0, 0, 0, 0, 0, 0, 0, 0, 0]","[0, 0, 0, 0, 0, 0, 0, 0, 0, 0, 0, 0, 0, 0, 0]","[0, 0, 0, 0, 0, 0, 0, 0, 0, 0, 0, 1, 0, 0, 0]",0.6895,0.3611
ActinoidCont_10,Which of the following orders of ionic radii for actinoids (in +3 state) is correct?,U?? > Np?? > Pu?? > Am??,Am?? > Pu?? > U?? > Th?? > Ac??,Ac?? > Th?? > Pa?? > U?? > Np?? > Pu?? > Am?? > Cm?? > Bk?? > Cf??,Ac?? < Th?? < Pa?? < U??,"Incorrect. This is a correct but incomplete subset of the full order; the complete correct sequence spans Ac3+ through Cf3+, as in option 1.","Incorrect. This sequence runs the wrong way - radius should decrease, not increase, as atomic number increases.","Correct. Ionic radii of the +3 actinoid ions decrease steadily with increasing atomic number because of actinoid contraction (poor shielding by 5f electrons), giving the full order Ac3+ > Th3+ > Pa3+ > U3+ > Np3+ > Pu3+ > Am3+ > Cm3+ > Bk3+ > Cf3+.","Incorrect. This sequence shows radius increasing with atomic number, the opposite of the actinoid contraction trend.",Actinoid Contraction,"Shielding Effect, Orbital Penetration","[0.0, 1.2, 0.5, 0.0, 0.0, 0.0, 0.0, 0.0, 0.0, 0.0, 0.0, 0.0, 0.0, 0.0, 0.0, 0.0, 0.0, 0.0, 0.0, 0.0, 0.0, 0.0, 0.0, 0.0, 0.0, 0.0, 0.0, 0.0, 0.0, 1.0, 0.0, 0.0, 0.0, 0.0, 0.0, 0.0, 0.0, 0.0, 0.0, 0.0, 0.0, 0.0, 0.0, 0.0, 0.0, 0.0, 0.0, 0.0, 0.0, 0.0, 0.0, 0.0, 0.0, 0.0, 0.0, 0.0, 0.0, 0.0]",0.7,3,"[0, 0, 0, 0, 0, 0, 0, 0, 0, 0, 0, 0, 0, 0, 0]","[0, 0, 0, 0, 0, 0, 0, 0, 1, 0, 0, 0, 0, 0, 0]","[0, 0, 0, 0, 0, 0, 0, 0, 0, 0, 0, 0, 0, 0, 0]","[0, 0, 0, 0, 0, 0, 1, 0, 0, 0, 0, 0, 0, 0, 0]",0.4699,0.326
4d5dSimilarity_01,What is meant by the similarity between 4d and 5d transition series elements?,The 4d and 5d series have the same number of unpaired electrons.,Elements of the 4d and 5d series in the same group have nearly identical atomic and ionic radii due to lanthanoid contraction.,Elements of the 4d and 5d series have exactly the same properties.,The 4d and 5d series are both paramagnetic.,"Incorrect. Unpaired electron counts depend on configuration, not directly on similarity.","Correct. The lanthanoid contraction compensates for the expected increase in radius from 4d to 5d, making their radii and chemical properties very similar.",Incorrect. They are similar but not exactly the same.,Incorrect. Paramagnetism varies; it is not a defining similarity.,4d and 5d Series Similarity Post-Lanthanoid Contraction,Lanthanoid Contraction,"[0.0, 0.0, 0.0, 0.0, 0.0, 0.0, 0.0, 0.0, 0.0, 0.0, 0.0, 0.0, 0.0, 0.0, 0.0, 0.0, 0.0, 0.0, 0.0, 0.0, 0.0, 0.0, 0.0, 0.0, 0.0, 0.0, 0.0, 0.0, 0.5, 0.0, 1.5, 0.0, 0.0, 0.0, 0.0, 0.0, 0.0, 0.0, 0.0, 0.0, 0.0, 0.0, 0.0, 0.0, 0.0, 0.0, 0.0, 0.0, 0.0, 0.0, 0.0, 0.0, 0.0, 0.0, 0.0, 0.0, 0.0, 0.0]",0.6,2,"[0, 0, 0, 0, 0, 1, 0, 0, 0, 0, 0, 0, 0, 0, 0]","[0, 0, 0, 0, 0, 0, 0, 0, 0, 0, 0, 0, 0, 0, 0]","[0, 0, 0, 0, 0, 0, 0, 0, 1, 0, 0, 0, 0, 0, 0]","[0, 0, 0, 0, 1, 0, 0, 0, 0, 0, 0, 0, 0, 0, 0]",0.7167,0.1735
4d5dSimilarity_02,Which of the following pairs of elements show very similar atomic radii?,Cr and Mo,Fe and Ru,Zr and Hf,Ti and Zr,"Incorrect. Cr and Mo are also similar, but the most striking example is Zr-Hf and Nb-Ta.",Incorrect. Fe and Ru are not as similar; there is a significant difference.,Correct. Zirconium (4d) and hafnium (5d) have nearly identical radii due to lanthanoid contraction.,"Incorrect. Ti is in period 4, Zr in period 5; the expected size difference is present.",4d and 5d Series Similarity Post-Lanthanoid Contraction,Lanthanoid Contraction,"[0.0, 0.0, 0.0, 0.0, 0.0, 0.0, 0.0, 0.0, 0.0, 0.0, 0.0, 0.0, 0.0, 0.0, 0.0, 0.0, 0.0, 0.0, 0.0, 0.0, 0.0, 0.0, 0.0, 0.0, 0.0, 0.0, 0.0, 0.0, 1.2, 0.0, 1.0, 0.0, 0.0, 0.0, 0.0, 0.0, 0.0, 0.0, 0.0, 0.0, 0.0, 0.0, 0.0, 0.0, 0.0, 0.0, 0.0, 0.0, 0.0, 0.0, 0.0, 0.0, 0.0, 0.0, 0.0, 0.0, 0.0, 0.0]",0.6,3,"[0, 0, 0, 0, 0, 1, 0, 0, 0, 0, 0, 0, 0, 0, 0]","[0, 0, 0, 0, 0, 0, 0, 0, 0, 0, 0, 0, 0, 0, 0]","[0, 0, 0, 0, 0, 0, 0, 0, 0, 0, 0, 0, 0, 0, 0]","[0, 0, 0, 0, 1, 0, 0, 0, 0, 0, 0, 0, 0, 0, 0]",0.4198,0.2936
4d5dSimilarity_03,The similarity in chemical properties of 4d and 5d elements in the same group is due to:,Lanthanoid contraction,Actinoid contraction,Diagonal relationship,Inert pair effect,"Incorrect. Actinoid contraction affects 6d elements, not 4d/5d.","Correct. The lanthanoid contraction causes the 5d elements to have radii similar to their 4d counterparts, leading to similar chemical behavior.",Incorrect. Diagonal relationship is between period 2 and 3 elements.,Incorrect. Inert pair effect is about oxidation states in p-block.,4d and 5d Series Similarity Post-Lanthanoid Contraction,Lanthanoid Contraction,"[0.0, 0.0, 0.0, 0.0, 0.0, 0.0, 0.0, 0.0, 0.0, 0.0, 0.0, 0.0, 0.0, 0.0, 0.0, 0.0, 0.0, 0.0, 0.0, 0.0, 0.0, 0.0, 0.0, 0.0, 0.0, 0.0, 0.0, 0.0, 1.0, 0.0, 1.2, 0.0, 0.0, 0.0, 0.0, 0.0, 0.0, 0.0, 0.0, 0.0, 0.0, 0.0, 0.0, 0.0, 0.0, 0.0, 0.0, 0.0, 0.0, 0.0, 0.0, 0.0, 0.0, 0.0, 0.0, 0.0, 0.0, 0.0]",0.7,2,"[0, 0, 0, 0, 0, 1, 0, 0, 0, 0, 0, 0, 0, 0, 0]","[0, 0, 0, 0, 0, 0, 0, 0, 0, 0, 0, 0, 0, 0, 0]","[0, 0, 0, 0, 0, 0, 0, 0, 1, 0, 0, 0, 0, 0, 0]","[0, 0, 0, 0, 0, 0, 0, 0, 0, 0, 0, 0, 0, 0, 0]",0.6398,0.2932
4d5dSimilarity_04,Which of the following statements is correct about the 4d and 5d series?,The 5d elements have higher ionization energies than 4d elements.,The 5d elements have radii almost equal to their 4d counterparts because of lanthanoid contraction.,The 4d elements are all radioactive.,The 5d elements have significantly larger radii than their 4d counterparts.,Incorrect. Ionization energies are comparable; sometimes 5d are slightly higher due to relativistic effects.,Correct. The lanthanoid contraction offsets the expected increase in radius.,"Incorrect. Some 4d elements are radioactive, but not all; that's not the reason for similarity.","Incorrect. The radii are nearly equal, not significantly larger.",4d and 5d Series Similarity Post-Lanthanoid Contraction,Lanthanoid Contraction,"[0.0, 0.0, 0.0, 0.0, 0.0, 0.0, 0.0, 0.0, 0.0, 0.0, 0.0, 0.0, 0.0, 0.0, 0.0, 0.0, 0.0, 0.0, 0.0, 0.0, 0.0, 0.0, 0.0, 0.0, 0.0, 0.0, 0.0, 0.0, 1.2, 0.0, 1.0, 0.0, 0.0, 0.0, 0.0, 0.0, 0.0, 0.0, 0.0, 0.0, 0.0, 0.0, 0.0, 0.0, 0.0, 0.0, 0.0, 0.0, 0.0, 0.0, 0.0, 0.0, 0.0, 0.0, 0.0, 0.0, 0.0, 0.0]",0.6,2,"[0, 0, 0, 0, 0, 1, 0, 0, 0, 0, 0, 0, 0, 0, 0]","[0, 0, 0, 0, 0, 0, 0, 0, 0, 0, 0, 0, 0, 0, 0]","[0, 0, 0, 0, 0, 0, 0, 0, 1, 0, 0, 0, 0, 0, 0]","[0, 0, 0, 0, 1, 0, 0, 0, 0, 0, 0, 0, 0, 0, 0]",0.8425,0.2837
4d5dSimilarity_05,The atomic radii of Nb and Ta are almost identical. This is a consequence of:,Lanthanoid contraction,Poor shielding by d-electrons,Actinoid contraction,Relativistic effects,Correct. The lanthanoid contraction (through the 4f series) reduces the expected increase in radius when moving from the 4d to the 5d series.,Incorrect. d-electrons shield better than f-electrons.,Incorrect. Actinoid contraction affects elements after actinoids.,Incorrect. Relativistic effects also contribute but the primary reason is lanthanoid contraction.,4d and 5d Series Similarity Post-Lanthanoid Contraction,Lanthanoid Contraction,"[0.0, 0.0, 0.0, 0.0, 0.0, 0.0, 0.0, 0.0, 0.0, 0.0, 0.0, 0.0, 0.0, 0.0, 0.0, 0.0, 0.0, 0.0, 0.0, 0.0, 0.0, 0.0, 0.0, 0.0, 0.0, 0.0, 0.0, 0.0, 1.0, 0.0, 1.2, 0.0, 0.0, 0.0, 0.0, 0.0, 0.0, 0.0, 0.0, 0.0, 0.0, 0.0, 0.0, 0.0, 0.0, 0.0, 0.0, 0.0, 0.0, 0.0, 0.0, 0.0, 0.0, 0.0, 0.0, 0.0, 0.0, 0.0]",0.7,1,"[0, 0, 0, 0, 0, 0, 0, 0, 0, 0, 0, 0, 0, 0, 0]","[0, 0, 0, 0, 0, 1, 0, 0, 0, 0, 0, 0, 0, 0, 0]","[0, 0, 0, 0, 0, 0, 0, 0, 1, 0, 0, 0, 0, 0, 0]","[0, 0, 0, 0, 1, 0, 0, 0, 0, 0, 0, 0, 0, 0, 0]",0.6913,0.324
4d5dSimilarity_06,Which of the following pairs exhibits the greatest similarity in chemical properties due to lanthanoid contraction?,Co and Rh,Nb and Ta,Cr and Mo,Fe and Ru,"Incorrect. Co and Rh also show similarity, but the classic example is Nb-Ta and Zr-Hf.","Correct. Niobium and tantalum are 4d and 5d elements in group 5; their radii are very close, and their chemistry is nearly identical.","Incorrect. Cr and Mo are also similar, but the effect is more pronounced for the heavier pairs because the contraction accumulates. Nb-Ta is a classic example.",Incorrect. Fe and Ru are further apart in period and not as similar.,4d and 5d Series Similarity Post-Lanthanoid Contraction,Lanthanoid Contraction,"[0.0, 0.0, 0.0, 0.0, 0.0, 0.0, 0.0, 0.0, 0.0, 0.0, 0.0, 0.0, 0.0, 0.0, 0.0, 0.0, 0.0, 0.0, 0.0, 0.0, 0.0, 0.0, 0.0, 0.0, 0.0, 0.0, 0.0, 0.0, 1.2, 0.0, 1.0, 0.0, 0.0, 0.0, 0.0, 0.0, 0.0, 0.0, 0.0, 0.0, 0.0, 0.0, 0.0, 0.0, 0.0, 0.0, 0.0, 0.0, 0.0, 0.0, 0.0, 0.0, 0.0, 0.0, 0.0, 0.0, 0.0, 0.0]",0.6,2,"[0, 0, 0, 0, 0, 1, 0, 0, 0, 0, 0, 0, 0, 0, 0]","[0, 0, 0, 0, 0, 0, 0, 0, 0, 0, 0, 0, 0, 0, 0]","[0, 0, 0, 0, 0, 0, 0, 0, 1, 0, 0, 0, 0, 0, 0]","[0, 0, 0, 0, 1, 0, 0, 0, 0, 0, 0, 0, 0, 0, 0]",0.4682,0.2992
4d5dSimilarity_07,The difficulty in separating zirconium and hafnium in their ores is due to:,Their nearly identical ionic radii caused by lanthanoid contraction.,Their different oxidation states.,Their radioactivity.,Their magnetic properties.,"Correct. Zr?? and Hf?? have almost the same size, leading to very similar chemical behavior and making separation challenging.",Incorrect. Both exhibit +4 as the most stable state.,Incorrect. They are not radioactive.,Incorrect. Magnetic properties are not the cause.,4d and 5d Series Similarity Post-Lanthanoid Contraction,Lanthanoid Contraction,"[0.0, 0.0, 0.0, 0.0, 0.0, 0.0, 0.0, 0.0, 0.0, 0.0, 0.0, 0.0, 0.0, 0.0, 0.0, 0.0, 0.0, 0.0, 0.0, 0.0, 0.0, 0.0, 0.0, 0.0, 0.0, 0.0, 0.0, 0.0, 1.0, 0.0, 1.2, 0.0, 0.0, 0.0, 0.0, 0.0, 0.0, 0.0, 0.0, 0.0, 0.0, 0.0, 0.0, 0.0, 0.0, 0.0, 0.0, 0.0, 0.0, 0.0, 0.0, 0.0, 0.0, 0.0, 0.0, 0.0, 0.0, 0.0]",0.8,1,"[0, 0, 0, 0, 0, 0, 0, 0, 0, 0, 0, 0, 0, 0, 0]","[0, 0, 0, 0, 0, 1, 0, 0, 0, 0, 0, 0, 0, 0, 0]","[0, 0, 0, 0, 0, 0, 0, 0, 1, 0, 0, 0, 0, 0, 0]","[0, 0, 0, 0, 1, 0, 0, 0, 0, 0, 0, 0, 0, 0, 0]",0.4709,0.2993
4d5dSimilarity_08,Which of the following is NOT a consequence of lanthanoid contraction?,High melting points of 4d transition metals.,Difficulty in separating lanthanoids.,Basic strength of lanthanoid hydroxides decreases from La to Lu.,Similarity in radii of 4d and 5d elements in the same group.,"Correct. The high melting points of 4d metals are due to metallic bonding, not directly related to lanthanoid contraction.",Incorrect. This is a consequence.,Incorrect. This is also a consequence.,Incorrect. This is a direct consequence.,4d and 5d Series Similarity Post-Lanthanoid Contraction,Lanthanoid Contraction,"[0.0, 0.0, 0.0, 0.0, 0.0, 0.0, 0.0, 0.0, 0.0, 0.0, 0.0, 0.0, 0.0, 0.0, 0.0, 0.0, 0.0, 0.0, 0.0, 0.0, 0.0, 0.0, 0.0, 0.0, 0.0, 0.0, 0.0, 0.0, 1.0, 0.0, 1.2, 0.0, 0.0, 0.0, 0.0, 0.0, 0.0, 0.0, 0.0, 0.0, 0.0, 0.0, 0.0, 0.0, 0.0, 0.0, 0.0, 0.0, 0.0, 0.0, 0.0, 0.0, 0.0, 0.0, 0.0, 0.0, 0.0, 0.0]",0.7,1,"[0, 0, 0, 0, 0, 0, 0, 0, 0, 0, 0, 0, 0, 0, 0]","[0, 0, 0, 0, 0, 1, 0, 0, 0, 0, 0, 0, 0, 0, 0]","[0, 0, 0, 0, 0, 0, 0, 0, 1, 0, 0, 0, 0, 0, 0]","[0, 0, 0, 0, 1, 0, 0, 0, 0, 0, 0, 0, 0, 0, 0]",0.4931,0.4127
4d5dSimilarity_09,"The atomic radius of Mo (4d) is 139 pm, and that of W (5d) is 139 pm. The expected radius of W without lanthanoid contraction would be approximately:",170 pm,155 pm,139 pm,145 pm,Incorrect. Too high.,Correct. Approximately 155 pm.,"Incorrect. Without contraction, W would have a radius about 15-20 pm larger than Mo, around 155-160 pm. Option 155 pm is reasonable.",Incorrect. That is the actual radius.,4d and 5d Series Similarity Post-Lanthanoid Contraction,Lanthanoid Contraction,"[0.0, 0.0, 0.0, 0.0, 0.0, 0.0, 0.0, 0.0, 0.0, 0.0, 0.0, 0.0, 0.0, 0.0, 0.0, 0.0, 0.0, 0.0, 0.0, 0.0, 0.0, 0.0, 0.0, 0.0, 0.0, 0.0, 0.0, 0.0, 1.0, 0.0, 1.5, 0.0, 0.0, 0.0, 0.0, 0.0, 0.0, 0.0, 0.0, 0.0, 0.0, 0.0, 0.0, 0.0, 0.0, 0.0, 0.0, 0.0, 0.0, 0.0, 0.0, 0.0, 0.0, 0.0, 0.0, 0.0, 0.0, 0.0]",0.9,2,"[0, 0, 0, 0, 0, 1, 0, 0, 0, 0, 0, 0, 0, 0, 0]","[0, 0, 0, 0, 0, 0, 0, 0, 0, 0, 0, 0, 0, 0, 0]","[0, 0, 0, 0, 0, 0, 0, 0, 1, 0, 0, 0, 0, 0, 0]","[0, 0, 0, 0, 1, 0, 0, 0, 0, 0, 0, 0, 0, 0, 0]",0.4571,0.474
4d5dSimilarity_10,"Which property is NOT similar between 4d and 5d congeners (e.g., Zr and Hf)?",Complex formation tendencies,Density,Oxidation states,Ionic radii,Incorrect. Complex formation is similar due to similar size and electronic configuration.,"Correct. Densities are quite different because the 5d elements are much heavier, though their atomic volumes are similar, the mass difference leads to higher density.",Incorrect. Oxidation states are similar.,Incorrect. Their ionic radii are practically identical as a direct result of the lanthanoid contraction.,4d and 5d Series Similarity Post-Lanthanoid Contraction,Lanthanoid Contraction,"[0.0, 0.0, 0.0, 0.0, 0.0, 0.0, 0.0, 0.0, 0.0, 0.0, 0.0, 0.0, 0.0, 0.0, 0.0, 0.0, 0.0, 0.0, 0.0, 0.0, 0.0, 0.0, 0.0, 0.0, 0.0, 0.0, 0.0, 0.0, 1.2, 0.0, 1.0, 0.0, 0.0, 0.0, 0.0, 0.0, 0.0, 0.0, 0.0, 0.0, 0.0, 0.0, 0.0, 0.0, 0.0, 0.0, 0.0, 0.0, 0.0, 0.0, 0.0, 0.0, 0.0, 0.0, 0.0, 0.0, 0.0, 0.0]",0.7,2,"[0, 0, 0, 0, 0, 1, 0, 0, 0, 0, 0, 0, 0, 0, 0]","[0, 0, 0, 0, 0, 0, 0, 0, 0, 0, 0, 0, 0, 0, 0]","[0, 0, 0, 0, 0, 0, 0, 0, 1, 0, 0, 0, 0, 0, 0]","[0, 0, 0, 0, 1, 0, 0, 0, 0, 0, 0, 0, 0, 0, 0]",0.5094,0.4033
VariableOxState_01,Why do transition elements exhibit variable oxidation states?,Because they have vacant d-orbitals that can accommodate electrons.,Because they have high electronegativity.,Because they are metals.,"Because the energy difference between (n-1)d and ns orbitals is small, allowing electrons from both to participate in bonding.",Incorrect. Vacant d-orbitals are not the primary reason; it's the closeness in energy of d and s electrons.,Incorrect. Transition metals are not highly electronegative.,Incorrect. Many metals do not show variable oxidation states; it's specific to transition elements due to d-orbital energy.,"Correct. The small energy gap between ns and (n-1)d orbitals allows both sets of electrons to be involved in bonding, leading to multiple oxidation states.",Variable Oxidation State Stability in d-block,"Exchange Energy and Half-Filled Shell Stability, Effective Nuclear Charge","[0.5, 0.0, 0.0, 0.0, 0.0, 0.0, 0.0, 0.0, 0.0, 0.0, 0.0, 0.0, 0.0, 0.0, 0.0, 0.0, 0.0, 0.0, 0.0, 0.0, 0.0, 0.0, 0.0, 0.0, 0.0, 0.0, 0.0, 0.0, 0.0, 0.0, 0.0, 1.5, 0.5, 0.0, 0.0, 0.0, 0.0, 0.0, 0.0, 0.0, 0.0, 0.0, 0.0, 0.0, 0.0, 0.0, 0.0, 0.0, 0.0, 0.0, 0.0, 0.0, 0.0, 0.0, 0.0, 0.0, 0.0, 0.0]",0.7,4,"[0, 0, 0, 0, 1, 0, 0, 0, 0, 0, 0, 0, 0, 0, 0]","[0, 0, 0, 0, 0, 1, 0, 0, 0, 0, 0, 0, 0, 0, 0]","[0, 0, 0, 0, 0, 0, 0, 0, 0, 1, 0, 0, 0, 0, 0]","[0, 0, 0, 0, 0, 0, 0, 0, 0, 0, 0, 0, 0, 0, 0]",0.5141,0.3014
VariableOxState_02,Which of the following transition metals shows the maximum number of oxidation states?,Fe (Z=26),Sc (Z=21),Cu (Z=29),Mn (Z=25),"Incorrect. Fe shows +2, +3, and +6 (rare).",Incorrect. Sc shows only +3.,"Incorrect. Cu shows +1, +2, and sometimes +3.","Correct. Manganese exhibits oxidation states from +2 to +7, the highest range in the 3d series.",Variable Oxidation State Stability in d-block,Exchange Energy and Half-Filled Shell Stability,"[0.0, 0.0, 0.0, 0.0, 0.0, 0.0, 0.0, 0.0, 0.0, 0.0, 0.0, 0.0, 0.0, 0.0, 0.0, 0.0, 0.0, 0.0, 0.0, 0.0, 0.0, 0.0, 0.0, 0.0, 0.0, 0.0, 0.0, 0.0, 0.0, 0.0, 0.0, 1.0, 1.2, 0.0, 0.0, 0.0, 0.0, 0.0, 0.0, 0.0, 0.0, 0.0, 0.0, 0.0, 0.0, 0.0, 0.0, 0.0, 0.0, 0.0, 0.0, 0.0, 0.0, 0.0, 0.0, 0.0, 0.0, 0.0]",0.6,4,"[0, 0, 0, 0, 1, 0, 0, 0, 0, 0, 0, 0, 0, 0, 0]","[0, 0, 0, 0, 0, 1, 0, 0, 0, 0, 0, 0, 0, 0, 0]","[0, 0, 0, 0, 0, 0, 0, 0, 0, 1, 0, 0, 0, 0, 0]","[0, 0, 0, 0, 0, 0, 0, 0, 0, 0, 0, 0, 0, 0, 0]",0.4573,0.2885
VariableOxState_03,The stability of Mn?? (3d?) and Fe?? (3d?) is due to:,Small size of the ion.,High charge on the ion.,"Half-filled d subshell, which provides extra stability through exchange energy.",Fully filled d subshell.,Incorrect. Size is not the primary reason.,Incorrect. High charge alone does not explain stability; Fe?? is stable despite high charge.,"Correct. A half-filled d subshell (d?) has high exchange energy and symmetrical distribution, making it particularly stable.","Incorrect. d? is half-filled, not fully filled.",Variable Oxidation State Stability in d-block,Exchange Energy and Half-Filled Shell Stability,"[0.0, 0.0, 0.0, 0.0, 0.0, 0.0, 0.0, 0.0, 0.0, 0.0, 0.0, 0.0, 0.0, 0.0, 0.0, 0.0, 0.0, 0.0, 0.0, 0.0, 0.0, 0.0, 0.0, 0.0, 0.0, 0.0, 0.0, 0.0, 0.0, 0.0, 0.0, 1.2, 1.0, 0.0, 0.0, 0.0, 0.0, 0.0, 0.0, 0.0, 0.0, 0.0, 0.0, 0.0, 0.0, 0.0, 0.0, 0.0, 0.0, 0.0, 0.0, 0.0, 0.0, 0.0, 0.0, 0.0, 0.0, 0.0]",0.7,3,"[0, 0, 0, 0, 1, 0, 0, 0, 0, 0, 0, 0, 0, 0, 0]","[0, 0, 0, 0, 0, 1, 0, 0, 0, 0, 0, 0, 0, 0, 0]","[0, 0, 0, 0, 0, 0, 0, 0, 0, 0, 0, 0, 0, 0, 0]","[0, 0, 0, 0, 0, 0, 1, 0, 0, 0, 0, 0, 0, 0, 0]",0.4538,0.4351
VariableOxState_04,Why does Cr?? act as a strong oxidizing agent?,Because Cr?? is small.,Because Cr has high electronegativity.,Because Cr?? has a stable d? configuration.,Because Cr?? readily gains electrons to achieve a more stable half-filled or noble gas configuration.,Incorrect. Small size contributes to oxidizing power but the main reason is the high oxidation state.,Incorrect. Cr is not highly electronegative.,"Incorrect. Cr?? has d? configuration, not d?.",Correct. Cr?? is easily reduced to Cr?? (d?) or to other states; the high positive charge makes it strongly oxidizing. The most stable state is Cr?? (d?) and sometimes Cr?? is used as oxidizer. But the reason is high oxidation state.,Variable Oxidation State Stability in d-block,"Exchange Energy and Half-Filled Shell Stability, Standard Electrode Potential Trends in d-block","[0.0, 0.0, 0.0, 0.0, 0.0, 0.0, 0.0, 0.0, 0.0, 0.0, 0.0, 0.0, 0.0, 0.0, 0.0, 0.0, 0.0, 0.0, 0.0, 0.0, 0.0, 0.0, 0.0, 0.0, 0.0, 0.0, 0.0, 0.0, 0.0, 0.0, 0.0, 1.2, 1.0, 0.8, 0.0, 0.0, 0.0, 0.0, 0.0, 0.0, 0.0, 0.0, 0.0, 0.0, 0.0, 0.0, 0.0, 0.0, 0.0, 0.0, 0.0, 0.0, 0.0, 0.0, 0.0, 0.0, 0.0, 0.0]",0.7,4,"[0, 0, 0, 0, 1, 0, 0, 0, 0, 0, 0, 0, 0, 0, 0]","[0, 0, 0, 0, 0, 1, 0, 0, 0, 0, 0, 0, 0, 0, 0]","[0, 0, 0, 0, 0, 0, 0, 0, 0, 1, 0, 0, 0, 0, 0]","[0, 0, 0, 0, 0, 0, 0, 0, 0, 0, 0, 0, 0, 0, 0]",0.5247,0.3159
VariableOxState_05,The highest oxidation state of a transition metal is usually found in its:,Chlorides,Sulfides,Oxides and fluorides,Hydrides,Incorrect. Chlorides usually show lower oxidation states.,Incorrect. Sulfides also typically show lower oxidation states.,Correct. Oxygen and fluorine are highly electronegative and can stabilize high oxidation states through strong bonding.,Incorrect. Hydrides have low oxidation states.,Variable Oxidation State Stability in d-block,Effective Nuclear Charge,"[1.0, 0.0, 0.0, 0.0, 0.0, 0.0, 0.0, 0.0, 0.0, 0.0, 0.0, 0.0, 0.0, 0.0, 0.0, 0.0, 0.0, 0.0, 0.0, 0.0, 0.0, 0.0, 0.0, 0.0, 0.0, 0.0, 0.0, 0.0, 0.0, 0.0, 0.0, 1.0, 0.0, 0.0, 0.0, 0.0, 0.0, 0.0, 0.0, 0.0, 0.0, 0.0, 0.0, 0.0, 0.0, 0.0, 0.0, 0.0, 0.0, 0.0, 0.0, 0.0, 0.0, 0.0, 0.0, 0.0, 0.0, 0.0]",0.6,3,"[0, 0, 0, 0, 1, 0, 0, 0, 0, 0, 0, 0, 0, 0, 0]","[0, 0, 0, 0, 0, 1, 0, 0, 0, 0, 0, 0, 0, 0, 0]","[0, 0, 0, 0, 0, 0, 0, 0, 0, 0, 0, 0, 0, 0, 0]","[0, 0, 0, 0, 0, 0, 1, 0, 0, 0, 0, 0, 0, 0, 0]",0.4493,0.2801
VariableOxState_06,Which of the following transition metals shows the highest maximum oxidation state?,Os,Sc,Fe,Mn,"Correct. Osmium (Os) can exhibit an oxidation state of +8 (e.g., in OsO4), the highest among transition metals.",Incorrect. Sc only shows a +3 oxidation state.,"Incorrect. Iron typically shows +2 and +3 oxidation states, and only very rarely forms +6 under highly specialized conditions.","Incorrect. Mn shows a maximum of +7, but Osmium goes higher.",Variable Oxidation State Stability in d-block,Exchange Energy and Half-Filled Shell Stability,"[0.0, 0.0, 0.0, 0.0, 0.0, 0.0, 0.0, 0.0, 0.0, 0.0, 0.0, 0.0, 0.0, 0.0, 0.0, 0.0, 0.0, 0.0, 0.0, 0.0, 0.0, 0.0, 0.0, 0.0, 0.0, 0.0, 0.0, 0.0, 0.0, 0.0, 0.0, 1.0, 1.2, 0.0, 0.0, 0.0, 0.0, 0.0, 0.0, 0.0, 0.0, 0.0, 0.0, 0.0, 0.0, 0.0, 0.0, 0.0, 0.0, 0.0, 0.0, 0.0, 0.0, 0.0, 0.0, 0.0, 0.0, 0.0]",0.6,1,"[0, 0, 0, 0, 0, 0, 0, 0, 0, 0, 0, 0, 0, 0, 0]","[0, 0, 0, 0, 0, 1, 0, 0, 0, 0, 0, 0, 0, 0, 0]","[0, 0, 0, 0, 0, 0, 0, 0, 0, 0, 0, 0, 0, 0, 0]","[0, 0, 0, 0, 0, 0, 1, 0, 0, 0, 0, 0, 0, 0, 0]",0.4777,0.2843
VariableOxState_07,"The +2 oxidation state becomes more stable relative to +3 for the later transition elements (e.g., Ni, Cu, Zn) because:",The atomic size decreases.,The increased nuclear charge makes removal of the third electron more difficult.,The ionization energy decreases.,The d-orbital becomes completely filled (d??) for Cu? and Zn??.,Incorrect. Size is not the primary reason.,"Correct. For Ni, Cu, Zn, the +2 state is common, and for Zn, +2 is the only state because the d?? configuration is very stable.",Incorrect. Ionization energy increases across the series.,Incorrect. The reason is the stability of d?? configuration.,Variable Oxidation State Stability in d-block,Exchange Energy and Half-Filled Shell Stability,"[0.0, 0.0, 0.0, 0.0, 0.0, 0.0, 0.0, 0.0, 0.0, 0.0, 0.0, 0.0, 0.0, 0.0, 0.0, 0.0, 0.0, 0.0, 0.0, 0.0, 0.0, 0.0, 0.0, 0.0, 0.0, 0.0, 0.0, 0.0, 0.0, 0.0, 0.0, 1.2, 1.0, 0.0, 0.0, 0.0, 0.0, 0.0, 0.0, 0.0, 0.0, 0.0, 0.0, 0.0, 0.0, 0.0, 0.0, 0.0, 0.0, 0.0, 0.0, 0.0, 0.0, 0.0, 0.0, 0.0, 0.0, 0.0]",0.7,2,"[0, 0, 0, 0, 1, 0, 0, 0, 0, 0, 0, 0, 0, 0, 0]","[0, 0, 0, 0, 0, 0, 0, 0, 0, 0, 0, 0, 0, 0, 0]","[0, 0, 0, 0, 0, 0, 0, 0, 0, 1, 0, 0, 0, 0, 0]","[0, 0, 0, 0, 0, 0, 1, 0, 0, 0, 0, 0, 0, 0, 0]",0.4845,0.4222
VariableOxState_08,The oxidation state of iron in Fe?O? is:,+2 only,+2 and +4,Mixed (+2 and +3),+3 only,Incorrect.,Incorrect.,Correct. Fe?O? is a mixed-valence compound containing Fe?? and Fe?? ions.,Incorrect.,Variable Oxidation State Stability in d-block,None (Foundation Concept),"[0.0, 0.0, 0.0, 0.0, 0.0, 0.0, 0.0, 0.0, 0.0, 0.0, 0.0, 0.0, 0.0, 0.0, 0.0, 0.0, 0.0, 0.0, 0.0, 0.0, 0.0, 0.0, 0.0, 0.0, 0.0, 0.0, 0.0, 0.0, 0.0, 0.0, 0.0, 1.0, 0.0, 0.0, 0.0, 0.0, 0.0, 0.0, 0.0, 0.0, 0.0, 0.0, 0.0, 0.0, 0.0, 0.0, 0.0, 0.0, 0.0, 0.0, 0.0, 0.0, 0.0, 0.0, 0.0, 0.0, 0.0, 0.0]",0.6,3,"[0, 0, 0, 0, 0, 0, 0, 0, 0, 0, 0, 0, 0, 0, 0]","[0, 0, 0, 0, 0, 0, 0, 0, 0, 0, 0, 0, 0, 0, 0]","[0, 0, 0, 0, 0, 0, 0, 0, 0, 0, 0, 0, 0, 0, 0]","[0, 0, 0, 0, 0, 0, 1, 0, 0, 0, 0, 0, 0, 0, 0]",0.412,0.2502
VariableOxState_09,Which of the following is the most stable oxidation state of chromium?,4,2,6,3,Incorrect. Cr?? is less common.,Incorrect. Cr?? is easily oxidized.,Incorrect. Cr?? is a strong oxidant.,Correct. Cr?? has a stable d? configuration and is the most common and stable state.,Variable Oxidation State Stability in d-block,Exchange Energy and Half-Filled Shell Stability,"[0.0, 0.0, 0.0, 0.0, 0.0, 0.0, 0.0, 0.0, 0.0, 0.0, 0.0, 0.0, 0.0, 0.0, 0.0, 0.0, 0.0, 0.0, 0.0, 0.0, 0.0, 0.0, 0.0, 0.0, 0.0, 0.0, 0.0, 0.0, 0.0, 0.0, 0.0, 1.0, 1.2, 0.0, 0.0, 0.0, 0.0, 0.0, 0.0, 0.0, 0.0, 0.0, 0.0, 0.0, 0.0, 0.0, 0.0, 0.0, 0.0, 0.0, 0.0, 0.0, 0.0, 0.0, 0.0, 0.0, 0.0, 0.0]",0.6,4,"[0, 0, 0, 0, 1, 0, 0, 0, 0, 0, 0, 0, 0, 0, 0]","[0, 0, 0, 0, 0, 1, 0, 0, 0, 0, 0, 0, 0, 0, 0]","[0, 0, 0, 0, 0, 0, 0, 0, 0, 1, 0, 0, 0, 0, 0]","[0, 0, 0, 0, 0, 0, 0, 0, 0, 0, 0, 0, 0, 0, 0]",0.4289,0.2903
VariableOxState_10,The ability of transition metals to show variable oxidation states is due to:,The participation of both ns and (n-1)d electrons in bonding.,Their high melting points.,Their catalytic activity.,The presence of unpaired electrons.,Correct. The small energy difference allows both sets of electrons to be used.,"Incorrect. High melting points are due to strong metallic bonding, not the cause of variable oxidation states.",Incorrect. Catalytic activity is related to variable oxidation states but not the cause.,"Incorrect. Unpaired electrons are a consequence, not the cause.",Variable Oxidation State Stability in d-block,"Exchange Energy and Half-Filled Shell Stability, Effective Nuclear Charge","[0.5, 0.0, 0.0, 0.0, 0.0, 0.0, 0.0, 0.0, 0.0, 0.0, 0.0, 0.0, 0.0, 0.0, 0.0, 0.0, 0.0, 0.0, 0.0, 0.0, 0.0, 0.0, 0.0, 0.0, 0.0, 0.0, 0.0, 0.0, 0.0, 0.0, 0.0, 1.2, 1.0, 0.0, 0.0, 0.0, 0.0, 0.0, 0.0, 0.0, 0.0, 0.0, 0.0, 0.0, 0.0, 0.0, 0.0, 0.0, 0.0, 0.0, 0.0, 0.0, 0.0, 0.0, 0.0, 0.0, 0.0, 0.0]",0.6,1,"[0, 0, 0, 0, 0, 0, 0, 0, 0, 0, 0, 0, 0, 0, 0]","[0, 0, 0, 0, 0, 1, 0, 0, 0, 0, 0, 0, 0, 0, 0]","[0, 0, 0, 0, 0, 0, 0, 0, 0, 1, 0, 0, 0, 0, 0]","[0, 0, 0, 0, 0, 0, 1, 0, 0, 0, 0, 0, 0, 0, 0]",0.4366,0.284
ExchangeEnergy_01,What is exchange energy in the context of electronic configuration?,"The energy lowering that occurs when electrons with parallel spins exchange positions in degenerate orbitals, due to the Coulomb repulsion being reduced.",The energy released when an electron is added to an atom.,The energy released when electrons are paired in the same orbital.,The energy required to promote an electron to a higher orbital.,Correct. Exchange energy is a quantum mechanical stabilization that arises from the indistinguishability of electrons with parallel spins; more parallel spins lead to greater exchange energy.,Incorrect. This is electron gain enthalpy.,"Incorrect. This describes pairing energy, not exchange energy.",Incorrect. This is excitation energy.,Exchange Energy and Half-Filled Shell Stability,Electron-Electron Repulsion,"[0.0, 0.0, 0.0, 0.5, 0.0, 0.0, 0.0, 0.0, 0.0, 0.0, 0.0, 0.0, 0.0, 0.0, 0.0, 0.0, 0.0, 0.0, 0.0, 0.0, 0.0, 0.0, 0.0, 0.0, 0.0, 0.0, 0.0, 0.0, 0.0, 0.0, 0.0, 0.0, 1.5, 0.0, 0.0, 0.0, 0.0, 0.0, 0.0, 0.0, 0.0, 0.0, 0.0, 0.0, 0.0, 0.0, 0.0, 0.0, 0.0, 0.0, 0.0, 0.0, 0.0, 0.0, 0.0, 0.0, 0.0, 0.0]",0.6,1,"[0, 0, 0, 0, 0, 0, 0, 0, 0, 0, 0, 0, 0, 0, 0]","[0, 0, 0, 0, 0, 0, 0, 0, 0, 0, 1, 0, 0, 0, 0]","[0, 1, 0, 0, 0, 0, 0, 0, 0, 0, 0, 0, 0, 0, 0]","[0, 0, 0, 0, 0, 0, 1, 0, 0, 0, 0, 0, 0, 0, 0]",0.7177,0.16
ExchangeEnergy_02,"Why is the half-filled d? configuration (e.g., Mn??) particularly stable?",It has a symmetrical electron cloud.,"It has the maximum number of parallel spins, leading to the highest exchange energy.",It has a completely filled d subshell.,It has a low effective nuclear charge.,Incorrect. Symmetry contributes but the key is exchange energy.,"Correct. In a half-filled configuration, all five electrons have parallel spins (Hund's rule), maximizing exchange energy and providing extra stability.",Incorrect. Half-filled is not completely filled; d?? is completely filled.,"Incorrect. Effective nuclear charge is high, not low.",Exchange Energy and Half-Filled Shell Stability,Electron-Electron Repulsion,"[0.0, 0.0, 0.0, 1.0, 0.0, 0.0, 0.0, 0.0, 0.0, 0.0, 0.0, 0.0, 0.0, 0.0, 0.0, 0.0, 0.0, 0.0, 0.0, 0.0, 0.0, 0.0, 0.0, 0.0, 0.0, 0.0, 0.0, 0.0, 0.0, 0.0, 0.0, 0.0, 1.2, 0.0, 0.0, 0.0, 0.0, 0.0, 0.0, 0.0, 0.0, 0.0, 0.0, 0.0, 0.0, 0.0, 0.0, 0.0, 0.0, 0.0, 0.0, 0.0, 0.0, 0.0, 0.0, 0.0, 0.0, 0.0]",0.7,2,"[0, 0, 0, 0, 0, 0, 0, 0, 1, 0, 0, 0, 0, 0, 0]","[0, 0, 0, 0, 0, 0, 0, 0, 0, 0, 0, 0, 0, 0, 0]","[0, 0, 0, 0, 0, 0, 0, 0, 0, 0, 0, 0, 0, 0, 0]","[0, 0, 0, 0, 0, 0, 1, 0, 0, 0, 0, 0, 0, 0, 0]",0.4494,0.4177
ExchangeEnergy_03,The electronic configuration of Cr is [Ar] 3d? 4s? instead of [Ar] 3d? 4s?. This is due to:,Higher exchange energy in the half-filled d? configuration outweighing the energy cost of promoting a 4s electron to 3d.,The presence of a stable 4s? configuration.,The 4s orbital having higher energy than 3d in chromium.,The Pauli exclusion principle.,"Correct. The exchange energy gained by having five unpaired electrons in the 3d orbitals (d?) is greater than the energy required to promote one electron from 4s to 3d, making the half-filled configuration more stable.","Incorrect. The stability comes from the d? half-filled, not from 4s? alone.","Incorrect. For Cr, the 4s and 3d energies are very close; the 4s orbital is not higher in energy than 3d.",Incorrect. Pauli principle does not determine this anomaly.,Exchange Energy and Half-Filled Shell Stability,Electron-Electron Repulsion,"[0.0, 0.0, 0.0, 1.0, 0.0, 0.0, 0.0, 0.0, 0.0, 0.0, 0.0, 0.0, 0.0, 0.0, 0.0, 0.0, 0.0, 0.0, 0.0, 0.0, 0.0, 0.0, 0.0, 0.0, 0.0, 0.0, 0.0, 0.0, 0.0, 0.0, 0.0, 0.0, 1.5, 0.0, 0.0, 0.0, 0.0, 0.0, 0.0, 0.0, 0.0, 0.0, 0.0, 0.0, 0.0, 0.0, 0.0, 0.0, 0.0, 0.0, 0.0, 0.0, 0.0, 0.0, 0.0, 0.0, 0.0, 0.0]",0.8,1,"[0, 0, 0, 0, 0, 0, 0, 0, 0, 0, 0, 0, 0, 0, 0]","[0, 0, 0, 0, 0, 0, 0, 0, 0, 0, 1, 0, 0, 0, 0]","[0, 1, 0, 0, 0, 0, 0, 0, 0, 0, 0, 0, 0, 0, 0]","[0, 0, 0, 0, 0, 0, 1, 0, 0, 0, 0, 0, 0, 0, 0]",0.4923,0.4565
ExchangeEnergy_04,Which of the following ions has the highest exchange energy?,Co?? (3d?),Mn?? (3d?),Fe?? (3d?),Ni?? (3d?),Incorrect. Co?? (high-spin) has three unpaired.,"Correct. Mn?? has five unpaired electrons, giving the maximum exchange energy among these. Fe?? has four unpaired, Co?? three, Ni?? two (in high-spin configurations).","Incorrect. Fe?? (high-spin) has four unpaired, less than five.",Incorrect. Ni?? has two unpaired (in high-spin octahedral).,Exchange Energy and Half-Filled Shell Stability,Electron-Electron Repulsion,"[0.0, 0.0, 0.0, 1.2, 0.0, 0.0, 0.0, 0.0, 0.0, 0.0, 0.0, 0.0, 0.0, 0.0, 0.0, 0.0, 0.0, 0.0, 0.0, 0.0, 0.0, 0.0, 0.0, 0.0, 0.0, 0.0, 0.0, 0.0, 0.0, 0.0, 0.0, 0.0, 1.0, 0.0, 0.0, 0.0, 0.0, 0.0, 0.0, 0.0, 0.0, 0.0, 0.0, 0.0, 0.0, 0.0, 0.0, 0.0, 0.0, 0.0, 0.0, 0.0, 0.0, 0.0, 0.0, 0.0, 0.0, 0.0]",0.6,2,"[0, 0, 0, 0, 0, 0, 0, 0, 1, 0, 0, 0, 0, 0, 0]","[0, 0, 0, 0, 0, 0, 0, 0, 0, 0, 0, 0, 0, 0, 0]","[0, 1, 0, 0, 0, 0, 0, 0, 0, 0, 0, 0, 0, 0, 0]","[0, 0, 0, 0, 0, 0, 1, 0, 0, 0, 0, 0, 0, 0, 0]",0.4445,0.2825
ExchangeEnergy_05,The extra stability of a half-filled subshell is observed in:,All of the above,Fe?? (3d?),Mn?? (3d?),N atom (2p?),"Correct. All three have a half-filled p or d subshell, leading to enhanced stability due to maximum exchange energy.",Incorrect.,Incorrect.,Incorrect.,Exchange Energy and Half-Filled Shell Stability,Electron-Electron Repulsion,"[0.0, 0.0, 0.0, 1.2, 0.0, 0.0, 0.0, 0.0, 0.0, 0.0, 0.0, 0.0, 0.0, 0.0, 0.0, 0.0, 0.0, 0.0, 0.0, 0.0, 0.0, 0.0, 0.0, 0.0, 0.0, 0.0, 0.0, 0.0, 0.0, 0.0, 0.0, 0.0, 1.0, 0.0, 0.0, 0.0, 0.0, 0.0, 0.0, 0.0, 0.0, 0.0, 0.0, 0.0, 0.0, 0.0, 0.0, 0.0, 0.0, 0.0, 0.0, 0.0, 0.0, 0.0, 0.0, 0.0, 0.0, 0.0]",0.6,1,"[0, 0, 0, 0, 0, 0, 0, 0, 0, 0, 0, 0, 0, 0, 0]","[0, 0, 0, 0, 0, 0, 0, 0, 0, 0, 1, 0, 0, 0, 0]","[0, 1, 0, 0, 0, 0, 0, 0, 0, 0, 0, 0, 0, 0, 0]","[0, 0, 0, 0, 0, 0, 1, 0, 0, 0, 0, 0, 0, 0, 0]",0.4292,0.2888
ExchangeEnergy_06,Which of the following statements about exchange energy is correct?,Exchange energy is responsible for the pairing of electrons in orbitals.,Exchange energy is a stabilizing effect that increases with the number of parallel spins.,Exchange energy is always positive and destabilizing.,Exchange energy is only important for p-block elements.,Incorrect. Pairing reduces exchange energy; exchange energy favors unpaired electrons.,Correct. More unpaired electrons with parallel spins lead to greater exchange energy and greater stability.,Incorrect. Exchange energy is a negative (stabilizing) contribution.,"Incorrect. It is important for all atoms with degenerate orbitals, including d-block.",Exchange Energy and Half-Filled Shell Stability,Electron-Electron Repulsion,"[0.0, 0.0, 0.0, 1.0, 0.0, 0.0, 0.0, 0.0, 0.0, 0.0, 0.0, 0.0, 0.0, 0.0, 0.0, 0.0, 0.0, 0.0, 0.0, 0.0, 0.0, 0.0, 0.0, 0.0, 0.0, 0.0, 0.0, 0.0, 0.0, 0.0, 0.0, 0.0, 1.2, 0.0, 0.0, 0.0, 0.0, 0.0, 0.0, 0.0, 0.0, 0.0, 0.0, 0.0, 0.0, 0.0, 0.0, 0.0, 0.0, 0.0, 0.0, 0.0, 0.0, 0.0, 0.0, 0.0, 0.0, 0.0]",0.6,2,"[0, 0, 0, 0, 0, 0, 0, 0, 1, 0, 0, 0, 0, 0, 0]","[0, 0, 0, 0, 0, 0, 0, 0, 0, 0, 0, 0, 0, 0, 0]","[0, 1, 0, 0, 0, 0, 0, 0, 0, 0, 0, 0, 0, 0, 0]","[0, 0, 0, 0, 0, 0, 0, 0, 0, 0, 0, 0, 0, 0, 0]",0.4694,0.2942
ExchangeEnergy_07,The exchange energy is directly proportional to the number of:,Unpaired electrons in degenerate orbitals,Core electrons,Electron pairs,Electrons in the outermost shell,Correct. Exchange energy arises from interactions between electrons with parallel spins in degenerate orbitals; more unpaired electrons give more exchange interactions.,Incorrect. Core electrons are usually paired and not in degenerate orbitals.,Incorrect. Pairs do not contribute to exchange energy.,Incorrect. Valence electrons count alone is not the factor; it's about parallel spins in degenerate orbitals.,Exchange Energy and Half-Filled Shell Stability,Electron-Electron Repulsion,"[0.0, 0.0, 0.0, 0.8, 0.0, 0.0, 0.0, 0.0, 0.0, 0.0, 0.0, 0.0, 0.0, 0.0, 0.0, 0.0, 0.0, 0.0, 0.0, 0.0, 0.0, 0.0, 0.0, 0.0, 0.0, 0.0, 0.0, 0.0, 0.0, 0.0, 0.0, 0.0, 1.2, 0.0, 0.0, 0.0, 0.0, 0.0, 0.0, 0.0, 0.0, 0.0, 0.0, 0.0, 0.0, 0.0, 0.0, 0.0, 0.0, 0.0, 0.0, 0.0, 0.0, 0.0, 0.0, 0.0, 0.0, 0.0]",0.6,1,"[0, 0, 0, 0, 0, 0, 0, 0, 0, 0, 0, 0, 0, 0, 0]","[0, 0, 0, 0, 0, 0, 0, 0, 0, 0, 1, 0, 0, 0, 0]","[0, 1, 0, 0, 0, 0, 0, 0, 0, 0, 0, 0, 0, 0, 0]","[0, 0, 0, 0, 0, 0, 1, 0, 0, 0, 0, 0, 0, 0, 0]",0.4578,0.2942
ExchangeEnergy_08,Why is the first ionization enthalpy of oxygen lower than that of nitrogen?,"Nitrogen has a half-filled p subshell giving extra stability, so removing an electron from N requires more energy.",Oxygen has a smaller atomic radius.,Both A and C,Oxygen has a higher exchange energy in the 2p? configuration of N compared to 2p? of O.,"Incorrect. N has a stable half-filled configuration; O has a paired electron, reducing exchange energy and making it easier to remove.","Incorrect. Smaller radius would increase IE, not decrease.",Correct. Both statements A and C explain the anomaly.,Incorrect. This is partly correct but incomplete.,Exchange Energy and Half-Filled Shell Stability,"Electron-Electron Repulsion, Ionization Enthalpy Trend","[0.0, 0.0, 0.0, 1.0, 0.0, 0.0, 0.0, 0.0, 0.0, 0.0, 0.0, 0.8, 0.0, 0.0, 0.0, 0.0, 0.0, 0.0, 0.0, 0.0, 0.0, 0.0, 0.0, 0.0, 0.0, 0.0, 0.0, 0.0, 0.0, 0.0, 0.0, 0.0, 1.2, 0.0, 0.0, 0.0, 0.0, 0.0, 0.0, 0.0, 0.0, 0.0, 0.0, 0.0, 0.0, 0.0, 0.0, 0.0, 0.0, 0.0, 0.0, 0.0, 0.0, 0.0, 0.0, 0.0, 0.0, 0.0]",0.7,3,"[0, 0, 0, 0, 0, 0, 0, 0, 1, 0, 0, 0, 0, 0, 0]","[0, 0, 0, 0, 0, 0, 0, 0, 0, 0, 1, 0, 0, 0, 0]","[0, 0, 0, 0, 0, 0, 0, 0, 0, 0, 0, 0, 0, 0, 0]","[0, 0, 0, 0, 0, 0, 1, 0, 0, 0, 0, 0, 0, 0, 0]",0.5482,0.2822
ExchangeEnergy_09,The ground state configuration of Cu is [Ar] 3d?? 4s? rather than [Ar] 3d? 4s?. This is due to:,The Pauli exclusion principle.,The 4s orbital being lower in energy than 3d.,Higher exchange energy in the completely filled d?? configuration.,The inert pair effect.,Incorrect.,"Incorrect. For Cu, 3d is lower than 4s after filling; the configuration reflects the stability of d??.","Correct. The completely filled d?? configuration has all d orbitals doubly occupied, providing maximal exchange energy stabilization and symmetrical distribution, giving it extra stability.",Incorrect. Inert pair effect is for p-block.,Exchange Energy and Half-Filled Shell Stability,Electron-Electron Repulsion,"[0.0, 0.0, 0.0, 1.0, 0.0, 0.0, 0.0, 0.0, 0.0, 0.0, 0.0, 0.0, 0.0, 0.0, 0.0, 0.0, 0.0, 0.0, 0.0, 0.0, 0.0, 0.0, 0.0, 0.0, 0.0, 0.0, 0.0, 0.0, 0.0, 0.0, 0.0, 0.0, 1.2, 0.0, 0.0, 0.0, 0.0, 0.0, 0.0, 0.0, 0.0, 0.0, 0.0, 0.0, 0.0, 0.0, 0.0, 0.0, 0.0, 0.0, 0.0, 0.0, 0.0, 0.0, 0.0, 0.0, 0.0, 0.0]",0.7,3,"[0, 0, 0, 0, 0, 0, 0, 0, 0, 0, 0, 0, 0, 0, 0]","[0, 0, 0, 0, 0, 0, 0, 0, 0, 0, 1, 0, 0, 0, 0]","[0, 0, 0, 0, 0, 0, 0, 0, 0, 0, 0, 0, 0, 0, 0]","[0, 0, 0, 0, 0, 0, 1, 0, 0, 0, 0, 0, 0, 0, 0]",0.6522,0.4498
ExchangeEnergy_10,Exchange energy is a quantum mechanical concept that explains:,Hund's rule of maximum multiplicity,The periodic law,The Aufbau principle,The Pauli exclusion principle,"Correct. Hund's rule states that electrons occupy degenerate orbitals singly with parallel spins first, maximizing exchange energy and total spin.","Incorrect. Periodic law is about trends, not directly exchange energy.","Incorrect. Aufbau is about order of filling, not directly exchange energy.",Incorrect. Pauli principle deals with no two electrons having same quantum numbers.,Exchange Energy and Half-Filled Shell Stability,Electron-Electron Repulsion,"[0.0, 0.0, 0.0, 1.0, 0.0, 0.0, 0.0, 0.0, 0.0, 0.0, 0.0, 0.0, 0.0, 0.0, 0.0, 0.0, 0.0, 0.0, 0.0, 0.0, 0.0, 0.0, 0.0, 0.0, 0.0, 0.0, 0.0, 0.0, 0.0, 0.0, 0.0, 0.0, 1.2, 0.0, 0.0, 0.0, 0.0, 0.0, 0.0, 0.0, 0.0, 0.0, 0.0, 0.0, 0.0, 0.0, 0.0, 0.0, 0.0, 0.0, 0.0, 0.0, 0.0, 0.0, 0.0, 0.0, 0.0, 0.0]",0.6,1,"[0, 0, 0, 0, 0, 0, 0, 0, 0, 0, 0, 0, 0, 0, 0]","[0, 0, 0, 0, 0, 0, 0, 0, 0, 0, 1, 0, 0, 0, 0]","[0, 1, 0, 0, 0, 0, 0, 0, 0, 0, 0, 0, 0, 0, 0]","[0, 0, 0, 0, 0, 0, 1, 0, 0, 0, 0, 0, 0, 0, 0]",0.4589,0.2756
StdElectrode_01,What is the standard electrode potential (E?) of a half-cell?,The potential of a metal in its salt solution at any concentration.,The energy required to ionize a metal.,The voltage generated by a Daniel cell.,The potential difference between the half-cell and a standard hydrogen electrode under standard conditions.,Incorrect. This describes the non-standard potential.,Incorrect. That is ionization energy.,"Incorrect. That is a specific cell, not the definition.","Correct. E? is measured relative to the SHE, with all species at 1 M, 1 bar, 298 K.",Standard Electrode Potential Trends in d-block,None (Foundation Concept),"[0.0, 0.0, 0.0, 0.0, 0.0, 0.0, 0.0, 0.0, 0.0, 0.0, 0.0, 0.0, 0.0, 0.0, 0.0, 0.0, 0.0, 0.0, 0.0, 0.0, 0.0, 0.0, 0.0, 0.0, 0.0, 0.0, 0.0, 0.0, 0.0, 0.0, 0.0, 0.0, 0.0, 1.5, 0.0, 0.0, 0.0, 0.0, 0.0, 0.0, 0.0, 0.0, 0.0, 0.0, 0.0, 0.0, 0.0, 0.0, 0.0, 0.0, 0.0, 0.0, 0.0, 0.0, 0.0, 0.0, 0.0, 0.0]",0.7,4,"[0, 0, 0, 0, 0, 0, 0, 0, 0, 0, 1, 0, 0, 0, 0]","[0, 0, 0, 1, 0, 0, 0, 0, 0, 0, 0, 0, 0, 0, 0]","[0, 0, 0, 0, 1, 0, 0, 0, 0, 0, 0, 0, 0, 0, 0]","[0, 0, 0, 0, 0, 0, 0, 0, 0, 0, 0, 0, 0, 0, 0]",0.4863,0.2321
StdElectrode_02,The standard electrode potential (E?) for the M??/M couple becomes less negative (more positive) across the first transition series from Ti to Cu. This trend is due to:,Decreasing metallic character,Increasing effective nuclear charge,"Increasing ionization enthalpy and hydration enthalpy, but with significant anomalies at Mn and Zn due to electronic configuration stability.",Decreasing atomic radius,"Incorrect. Metallic character decreases, but the potential trend is more complex.","Incorrect. Z_eff increases, but the trend is not monotonic.","Incorrect. While atomic radius decreases, it's not the direct cause of the trend.","Correct. The general trend is governed by the sum of ionization enthalpies and hydration enthalpies; the anomalies (e.g., Mn??/Mn more negative than expected) are due to the extra stability of half-filled d? configuration in Mn??.",Standard Electrode Potential Trends in d-block,"Ionization Enthalpy Trend, Hydration Enthalpy","[0.0, 0.0, 0.0, 0.0, 0.0, 0.0, 0.0, 0.8, 0.0, 0.0, 0.0, 1.0, 0.0, 0.0, 0.0, 0.0, 0.0, 0.0, 0.0, 0.0, 0.0, 0.0, 0.0, 0.0, 0.0, 0.0, 0.0, 0.0, 0.0, 0.0, 0.0, 0.0, 0.0, 1.2, 0.0, 0.0, 0.0, 0.0, 0.0, 0.0, 0.0, 0.0, 0.0, 0.0, 0.0, 0.0, 0.0, 0.0, 0.0, 0.0, 0.0, 0.0, 0.0, 0.0, 0.0, 0.0, 0.0, 0.0]",0.8,4,"[0, 0, 0, 0, 0, 0, 0, 0, 0, 0, 1, 0, 0, 0, 0]","[0, 0, 0, 1, 0, 0, 0, 0, 0, 0, 0, 0, 0, 0, 0]","[0, 0, 0, 0, 1, 0, 0, 0, 0, 0, 0, 0, 0, 0, 0]","[0, 0, 0, 0, 0, 0, 0, 0, 0, 0, 0, 0, 0, 0, 0]",0.7213,0.4843
StdElectrode_03,"The E? value for Mn??/Mn is more negative than that of Cr??/Cr, even though the atomic number is higher. This is because:",Cr?? has a d? configuration which is less stable.,"Mn?? has a half-filled d? configuration, which is highly stable, making the reduction of Mn?? to Mn less favorable (more negative E?).",Mn has a larger atomic radius.,Mn has a lower ionization enthalpy.,"Incorrect. Cr?? is d?, but the anomaly is due to Mn?? stability.","Correct. The stability of Mn?? (d?) means that it is less easily reduced to Mn, resulting in a more negative reduction potential.","Incorrect. Atomic radius of Mn is smaller than Cr, but this is not the primary reason.","Incorrect. Mn has higher ionization enthalpy than Cr, not lower.",Standard Electrode Potential Trends in d-block,Exchange Energy and Half-Filled Shell Stability,"[0.0, 0.0, 0.0, 0.0, 0.0, 0.0, 0.0, 0.0, 0.0, 0.0, 0.0, 0.0, 0.0, 0.0, 0.0, 0.0, 0.0, 0.0, 0.0, 0.0, 0.0, 0.0, 0.0, 0.0, 0.0, 0.0, 0.0, 0.0, 0.0, 0.0, 0.0, 0.0, 1.0, 1.5, 0.0, 0.0, 0.0, 0.0, 0.0, 0.0, 0.0, 0.0, 0.0, 0.0, 0.0, 0.0, 0.0, 0.0, 0.0, 0.0, 0.0, 0.0, 0.0, 0.0, 0.0, 0.0, 0.0, 0.0]",0.9,2,"[0, 0, 0, 0, 0, 0, 0, 0, 0, 0, 1, 0, 0, 0, 0]","[0, 0, 0, 0, 0, 0, 0, 0, 0, 0, 0, 0, 0, 0, 0]","[0, 0, 0, 0, 1, 0, 0, 0, 0, 0, 0, 0, 0, 0, 0]","[0, 0, 1, 0, 0, 0, 0, 0, 0, 0, 0, 0, 0, 0, 0]",0.5733,0.4676
StdElectrode_04,"Which of the following ions has the highest tendency to get reduced to the metal (i.e., most positive E? for M??/M)?",Co??,Ni??,Zn??,Cu??,Incorrect. Co??/Co is -0.28 V.,Incorrect. Ni??/Ni is -0.25 V.,Incorrect. Zn??/Zn is -0.76 V.,"Correct. Cu??/Cu has a positive E? (+0.34 V), while others have negative values, indicating Cu?? is most easily reduced.",Standard Electrode Potential Trends in d-block,None (Foundation Concept),"[0.0, 0.0, 0.0, 0.0, 0.0, 0.0, 0.0, 0.0, 0.0, 0.0, 0.0, 0.0, 0.0, 0.0, 0.0, 0.0, 0.0, 0.0, 0.0, 0.0, 0.0, 0.0, 0.0, 0.0, 0.0, 0.0, 0.0, 0.0, 0.0, 0.0, 0.0, 0.0, 0.0, 1.0, 0.0, 0.0, 0.0, 0.0, 0.0, 0.0, 0.0, 0.0, 0.0, 0.0, 0.0, 0.0, 0.0, 0.0, 0.0, 0.0, 0.0, 0.0, 0.0, 0.0, 0.0, 0.0, 0.0, 0.0]",0.7,4,"[0, 0, 0, 0, 0, 0, 0, 0, 0, 0, 1, 0, 0, 0, 0]","[0, 0, 0, 1, 0, 0, 0, 0, 0, 0, 0, 0, 0, 0, 0]","[0, 0, 0, 0, 1, 0, 0, 0, 0, 0, 0, 0, 0, 0, 0]","[0, 0, 0, 0, 0, 0, 0, 0, 0, 0, 0, 0, 0, 0, 0]",0.4575,0.4764
StdElectrode_05,The standard electrode potential for Fe??/Fe?? is +0.77 V. This means:,Fe?? is a stronger oxidizing agent than Fe??.,Fe?? is a stronger reducing agent than Fe??.,Fe?? is more stable than Fe??.,Both A and B,"Incorrect. The positive potential indicates that Fe?? + e? ? Fe?? is spontaneous; thus Fe?? is an oxidizing agent, and Fe?? is a reducing agent.",Incorrect. This is also true; Fe?? is a reducing agent.,Incorrect. Fe?? is not necessarily more stable; it is higher in energy but gets reduced easily.,"Correct. Both statements are correct: Fe?? is an oxidizer, Fe?? is a reducer.",Standard Electrode Potential Trends in d-block,Redox Stability and Disproportionation Tendencies,"[0.0, 0.0, 0.0, 0.0, 0.0, 0.0, 0.0, 0.0, 0.0, 0.0, 0.0, 0.0, 0.0, 0.0, 0.0, 0.0, 0.0, 0.0, 0.0, 0.0, 0.0, 0.0, 0.0, 0.0, 0.0, 0.0, 0.0, 0.0, 0.0, 0.0, 0.0, 0.0, 0.0, 1.2, 0.0, 0.0, 0.0, 0.0, 0.0, 1.0, 0.0, 0.0, 0.0, 0.0, 0.0, 0.0, 0.0, 0.0, 0.0, 0.0, 0.0, 0.0, 0.0, 0.0, 0.0, 0.0, 0.0, 0.0]",0.8,4,"[0, 0, 0, 0, 0, 0, 0, 0, 0, 0, 1, 0, 0, 0, 0]","[0, 0, 0, 1, 0, 0, 0, 0, 0, 0, 0, 0, 0, 0, 0]","[0, 0, 0, 0, 1, 0, 0, 0, 0, 0, 0, 0, 0, 0, 0]","[0, 0, 0, 0, 0, 0, 0, 0, 0, 0, 0, 0, 0, 0, 0]",0.4866,0.4285
StdElectrode_06,Why does Cr?? have a high negative E? for Cr??/Cr???,Cr?? is easily oxidized.,"Cr?? has a stable d? configuration, making it difficult to reduce to Cr?? (d?).",Cr?? is a strong reducing agent.,Cr?? has a stable half-filled configuration.,"Incorrect. Cr2+ is indeed easily oxidized to Cr3+, but that is a consequence of Cr3+'s stability rather than the primary explanation; the stability of the half-filled t2g (d3) configuration in Cr3+ is the direct reason.","Correct. Cr?? (d?) has a half-filled t?g level in octahedral field, giving extra stability. Reducing it to Cr?? (d?) is unfavorable, so E?(Cr??/Cr??) is negative (-0.41 V).",Incorrect. Actually Cr?? is a strong reducing agent; Cr?? is stable.,"Incorrect. Cr?? has d?, not half-filled.",Standard Electrode Potential Trends in d-block,Exchange Energy and Half-Filled Shell Stability,"[0.0, 0.0, 0.0, 0.0, 0.0, 0.0, 0.0, 0.0, 0.0, 0.0, 0.0, 0.0, 0.0, 0.0, 0.0, 0.0, 0.0, 0.0, 0.0, 0.0, 0.0, 0.0, 0.0, 0.0, 0.0, 0.0, 0.0, 0.0, 0.0, 0.0, 0.0, 0.0, 1.0, 1.2, 0.0, 0.0, 0.0, 0.0, 0.0, 0.0, 0.0, 0.0, 0.0, 0.0, 0.0, 0.0, 0.0, 0.0, 0.0, 0.0, 0.0, 0.0, 0.0, 0.0, 0.0, 0.0, 0.0, 0.0]",0.8,2,"[0, 0, 0, 0, 0, 0, 0, 0, 0, 0, 1, 0, 0, 0, 0]","[0, 0, 0, 0, 0, 0, 0, 0, 0, 0, 0, 0, 0, 0, 0]","[0, 0, 0, 0, 0, 0, 0, 0, 0, 0, 0, 0, 0, 0, 0]","[0, 0, 1, 0, 0, 0, 0, 0, 0, 0, 0, 0, 0, 0, 0]",0.4337,0.4073
StdElectrode_07,The E? values for M??/M?? couples in the first transition series show a peak at Mn??/Mn?? (+1.57 V) because:,Mn has a high ionization energy.,Mn?? has a stable d? configuration.,Mn?? is easily reduced.,"Mn?? has a stable d? configuration, making oxidation to Mn?? difficult, so the reduction potential is high.",Incorrect. Ionization energy is not the direct factor here.,"Incorrect. Mn?? is d?, not particularly stable.",Incorrect. Mn?? is not easily reduced; it is stable.,"Correct. Mn?? is very stable (half-filled d?). Therefore, Mn?? is a strong oxidizing agent (tends to get reduced to Mn??), giving a high positive E?.",Standard Electrode Potential Trends in d-block,Exchange Energy and Half-Filled Shell Stability,"[0.0, 0.0, 0.0, 0.0, 0.0, 0.0, 0.0, 0.0, 0.0, 0.0, 0.0, 0.0, 0.0, 0.0, 0.0, 0.0, 0.0, 0.0, 0.0, 0.0, 0.0, 0.0, 0.0, 0.0, 0.0, 0.0, 0.0, 0.0, 0.0, 0.0, 0.0, 0.0, 1.0, 1.5, 0.0, 0.0, 0.0, 0.0, 0.0, 0.0, 0.0, 0.0, 0.0, 0.0, 0.0, 0.0, 0.0, 0.0, 0.0, 0.0, 0.0, 0.0, 0.0, 0.0, 0.0, 0.0, 0.0, 0.0]",0.9,4,"[0, 0, 0, 0, 0, 0, 0, 0, 0, 0, 1, 0, 0, 0, 0]","[0, 0, 0, 1, 0, 0, 0, 0, 0, 0, 0, 0, 0, 0, 0]","[0, 0, 0, 0, 1, 0, 0, 0, 0, 0, 0, 0, 0, 0, 0]","[0, 0, 0, 0, 0, 0, 0, 0, 0, 0, 0, 0, 0, 0, 0]",0.4711,0.448
StdElectrode_08,Which of the following statements about standard electrode potentials of 3d series is correct?,The E? values for M??/M are all positive.,The E? values for M??/M become progressively more positive from Ti to Cu.,The E? values for M??/M show a regular increase with atomic number.,"The E? values for M??/M become more negative from Ti to Mn, then less negative from Fe to Cu.",Incorrect. Many are negative.,Incorrect. The trend is not monotonic.,Incorrect. It is not regular due to configuration effects.,"Correct. The trend is: Ti (-1.63), V (-1.18), Cr (-0.91), Mn (-1.18), Fe (-0.44), Co (-0.28), Ni (-0.25), Cu (+0.34). So it becomes more negative from Ti to Mn (with a dip at Mn) then less negative (more positive) from Fe to Cu.",Standard Electrode Potential Trends in d-block,Exchange Energy and Half-Filled Shell Stability,"[0.0, 0.0, 0.0, 0.0, 0.0, 0.0, 0.0, 0.0, 0.0, 0.0, 0.0, 0.0, 0.0, 0.0, 0.0, 0.0, 0.0, 0.0, 0.0, 0.0, 0.0, 0.0, 0.0, 0.0, 0.0, 0.0, 0.0, 0.0, 0.0, 0.0, 0.0, 0.0, 1.2, 1.0, 0.0, 0.0, 0.0, 0.0, 0.0, 0.0, 0.0, 0.0, 0.0, 0.0, 0.0, 0.0, 0.0, 0.0, 0.0, 0.0, 0.0, 0.0, 0.0, 0.0, 0.0, 0.0, 0.0, 0.0]",0.8,4,"[0, 0, 0, 0, 0, 0, 0, 0, 0, 0, 0, 0, 0, 0, 0]","[0, 0, 0, 1, 0, 0, 0, 0, 0, 0, 0, 0, 0, 0, 0]","[0, 0, 0, 0, 1, 0, 0, 0, 0, 0, 0, 0, 0, 0, 0]","[0, 0, 0, 0, 0, 0, 0, 0, 0, 0, 0, 0, 0, 0, 0]",0.4889,0.3002
StdElectrode_09,"The standard electrode potential for Cu??/Cu is positive (+0.34 V), whereas for Ni??/Ni it is negative (-0.25 V). This indicates that:",Cu is a stronger reducing agent than Ni.,Cu?? is more easily reduced than Ni??.,Ni?? is a stronger oxidizing agent than Cu??.,Ni?? is more easily reduced than Cu??.,"Incorrect. Cu metal is a weaker reducing agent than Ni (since Ni has more negative E? for M??/M, Ni is more easily oxidized).",Correct. The more positive E? indicates a greater tendency to be reduced.,Incorrect. Cu?? is a stronger oxidizing agent.,"Incorrect. Ni?? has a negative E?, so it is less easily reduced.",Standard Electrode Potential Trends in d-block,None (Foundation Concept),"[0.0, 0.0, 0.0, 0.0, 0.0, 0.0, 0.0, 0.0, 0.0, 0.0, 0.0, 0.0, 0.0, 0.0, 0.0, 0.0, 0.0, 0.0, 0.0, 0.0, 0.0, 0.0, 0.0, 0.0, 0.0, 0.0, 0.0, 0.0, 0.0, 0.0, 0.0, 0.0, 0.0, 1.0, 0.0, 0.0, 0.0, 0.0, 0.0, 0.0, 0.0, 0.0, 0.0, 0.0, 0.0, 0.0, 0.0, 0.0, 0.0, 0.0, 0.0, 0.0, 0.0, 0.0, 0.0, 0.0, 0.0, 0.0]",0.7,2,"[0, 0, 0, 0, 0, 0, 0, 0, 0, 0, 1, 0, 0, 0, 0]","[0, 0, 0, 0, 0, 0, 0, 0, 0, 0, 0, 0, 0, 0, 0]","[0, 0, 0, 0, 0, 0, 0, 0, 0, 0, 0, 0, 0, 0, 0]","[0, 0, 0, 0, 0, 0, 0, 0, 0, 0, 0, 0, 0, 0, 0]",0.4263,0.4479
StdElectrode_10,The unusually low (more negative) E? for Mn??/Mn (-1.18 V) compared to Cr??/Cr (-0.91 V) is attributed to:,High hydration enthalpy of Mn??,High ionization enthalpy of Mn,The extra stability of Mn?? (d?) making the reduction Mn?? + 2e? ? Mn less favorable.,Small size of Mn??,"Incorrect. Ionization enthalpy contributes to the overall energy cycle for M??/M, but it is not the primary reason for Mn's unusually negative E?; the special stability of the half-filled d? configuration in Mn?? is the dominant factor.","Incorrect. A higher ionization enthalpy for Mn contributes to the overall energy cycle, but it is not the main reason for the unusually negative E; the dominant factor is the extra stability of the half-filled d5 configuration in Mn2+, which disfavors reduction to Mn metal.","Correct. The stability of Mn?? means that the reduction to Mn metal is less favorable, giving a more negative E?.","Incorrect. Small size increases hydration enthalpy, which would make E? less negative.",Standard Electrode Potential Trends in d-block,"Exchange Energy and Half-Filled Shell Stability, Hydration Enthalpy","[0.0, 0.0, 0.0, 0.0, 0.0, 0.0, 0.0, 1.0, 0.0, 0.0, 0.0, 0.0, 0.0, 0.0, 0.0, 0.0, 0.0, 0.0, 0.0, 0.0, 0.0, 0.0, 0.0, 0.0, 0.0, 0.0, 0.0, 0.0, 0.0, 0.0, 0.0, 0.0, 1.0, 1.5, 0.0, 0.0, 0.0, 0.0, 0.0, 0.0, 0.0, 0.0, 0.0, 0.0, 0.0, 0.0, 0.0, 0.0, 0.0, 0.0, 0.0, 0.0, 0.0, 0.0, 0.0, 0.0, 0.0, 0.0]",0.9,3,"[0, 0, 0, 0, 0, 0, 0, 0, 0, 0, 1, 0, 0, 0, 0]","[0, 0, 0, 1, 0, 0, 0, 0, 0, 0, 0, 0, 0, 0, 0]","[0, 0, 0, 0, 0, 0, 0, 0, 0, 0, 0, 0, 0, 0, 0]","[0, 0, 1, 0, 0, 0, 0, 0, 0, 0, 0, 0, 0, 0, 0]",0.5166,0.4529
MagneticProperties_01,What is paramagnetism?,The phenomenon where a substance is weakly repelled by a magnetic field.,The phenomenon where a substance shows no magnetic behavior.,The phenomenon where a substance is strongly attracted to a magnetic field due to the presence of unpaired electrons.,The phenomenon where a substance retains magnetism after removal of the field.,Incorrect. That is diamagnetism.,Incorrect. That is diamagnetism or no magnetic moment.,Correct. Paramagnetism arises from unpaired electrons; the substance is attracted into a magnetic field.,Incorrect. That is ferromagnetism.,Magnetic Properties from Unpaired d-electrons,"Energy Level Splitting in Atomic Orbitals, Electron-Electron Repulsion","[0.0, 0.0, 0.0, 0.5, 0.5, 0.0, 0.0, 0.0, 0.0, 0.0, 0.0, 0.0, 0.0, 0.0, 0.0, 0.0, 0.0, 0.0, 0.0, 0.0, 0.0, 0.0, 0.0, 0.0, 0.0, 0.0, 0.0, 0.0, 0.0, 0.0, 0.0, 0.0, 0.0, 0.0, 1.5, 0.0, 0.0, 0.0, 0.0, 0.0, 0.0, 0.0, 0.0, 0.0, 0.0, 0.0, 0.0, 0.0, 0.0, 0.0, 0.0, 0.0, 0.0, 0.0, 0.0, 0.0, 0.0, 0.0]",0.7,3,"[0, 0, 0, 0, 0, 1, 0, 0, 0, 0, 0, 0, 0, 0, 0]","[0, 0, 0, 0, 0, 0, 0, 0, 1, 0, 0, 0, 0, 0, 0]","[0, 0, 0, 0, 0, 0, 0, 0, 0, 0, 0, 0, 0, 0, 0]","[0, 0, 0, 0, 0, 0, 1, 0, 0, 0, 0, 0, 0, 0, 0]",0.5383,0.1633
MagneticProperties_02,Which of the following ions is diamagnetic?,Ni?? (3d?),Cu?? (3d?),Co?? (3d?),Zn?? (3d??),Incorrect. Ni?? has two unpaired electrons (high-spin octahedral).,Incorrect. Cu?? has one unpaired electron (d?).,Incorrect. Co?? has three unpaired electrons (high-spin).,"Correct. Zn?? has a filled d?? configuration with no unpaired electrons, hence diamagnetic.",Magnetic Properties from Unpaired d-electrons,None (Foundation Concept),"[0.0, 0.0, 0.0, 0.0, 0.0, 0.0, 0.0, 0.0, 0.0, 0.0, 0.0, 0.0, 0.0, 0.0, 0.0, 0.0, 0.0, 0.0, 0.0, 0.0, 0.0, 0.0, 0.0, 0.0, 0.0, 0.0, 0.0, 0.0, 0.0, 0.0, 0.0, 0.0, 0.0, 0.0, 1.0, 0.0, 0.0, 0.0, 0.0, 0.0, 0.0, 0.0, 0.0, 0.0, 0.0, 0.0, 0.0, 0.0, 0.0, 0.0, 0.0, 0.0, 0.0, 0.0, 0.0, 0.0, 0.0, 0.0]",0.6,4,"[0, 0, 0, 0, 0, 1, 0, 0, 0, 0, 0, 0, 0, 0, 0]","[0, 0, 0, 0, 0, 0, 0, 0, 1, 0, 0, 0, 0, 0, 0]","[0, 0, 0, 0, 1, 0, 0, 0, 0, 0, 0, 0, 0, 0, 0]","[0, 0, 0, 0, 0, 0, 0, 0, 0, 0, 0, 0, 0, 0, 0]",0.4793,0.2852
MagneticProperties_03,"The magnetic moment (?) of a transition metal ion is calculated using the formula ? = ?[n(n+2)] BM, where n is:",The principal quantum number.,The total number of electrons in the ion.,The number of unpaired electrons.,The number of d-electrons.,Incorrect. n in the formula is the number of unpaired electrons.,Correct. The spin-only magnetic moment depends on the number of unpaired electrons (n).,Incorrect. Total electrons do not directly give magnetic moment.,Incorrect. The number of d-electrons does not directly give unpaired electrons due to pairing.,Magnetic Properties from Unpaired d-electrons,None (Foundation Concept),"[0.0, 0.0, 0.0, 0.0, 0.0, 0.0, 0.0, 0.0, 0.0, 0.0, 0.0, 0.0, 0.0, 0.0, 0.0, 0.0, 0.0, 0.0, 0.0, 0.0, 0.0, 0.0, 0.0, 0.0, 0.0, 0.0, 0.0, 0.0, 0.0, 0.0, 0.0, 0.0, 0.0, 0.0, 1.2, 0.0, 0.0, 0.0, 0.0, 0.0, 0.0, 0.0, 0.0, 0.0, 0.0, 0.0, 0.0, 0.0, 0.0, 0.0, 0.0, 0.0, 0.0, 0.0, 0.0, 0.0, 0.0, 0.0]",0.6,2,"[0, 0, 0, 0, 0, 0, 0, 0, 0, 0, 0, 0, 0, 0, 0]","[0, 0, 0, 0, 0, 0, 0, 0, 0, 0, 0, 0, 0, 0, 0]","[0, 0, 0, 0, 0, 0, 0, 0, 0, 0, 0, 0, 0, 0, 0]","[0, 0, 0, 0, 0, 0, 1, 0, 0, 0, 0, 0, 0, 0, 0]",0.4625,0.4695
MagneticProperties_04,The calculated magnetic moment for Fe?? (3d?) is approximately:,3.87 BM,5.92 BM,0 BM,1.73 BM,Incorrect. That is for three unpaired electrons.,"Correct. Fe?? has five unpaired electrons (high-spin), ? = ?(5?7) = ?35 ≈ 5.92 BM.",Incorrect. Fe?? is paramagnetic.,Incorrect. That is for one unpaired electron.,Magnetic Properties from Unpaired d-electrons,None (Foundation Concept),"[0.0, 0.0, 0.0, 0.0, 0.0, 0.0, 0.0, 0.0, 0.0, 0.0, 0.0, 0.0, 0.0, 0.0, 0.0, 0.0, 0.0, 0.0, 0.0, 0.0, 0.0, 0.0, 0.0, 0.0, 0.0, 0.0, 0.0, 0.0, 0.0, 0.0, 0.0, 0.0, 0.0, 0.0, 1.0, 0.0, 0.0, 0.0, 0.0, 0.0, 0.0, 0.0, 0.0, 0.0, 0.0, 0.0, 0.0, 0.0, 0.0, 0.0, 0.0, 0.0, 0.0, 0.0, 0.0, 0.0, 0.0, 0.0]",0.6,2,"[0, 0, 0, 0, 0, 1, 0, 0, 0, 0, 0, 0, 0, 0, 0]","[0, 0, 0, 0, 0, 0, 0, 0, 0, 0, 0, 0, 0, 0, 0]","[0, 0, 0, 0, 1, 0, 0, 0, 0, 0, 0, 0, 0, 0, 0]","[0, 0, 0, 0, 0, 0, 1, 0, 0, 0, 0, 0, 0, 0, 0]",0.5181,0.4069
MagneticProperties_05,Which of the following statements about magnetic properties is correct?,"The magnetic moment of a complex depends only on the metal ion, not on the ligands.",All transition metal ions are paramagnetic.,Paramagnetic substances are repelled by a magnetic field.,The magnetic moment is directly proportional to the number of unpaired electrons.,"Incorrect. Ligand field strength can cause pairing, affecting the number of unpaired electrons.",Incorrect. Ions with d? or d?? are diamagnetic.,Incorrect. Paramagnetic substances are attracted.,"Correct. The spin-only magnetic moment increases with the number of unpaired electrons, though the relationship is not linear but via the formula.",Magnetic Properties from Unpaired d-electrons,"Crystal Field Splitting in Octahedral Field, High-Spin vs Low-Spin Complexes","[0.0, 0.0, 0.0, 0.0, 0.0, 0.0, 0.0, 0.0, 0.0, 0.0, 0.0, 0.0, 0.0, 0.0, 0.0, 0.0, 0.0, 0.0, 0.0, 0.0, 0.0, 0.0, 0.0, 0.0, 0.0, 0.0, 0.0, 0.0, 0.0, 0.0, 0.0, 0.0, 0.0, 0.0, 1.2, 0.0, 0.0, 0.0, 0.0, 0.0, 0.0, 1.0, 0.0, 0.0, 0.5, 0.0, 0.0, 0.0, 0.0, 0.0, 0.0, 0.0, 0.0, 0.0, 0.0, 0.0, 0.0, 0.0]",0.7,4,"[0, 0, 0, 0, 0, 1, 0, 0, 0, 0, 0, 0, 0, 0, 0]","[0, 0, 0, 0, 0, 0, 0, 0, 0, 0, 0, 0, 0, 0, 0]","[0, 0, 0, 0, 1, 0, 0, 0, 0, 0, 0, 0, 0, 0, 0]","[0, 0, 0, 0, 0, 0, 0, 0, 0, 0, 0, 0, 0, 0, 0]",0.5799,0.2864
MagneticProperties_06,"The magnetic moment of [Fe(CN)?]?? is very low (nearly diamagnetic), while that of [Fe(H?O)?]?? is 5.0 BM. This difference is due to:",The different oxidation states of iron.,The size of the metal ion.,The geometry of the complexes.,"The strong field CN? ligand causing pairing of electrons (low-spin), while H?O is a weak field ligand (high-spin).",Incorrect. Both contain Fe?? (d?).,Incorrect. Metal ion is the same.,Incorrect. Both are octahedral.,"Correct. CN? is a strong field ligand, causing pairing of the six d-electrons (t?g?, eg?), giving no unpaired electrons. H?O is a weak field ligand, giving high-spin configuration (t?g?, eg?) with four unpaired electrons.",Magnetic Properties from Unpaired d-electrons,"Crystal Field Splitting in Octahedral Field, High-Spin vs Low-Spin Complexes","[0.0, 0.0, 0.0, 0.0, 0.0, 0.0, 0.0, 0.0, 0.0, 0.0, 0.0, 0.0, 0.0, 0.0, 0.0, 0.0, 0.0, 0.0, 0.0, 0.0, 0.0, 0.0, 0.0, 0.0, 0.0, 0.0, 0.0, 0.0, 0.0, 0.0, 0.0, 0.0, 0.0, 0.0, 1.5, 0.0, 0.0, 0.0, 0.0, 0.0, 0.0, 1.0, 0.0, 0.0, 1.0, 0.0, 0.0, 0.0, 0.0, 0.0, 0.0, 0.0, 0.0, 0.0, 0.0, 0.0, 0.0, 0.0]",0.9,4,"[0, 0, 0, 0, 0, 1, 0, 0, 0, 0, 0, 0, 0, 0, 0]","[0, 0, 0, 0, 0, 0, 0, 0, 1, 0, 0, 0, 0, 0, 0]","[0, 0, 0, 0, 1, 0, 0, 0, 0, 0, 0, 0, 0, 0, 0]","[0, 0, 0, 0, 0, 0, 0, 0, 0, 0, 0, 0, 0, 0, 0]",0.505,0.4649
MagneticProperties_07,Which of the following complexes is paramagnetic?,[Co(NH?)?]?? (low-spin),[Zn(NH?)?]??,[Ni(CN)?]??,[Cr(H?O)?]??,"Incorrect. Co?? (d?) in strong field is low-spin, t?g?, diamagnetic.","Incorrect. Zn?? has d??, diamagnetic.","Incorrect. [Ni(CN)?]?? is square planar, Ni?? (d?) in strong field gives no unpaired electrons (diamagnetic).","Correct. Cr?? (d?) has three unpaired electrons in octahedral field regardless of ligand strength (t?g?), paramagnetic.",Magnetic Properties from Unpaired d-electrons,Crystal Field Splitting in Octahedral Field,"[0.0, 0.0, 0.0, 0.0, 0.0, 0.0, 0.0, 0.0, 0.0, 0.0, 0.0, 0.0, 0.0, 0.0, 0.0, 0.0, 0.0, 0.0, 0.0, 0.0, 0.0, 0.0, 0.0, 0.0, 0.0, 0.0, 0.0, 0.0, 0.0, 0.0, 0.0, 0.0, 0.0, 0.0, 1.2, 0.0, 0.0, 0.0, 0.0, 0.0, 0.0, 1.0, 0.0, 0.0, 0.0, 0.0, 0.0, 0.0, 0.0, 0.0, 0.0, 0.0, 0.0, 0.0, 0.0, 0.0, 0.0, 0.0]",0.8,4,"[0, 0, 0, 0, 0, 1, 0, 0, 0, 0, 0, 0, 0, 0, 0]","[0, 0, 0, 0, 0, 0, 0, 0, 1, 0, 0, 0, 0, 0, 0]","[0, 0, 0, 0, 1, 0, 0, 0, 0, 0, 0, 0, 0, 0, 0]","[0, 0, 0, 0, 0, 0, 0, 0, 0, 0, 0, 0, 0, 0, 0]",0.4983,0.275
MagneticProperties_08,The spin-only magnetic moment of an ion with three unpaired electrons is:,3.87 BM,2.83 BM,4.90 BM,1.73 BM,Correct. ? = ?(3?5) = ?15 = 3.87 BM.,Incorrect. For two unpaired electrons (?8=2.83).,Incorrect. That would be for four unpaired electrons (?24=4.90).,Incorrect. For one unpaired electron (?3=1.73).,Magnetic Properties from Unpaired d-electrons,None (Foundation Concept),"[0.0, 0.0, 0.0, 0.0, 0.0, 0.0, 0.0, 0.0, 0.0, 0.0, 0.0, 0.0, 0.0, 0.0, 0.0, 0.0, 0.0, 0.0, 0.0, 0.0, 0.0, 0.0, 0.0, 0.0, 0.0, 0.0, 0.0, 0.0, 0.0, 0.0, 0.0, 0.0, 0.0, 0.0, 1.0, 0.0, 0.0, 0.0, 0.0, 0.0, 0.0, 0.0, 0.0, 0.0, 0.0, 0.0, 0.0, 0.0, 0.0, 0.0, 0.0, 0.0, 0.0, 0.0, 0.0, 0.0, 0.0, 0.0]",0.6,1,"[0, 0, 0, 0, 0, 0, 0, 0, 0, 0, 0, 0, 0, 0, 0]","[0, 0, 0, 0, 0, 0, 0, 0, 1, 0, 0, 0, 0, 0, 0]","[0, 0, 0, 0, 1, 0, 0, 0, 0, 0, 0, 0, 0, 0, 0]","[0, 0, 0, 0, 0, 0, 1, 0, 0, 0, 0, 0, 0, 0, 0]",0.4805,0.2831
MagneticProperties_09,Why are most transition metal compounds colored and paramagnetic?,Because they are good conductors.,Because they have high melting points.,Because they have partially filled d-orbitals that can absorb light and have unpaired electrons.,Because they have completely filled d-orbitals.,"Incorrect. Conductivity is due to mobile electrons, not directly color/paramagnetism.","Incorrect. High melting point is due to metallic bonding, not directly color/paramagnetism.",Correct. Partially filled d-orbitals allow d-d transitions (color) and often have unpaired electrons (paramagnetism).,Incorrect. Completely filled d-orbitals (d??) give colorless and diamagnetic compounds.,Magnetic Properties from Unpaired d-electrons,Color Origin in Coordination Compounds,"[0.0, 0.0, 0.0, 0.0, 0.0, 0.0, 0.0, 0.0, 0.0, 0.0, 0.0, 0.0, 0.0, 0.0, 0.0, 0.0, 0.0, 0.0, 0.0, 0.0, 0.0, 0.0, 0.0, 0.0, 0.0, 0.0, 0.0, 0.0, 0.0, 0.0, 0.0, 0.0, 0.0, 0.0, 1.2, 0.0, 0.0, 0.0, 0.0, 0.0, 0.0, 0.0, 0.0, 0.0, 0.0, 0.0, 0.0, 1.0, 0.0, 0.0, 0.0, 0.0, 0.0, 0.0, 0.0, 0.0, 0.0, 0.0]",0.7,3,"[0, 0, 0, 0, 0, 1, 0, 0, 0, 0, 0, 0, 0, 0, 0]","[0, 0, 0, 0, 0, 0, 0, 0, 0, 0, 0, 0, 0, 0, 0]","[0, 0, 0, 0, 0, 0, 0, 0, 0, 0, 0, 0, 0, 0, 0]","[0, 0, 0, 0, 0, 0, 1, 0, 0, 0, 0, 0, 0, 0, 0]",0.4874,0.3026
MagneticProperties_10,"The experimental magnetic moment of [CoF?]?? is 4.9 BM, while that of [Co(NH?)?]?? is 0 BM. This indicates:","F? is a strong field ligand, NH? is weak field.","Co is in +3 state in both, but F? causes high-spin (four unpaired electrons) and NH? causes low-spin (diamagnetic).",The geometry is different.,Co?? is d? in one complex and d? in the other.,"Incorrect. F? is weak field, NH? is stronger field.","Correct. Co?? is d?. In weak field (F?), it is high-spin with four unpaired electrons (? ≈ 4.9 BM); in strong field (NH?), it is low-spin (t?g?) with no unpaired electrons.",Incorrect. Both are octahedral.,Incorrect. Both are Co?? (d?).,Magnetic Properties from Unpaired d-electrons,"Crystal Field Splitting in Octahedral Field, High-Spin vs Low-Spin Complexes","[0.0, 0.0, 0.0, 0.0, 0.0, 0.0, 0.0, 0.0, 0.0, 0.0, 0.0, 0.0, 0.0, 0.0, 0.0, 0.0, 0.0, 0.0, 0.0, 0.0, 0.0, 0.0, 0.0, 0.0, 0.0, 0.0, 0.0, 0.0, 0.0, 0.0, 0.0, 0.0, 0.0, 0.0, 1.2, 0.0, 0.0, 0.0, 0.0, 0.0, 0.0, 1.0, 0.0, 0.0, 1.0, 0.0, 0.0, 0.0, 0.0, 0.0, 0.0, 0.0, 0.0, 0.0, 0.0, 0.0, 0.0, 0.0]",0.8,2,"[0, 0, 0, 0, 0, 1, 0, 0, 0, 0, 0, 0, 0, 0, 0]","[0, 0, 0, 0, 0, 0, 0, 0, 0, 0, 0, 0, 0, 0, 0]","[0, 0, 0, 0, 1, 0, 0, 0, 0, 0, 0, 0, 0, 0, 0]","[0, 0, 0, 0, 0, 0, 1, 0, 0, 0, 0, 0, 0, 0, 0]",0.5226,0.4379
HSAB_01,What does the HSAB principle stand for?,Heavy and Light Acid Base theory,High Spin and Low Spin Acids and Bases,Hard and Soft Acids and Bases,Hydrogen and Sulfur Acid Base theory,Incorrect. This is not the correct expansion.,"Incorrect. This refers to spin states in coordination chemistry, not HSAB.","Correct. HSAB stands for Hard and Soft Acids and Bases, a classification based on polarizability and charge density.",Incorrect. This is not the correct expansion.,Hard and Soft Acids and Bases (HSAB) Principle,Charge Density (Z/r) and Ionic Potential,"[0.0, 0.0, 0.0, 0.0, 0.0, 0.5, 0.0, 0.0, 0.0, 0.0, 0.0, 0.0, 0.0, 0.0, 0.0, 0.0, 0.0, 0.0, 0.0, 0.0, 0.0, 0.0, 0.0, 0.0, 0.0, 0.0, 0.0, 0.0, 0.0, 0.0, 0.0, 0.0, 0.0, 0.0, 0.0, 1.5, 0.0, 0.0, 0.0, 0.0, 0.0, 0.0, 0.0, 0.0, 0.0, 0.0, 0.0, 0.0, 0.0, 0.0, 0.0, 0.0, 0.0, 0.0, 0.0, 0.0, 0.0, 0.0]",0.8,3,"[0, 0, 0, 0, 0, 0, 0, 0, 0, 1, 0, 0, 0, 0, 0]","[0, 0, 0, 0, 0, 0, 0, 0, 0, 0, 0, 0, 0, 0, 1]","[0, 0, 0, 0, 0, 0, 0, 0, 0, 0, 0, 0, 0, 0, 0]","[0, 0, 0, 0, 0, 0, 0, 0, 0, 0, 0, 1, 0, 0, 0]",0.676,0.3035
HSAB_02,Which of the following is a characteristic of a hard acid?,"Small size, low charge, high polarizability","Small size, high charge, low polarizability","Large size, high charge, low polarizability","Large size, low charge, high polarizability",Incorrect. Small size and high polarizability are not typical for hard acids.,"Correct. Hard acids are typically small, highly charged cations (e.g., Li?, Al??) with low polarizability.",Incorrect. Large size with high charge is not a typical combination; also polarizability would be moderate.,Incorrect. This describes soft acids.,Hard and Soft Acids and Bases (HSAB) Principle,Charge Density (Z/r) and Ionic Potential,"[0.0, 0.0, 0.0, 0.0, 0.0, 1.0, 0.0, 0.0, 0.0, 0.0, 0.0, 0.0, 0.0, 0.0, 0.0, 0.0, 0.0, 0.0, 0.0, 0.0, 0.0, 0.0, 0.0, 0.0, 0.0, 0.0, 0.0, 0.0, 0.0, 0.0, 0.0, 0.0, 0.0, 0.0, 0.0, 1.2, 0.0, 0.0, 0.0, 0.0, 0.0, 0.0, 0.0, 0.0, 0.0, 0.0, 0.0, 0.0, 0.0, 0.0, 0.0, 0.0, 0.0, 0.0, 0.0, 0.0, 0.0, 0.0]",0.7,2,"[0, 0, 0, 0, 0, 0, 0, 0, 0, 1, 0, 0, 0, 0, 0]","[0, 0, 0, 0, 0, 0, 0, 0, 0, 0, 0, 0, 0, 0, 0]","[0, 0, 0, 0, 0, 0, 0, 0, 0, 0, 0, 0, 0, 0, 1]","[0, 0, 0, 0, 0, 0, 0, 0, 0, 0, 0, 1, 0, 0, 0]",0.7065,0.299
HSAB_03,Which of the following bases is considered a soft base?,Cl?,I?,OH?,F?,"Incorrect. Cl? is intermediate, but harder than I?; it is often considered a borderline base.","Correct. I? is large, easily polarizable, and has low electronegativity, making it a soft base.","Incorrect. OH? is a hard base (moderate size, but high charge density).","Incorrect. F? is a hard base (small, high electronegativity, low polarizability).",Hard and Soft Acids and Bases (HSAB) Principle,Charge Density (Z/r) and Ionic Potential,"[0.0, 0.0, 0.0, 0.0, 0.0, 1.2, 0.0, 0.0, 0.0, 0.0, 0.0, 0.0, 0.0, 0.0, 0.0, 0.0, 0.0, 0.0, 0.0, 0.0, 0.0, 0.0, 0.0, 0.0, 0.0, 0.0, 0.0, 0.0, 0.0, 0.0, 0.0, 0.0, 0.0, 0.0, 0.0, 1.0, 0.0, 0.0, 0.0, 0.0, 0.0, 0.0, 0.0, 0.0, 0.0, 0.0, 0.0, 0.0, 0.0, 0.0, 0.0, 0.0, 0.0, 0.0, 0.0, 0.0, 0.0, 0.0]",0.7,2,"[0, 0, 0, 0, 0, 0, 0, 0, 0, 1, 0, 0, 0, 0, 0]","[0, 0, 0, 0, 0, 0, 0, 0, 0, 0, 0, 0, 0, 0, 0]","[0, 0, 0, 0, 0, 0, 0, 0, 0, 0, 0, 0, 0, 0, 1]","[0, 0, 0, 0, 0, 0, 0, 0, 0, 0, 0, 1, 0, 0, 0]",0.6691,0.2831
HSAB_04,"According to HSAB principle, hard acids prefer to bind with:",All bases equally,Borderline bases,Soft bases,Hard bases,Incorrect. Selectivity is governed by hard-hard and soft-soft interactions.,Incorrect. Borderline bases may form intermediate stability.,"Incorrect. Hard acids prefer hard bases, not soft.","Correct. Hard acids form more stable complexes with hard bases, which are also small and of low polarizability (electrostatic interactions dominate).",Hard and Soft Acids and Bases (HSAB) Principle,Charge Density (Z/r) and Ionic Potential,"[0.0, 0.0, 0.0, 0.0, 0.0, 1.0, 0.0, 0.0, 0.0, 0.0, 0.0, 0.0, 0.0, 0.0, 0.0, 0.0, 0.0, 0.0, 0.0, 0.0, 0.0, 0.0, 0.0, 0.0, 0.0, 0.0, 0.0, 0.0, 0.0, 0.0, 0.0, 0.0, 0.0, 0.0, 0.0, 1.2, 0.0, 0.0, 0.0, 0.0, 0.0, 0.0, 0.0, 0.0, 0.0, 0.0, 0.0, 0.0, 0.0, 0.0, 0.0, 0.0, 0.0, 0.0, 0.0, 0.0, 0.0, 0.0]",0.8,4,"[0, 0, 0, 0, 0, 0, 0, 0, 0, 1, 0, 0, 0, 0, 0]","[0, 0, 0, 0, 0, 0, 0, 0, 0, 0, 0, 0, 0, 0, 0]","[0, 0, 0, 0, 0, 0, 0, 0, 0, 0, 0, 0, 0, 0, 1]","[0, 0, 0, 0, 0, 0, 0, 0, 0, 0, 0, 0, 0, 0, 0]",0.438,0.2843
HSAB_05,Which of the following complexes is more stable due to the HSAB principle?,"[AgI]? (Ag? is soft, I? is soft)","[LiI] (Li? is hard, I? is soft)","[AgF] (Ag? is soft, F? is hard)","[NaF] (Na? is hard, F? is hard)",Correct. Both Ag? (soft acid) and I? (soft base) give a stable complex due to soft-soft interaction.,Incorrect. Hard-soft combination is less stable.,Incorrect. Soft-hard combination is less stable.,"Incorrect. Hard-hard combination is stable, but the question asks for more stable; soft-soft also gives high stability. The classic example is AgI being more stable than AgF.",Hard and Soft Acids and Bases (HSAB) Principle,Charge Density (Z/r) and Ionic Potential,"[0.0, 0.0, 0.0, 0.0, 0.0, 1.0, 0.0, 0.0, 0.0, 0.0, 0.0, 0.0, 0.0, 0.0, 0.0, 0.0, 0.0, 0.0, 0.0, 0.0, 0.0, 0.0, 0.0, 0.0, 0.0, 0.0, 0.0, 0.0, 0.0, 0.0, 0.0, 0.0, 0.0, 0.0, 0.0, 1.2, 0.0, 0.0, 0.0, 0.0, 0.0, 0.0, 0.0, 0.0, 0.0, 0.0, 0.0, 0.0, 0.0, 0.0, 0.0, 0.0, 0.0, 0.0, 0.0, 0.0, 0.0, 0.0]",0.9,1,"[0, 0, 0, 0, 0, 0, 0, 0, 0, 0, 0, 0, 0, 0, 0]","[0, 0, 0, 0, 0, 0, 0, 0, 0, 0, 0, 0, 0, 0, 1]","[0, 0, 0, 0, 0, 0, 0, 0, 0, 0, 0, 0, 0, 0, 1]","[0, 0, 0, 0, 0, 0, 0, 0, 0, 0, 0, 1, 0, 0, 0]",0.4821,0.2909
HSAB_06,The stability of complexes follows the order: F? < Cl? < Br? < I? for soft metals like Hg??. This is because:,The ligand field strength increases.,"The ionic radius increases, making the bond more covalent.","The electronegativity increases, increasing bond strength.",The basicity increases in the order I? > Br? > Cl? > F?.,Incorrect. Ligand field strength is not the primary factor for halides with soft metals.,"Correct. For soft metals, covalency and polarizability dominate the interaction; larger halides are softer and therefore form stronger, more stable bonds.","Incorrect. Electronegativity decreases from F to I, so this doesn't explain the order.","Incorrect. Basicity order in water is F? > Cl? > Br? > I?, opposite to stability for soft metals.",Hard and Soft Acids and Bases (HSAB) Principle,Charge Density (Z/r) and Ionic Potential,"[0.0, 0.0, 0.0, 0.0, 0.0, 1.0, 0.0, 0.0, 0.0, 0.0, 0.0, 0.0, 0.0, 0.0, 0.0, 0.0, 0.0, 0.0, 0.0, 0.0, 0.0, 0.0, 0.0, 0.0, 0.0, 0.0, 0.0, 0.0, 0.0, 0.0, 0.0, 0.0, 0.0, 0.0, 0.0, 1.2, 0.0, 0.0, 0.0, 0.0, 0.0, 0.0, 0.0, 0.0, 0.0, 0.0, 0.0, 0.0, 0.0, 0.0, 0.0, 0.0, 0.0, 0.0, 0.0, 0.0, 0.0, 0.0]",0.9,2,"[0, 0, 0, 0, 0, 0, 0, 0, 0, 1, 0, 0, 0, 0, 0]","[0, 0, 0, 0, 0, 0, 0, 0, 0, 0, 0, 0, 0, 0, 0]","[0, 0, 0, 0, 0, 0, 0, 0, 0, 0, 0, 0, 0, 0, 1]","[0, 0, 0, 0, 0, 0, 0, 0, 0, 0, 0, 1, 0, 0, 0]",0.5674,0.4703
HSAB_07,Hard bases are characterized by:,"Low electronegativity, low polarizability","High electronegativity, high polarizability","Low electronegativity, high polarizability, large size","High electronegativity, low polarizability, and small size",Incorrect. Low electronegativity would make them soft.,Incorrect. High polarizability is not characteristic of hard bases.,Incorrect. This describes soft bases.,"Correct. Hard bases are small, highly electronegative atoms (like O, F, N) with low polarizability.",Hard and Soft Acids and Bases (HSAB) Principle,Charge Density (Z/r) and Ionic Potential,"[0.0, 0.0, 0.0, 0.0, 0.0, 1.0, 0.0, 0.0, 0.0, 0.0, 0.0, 0.0, 0.0, 0.0, 0.0, 0.0, 0.0, 0.0, 0.0, 0.0, 0.0, 0.0, 0.0, 0.0, 0.0, 0.0, 0.0, 0.0, 0.0, 0.0, 0.0, 0.0, 0.0, 0.0, 0.0, 1.2, 0.0, 0.0, 0.0, 0.0, 0.0, 0.0, 0.0, 0.0, 0.0, 0.0, 0.0, 0.0, 0.0, 0.0, 0.0, 0.0, 0.0, 0.0, 0.0, 0.0, 0.0, 0.0]",0.7,4,"[0, 0, 0, 0, 0, 0, 0, 0, 0, 1, 0, 0, 0, 0, 0]","[0, 0, 0, 0, 0, 0, 0, 0, 0, 0, 0, 0, 0, 0, 1]","[0, 0, 0, 0, 0, 0, 0, 0, 0, 0, 0, 0, 0, 0, 1]","[0, 0, 0, 0, 0, 0, 0, 0, 0, 0, 0, 0, 0, 0, 0]",0.6894,0.2924
HSAB_08,The fact that Hg?? forms a more stable complex with I? than with F? is explained by:,"The HSAB principle: Hg?? is a soft acid, I? is a soft base.",The inert pair effect.,The lanthanoid contraction.,The high hydration enthalpy of F?.,"Correct. Hg?? (soft) prefers soft base I? over hard base F?, leading to greater stability.","Incorrect. Inert pair effect is about oxidation states, not complex stability.","Incorrect. Lanthanoid contraction affects size of lanthanoids, not this.","Incorrect. Hydration enthalpy affects solubility, not complex formation stability in non-aqueous or overall complex stability constant.",Hard and Soft Acids and Bases (HSAB) Principle,Charge Density (Z/r) and Ionic Potential,"[0.0, 0.0, 0.0, 0.0, 0.0, 1.2, 0.0, 0.0, 0.0, 0.0, 0.0, 0.0, 0.0, 0.0, 0.0, 0.0, 0.0, 0.0, 0.0, 0.0, 0.0, 0.0, 0.0, 0.0, 0.0, 0.0, 0.0, 0.0, 0.0, 0.0, 0.0, 0.0, 0.0, 0.0, 0.0, 1.0, 0.0, 0.0, 0.0, 0.0, 0.0, 0.0, 0.0, 0.0, 0.0, 0.0, 0.0, 0.0, 0.0, 0.0, 0.0, 0.0, 0.0, 0.0, 0.0, 0.0, 0.0, 0.0]",0.8,1,"[0, 0, 0, 0, 0, 0, 0, 0, 0, 0, 0, 0, 0, 0, 0]","[0, 0, 0, 0, 0, 0, 0, 0, 0, 0, 0, 0, 0, 0, 1]","[0, 0, 0, 0, 0, 0, 0, 0, 0, 0, 0, 0, 0, 0, 1]","[0, 0, 0, 0, 0, 0, 0, 0, 0, 0, 0, 1, 0, 0, 0]",0.6901,0.4306
HSAB_09,Which of the following is an example of a borderline acid?,Zn??,Li?,Cu?,Fe??,"Correct. Zn?? is often classified as borderline, with properties intermediate between hard and soft.",Incorrect. Li? is a hard acid.,Incorrect. Cu? is a soft acid.,Incorrect. Fe?? is considered a hard acid.,Hard and Soft Acids and Bases (HSAB) Principle,Charge Density (Z/r) and Ionic Potential,"[0.0, 0.0, 0.0, 0.0, 0.0, 1.2, 0.0, 0.0, 0.0, 0.0, 0.0, 0.0, 0.0, 0.0, 0.0, 0.0, 0.0, 0.0, 0.0, 0.0, 0.0, 0.0, 0.0, 0.0, 0.0, 0.0, 0.0, 0.0, 0.0, 0.0, 0.0, 0.0, 0.0, 0.0, 0.0, 1.0, 0.0, 0.0, 0.0, 0.0, 0.0, 0.0, 0.0, 0.0, 0.0, 0.0, 0.0, 0.0, 0.0, 0.0, 0.0, 0.0, 0.0, 0.0, 0.0, 0.0, 0.0, 0.0]",0.7,1,"[0, 0, 0, 0, 0, 0, 0, 0, 0, 0, 0, 0, 0, 0, 0]","[0, 0, 0, 0, 0, 0, 0, 0, 0, 0, 0, 0, 0, 0, 1]","[0, 0, 0, 0, 0, 0, 0, 0, 0, 0, 0, 0, 0, 0, 1]","[0, 0, 0, 0, 0, 0, 0, 0, 0, 0, 0, 1, 0, 0, 0]",0.4331,0.2858
HSAB_10,"According to the Hard Soft Acid Base (HSAB) principle, which interaction is most favored for stability?",Hard acid with Soft base,Soft acid with Hard base,Soft acid with Soft base,Borderline acid with Hard base,Incorrect. Hard-soft interactions are mismatched and generally less stable.,Incorrect. Soft-hard interactions are mismatched and less stable.,"Correct. The HSAB principle states that hard acids prefer hard bases, and soft acids prefer soft bases for maximum stability.",Incorrect. A direct hard-hard or soft-soft match is fundamentally more favored.,Hard and Soft Acids and Bases (HSAB) Principle,Hard and Soft Acids and Bases,"[0.0, 0.0, 0.0, 0.0, 0.0, 0.0, 0.0, 0.0, 0.0, 0.0, 0.0, 0.0, 0.0, 0.0, 0.0, 0.0, 0.0, 0.0, 0.0, 0.0, 0.0, 0.0, 0.0, 0.0, 0.0, 0.0, 0.0, 0.0, 0.0, 0.0, 0.0, 0.0, 0.0, 0.0, 0.0, 1.0, 0.0, 0.0, 0.0, 0.0, 0.0, 0.0, 0.0, 0.0, 0.0, 0.0, 0.0, 0.0, 0.0, 0.0, 0.0, 0.0, 0.0, 0.0, 0.0, 0.0, 0.0, 0.0]",0.0,3,"[0, 0, 0, 0, 0, 0, 1, 0, 0, 0, 0, 0, 0, 0, 0]","[0, 0, 0, 1, 0, 0, 0, 0, 0, 0, 0, 0, 0, 0, 0]","[0, 0, 0, 0, 0, 0, 0, 0, 0, 0, 0, 0, 0, 0, 0]","[0, 0, 0, 0, 0, 0, 0, 0, 0, 1, 0, 0, 0, 0, 0]",0.431,0.3361
Boranes_01,What are boranes?,Alloys of boron with metals.,Hydrides of boron that are always ionic.,"Compounds containing boron and hydrogen, with general formula BΔH°??.",Compounds containing boron and oxygen.,Incorrect. Those are borides.,"Incorrect. Boranes are covalent, not ionic.","Correct. Boranes are binary compounds of boron and hydrogen, characterized by electron-deficient bonding.",Incorrect. Those are borates or boric acid derivatives.,Electron-Deficient Bonding in Boranes,"Sigma and Pi Bonding in Molecular Orbitals, Electron-Deficient Bonding in Boranes (prereq)","[0.0, 0.0, 0.0, 0.0, 0.0, 0.0, 0.0, 0.0, 0.0, 0.5, 0.0, 0.0, 0.0, 0.0, 0.0, 0.0, 0.0, 0.0, 0.0, 0.0, 0.0, 0.0, 0.0, 0.0, 0.0, 0.0, 0.0, 0.0, 0.0, 0.0, 0.0, 0.0, 0.0, 0.0, 0.0, 0.0, 1.5, 0.0, 0.0, 0.0, 0.0, 0.0, 0.0, 0.0, 0.0, 0.0, 0.0, 0.0, 0.0, 0.0, 0.0, 0.0, 0.0, 0.0, 0.0, 0.0, 0.0, 0.0]",0.9,3,"[0, 0, 1, 0, 0, 0, 0, 0, 0, 0, 0, 0, 0, 0, 0]","[0, 0, 0, 0, 0, 0, 0, 0, 0, 0, 0, 0, 0, 0, 0]","[0, 0, 0, 0, 0, 0, 0, 0, 0, 0, 0, 0, 0, 0, 0]","[0, 0, 0, 0, 0, 0, 0, 0, 0, 0, 0, 0, 0, 0, 0]",0.4334,0.2897
Boranes_02,Why are boranes called electron-deficient compounds?,They contain boron in a negative oxidation state.,They have fewer valence electrons than required to form normal covalent bonds.,They are highly reactive with water.,They have an excess of electrons.,Incorrect. Boron is electropositive; in boranes it is in positive oxidation state.,"Correct. In boranes, there are not enough valence electrons to form two-electron bonds between all pairs of bonded atoms; they utilize three-center two-electron bonds.","Incorrect. Reactivity is a consequence, not the definition of electron deficiency.","Incorrect. They are electron-deficient, not electron-rich.",Electron-Deficient Bonding in Boranes,Sigma and Pi Bonding in Molecular Orbitals,"[0.0, 0.0, 0.0, 0.0, 0.0, 0.0, 0.0, 0.0, 0.0, 1.0, 0.0, 0.0, 0.0, 0.0, 0.0, 0.0, 0.0, 0.0, 0.0, 0.0, 0.0, 0.0, 0.0, 0.0, 0.0, 0.0, 0.0, 0.0, 0.0, 0.0, 0.0, 0.0, 0.0, 0.0, 0.0, 0.0, 1.2, 0.0, 0.0, 0.0, 0.0, 0.0, 0.0, 0.0, 0.0, 0.0, 0.0, 0.0, 0.0, 0.0, 0.0, 0.0, 0.0, 0.0, 0.0, 0.0, 0.0, 0.0]",0.8,2,"[0, 0, 1, 0, 0, 0, 0, 0, 0, 0, 0, 0, 0, 0, 0]","[0, 0, 0, 0, 0, 0, 0, 0, 0, 0, 0, 0, 0, 0, 0]","[0, 0, 0, 0, 0, 0, 1, 0, 0, 0, 0, 0, 0, 0, 0]","[0, 1, 0, 0, 0, 0, 0, 0, 0, 0, 0, 0, 0, 0, 0]",0.516,0.2903
Boranes_03,Which type of bond is characteristic of electron-deficient boranes?,Two-center two-electron (2c-2e) bonds,Three-center four-electron (3c-4e) bonds,Three-center two-electron (3c-2e) bonds,Ionic bonds,"Incorrect. While 2c-2e bonds exist, the characteristic feature is 3c-2e bonds.",Incorrect. 3c-4e bonds are found in hypervalent compounds like XeF?.,"Correct. Boranes contain three-center two-electron bonds, where two electrons are shared among three atoms (BΔH°B bridges).",Incorrect. Boranes are covalent.,Electron-Deficient Bonding in Boranes,Sigma and Pi Bonding in Molecular Orbitals,"[0.0, 0.0, 0.0, 0.0, 0.0, 0.0, 0.0, 0.0, 0.0, 1.0, 0.0, 0.0, 0.0, 0.0, 0.0, 0.0, 0.0, 0.0, 0.0, 0.0, 0.0, 0.0, 0.0, 0.0, 0.0, 0.0, 0.0, 0.0, 0.0, 0.0, 0.0, 0.0, 0.0, 0.0, 0.0, 0.0, 1.2, 0.0, 0.0, 0.0, 0.0, 0.0, 0.0, 0.0, 0.0, 0.0, 0.0, 0.0, 0.0, 0.0, 0.0, 0.0, 0.0, 0.0, 0.0, 0.0, 0.0, 0.0]",0.9,3,"[0, 0, 1, 0, 0, 0, 0, 0, 0, 0, 0, 0, 0, 0, 0]","[0, 0, 0, 0, 0, 0, 0, 0, 0, 0, 0, 0, 0, 0, 0]","[0, 0, 0, 0, 0, 0, 0, 0, 0, 0, 0, 0, 0, 0, 0]","[0, 1, 0, 0, 0, 0, 0, 0, 0, 0, 0, 0, 0, 0, 0]",0.6522,0.2909
Boranes_04,"In diborane (BΔH°), the number of three-center two-electron (3c-2e) bonds is:",4,2,0,6,"Incorrect. Diborane has six B-H bonds in total, but only the two bridging B-H-B bonds are 3-center-2-electron bonds.","Correct. Diborane has two BΔH°B bridging bonds, each a 3c-2e bond, and four terminal B?H bonds which are normal 2c-2e bonds.",Incorrect. There are two 3c-2e bonds.,"Incorrect. Diborane has six B?H bonds in total (four terminal 2-center-2-electron bonds plus two bridging 3-center-2-electron bonds), but only the two bridging BΔH°B bonds are 3c-2e bonds.",Electron-Deficient Bonding in Boranes,Sigma and Pi Bonding in Molecular Orbitals,"[0.0, 0.0, 0.0, 0.0, 0.0, 0.0, 0.0, 0.0, 0.0, 1.2, 0.0, 0.0, 0.0, 0.0, 0.0, 0.0, 0.0, 0.0, 0.0, 0.0, 0.0, 0.0, 0.0, 0.0, 0.0, 0.0, 0.0, 0.0, 0.0, 0.0, 0.0, 0.0, 0.0, 0.0, 0.0, 0.0, 1.0, 0.0, 0.0, 0.0, 0.0, 0.0, 0.0, 0.0, 0.0, 0.0, 0.0, 0.0, 0.0, 0.0, 0.0, 0.0, 0.0, 0.0, 0.0, 0.0, 0.0, 0.0]",0.8,2,"[0, 0, 1, 0, 0, 0, 0, 0, 0, 0, 0, 0, 0, 0, 0]","[0, 0, 0, 0, 0, 0, 0, 0, 0, 0, 0, 0, 0, 0, 0]","[0, 0, 0, 0, 0, 0, 1, 0, 0, 0, 0, 0, 0, 0, 0]","[0, 1, 0, 0, 0, 0, 0, 0, 0, 0, 0, 0, 0, 0, 0]",0.4796,0.3635
Boranes_05,Which of the following correctly describes the structure of diborane?,"Two BH? units linked by two BΔH°B bridging bonds, with terminal H atoms on each B.",A linear chain of boron atoms.,Two BH? units linked by a B?B bond.,A ring structure with alternating B and H.,"Correct. Diborane consists of two boron atoms, each with two terminal H atoms, and two bridging hydrogen atoms forming BΔH°B bonds.",Incorrect. The structure is not linear.,Incorrect. There is no B?B bond in diborane.,Incorrect. The bridging hydrogens are not in the ring with B; it's not a simple ring.,Electron-Deficient Bonding in Boranes,Sigma and Pi Bonding in Molecular Orbitals,"[0.0, 0.0, 0.0, 0.0, 0.0, 0.0, 0.0, 0.0, 0.0, 1.2, 0.0, 0.0, 0.0, 0.0, 0.0, 0.0, 0.0, 0.0, 0.0, 0.0, 0.0, 0.0, 0.0, 0.0, 0.0, 0.0, 0.0, 0.0, 0.0, 0.0, 0.0, 0.0, 0.0, 0.0, 0.0, 0.0, 1.0, 0.0, 0.0, 0.0, 0.0, 0.0, 0.0, 0.0, 0.0, 0.0, 0.0, 0.0, 0.0, 0.0, 0.0, 0.0, 0.0, 0.0, 0.0, 0.0, 0.0, 0.0]",0.7,1,"[0, 0, 0, 0, 0, 0, 0, 0, 0, 0, 0, 0, 0, 0, 0]","[0, 0, 0, 0, 0, 0, 0, 0, 0, 0, 0, 1, 0, 0, 0]","[0, 0, 0, 0, 0, 0, 1, 0, 0, 0, 0, 0, 0, 0, 0]","[0, 1, 0, 0, 0, 0, 0, 0, 0, 0, 0, 0, 0, 0, 0]",0.454,0.2963
Boranes_06,The BΔH°B bridge bond in diborane is a:,Ionic bond,Three-center two-electron bond,Three-center four-electron bond,Two-center two-electron bond,Incorrect. Bonding is covalent.,Incorrect. That is a terminal B?H bond.,Incorrect. That type is found in compounds like XeF?.,Correct. The bridging hydrogens are bonded to both boron atoms through a delocalized 3c-2e bond.,Electron-Deficient Bonding in Boranes,Sigma and Pi Bonding in Molecular Orbitals,"[0.0, 0.0, 0.0, 0.0, 0.0, 0.0, 0.0, 0.0, 0.0, 1.0, 0.0, 0.0, 0.0, 0.0, 0.0, 0.0, 0.0, 0.0, 0.0, 0.0, 0.0, 0.0, 0.0, 0.0, 0.0, 0.0, 0.0, 0.0, 0.0, 0.0, 0.0, 0.0, 0.0, 0.0, 0.0, 0.0, 1.2, 0.0, 0.0, 0.0, 0.0, 0.0, 0.0, 0.0, 0.0, 0.0, 0.0, 0.0, 0.0, 0.0, 0.0, 0.0, 0.0, 0.0, 0.0, 0.0, 0.0, 0.0]",0.8,4,"[0, 0, 1, 0, 0, 0, 0, 0, 0, 0, 0, 0, 0, 0, 0]","[0, 0, 0, 0, 0, 0, 0, 0, 0, 0, 0, 1, 0, 0, 0]","[0, 0, 0, 0, 0, 0, 0, 0, 0, 0, 0, 0, 0, 0, 0]","[0, 0, 0, 0, 0, 0, 0, 0, 0, 0, 0, 0, 0, 0, 0]",0.4811,0.2942
Boranes_07,"The higher boranes (e.g., BΔH°, B?ΔH°?) are:",Ionic solids,Simple dimers like BΔH°,"Closo, nido, arachno structures (polyhedral fragments)",Open chain structures,Incorrect. Boranes are covalent molecular compounds.,Incorrect. Only BΔH° is a simple dimer.,"Correct. Higher boranes are classified as closo (closed polyhedron), nido (nest-like), arachno (web-like), etc., based on their cage structures.",Incorrect. Higher boranes have polyhedral frameworks.,Electron-Deficient Bonding in Boranes,Sigma and Pi Bonding in Molecular Orbitals,"[0.0, 0.0, 0.0, 0.0, 0.0, 0.0, 0.0, 0.0, 0.0, 1.0, 0.0, 0.0, 0.0, 0.0, 0.0, 0.0, 0.0, 0.0, 0.0, 0.0, 0.0, 0.0, 0.0, 0.0, 0.0, 0.0, 0.0, 0.0, 0.0, 0.0, 0.0, 0.0, 0.0, 0.0, 0.0, 0.0, 1.2, 0.0, 0.0, 0.0, 0.0, 0.0, 0.0, 0.0, 0.0, 0.0, 0.0, 0.0, 0.0, 0.0, 0.0, 0.0, 0.0, 0.0, 0.0, 0.0, 0.0, 0.0]",0.9,3,"[0, 0, 1, 0, 0, 0, 0, 0, 0, 0, 0, 0, 0, 0, 0]","[0, 0, 0, 0, 0, 0, 0, 0, 0, 0, 0, 1, 0, 0, 0]","[0, 0, 0, 0, 0, 0, 0, 0, 0, 0, 0, 0, 0, 0, 0]","[0, 1, 0, 0, 0, 0, 0, 0, 0, 0, 0, 0, 0, 0, 0]",0.4403,0.4231
Boranes_08,The Wade's rules are used to predict:,The structure of boranes based on the number of skeletal electron pairs.,The solubility of boranes.,The color of boranes.,The magnetic properties of boranes.,"Correct. Wade's rules relate the number of skeletal electron pairs to the geometry (closo, nido, arachno) of boranes and carboranes.",Incorrect. Not directly related to solubility.,Incorrect. Not related to color.,"Incorrect. Wade's rules are structural, not magnetic.",Electron-Deficient Bonding in Boranes,Sigma and Pi Bonding in Molecular Orbitals,"[0.0, 0.0, 0.0, 0.0, 0.0, 0.0, 0.0, 0.0, 0.0, 1.0, 0.0, 0.0, 0.0, 0.0, 0.0, 0.0, 0.0, 0.0, 0.0, 0.0, 0.0, 0.0, 0.0, 0.0, 0.0, 0.0, 0.0, 0.0, 0.0, 0.0, 0.0, 0.0, 0.0, 0.0, 0.0, 0.0, 1.2, 0.0, 0.0, 0.0, 0.0, 0.0, 0.0, 0.0, 0.0, 0.0, 0.0, 0.0, 0.0, 0.0, 0.0, 0.0, 0.0, 0.0, 0.0, 0.0, 0.0, 0.0]",0.9,1,"[0, 0, 0, 0, 0, 0, 0, 0, 0, 0, 0, 0, 0, 0, 0]","[0, 0, 0, 0, 0, 0, 0, 0, 0, 0, 0, 1, 0, 0, 0]","[0, 0, 0, 0, 0, 0, 1, 0, 0, 0, 0, 0, 0, 0, 0]","[0, 1, 0, 0, 0, 0, 0, 0, 0, 0, 0, 0, 0, 0, 0]",0.5051,0.2882
Boranes_09,Which of the following statements about boranes is correct?,"Boranes are highly reactive, often pyrophoric in air.",Both B and C.,Boranes are stable in air and water.,Boranes are used as reducing agents.,Incorrect. Boranes react vigorously with oxygen and water.,Correct. Both statements B and C are correct.,"Incorrect. Boranes are air and moisture sensitive, often spontaneously flammable.","Incorrect. Boranes, especially diborane, are strong reducing agents.",Electron-Deficient Bonding in Boranes,Sigma and Pi Bonding in Molecular Orbitals,"[0.0, 0.0, 0.0, 0.0, 0.0, 0.0, 0.0, 0.0, 0.0, 1.0, 0.0, 0.0, 0.0, 0.0, 0.0, 0.0, 0.0, 0.0, 0.0, 0.0, 0.0, 0.0, 0.0, 0.0, 0.0, 0.0, 0.0, 0.0, 0.0, 0.0, 0.0, 0.0, 0.0, 0.0, 0.0, 0.0, 1.0, 0.0, 0.0, 0.0, 0.0, 0.0, 0.0, 0.0, 0.0, 0.0, 0.0, 0.0, 0.0, 0.0, 0.0, 0.0, 0.0, 0.0, 0.0, 0.0, 0.0, 0.0]",0.8,2,"[0, 0, 1, 0, 0, 0, 0, 0, 0, 0, 0, 0, 0, 0, 0]","[0, 0, 0, 0, 0, 0, 0, 0, 0, 0, 0, 0, 0, 0, 0]","[0, 0, 0, 0, 0, 0, 1, 0, 0, 0, 0, 0, 0, 0, 0]","[0, 1, 0, 0, 0, 0, 0, 0, 0, 0, 0, 0, 0, 0, 0]",0.4871,0.2939
Boranes_10,The formula of a closo-borane with 6 boron atoms is:,BΔH°??,BΔH°?,BΔH°?,BΔH°,"Correct. Closo-boranes have the general formula [BΔH°]?? (e.g., BΔH°??).",Incorrect. That formula does not fit closo pattern.,Incorrect. BΔH°? would be nido.,Incorrect. That formula is not standard.,Electron-Deficient Bonding in Boranes,Sigma and Pi Bonding in Molecular Orbitals,"[0.0, 0.0, 0.0, 0.0, 0.0, 0.0, 0.0, 0.0, 0.0, 1.0, 0.0, 0.0, 0.0, 0.0, 0.0, 0.0, 0.0, 0.0, 0.0, 0.0, 0.0, 0.0, 0.0, 0.0, 0.0, 0.0, 0.0, 0.0, 0.0, 0.0, 0.0, 0.0, 0.0, 0.0, 0.0, 0.0, 1.2, 0.0, 0.0, 0.0, 0.0, 0.0, 0.0, 0.0, 0.0, 0.0, 0.0, 0.0, 0.0, 0.0, 0.0, 0.0, 0.0, 0.0, 0.0, 0.0, 0.0, 0.0]",1.0,1,"[0, 0, 0, 0, 0, 0, 0, 0, 0, 0, 0, 0, 0, 0, 0]","[0, 0, 0, 0, 0, 0, 0, 0, 0, 0, 0, 1, 0, 0, 0]","[0, 0, 0, 0, 0, 0, 1, 0, 0, 0, 0, 0, 0, 0, 0]","[0, 0, 0, 0, 0, 0, 0, 0, 0, 0, 0, 0, 0, 0, 0]",0.4517,0.2981
VSEPR_Hypervalent_01,What is a hypervalent molecule?,A molecule with a central atom having an expanded octet using d-orbitals.,Both A and B,A molecule where the central atom has more than eight electrons in its valence shell.,A molecule with high bond energy.,Incorrect. This is also part of the definition.,"Correct. Hypervalent molecules are those in which the central atom exceeds the octet, typically by involving d-orbitals (e.g., PCl?, SF?).",Incorrect. This is part of the definition.,Incorrect. This is not the definition.,VSEPR Application to Hypervalent Molecules,Valence Shell Electron Pair Repulsion Theory,"[0.0, 0.0, 0.0, 0.0, 0.0, 0.0, 0.0, 0.0, 0.0, 0.0, 0.0, 0.0, 0.0, 0.0, 0.0, 0.5, 0.0, 0.0, 0.0, 0.0, 0.0, 0.0, 0.0, 0.0, 0.0, 0.0, 0.0, 0.0, 0.0, 0.0, 0.0, 0.0, 0.0, 0.0, 0.0, 0.0, 0.0, 1.5, 0.0, 0.0, 0.0, 0.0, 0.0, 0.0, 0.0, 0.0, 0.0, 0.0, 0.0, 0.0, 0.0, 0.0, 0.0, 0.0, 0.0, 0.0, 0.0, 0.0]",0.7,2,"[0, 0, 0, 0, 0, 0, 0, 0, 1, 0, 0, 0, 0, 0, 0]","[0, 0, 0, 0, 0, 0, 0, 0, 0, 0, 0, 0, 0, 0, 0]","[0, 0, 0, 0, 0, 0, 0, 0, 0, 1, 0, 0, 0, 0, 0]","[0, 0, 0, 0, 0, 0, 0, 0, 0, 0, 0, 0, 0, 0, 0]",0.4655,0.1597
VSEPR_Hypervalent_02,"According to VSEPR theory, the geometry of PCl? is:",Square pyramidal,Octahedral,Tetrahedral,Trigonal bipyramidal,Incorrect. Square pyramidal would require five bond pairs and one lone pair.,Incorrect. Octahedral requires six bond pairs.,Incorrect. Tetrahedral requires four bond pairs.,"Correct. PCl? has five bond pairs and no lone pairs on P, giving trigonal bipyramidal geometry.",VSEPR Application to Hypervalent Molecules,Valence Shell Electron Pair Repulsion Theory,"[0.0, 0.0, 0.0, 0.0, 0.0, 0.0, 0.0, 0.0, 0.0, 0.0, 0.0, 0.0, 0.0, 0.0, 0.0, 1.2, 0.0, 0.0, 0.0, 0.0, 0.0, 0.0, 0.0, 0.0, 0.0, 0.0, 0.0, 0.0, 0.0, 0.0, 0.0, 0.0, 0.0, 0.0, 0.0, 0.0, 0.0, 1.0, 0.0, 0.0, 0.0, 0.0, 0.0, 0.0, 0.0, 0.0, 0.0, 0.0, 0.0, 0.0, 0.0, 0.0, 0.0, 0.0, 0.0, 0.0, 0.0, 0.0]",0.6,4,"[0, 0, 0, 0, 0, 0, 0, 0, 1, 0, 0, 0, 0, 0, 0]","[0, 0, 1, 0, 0, 0, 0, 0, 0, 0, 0, 0, 0, 0, 0]","[0, 0, 0, 0, 0, 0, 0, 0, 0, 1, 0, 0, 0, 0, 0]","[0, 0, 0, 0, 0, 0, 0, 0, 0, 0, 0, 0, 0, 0, 0]",0.4248,0.3168
VSEPR_Hypervalent_03,"The shape of SF? is seesaw. According to VSEPR, this is because:",It has five bond pairs.,"It has four bond pairs and one lone pair, leading to a trigonal bipyramidal electron pair geometry with the lone pair occupying an equatorial position.",It has four bond pairs and two lone pairs.,It has three bond pairs and two lone pairs.,"Incorrect. Five bond pairs would give trigonal bipyramidal (e.g., PCl?).","Correct. SF? has five electron pairs (four bonding, one lone) around S. The lone pair occupies an equatorial site in the trigonal bipyramid, giving a seesaw shape.","Incorrect. Four bond pairs and two lone pairs would give square planar (e.g., XeF?).","Incorrect. Three bond pairs and two lone pairs would give T-shaped (e.g., ClF?).",VSEPR Application to Hypervalent Molecules,Valence Shell Electron Pair Repulsion Theory,"[0.0, 0.0, 0.0, 0.0, 0.0, 0.0, 0.0, 0.0, 0.0, 0.0, 0.0, 0.0, 0.0, 0.0, 0.0, 1.0, 0.0, 0.0, 0.0, 0.0, 0.0, 0.0, 0.0, 0.0, 0.0, 0.0, 0.0, 0.0, 0.0, 0.0, 0.0, 0.0, 0.0, 0.0, 0.0, 0.0, 0.0, 1.2, 0.0, 0.0, 0.0, 0.0, 0.0, 0.0, 0.0, 0.0, 0.0, 0.0, 0.0, 0.0, 0.0, 0.0, 0.0, 0.0, 0.0, 0.0, 0.0, 0.0]",0.7,2,"[0, 0, 0, 0, 0, 0, 0, 0, 1, 0, 0, 0, 0, 0, 0]","[0, 0, 0, 0, 0, 0, 0, 0, 0, 0, 0, 0, 0, 0, 0]","[0, 0, 0, 0, 0, 0, 0, 0, 0, 1, 0, 0, 0, 0, 0]","[0, 1, 0, 0, 0, 0, 0, 0, 0, 0, 0, 0, 0, 0, 0]",0.4711,0.2382
VSEPR_Hypervalent_04,Which of the following molecules is hypervalent?,H?O,SF?,CH?,NH?,Incorrect. Oxygen does not exceed octet.,"Correct. Sulfur in SF? has 12 electrons in its valence shell (expanded octet), making it hypervalent.",Incorrect. Carbon does not exceed octet.,Incorrect. Nitrogen does not exceed octet.,VSEPR Application to Hypervalent Molecules,Valence Shell Electron Pair Repulsion Theory,"[0.0, 0.0, 0.0, 0.0, 0.0, 0.0, 0.0, 0.0, 0.0, 0.0, 0.0, 0.0, 0.0, 0.0, 0.0, 1.2, 0.0, 0.0, 0.0, 0.0, 0.0, 0.0, 0.0, 0.0, 0.0, 0.0, 0.0, 0.0, 0.0, 0.0, 0.0, 0.0, 0.0, 0.0, 0.0, 0.0, 0.0, 1.0, 0.0, 0.0, 0.0, 0.0, 0.0, 0.0, 0.0, 0.0, 0.0, 0.0, 0.0, 0.0, 0.0, 0.0, 0.0, 0.0, 0.0, 0.0, 0.0, 0.0]",0.6,2,"[0, 0, 0, 0, 0, 0, 0, 0, 1, 0, 0, 0, 0, 0, 0]","[0, 0, 0, 0, 0, 0, 0, 0, 0, 0, 0, 0, 0, 0, 0]","[0, 0, 0, 0, 0, 0, 0, 0, 0, 1, 0, 0, 0, 0, 0]","[0, 0, 0, 0, 0, 0, 0, 0, 0, 0, 0, 0, 0, 0, 0]",0.4297,0.2762
VSEPR_Hypervalent_05,"In the VSEPR treatment of hypervalent molecules, lone pairs are placed in equatorial positions in trigonal bipyramidal geometry because:",All of the above.,Equatorial positions have more space and lone pairs experience less repulsion from other lone pairs.,Equatorial positions have lower electron density and reduce lone pair-bond pair repulsion.,Axial positions have greater bond pair-lone pair repulsion.,"Correct. Lone pairs occupy equatorial sites in trigonal bipyramidal to minimize repulsions, as equatorial positions are at 90? to only two other positions, while axial positions are at 90? to three.",Incorrect. This is also true.,Incorrect. This is part of the reason.,Incorrect. This is also true.,VSEPR Application to Hypervalent Molecules,Valence Shell Electron Pair Repulsion Theory,"[0.0, 0.0, 0.0, 0.0, 0.0, 0.0, 0.0, 0.0, 0.0, 0.0, 0.0, 0.0, 0.0, 0.0, 0.0, 1.0, 0.0, 0.0, 0.0, 0.0, 0.0, 0.0, 0.0, 0.0, 0.0, 0.0, 0.0, 0.0, 0.0, 0.0, 0.0, 0.0, 0.0, 0.0, 0.0, 0.0, 0.0, 1.2, 0.0, 0.0, 0.0, 0.0, 0.0, 0.0, 0.0, 0.0, 0.0, 0.0, 0.0, 0.0, 0.0, 0.0, 0.0, 0.0, 0.0, 0.0, 0.0, 0.0]",0.8,1,"[0, 0, 0, 0, 0, 0, 0, 0, 0, 0, 0, 0, 0, 0, 0]","[0, 0, 1, 0, 0, 0, 0, 0, 0, 0, 0, 0, 0, 0, 0]","[0, 0, 0, 0, 0, 0, 0, 0, 0, 1, 0, 0, 0, 0, 0]","[0, 1, 0, 0, 0, 0, 0, 0, 0, 0, 0, 0, 0, 0, 0]",0.5015,0.3137
VSEPR_Hypervalent_06,The shape of ClF? is T-shaped. The number of lone pairs on the central chlorine atom is:,1,2,0,3,"Correct. ClF? has three bond pairs and two lone pairs (total five electron pairs). The lone pairs occupy equatorial positions, leaving the three bonds in a T-shape.","Incorrect. One lone pair would give seesaw (e.g., SF?).","Incorrect. No lone pairs would give trigonal bipyramidal (e.g., PCl?).","Incorrect. Three lone pairs would give linear (e.g., XeF?).",VSEPR Application to Hypervalent Molecules,Valence Shell Electron Pair Repulsion Theory,"[0.0, 0.0, 0.0, 0.0, 0.0, 0.0, 0.0, 0.0, 0.0, 0.0, 0.0, 0.0, 0.0, 0.0, 0.0, 1.2, 0.0, 0.0, 0.0, 0.0, 0.0, 0.0, 0.0, 0.0, 0.0, 0.0, 0.0, 0.0, 0.0, 0.0, 0.0, 0.0, 0.0, 0.0, 0.0, 0.0, 0.0, 1.0, 0.0, 0.0, 0.0, 0.0, 0.0, 0.0, 0.0, 0.0, 0.0, 0.0, 0.0, 0.0, 0.0, 0.0, 0.0, 0.0, 0.0, 0.0, 0.0, 0.0]",0.7,1,"[0, 0, 0, 0, 0, 0, 0, 0, 0, 0, 0, 0, 0, 0, 0]","[0, 0, 1, 0, 0, 0, 0, 0, 0, 0, 0, 0, 0, 0, 0]","[0, 0, 0, 0, 0, 0, 0, 0, 0, 0, 0, 0, 0, 0, 0]","[0, 1, 0, 0, 0, 0, 0, 0, 0, 0, 0, 0, 0, 0, 0]",0.4335,0.2591
VSEPR_Hypervalent_07,"XeF? is a linear molecule. According to VSEPR, this is because:",It has three bond pairs.,"It has two bond pairs and two lone pairs, giving tetrahedral geometry with a bent shape.",It has two bond pairs and one lone pair.,"It has two bond pairs and three lone pairs, which arrange in a trigonal bipyramidal electron geometry, with the two bond pairs occupying axial positions.",Incorrect. Three bond pairs give trigonal planar.,Incorrect. That would be bent (~109?) for two bonds and two lone pairs.,Incorrect. That would be bent (~120?) if three electron pairs total.,"Correct. XeF? has five electron pairs (two bonding, three lone). The lone pairs occupy equatorial positions, leaving the two bond pairs axial, resulting in a linear shape.",VSEPR Application to Hypervalent Molecules,Valence Shell Electron Pair Repulsion Theory,"[0.0, 0.0, 0.0, 0.0, 0.0, 0.0, 0.0, 0.0, 0.0, 0.0, 0.0, 0.0, 0.0, 0.0, 0.0, 1.0, 0.0, 0.0, 0.0, 0.0, 0.0, 0.0, 0.0, 0.0, 0.0, 0.0, 0.0, 0.0, 0.0, 0.0, 0.0, 0.0, 0.0, 0.0, 0.0, 0.0, 0.0, 1.2, 0.0, 0.0, 0.0, 0.0, 0.0, 0.0, 0.0, 0.0, 0.0, 0.0, 0.0, 0.0, 0.0, 0.0, 0.0, 0.0, 0.0, 0.0, 0.0, 0.0]",0.7,4,"[0, 0, 0, 0, 0, 0, 0, 0, 1, 0, 0, 0, 0, 0, 0]","[0, 0, 1, 0, 0, 0, 0, 0, 0, 0, 0, 0, 0, 0, 0]","[0, 0, 0, 0, 0, 0, 0, 0, 0, 0, 0, 0, 0, 0, 0]","[0, 0, 0, 0, 0, 0, 0, 0, 0, 0, 0, 0, 0, 0, 0]",0.5211,0.364
VSEPR_Hypervalent_08,Which of the following hypervalent molecules has an octahedral geometry?,SF?,ClF?,SF?,BrF?,"Correct. SF? has six bond pairs, giving octahedral geometry.",Incorrect. ClF? is T-shaped.,Incorrect. SF? is seesaw.,Incorrect. BrF? is T-shaped.,VSEPR Application to Hypervalent Molecules,Valence Shell Electron Pair Repulsion Theory,"[0.0, 0.0, 0.0, 0.0, 0.0, 0.0, 0.0, 0.0, 0.0, 0.0, 0.0, 0.0, 0.0, 0.0, 0.0, 1.2, 0.0, 0.0, 0.0, 0.0, 0.0, 0.0, 0.0, 0.0, 0.0, 0.0, 0.0, 0.0, 0.0, 0.0, 0.0, 0.0, 0.0, 0.0, 0.0, 0.0, 0.0, 1.0, 0.0, 0.0, 0.0, 0.0, 0.0, 0.0, 0.0, 0.0, 0.0, 0.0, 0.0, 0.0, 0.0, 0.0, 0.0, 0.0, 0.0, 0.0, 0.0, 0.0]",0.6,1,"[0, 0, 0, 0, 0, 0, 0, 0, 0, 0, 0, 0, 0, 0, 0]","[0, 0, 1, 0, 0, 0, 0, 0, 0, 0, 0, 0, 0, 0, 0]","[0, 0, 0, 0, 0, 0, 0, 0, 0, 1, 0, 0, 0, 0, 0]","[0, 1, 0, 0, 0, 0, 0, 0, 0, 0, 0, 0, 0, 0, 0]",0.4517,0.2927
VSEPR_Hypervalent_09,The fact that PF? is a stable molecule while NF? does not exist is because:,Nitrogen has a smaller atomic radius.,Fluorine is too electronegative for nitrogen.,Nitrogen is more electronegative.,"Nitrogen cannot expand its octet due to the absence of low-lying d-orbitals, whereas phosphorus can.","Incorrect. Small size contributes to steric hindrance, but the key is lack of d-orbitals.",Incorrect. This is a factor but not the main reason.,Incorrect. Electronegativity is not the primary reason.,"Correct. Nitrogen (period 2) has no available d-orbitals to accommodate more than eight electrons, so NF? is not possible. Phosphorus (period 3) has accessible 3d orbitals, allowing hypervalency.",VSEPR Application to Hypervalent Molecules,Valence Shell Electron Pair Repulsion Theory,"[0.0, 0.0, 0.0, 0.0, 0.0, 0.0, 0.0, 0.0, 0.0, 0.0, 0.0, 0.0, 0.0, 0.0, 0.0, 1.0, 0.0, 0.0, 0.0, 0.0, 0.0, 0.0, 0.0, 0.0, 0.0, 0.0, 0.0, 0.0, 0.0, 0.0, 0.0, 0.0, 0.0, 0.0, 0.0, 0.0, 0.0, 1.2, 0.0, 0.0, 0.0, 0.0, 0.0, 0.0, 0.0, 0.0, 0.0, 0.0, 0.0, 0.0, 0.0, 0.0, 0.0, 0.0, 0.0, 0.0, 0.0, 0.0]",0.9,4,"[0, 0, 0, 0, 0, 0, 0, 0, 1, 0, 0, 0, 0, 0, 0]","[0, 0, 1, 0, 0, 0, 0, 0, 0, 0, 0, 0, 0, 0, 0]","[0, 0, 0, 0, 0, 0, 0, 0, 0, 1, 0, 0, 0, 0, 0]","[0, 0, 0, 0, 0, 0, 0, 0, 0, 0, 0, 0, 0, 0, 0]",0.5319,0.5491
VSEPR_Hypervalent_10,"According to VSEPR theory, the bond angles present in a trigonal bipyramidal geometry (e.g., PCl5) are:",90? and 120? only,"90?, 120?, and 180?",120? and 180? only,90? and 180? only,Incorrect. This misses the 180? angle between the two axial bonds.,"Correct. A trigonal bipyramid contains 90? (axial-equatorial), 120? (equatorial-equatorial), and 180? (axial-axial) angles.",Incorrect. This misses the 90? angle between axial and equatorial bonds.,Incorrect. This misses the 120? angle between equatorial bonds.,VSEPR Application to Hypervalent Molecules,Valence Shell Electron Pair Repulsion Theory,"[0.0, 0.0, 0.0, 0.0, 0.0, 0.0, 0.0, 0.0, 0.0, 0.0, 0.0, 0.0, 0.0, 0.0, 0.0, 1.0, 0.0, 0.0, 0.0, 0.0, 0.0, 0.0, 0.0, 0.0, 0.0, 0.0, 0.0, 0.0, 0.0, 0.0, 0.0, 0.0, 0.0, 0.0, 0.0, 0.0, 0.0, 1.5, 0.0, 0.0, 0.0, 0.0, 0.0, 0.0, 0.0, 0.0, 0.0, 0.0, 0.0, 0.0, 0.0, 0.0, 0.0, 0.0, 0.0, 0.0, 0.0, 0.0]",0.9,2,"[1, 0, 0, 0, 0, 0, 0, 0, 0, 0, 0, 0, 0, 0, 0]","[0, 0, 0, 0, 0, 0, 0, 0, 0, 0, 0, 0, 0, 0, 0]","[0, 0, 0, 1, 0, 0, 0, 0, 0, 0, 0, 0, 0, 0, 0]","[0, 0, 0, 0, 0, 0, 0, 0, 0, 0, 0, 0, 0, 0, 0]",0.4572,0.3915
NobleGas_01,Which of the following is the first noble gas compound to be synthesized?,XeF?,XeF?,XePtF?,KrF?,Incorrect. XeF? was synthesized later.,Incorrect. XeF? was synthesized later.,"Correct. Neil Bartlett synthesized XePtF? in 1962, the first noble gas compound.",Incorrect. KrF? was synthesized later.,Noble Gas Compound Stability,Effective Nuclear Charge,"[0.5, 0.0, 0.0, 0.0, 0.0, 0.0, 0.0, 0.0, 0.0, 0.0, 0.0, 0.0, 0.0, 0.0, 0.0, 0.0, 0.0, 0.0, 0.0, 0.0, 0.0, 0.0, 0.0, 0.0, 0.0, 0.0, 0.0, 0.0, 0.0, 0.0, 0.0, 0.0, 0.0, 0.0, 0.0, 0.0, 0.0, 0.0, 1.5, 0.0, 0.0, 0.0, 0.0, 0.0, 0.0, 0.0, 0.0, 0.0, 0.0, 0.0, 0.0, 0.0, 0.0, 0.0, 0.0, 0.0, 0.0, 0.0]",0.8,3,"[0, 0, 0, 0, 0, 0, 0, 0, 0, 0, 1, 0, 0, 0, 0]","[0, 0, 0, 0, 0, 1, 0, 0, 0, 0, 0, 0, 0, 0, 0]","[0, 0, 0, 0, 0, 0, 0, 0, 0, 0, 0, 0, 0, 0, 0]","[0, 0, 0, 0, 0, 0, 0, 0, 0, 0, 0, 1, 0, 0, 0]",0.4564,0.2975
NobleGas_02,Why was it initially believed that noble gases could not form compounds?,They are completely unreactive.,They have no electrons.,They are radioactive.,They have complete octets and very high ionization energies.,"Incorrect. They are not completely unreactive, as later discovered.",Incorrect. They have electrons.,Incorrect. Not all are radioactive.,"Correct. Noble gases have stable ns?np? configurations, requiring large amounts of energy to remove an electron, making bond formation difficult.",Noble Gas Compound Stability,Effective Nuclear Charge,"[1.0, 0.0, 0.0, 0.0, 0.0, 0.0, 0.0, 0.0, 0.0, 0.0, 0.0, 0.0, 0.0, 0.0, 0.0, 0.0, 0.0, 0.0, 0.0, 0.0, 0.0, 0.0, 0.0, 0.0, 0.0, 0.0, 0.0, 0.0, 0.0, 0.0, 0.0, 0.0, 0.0, 0.0, 0.0, 0.0, 0.0, 0.0, 1.2, 0.0, 0.0, 0.0, 0.0, 0.0, 0.0, 0.0, 0.0, 0.0, 0.0, 0.0, 0.0, 0.0, 0.0, 0.0, 0.0, 0.0, 0.0, 0.0]",0.7,4,"[0, 0, 0, 0, 0, 0, 0, 0, 0, 0, 1, 0, 0, 0, 0]","[0, 0, 0, 0, 0, 1, 0, 0, 0, 0, 0, 0, 0, 0, 0]","[0, 0, 0, 0, 0, 0, 0, 0, 0, 0, 0, 0, 0, 1, 0]","[0, 0, 0, 0, 0, 0, 0, 0, 0, 0, 0, 0, 0, 0, 0]",0.4537,0.2762
NobleGas_03,Which noble gas forms the largest number of compounds?,Helium,Xenon,Krypton,Neon,Incorrect. Helium is inert.,"Correct. Xenon has the lowest ionization energy among stable noble gases and forms a wide variety of compounds (fluorides, oxides, etc.).",Incorrect. Krypton forms some compounds but fewer than xenon.,Incorrect. Neon forms very few compounds.,Noble Gas Compound Stability,Effective Nuclear Charge,"[1.2, 0.0, 0.0, 0.0, 0.0, 0.0, 0.0, 0.0, 0.0, 0.0, 0.0, 0.0, 0.0, 0.0, 0.0, 0.0, 0.0, 0.0, 0.0, 0.0, 0.0, 0.0, 0.0, 0.0, 0.0, 0.0, 0.0, 0.0, 0.0, 0.0, 0.0, 0.0, 0.0, 0.0, 0.0, 0.0, 0.0, 0.0, 1.0, 0.0, 0.0, 0.0, 0.0, 0.0, 0.0, 0.0, 0.0, 0.0, 0.0, 0.0, 0.0, 0.0, 0.0, 0.0, 0.0, 0.0, 0.0, 0.0]",0.6,2,"[0, 0, 0, 0, 0, 0, 0, 0, 0, 0, 0, 0, 0, 0, 0]","[0, 0, 0, 0, 0, 0, 0, 0, 0, 0, 0, 0, 0, 0, 0]","[0, 0, 0, 0, 0, 0, 0, 0, 0, 0, 0, 0, 0, 1, 0]","[0, 0, 0, 0, 0, 0, 0, 0, 0, 0, 0, 1, 0, 0, 0]",0.4129,0.2768
NobleGas_04,The stability of noble gas compounds such as XeF? is attributed to:,The small size of xenon.,The high electronegativity of fluorine.,The availability of vacant 5d orbitals in xenon that can participate in bonding.,The low electron affinity of fluorine.,"Incorrect. Xenon is large, not small.",Incorrect. Electronegativity of F contributes but the key is orbital availability.,"Correct. Xenon has empty 5d orbitals that can accommodate extra electrons, allowing it to expand its octet and form bonds.",Incorrect. Fluorine has high electron affinity.,Noble Gas Compound Stability,Effective Nuclear Charge,"[1.0, 0.0, 0.0, 0.0, 0.0, 0.0, 0.0, 0.0, 0.0, 0.0, 0.0, 0.0, 0.0, 0.0, 0.0, 0.0, 0.0, 0.0, 0.0, 0.0, 0.0, 0.0, 0.0, 0.0, 0.0, 0.0, 0.0, 0.0, 0.0, 0.0, 0.0, 0.0, 0.0, 0.0, 0.0, 0.0, 0.0, 0.0, 1.2, 0.0, 0.0, 0.0, 0.0, 0.0, 0.0, 0.0, 0.0, 0.0, 0.0, 0.0, 0.0, 0.0, 0.0, 0.0, 0.0, 0.0, 0.0, 0.0]",0.9,3,"[0, 0, 0, 0, 0, 0, 0, 0, 0, 0, 1, 0, 0, 0, 0]","[0, 0, 0, 0, 0, 1, 0, 0, 0, 0, 0, 0, 0, 0, 0]","[0, 0, 0, 0, 0, 0, 0, 0, 0, 0, 0, 0, 0, 0, 0]","[0, 0, 0, 0, 0, 0, 0, 0, 0, 0, 0, 1, 0, 0, 0]",0.5003,0.3225
NobleGas_05,Which of the following noble gas fluorides is known to exist?,ArF?,KrF?,NeF?,HeF?,Incorrect. ArF? is not stable under normal conditions; it has been detected at low temperatures but is highly unstable.,"Correct. KrF? is a stable, well-characterized compound.",Incorrect. Neon does not form stable fluorides.,Incorrect. Helium does not form stable fluorides.,Noble Gas Compound Stability,Effective Nuclear Charge,"[1.2, 0.0, 0.0, 0.0, 0.0, 0.0, 0.0, 0.0, 0.0, 0.0, 0.0, 0.0, 0.0, 0.0, 0.0, 0.0, 0.0, 0.0, 0.0, 0.0, 0.0, 0.0, 0.0, 0.0, 0.0, 0.0, 0.0, 0.0, 0.0, 0.0, 0.0, 0.0, 0.0, 0.0, 0.0, 0.0, 0.0, 0.0, 1.0, 0.0, 0.0, 0.0, 0.0, 0.0, 0.0, 0.0, 0.0, 0.0, 0.0, 0.0, 0.0, 0.0, 0.0, 0.0, 0.0, 0.0, 0.0, 0.0]",0.8,2,"[0, 0, 0, 0, 0, 0, 0, 0, 0, 0, 1, 0, 0, 0, 0]","[0, 0, 0, 0, 0, 0, 0, 0, 0, 0, 0, 0, 0, 0, 0]","[0, 0, 0, 0, 0, 0, 0, 0, 0, 0, 0, 0, 0, 1, 0]","[0, 0, 0, 0, 0, 0, 0, 0, 0, 0, 0, 1, 0, 0, 0]",0.4408,0.3014
NobleGas_06,The increasing order of reactivity of noble gases towards fluorine is:,Ar < Ne < He < Kr < Xe,He < Ne < Ar < Kr < Xe,Ne < He < Ar < Kr < Xe,Xe < Kr < Ar < Ne < He,Incorrect. This order is not correct.,"Correct. Reactivity increases with increasing atomic number (decreasing ionization energy). Helium and neon are almost inert, argon forms ArF? only under extreme conditions, krypton forms KrF?, and xenon forms multiple fluorides.",Incorrect. This order is not accurate.,Incorrect. This is the reverse order.,Noble Gas Compound Stability,Effective Nuclear Charge,"[1.2, 0.0, 0.0, 0.0, 0.0, 0.0, 0.0, 0.0, 0.0, 0.0, 0.0, 0.0, 0.0, 0.0, 0.0, 0.0, 0.0, 0.0, 0.0, 0.0, 0.0, 0.0, 0.0, 0.0, 0.0, 0.0, 0.0, 0.0, 0.0, 0.0, 0.0, 0.0, 0.0, 0.0, 0.0, 0.0, 0.0, 0.0, 1.0, 0.0, 0.0, 0.0, 0.0, 0.0, 0.0, 0.0, 0.0, 0.0, 0.0, 0.0, 0.0, 0.0, 0.0, 0.0, 0.0, 0.0, 0.0, 0.0]",0.7,2,"[0, 0, 0, 0, 0, 0, 0, 0, 0, 0, 1, 0, 0, 0, 0]","[0, 0, 0, 0, 0, 0, 0, 0, 0, 0, 0, 0, 0, 0, 0]","[0, 0, 0, 0, 0, 0, 0, 0, 0, 0, 0, 0, 0, 1, 0]","[0, 0, 0, 0, 0, 0, 0, 0, 0, 0, 0, 1, 0, 0, 0]",0.4882,0.2837
NobleGas_07,The compound XeO? is:,A colorless solid that is explosive.,A stable liquid.,A strong reducing agent.,A gas at room temperature.,Correct. XeO? is a colorless solid that is highly explosive and a strong oxidizing agent.,Incorrect. It is not stable as a liquid.,"Incorrect. It is an oxidizing agent, not reducing.",Incorrect. It is a solid.,Noble Gas Compound Stability,Effective Nuclear Charge,"[1.0, 0.0, 0.0, 0.0, 0.0, 0.0, 0.0, 0.0, 0.0, 0.0, 0.0, 0.0, 0.0, 0.0, 0.0, 0.0, 0.0, 0.0, 0.0, 0.0, 0.0, 0.0, 0.0, 0.0, 0.0, 0.0, 0.0, 0.0, 0.0, 0.0, 0.0, 0.0, 0.0, 0.0, 0.0, 0.0, 0.0, 0.0, 1.2, 0.0, 0.0, 0.0, 0.0, 0.0, 0.0, 0.0, 0.0, 0.0, 0.0, 0.0, 0.0, 0.0, 0.0, 0.0, 0.0, 0.0, 0.0, 0.0]",0.9,1,"[0, 0, 0, 0, 0, 0, 0, 0, 0, 0, 0, 0, 0, 0, 0]","[0, 0, 0, 0, 0, 1, 0, 0, 0, 0, 0, 0, 0, 0, 0]","[0, 0, 0, 0, 0, 0, 0, 0, 0, 0, 0, 0, 0, 1, 0]","[0, 0, 0, 0, 0, 0, 0, 0, 0, 0, 0, 1, 0, 0, 0]",0.4756,0.3204
NobleGas_08,Which of the following statements about XeF? is correct?,It has a tetrahedral geometry.,It has a square planar geometry.,It reacts with water to give Xe and O?.,It is a strong reducing agent.,Incorrect. XeF? has square planar geometry with two lone pairs on Xe.,"Correct. XeF? has sp?d? hybridization, square planar shape.","Incorrect. It hydrolyzes to give Xe, O?, and HF, but the primary products are XeO? or Xe depending on conditions.",Incorrect. XeF? is an oxidizing agent.,Noble Gas Compound Stability,Effective Nuclear Charge,"[1.0, 0.0, 0.0, 0.0, 0.0, 0.0, 0.0, 0.0, 0.0, 0.0, 0.0, 0.0, 0.0, 0.0, 0.0, 0.0, 0.0, 0.0, 0.0, 0.0, 0.0, 0.0, 0.0, 0.0, 0.0, 0.0, 0.0, 0.0, 0.0, 0.0, 0.0, 0.0, 0.0, 0.0, 0.0, 0.0, 0.0, 0.0, 1.2, 0.0, 0.0, 0.0, 0.0, 0.0, 0.0, 0.0, 0.0, 0.0, 0.0, 0.0, 0.0, 0.0, 0.0, 0.0, 0.0, 0.0, 0.0, 0.0]",0.9,2,"[0, 0, 0, 0, 0, 0, 0, 0, 0, 0, 1, 0, 0, 0, 0]","[0, 0, 0, 0, 0, 0, 0, 0, 0, 0, 0, 0, 0, 0, 0]","[0, 0, 0, 0, 0, 0, 0, 0, 0, 0, 0, 0, 0, 1, 0]","[0, 0, 0, 0, 0, 0, 0, 0, 0, 0, 0, 1, 0, 0, 0]",0.5322,0.3312
NobleGas_09,The compound XeF? is used as:,A fluorinating agent,A catalyst,An inert gas,A reducing agent,Correct. XeF? is a mild fluorinating agent in organic synthesis.,Incorrect. It is not used as a catalyst.,Incorrect. It is reactive.,Incorrect. XeF? is an oxidizing and fluorinating agent.,Noble Gas Compound Stability,Effective Nuclear Charge,"[1.0, 0.0, 0.0, 0.0, 0.0, 0.0, 0.0, 0.0, 0.0, 0.0, 0.0, 0.0, 0.0, 0.0, 0.0, 0.0, 0.0, 0.0, 0.0, 0.0, 0.0, 0.0, 0.0, 0.0, 0.0, 0.0, 0.0, 0.0, 0.0, 0.0, 0.0, 0.0, 0.0, 0.0, 0.0, 0.0, 0.0, 0.0, 1.0, 0.0, 0.0, 0.0, 0.0, 0.0, 0.0, 0.0, 0.0, 0.0, 0.0, 0.0, 0.0, 0.0, 0.0, 0.0, 0.0, 0.0, 0.0, 0.0]",0.7,1,"[0, 0, 0, 0, 0, 0, 0, 0, 0, 0, 0, 0, 0, 0, 0]","[0, 0, 0, 0, 0, 1, 0, 0, 0, 0, 0, 0, 0, 0, 0]","[0, 0, 0, 0, 0, 0, 0, 0, 0, 0, 0, 0, 0, 1, 0]","[0, 0, 0, 0, 0, 0, 0, 0, 0, 0, 0, 1, 0, 0, 0]",0.4557,0.3189
NobleGas_10,The formation of noble gas compounds is favored by:,High ionization energy of the noble gas and low electronegativity of the combining element.,Low ionization energy of the noble gas and high electronegativity of the combining element.,Low electron affinity of the combining element.,Large atomic radius of the noble gas only.,Incorrect. High IE makes it difficult.,"Correct. Noble gases with lower IE (Xe, Kr) can be oxidized by highly electronegative elements like F and O.",Incorrect. High EA is needed.,Incorrect. Size alone is not sufficient; low IE and electronegativity of partner are key.,Noble Gas Compound Stability,Effective Nuclear Charge,"[1.0, 0.0, 0.0, 0.0, 0.0, 0.0, 0.0, 0.0, 0.0, 0.0, 0.0, 0.0, 0.0, 0.0, 0.0, 0.0, 0.0, 0.0, 0.0, 0.0, 0.0, 0.0, 0.0, 0.0, 0.0, 0.0, 0.0, 0.0, 0.0, 0.0, 0.0, 0.0, 0.0, 0.0, 0.0, 0.0, 0.0, 0.0, 1.2, 0.0, 0.0, 0.0, 0.0, 0.0, 0.0, 0.0, 0.0, 0.0, 0.0, 0.0, 0.0, 0.0, 0.0, 0.0, 0.0, 0.0, 0.0, 0.0]",0.8,2,"[0, 0, 0, 0, 0, 0, 0, 0, 0, 0, 0, 0, 0, 0, 0]","[0, 0, 0, 0, 0, 0, 0, 0, 0, 0, 0, 0, 0, 0, 0]","[0, 0, 0, 0, 0, 0, 0, 0, 0, 0, 0, 0, 0, 1, 0]","[0, 0, 0, 0, 0, 0, 0, 0, 0, 0, 0, 1, 0, 0, 0]",0.557,0.2885
RedoxDisprop_01,What is disproportionation reaction?,A reaction in which oxidation state of an element increases only.,A reaction in which oxidation state of an element decreases only.,"A reaction in which a single substance is simultaneously oxidized and reduced, forming two different products.",A reaction in which two substances exchange electrons.,Incorrect. That is oxidation only.,Incorrect. That is reduction only.,Correct. Disproportionation (dismutation) involves the same element undergoing both oxidation and reduction.,Incorrect. That is a redox reaction between two species.,Redox Stability and Disproportionation Tendencies,Standard Electrode Potential Trends in d-block,"[0.0, 0.0, 0.0, 0.0, 0.0, 0.0, 0.0, 0.0, 0.0, 0.0, 0.0, 0.0, 0.0, 0.0, 0.0, 0.0, 0.0, 0.0, 0.0, 0.0, 0.0, 0.0, 0.0, 0.0, 0.0, 0.0, 0.0, 0.0, 0.0, 0.0, 0.0, 0.0, 0.0, 0.5, 0.0, 0.0, 0.0, 0.0, 0.0, 1.5, 0.0, 0.0, 0.0, 0.0, 0.0, 0.0, 0.0, 0.0, 0.0, 0.0, 0.0, 0.0, 0.0, 0.0, 0.0, 0.0, 0.0, 0.0]",0.8,3,"[0, 0, 0, 0, 0, 0, 0, 0, 0, 0, 0, 0, 0, 0, 0]","[0, 0, 0, 0, 0, 0, 0, 0, 0, 0, 0, 0, 0, 0, 1]","[0, 0, 0, 0, 0, 0, 0, 0, 0, 0, 0, 0, 0, 0, 0]","[0, 0, 0, 1, 0, 0, 0, 0, 0, 0, 0, 0, 0, 0, 0]",0.5068,0.1537
RedoxDisprop_02,Which of the following is an example of a disproportionation reaction?,2Cu? ? Cu + Cu??,2H? + O? ≈ 2H?O,Zn + CuSO? ? ZnSO? + Cu,Fe + S ? FeS,"Correct. Cu? (oxidation state +1) is oxidized to Cu?? (+2) and reduced to Cu(0), thus disproportionation.",Incorrect. This is combination.,"Incorrect. This is a single displacement, not disproportionation.",Incorrect. This is combination.,Redox Stability and Disproportionation Tendencies,Standard Electrode Potential Trends in d-block,"[0.0, 0.0, 0.0, 0.0, 0.0, 0.0, 0.0, 0.0, 0.0, 0.0, 0.0, 0.0, 0.0, 0.0, 0.0, 0.0, 0.0, 0.0, 0.0, 0.0, 0.0, 0.0, 0.0, 0.0, 0.0, 0.0, 0.0, 0.0, 0.0, 0.0, 0.0, 0.0, 0.0, 1.2, 0.0, 0.0, 0.0, 0.0, 0.0, 1.0, 0.0, 0.0, 0.0, 0.0, 0.0, 0.0, 0.0, 0.0, 0.0, 0.0, 0.0, 0.0, 0.0, 0.0, 0.0, 0.0, 0.0, 0.0]",0.7,1,"[0, 0, 0, 0, 0, 0, 0, 0, 0, 0, 0, 0, 0, 0, 0]","[0, 0, 0, 0, 0, 0, 0, 0, 0, 0, 0, 0, 0, 0, 0]","[0, 0, 0, 0, 0, 0, 0, 0, 0, 1, 0, 0, 0, 0, 0]","[0, 0, 0, 1, 0, 0, 0, 0, 0, 0, 0, 0, 0, 0, 0]",0.4362,0.2765
RedoxDisprop_03,The tendency of an ion to undergo disproportionation can be predicted by comparing:,The lattice energy.,The ionic radii.,The magnetic moment.,The standard electrode potentials for the two relevant half-reactions.,"Incorrect. Lattice energy relates to solids, not solution disproportionation.",Incorrect. Size is not directly predictive.,Incorrect. Magnetic properties do not determine redox stability.,"Correct. If the potential for the reduction of the higher oxidation state to the intermediate state is more positive than the potential for reduction of the intermediate to the lower state, disproportionation is favored.",Redox Stability and Disproportionation Tendencies,Standard Electrode Potential Trends in d-block,"[0.0, 0.0, 0.0, 0.0, 0.0, 0.0, 0.0, 0.0, 0.0, 0.0, 0.0, 0.0, 0.0, 0.0, 0.0, 0.0, 0.0, 0.0, 0.0, 0.0, 0.0, 0.0, 0.0, 0.0, 0.0, 0.0, 0.0, 0.0, 0.0, 0.0, 0.0, 0.0, 0.0, 1.0, 0.0, 0.0, 0.0, 0.0, 0.0, 1.2, 0.0, 0.0, 0.0, 0.0, 0.0, 0.0, 0.0, 0.0, 0.0, 0.0, 0.0, 0.0, 0.0, 0.0, 0.0, 0.0, 0.0, 0.0]",0.9,4,"[0, 1, 0, 0, 0, 0, 0, 0, 0, 0, 0, 0, 0, 0, 0]","[0, 0, 0, 0, 0, 0, 0, 0, 0, 0, 0, 0, 0, 0, 0]","[0, 0, 0, 0, 0, 0, 0, 0, 0, 1, 0, 0, 0, 0, 0]","[0, 0, 0, 0, 0, 0, 0, 0, 0, 0, 0, 0, 0, 0, 0]",0.5163,0.2966
RedoxDisprop_04,Cu? disproportionates in aqueous solution because:,E? for Cu??/Cu? is +0.15 V and E? for Cu?/Cu is +0.52 V; the combination gives a positive overall cell potential.,Cu? is very stable.,Cu?? is a strong reducing agent.,E? for Cu??/Cu? is negative.,"Correct. For disproportionation 2Cu? ? Cu + Cu??, the cell potential = E?(Cu?/Cu) - E?(Cu??/Cu?) = 0.52 - 0.15 = +0.37 V > 0, hence spontaneous.",Incorrect. Cu? is unstable in water.,Incorrect. Cu?? is not a strong reducing agent.,Incorrect. It is positive.,Redox Stability and Disproportionation Tendencies,Standard Electrode Potential Trends in d-block,"[0.0, 0.0, 0.0, 0.0, 0.0, 0.0, 0.0, 0.0, 0.0, 0.0, 0.0, 0.0, 0.0, 0.0, 0.0, 0.0, 0.0, 0.0, 0.0, 0.0, 0.0, 0.0, 0.0, 0.0, 0.0, 0.0, 0.0, 0.0, 0.0, 0.0, 0.0, 0.0, 0.0, 1.0, 0.0, 0.0, 0.0, 0.0, 0.0, 1.5, 0.0, 0.0, 0.0, 0.0, 0.0, 0.0, 0.0, 0.0, 0.0, 0.0, 0.0, 0.0, 0.0, 0.0, 0.0, 0.0, 0.0, 0.0]",1.0,1,"[0, 0, 0, 0, 0, 0, 0, 0, 0, 0, 0, 0, 0, 0, 0]","[0, 0, 0, 0, 0, 0, 0, 0, 0, 0, 0, 0, 0, 0, 1]","[0, 0, 0, 0, 0, 0, 0, 0, 0, 0, 0, 0, 0, 0, 0]","[0, 0, 0, 1, 0, 0, 0, 0, 0, 0, 0, 0, 0, 0, 0]",0.4603,0.3375
RedoxDisprop_05,Which of the following ions is stable in aqueous solution and does not disproportionate?,Au?,Cu?,Fe??,Mn??,Incorrect. Au? disproportionates to Au and Au??.,Incorrect. Cu? disproportionates.,Correct. Fe?? does not disproportionate; it can be oxidized to Fe?? but the reverse reaction (Fe?? ? Fe??) is reduction. Fe?? is stable in absence of strong oxidants.,Incorrect. Mn?? disproportionates to Mn?? and MnO?.,Redox Stability and Disproportionation Tendencies,Standard Electrode Potential Trends in d-block,"[0.0, 0.0, 0.0, 0.0, 0.0, 0.0, 0.0, 0.0, 0.0, 0.0, 0.0, 0.0, 0.0, 0.0, 0.0, 0.0, 0.0, 0.0, 0.0, 0.0, 0.0, 0.0, 0.0, 0.0, 0.0, 0.0, 0.0, 0.0, 0.0, 0.0, 0.0, 0.0, 0.0, 1.2, 0.0, 0.0, 0.0, 0.0, 0.0, 1.0, 0.0, 0.0, 0.0, 0.0, 0.0, 0.0, 0.0, 0.0, 0.0, 0.0, 0.0, 0.0, 0.0, 0.0, 0.0, 0.0, 0.0, 0.0]",0.8,3,"[0, 1, 0, 0, 0, 0, 0, 0, 0, 0, 0, 0, 0, 0, 0]","[0, 0, 0, 0, 0, 0, 0, 0, 0, 0, 0, 0, 0, 0, 1]","[0, 0, 0, 0, 0, 0, 0, 0, 0, 0, 0, 0, 0, 0, 0]","[0, 0, 0, 1, 0, 0, 0, 0, 0, 0, 0, 0, 0, 0, 0]",0.4288,0.4247
RedoxDisprop_06,The disproportionation of Mn?? in acidic medium gives:,Mn?? and Mn,MnO? and O?,Mn?? and MnO?,Mn?? and MnO??,Incorrect. Mn metal is not formed.,Incorrect. Oxygen evolution is not part of this disproportionation.,Incorrect. MnO?? is a higher oxidation state but not the product; MnO? is formed.,Correct. 2Mn?? + 2H?O ? Mn?? + MnO? + 4H?; Mn?? is reduced to Mn?? and oxidized to MnO?.,Redox Stability and Disproportionation Tendencies,Standard Electrode Potential Trends in d-block,"[0.0, 0.0, 0.0, 0.0, 0.0, 0.0, 0.0, 0.0, 0.0, 0.0, 0.0, 0.0, 0.0, 0.0, 0.0, 0.0, 0.0, 0.0, 0.0, 0.0, 0.0, 0.0, 0.0, 0.0, 0.0, 0.0, 0.0, 0.0, 0.0, 0.0, 0.0, 0.0, 0.0, 1.0, 0.0, 0.0, 0.0, 0.0, 0.0, 1.2, 0.0, 0.0, 0.0, 0.0, 0.0, 0.0, 0.0, 0.0, 0.0, 0.0, 0.0, 0.0, 0.0, 0.0, 0.0, 0.0, 0.0, 0.0]",0.9,4,"[0, 0, 0, 0, 0, 0, 0, 0, 0, 0, 0, 0, 0, 0, 0]","[0, 0, 0, 0, 0, 0, 0, 0, 0, 0, 0, 0, 0, 0, 0]","[0, 0, 0, 0, 0, 0, 0, 0, 0, 1, 0, 0, 0, 0, 0]","[0, 0, 0, 0, 0, 0, 0, 0, 0, 0, 0, 0, 0, 0, 0]",0.4515,0.3279
RedoxDisprop_07,Which of the following species undergoes disproportionation in aqueous alkaline medium?,ClO4-,Cl2,F2,Cl-,Incorrect. ClO4- is in its highest oxidation state (+7) and cannot be further oxidized.,Correct. Cl2 (oxidation state 0) disproportionates into Cl- (-1) and ClO- or ClO3- in alkaline solution.,"Incorrect. F2 is the strongest oxidizing agent and only undergoes reduction, never disproportionation.",Incorrect. Cl- is in its lowest oxidation state (-1) and cannot be further reduced.,Redox Stability and Disproportionation Tendencies,Standard Electrode Potential Trends in d-block,"[0.0, 0.0, 0.0, 0.0, 0.0, 0.0, 0.0, 0.0, 0.0, 0.0, 0.0, 0.0, 0.0, 0.0, 0.0, 0.0, 0.0, 0.0, 0.0, 0.0, 0.0, 0.0, 0.0, 0.0, 0.0, 0.0, 0.0, 0.0, 0.0, 0.0, 0.0, 0.0, 0.0, 1.0, 0.0, 0.0, 0.0, 0.0, 0.0, 1.0, 0.0, 0.0, 0.0, 0.0, 0.0, 0.0, 0.0, 0.0, 0.0, 0.0, 0.0, 0.0, 0.0, 0.0, 0.0, 0.0, 0.0, 0.0]",1.2,2,"[0, 0, 0, 0, 0, 0, 0, 0, 0, 0, 0, 0, 1, 0, 0]","[0, 0, 0, 0, 0, 0, 0, 0, 0, 0, 0, 0, 0, 0, 0]","[0, 0, 0, 0, 0, 0, 0, 0, 1, 0, 0, 0, 0, 0, 0]","[0, 0, 0, 0, 0, 0, 0, 0, 0, 0, 0, 0, 0, 0, 0]",0.4617,0.2939
RedoxDisprop_08,The reason why Cu? disproportionates in water while Ag? does not is:,Cu? is more stable than Ag?.,Cu??/Cu? has a lower reduction potential compared to Ag??/Ag?.,The hydration enthalpy of Ag? is higher.,Ag? has a larger ionic radius.,Incorrect. Ag? is more stable than Cu?.,"Correct. The key is that E? for Ag??/Ag? is very high (1.98 V), so Ag? cannot be oxidized to Ag?? easily; hence Ag? does not disproportionate. For Cu, the potentials favor disproportionation.",Incorrect. Hydration enthalpy of Ag? is lower due to larger size.,Incorrect. Radius is not the direct reason.,Redox Stability and Disproportionation Tendencies,Standard Electrode Potential Trends in d-block,"[0.0, 0.0, 0.0, 0.0, 0.0, 0.0, 0.0, 0.0, 0.0, 0.0, 0.0, 0.0, 0.0, 0.0, 0.0, 0.0, 0.0, 0.0, 0.0, 0.0, 0.0, 0.0, 0.0, 0.0, 0.0, 0.0, 0.0, 0.0, 0.0, 0.0, 0.0, 0.0, 0.0, 1.0, 0.0, 0.0, 0.0, 0.0, 0.0, 1.5, 0.0, 0.0, 0.0, 0.0, 0.0, 0.0, 0.0, 0.0, 0.0, 0.0, 0.0, 0.0, 0.0, 0.0, 0.0, 0.0, 0.0, 0.0]",1.0,2,"[0, 0, 0, 0, 0, 0, 0, 0, 0, 0, 0, 0, 0, 0, 0]","[0, 0, 0, 0, 0, 0, 0, 0, 0, 0, 0, 0, 0, 0, 0]","[0, 0, 0, 0, 0, 0, 0, 0, 0, 1, 0, 0, 0, 0, 0]","[0, 0, 0, 1, 0, 0, 0, 0, 0, 0, 0, 0, 0, 0, 0]",0.4942,0.559
RedoxDisprop_09,"In the disproportionation of chlorine in cold dilute NaOH, the products are:",NaCl and NaClO,NaCl and Cl?,NaCl and NaClO?,NaClO and NaClO?,"Correct. Cl? + 2NaOH ? NaCl + NaClO + H?O (cold, dilute).",Incorrect. That is not a disproportionation product.,Incorrect. That occurs on heating.,Incorrect. That is a mixture but not the primary cold product.,Redox Stability and Disproportionation Tendencies,Standard Electrode Potential Trends in d-block,"[0.0, 0.0, 0.0, 0.0, 0.0, 0.0, 0.0, 0.0, 0.0, 0.0, 0.0, 0.0, 0.0, 0.0, 0.0, 0.0, 0.0, 0.0, 0.0, 0.0, 0.0, 0.0, 0.0, 0.0, 0.0, 0.0, 0.0, 0.0, 0.0, 0.0, 0.0, 0.0, 0.0, 1.2, 0.0, 0.0, 0.0, 0.0, 0.0, 1.0, 0.0, 0.0, 0.0, 0.0, 0.0, 0.0, 0.0, 0.0, 0.0, 0.0, 0.0, 0.0, 0.0, 0.0, 0.0, 0.0, 0.0, 0.0]",0.7,1,"[0, 0, 0, 0, 0, 0, 0, 0, 0, 0, 0, 0, 0, 0, 0]","[0, 0, 0, 0, 0, 0, 0, 0, 0, 0, 0, 0, 0, 0, 1]","[0, 0, 0, 0, 0, 0, 0, 0, 0, 1, 0, 0, 0, 0, 0]","[0, 0, 0, 1, 0, 0, 0, 0, 0, 0, 0, 0, 0, 0, 0]",0.4572,0.3029
RedoxDisprop_10,The stability of an oxidation state towards disproportionation is governed by:,All of the above.,The pH of the medium.,The standard reduction potentials of the half-reactions.,The presence of complexing agents.,"Correct. Disproportionation depends on the reduction potentials, which can be altered by pH and complexation (which changes effective potentials).",Incorrect.,Incorrect.,Incorrect.,Redox Stability and Disproportionation Tendencies,Standard Electrode Potential Trends in d-block,"[0.0, 0.0, 0.0, 0.0, 0.0, 0.0, 0.0, 0.0, 0.0, 0.0, 0.0, 0.0, 0.0, 0.0, 0.0, 0.0, 0.0, 0.0, 0.0, 0.0, 0.0, 0.0, 0.0, 0.0, 0.0, 0.0, 0.0, 0.0, 0.0, 0.0, 0.0, 0.0, 0.0, 1.0, 0.0, 0.0, 0.0, 0.0, 0.0, 1.2, 0.0, 0.0, 0.0, 0.0, 0.0, 0.0, 0.0, 0.0, 0.0, 0.0, 0.0, 0.0, 0.0, 0.0, 0.0, 0.0, 0.0, 0.0]",0.9,1,"[0, 0, 0, 0, 0, 0, 0, 0, 0, 0, 0, 0, 0, 0, 0]","[0, 0, 0, 0, 0, 0, 0, 0, 0, 0, 0, 0, 0, 0, 1]","[0, 0, 0, 0, 0, 0, 0, 0, 0, 1, 0, 0, 0, 0, 0]","[0, 0, 0, 1, 0, 0, 0, 0, 0, 0, 0, 0, 0, 0, 0]",0.4882,0.2951
Spectrochemical_01,What is the spectrochemical series?,A series of ligands arranged by their charge.,A series of colors shown by coordination compounds.,A series of ligands arranged in order of their ability to cause crystal field splitting (Δ).,A series of metal ions arranged by their atomic number.,Incorrect. The series is not based primarily on charge.,Incorrect. That is related to color but not the series.,Correct. The spectrochemical series orders ligands by the magnitude of ? (crystal field splitting) they produce in a complex.,Incorrect. That is not the definition.,Spectrochemical Series,"Ligand Field Theory, Crystal Field Splitting in Octahedral Field","[0.0, 0.0, 0.0, 0.0, 0.0, 0.0, 0.0, 0.0, 0.0, 0.0, 0.0, 0.0, 0.0, 0.0, 0.0, 0.0, 0.0, 0.0, 0.0, 0.0, 0.0, 0.0, 0.0, 0.0, 0.0, 0.0, 0.0, 0.0, 0.0, 0.0, 0.0, 0.0, 0.0, 0.0, 0.0, 0.0, 0.0, 0.0, 0.0, 0.0, 1.5, 0.5, 0.0, 0.0, 0.0, 0.0, 0.5, 0.0, 0.0, 0.0, 0.0, 0.0, 0.0, 0.0, 0.0, 0.0, 0.0, 0.0]",0.9,3,"[0, 1, 0, 0, 0, 0, 0, 0, 0, 0, 0, 0, 0, 0, 0]","[0, 0, 0, 0, 0, 0, 0, 0, 0, 0, 1, 0, 0, 0, 0]","[0, 0, 0, 0, 0, 0, 0, 0, 0, 0, 0, 0, 0, 0, 0]","[0, 0, 0, 0, 0, 0, 0, 0, 0, 0, 0, 0, 1, 0, 0]",0.4719,0.1534
Spectrochemical_02,Which of the following ligands is the strongest field ligand according to the spectrochemical series?,CN?,H?O,F?,I?,"Correct. CN? is a strong field ligand, causing large ? and often leading to low-spin configurations.",Incorrect. H?O is intermediate.,Incorrect. F? is a weak field ligand.,Incorrect. I? is a weak field ligand.,Spectrochemical Series,"Ligand Field Theory, Crystal Field Splitting in Octahedral Field","[0.0, 0.0, 0.0, 0.0, 0.0, 0.0, 0.0, 0.0, 0.0, 0.0, 0.0, 0.0, 0.0, 0.0, 0.0, 0.0, 0.0, 0.0, 0.0, 0.0, 0.0, 0.0, 0.0, 0.0, 0.0, 0.0, 0.0, 0.0, 0.0, 0.0, 0.0, 0.0, 0.0, 0.0, 0.0, 0.0, 0.0, 0.0, 0.0, 0.0, 1.0, 0.5, 0.0, 0.0, 0.0, 0.0, 1.2, 0.0, 0.0, 0.0, 0.0, 0.0, 0.0, 0.0, 0.0, 0.0, 0.0, 0.0]",0.8,1,"[0, 0, 0, 0, 0, 0, 0, 0, 0, 0, 0, 0, 0, 0, 0]","[0, 0, 0, 0, 0, 0, 0, 0, 0, 0, 0, 0, 0, 0, 0]","[0, 0, 0, 0, 0, 0, 0, 0, 0, 0, 0, 1, 0, 0, 0]","[0, 0, 0, 0, 0, 0, 0, 0, 0, 0, 0, 0, 1, 0, 0]",0.4288,0.2876
Spectrochemical_03,The correct order of ligands in the spectrochemical series (increasing field strength) is:,I? < Br? < Cl? < F? < OH? < H?O < NH? < en < NO?? < CN? < CO,H?O < NH? < en < CN? < CO < I? < Br? < Cl? < F?,F? < Cl? < Br? < I? < OH? < H?O < NH? < en < CN? < CO,CO < CN? < NO?? < en < NH? < H?O < OH? < F? < Cl? < Br? < I?,Correct. This is the approximate order from weak to strong field.,Incorrect. H?O is weaker than NH? and CN?; order is mixed.,Incorrect. Halides order is reversed; F? is stronger than I?.,Incorrect. This is reversed order.,Spectrochemical Series,"Ligand Field Theory, Crystal Field Splitting in Octahedral Field","[0.0, 0.0, 0.0, 0.0, 0.0, 0.0, 0.0, 0.0, 0.0, 0.0, 0.0, 0.0, 0.0, 0.0, 0.0, 0.0, 0.0, 0.0, 0.0, 0.0, 0.0, 0.0, 0.0, 0.0, 0.0, 0.0, 0.0, 0.0, 0.0, 0.0, 0.0, 0.0, 0.0, 0.0, 0.0, 0.0, 0.0, 0.0, 0.0, 0.0, 1.2, 0.8, 0.0, 0.0, 0.0, 0.0, 1.0, 0.0, 0.0, 0.0, 0.0, 0.0, 0.0, 0.0, 0.0, 0.0, 0.0, 0.0]",0.9,1,"[0, 0, 0, 0, 0, 0, 0, 0, 0, 0, 0, 0, 0, 0, 0]","[0, 0, 0, 0, 0, 0, 0, 0, 0, 0, 1, 0, 0, 0, 0]","[0, 0, 0, 0, 0, 0, 0, 0, 0, 0, 0, 1, 0, 0, 0]","[0, 0, 0, 0, 0, 0, 0, 0, 0, 0, 0, 0, 1, 0, 0]",0.5322,0.3215
Spectrochemical_04,The position of a ligand in the spectrochemical series depends on:,The electronegativity of the donor atom.,The size of the ligand only.,Both A and B,The ability of the ligand to participate in ? bonding.,Incorrect. This is a factor.,Incorrect. Size is not the primary factor.,Correct. Both electronegativity and ?-bonding capabilities (? donation or acceptance) determine the ligand field strength.,Incorrect. This is a major factor; ? acceptor ligands are strong field.,Spectrochemical Series,"Ligand Field Theory, Crystal Field Splitting in Octahedral Field","[0.0, 0.0, 0.0, 0.0, 0.0, 0.0, 0.0, 0.0, 0.0, 0.0, 0.0, 0.0, 0.0, 0.0, 0.0, 0.0, 0.0, 0.0, 0.0, 0.0, 0.0, 0.0, 0.0, 0.0, 0.0, 0.0, 0.0, 0.0, 0.0, 0.0, 0.0, 0.0, 0.0, 0.0, 0.0, 0.0, 0.0, 0.0, 0.0, 0.0, 1.2, 0.8, 0.0, 0.0, 0.0, 0.0, 1.0, 0.0, 0.0, 0.0, 0.0, 0.0, 0.0, 0.0, 0.0, 0.0, 0.0, 0.0]",0.9,3,"[0, 1, 0, 0, 0, 0, 0, 0, 0, 0, 0, 0, 0, 0, 0]","[0, 0, 0, 0, 0, 0, 0, 0, 0, 0, 1, 0, 0, 0, 0]","[0, 0, 0, 0, 0, 0, 0, 0, 0, 0, 0, 0, 0, 0, 0]","[0, 0, 0, 0, 0, 0, 0, 0, 0, 0, 0, 0, 1, 0, 0]",0.5036,0.2981
Spectrochemical_05,Which of the following ligands is a strong field ligand primarily due to its ?-acceptor ability?,Cl?,NH?,F?,CO,"Incorrect. Cl? is a ? donor, weak field.","Incorrect. NH? is a ? donor, intermediate field.","Incorrect. F? is a ? donor, weak field.","Correct. CO has empty ?* orbitals that accept electron density from the metal, making it a strong field ligand.",Spectrochemical Series,"Ligand Field Theory, Crystal Field Splitting in Octahedral Field","[0.0, 0.0, 0.0, 0.0, 0.0, 0.0, 0.0, 0.0, 0.0, 0.0, 0.0, 0.0, 0.0, 0.0, 0.0, 0.0, 0.0, 0.0, 0.0, 0.0, 0.0, 0.0, 0.0, 0.0, 0.0, 0.0, 0.0, 0.0, 0.0, 0.0, 0.0, 0.0, 0.0, 0.0, 0.0, 0.0, 0.0, 0.0, 0.0, 0.0, 1.2, 0.8, 0.0, 0.0, 0.0, 0.0, 1.0, 0.0, 0.0, 0.0, 0.0, 0.0, 0.0, 0.0, 0.0, 0.0, 0.0, 0.0]",0.9,4,"[0, 0, 0, 0, 0, 0, 0, 0, 0, 0, 0, 0, 0, 0, 0]","[0, 0, 0, 0, 0, 0, 0, 0, 0, 0, 1, 0, 0, 0, 0]","[0, 0, 0, 0, 0, 0, 0, 0, 0, 0, 0, 1, 0, 0, 0]","[0, 0, 0, 0, 0, 0, 0, 0, 0, 0, 0, 0, 0, 0, 0]",0.4267,0.3377
Spectrochemical_06,"In the spectrochemical series, water is placed between OH? and NH?. This indicates that:",H?O is weaker than both OH? and NH?.,H?O has no effect on crystal field splitting.,H?O is stronger than NH? but weaker than OH?.,H?O is a stronger field ligand than OH? but weaker than NH?.,Incorrect.,Incorrect.,Incorrect.,Correct. The order is ... OH? < H?O < NH? ... so H?O is stronger than OH? and weaker than NH?.,Spectrochemical Series,"Ligand Field Theory, Crystal Field Splitting in Octahedral Field","[0.0, 0.0, 0.0, 0.0, 0.0, 0.0, 0.0, 0.0, 0.0, 0.0, 0.0, 0.0, 0.0, 0.0, 0.0, 0.0, 0.0, 0.0, 0.0, 0.0, 0.0, 0.0, 0.0, 0.0, 0.0, 0.0, 0.0, 0.0, 0.0, 0.0, 0.0, 0.0, 0.0, 0.0, 0.0, 0.0, 0.0, 0.0, 0.0, 0.0, 1.0, 0.5, 0.0, 0.0, 0.0, 0.0, 1.2, 0.0, 0.0, 0.0, 0.0, 0.0, 0.0, 0.0, 0.0, 0.0, 0.0, 0.0]",0.7,4,"[0, 1, 0, 0, 0, 0, 0, 0, 0, 0, 0, 0, 0, 0, 0]","[0, 0, 0, 0, 0, 0, 0, 0, 0, 0, 1, 0, 0, 0, 0]","[0, 0, 0, 0, 0, 0, 0, 0, 0, 0, 0, 0, 0, 0, 0]","[0, 0, 0, 0, 0, 0, 0, 0, 0, 0, 0, 0, 0, 0, 0]",0.4761,0.3751
Spectrochemical_07,The spectrochemical series helps predict:,Both A and B.,Whether a complex will be high-spin or low-spin.,The geometry of the complex.,The color of the complex.,"Correct. The field strength influences spin state (high/low) and also affects the energy of d-d transitions, hence color.",Incorrect.,Incorrect.,Incorrect.,Spectrochemical Series,"Ligand Field Theory, Crystal Field Splitting in Octahedral Field","[0.0, 0.0, 0.0, 0.0, 0.0, 0.0, 0.0, 0.0, 0.0, 0.0, 0.0, 0.0, 0.0, 0.0, 0.0, 0.0, 0.0, 0.0, 0.0, 0.0, 0.0, 0.0, 0.0, 0.0, 0.0, 0.0, 0.0, 0.0, 0.0, 0.0, 0.0, 0.0, 0.0, 0.0, 0.0, 0.0, 0.0, 0.0, 0.0, 0.0, 1.2, 0.8, 0.0, 0.0, 0.0, 0.0, 1.0, 0.0, 0.0, 0.0, 0.0, 0.0, 0.0, 0.0, 0.0, 0.0, 0.0, 0.0]",0.9,1,"[0, 0, 0, 0, 0, 0, 0, 0, 0, 0, 0, 0, 0, 0, 0]","[0, 0, 0, 0, 0, 0, 0, 0, 0, 0, 1, 0, 0, 0, 0]","[0, 0, 0, 0, 0, 0, 0, 0, 0, 0, 0, 1, 0, 0, 0]","[0, 0, 0, 0, 0, 0, 0, 0, 0, 0, 0, 0, 0, 0, 0]",0.4997,0.2984
Spectrochemical_08,Which of the following ligands is a ? donor and generally acts as a weak field ligand?,F?,PPh?,CN?,CO,"Correct. F? is a ? donor; it donates electron density into metal d-orbitals, reducing ?, thus weak field.","Incorrect. PPh? is a ? acceptor, strong field.","Incorrect. CN? is a ? acceptor, strong field.","Incorrect. CO is a ? acceptor, strong field.",Spectrochemical Series,"Ligand Field Theory, Crystal Field Splitting in Octahedral Field","[0.0, 0.0, 0.0, 0.0, 0.0, 0.0, 0.0, 0.0, 0.0, 0.0, 0.0, 0.0, 0.0, 0.0, 0.0, 0.0, 0.0, 0.0, 0.0, 0.0, 0.0, 0.0, 0.0, 0.0, 0.0, 0.0, 0.0, 0.0, 0.0, 0.0, 0.0, 0.0, 0.0, 0.0, 0.0, 0.0, 0.0, 0.0, 0.0, 0.0, 1.2, 0.8, 0.0, 0.0, 0.0, 0.0, 1.0, 0.0, 0.0, 0.0, 0.0, 0.0, 0.0, 0.0, 0.0, 0.0, 0.0, 0.0]",0.8,1,"[0, 0, 0, 0, 0, 0, 0, 0, 0, 0, 0, 0, 0, 0, 0]","[0, 0, 0, 0, 0, 0, 0, 0, 0, 0, 0, 0, 0, 0, 0]","[0, 0, 0, 0, 0, 0, 0, 0, 0, 0, 0, 1, 0, 0, 0]","[0, 0, 0, 0, 0, 0, 0, 0, 0, 0, 0, 0, 1, 0, 0]",0.4204,0.3326
Spectrochemical_09,The order of ligands in the spectrochemical series is primarily determined by:,The donor atom's position in the periodic table and ?-bonding characteristics.,The metal ion to which they are bonded.,The oxidation state of the metal.,The solvent used.,Correct. Ligands are ordered based on the donor atom's properties and ability to ? bond.,Incorrect. The series is independent of the metal; it's a ligand property.,Incorrect. Metal oxidation state affects ? magnitude but not the relative order.,Incorrect. Solvent effects are secondary.,Spectrochemical Series,"Ligand Field Theory, Crystal Field Splitting in Octahedral Field","[0.0, 0.0, 0.0, 0.0, 0.0, 0.0, 0.0, 0.0, 0.0, 0.0, 0.0, 0.0, 0.0, 0.0, 0.0, 0.0, 0.0, 0.0, 0.0, 0.0, 0.0, 0.0, 0.0, 0.0, 0.0, 0.0, 0.0, 0.0, 0.0, 0.0, 0.0, 0.0, 0.0, 0.0, 0.0, 0.0, 0.0, 0.0, 0.0, 0.0, 1.2, 0.5, 0.0, 0.0, 0.0, 0.0, 1.0, 0.0, 0.0, 0.0, 0.0, 0.0, 0.0, 0.0, 0.0, 0.0, 0.0, 0.0]",0.8,1,"[0, 0, 0, 0, 0, 0, 0, 0, 0, 0, 0, 0, 0, 0, 0]","[0, 0, 0, 0, 0, 0, 0, 0, 0, 0, 1, 0, 0, 0, 0]","[0, 0, 0, 0, 0, 0, 0, 0, 0, 0, 0, 1, 0, 0, 0]","[0, 0, 0, 0, 0, 0, 0, 0, 0, 0, 0, 0, 1, 0, 0]",0.4996,0.2855
Spectrochemical_10,Which of the following complexes would have the largest crystal field splitting (??)?,[CoF?]??,[Co(H?O)?]??,[Co(NH?)?]??,[Co(CN)?]??,"Incorrect. The fluoride ion is classified as a weak field ligand, which results in a relatively small crystal field splitting energy.","Incorrect. H?O is intermediate, ? less than CN?.","Incorrect. NH? is intermediate field, moderate ?.","Correct. CN? is a strong field ligand, causing large ?.",Spectrochemical Series,"Ligand Field Theory, Crystal Field Splitting in Octahedral Field","[0.0, 0.0, 0.0, 0.0, 0.0, 0.0, 0.0, 0.0, 0.0, 0.0, 0.0, 0.0, 0.0, 0.0, 0.0, 0.0, 0.0, 0.0, 0.0, 0.0, 0.0, 0.0, 0.0, 0.0, 0.0, 0.0, 0.0, 0.0, 0.0, 0.0, 0.0, 0.0, 0.0, 0.0, 0.0, 0.0, 0.0, 0.0, 0.0, 0.0, 1.0, 0.5, 0.0, 0.0, 0.0, 0.0, 1.2, 0.0, 0.0, 0.0, 0.0, 0.0, 0.0, 0.0, 0.0, 0.0, 0.0, 0.0]",0.8,4,"[0, 0, 0, 0, 0, 0, 0, 0, 0, 0, 0, 0, 0, 0, 0]","[0, 0, 0, 0, 0, 0, 0, 0, 0, 0, 1, 0, 0, 0, 0]","[0, 0, 0, 0, 0, 0, 0, 0, 0, 0, 0, 1, 0, 0, 0]","[0, 0, 0, 0, 0, 0, 0, 0, 0, 0, 0, 0, 0, 0, 0]",0.4256,0.3705
CrystalFieldOcta_01,"In octahedral crystal field splitting, the d-orbitals split into two sets: t?g and eg. Which of the following correctly describes the eg orbitals?","dxy, dx?-y?","dx?-y?, dz?","dz?, dyz","dxy, dyz, dxz",Incorrect. This mixes sets.,"Correct. The eg set consists of the dx?-y? and dz? orbitals, which point directly at the ligands and experience greater repulsion, hence higher energy.",Incorrect. This is one eg and one t?g.,Incorrect. These are the t?g orbitals (lower energy).,Crystal Field Splitting in Octahedral Field,"Metal-Ligand Bonding (? and ? interactions in complexes), Ligand Field Theory","[0.0, 0.0, 0.0, 0.0, 0.0, 0.0, 0.0, 0.0, 0.0, 0.0, 0.0, 0.0, 0.0, 0.0, 0.0, 0.0, 0.0, 0.0, 0.0, 0.0, 0.0, 0.0, 0.0, 0.0, 0.0, 0.0, 0.0, 0.0, 0.0, 0.0, 0.0, 0.0, 0.0, 0.0, 0.0, 0.0, 0.0, 0.0, 0.0, 0.0, 0.0, 1.5, 0.0, 0.0, 0.0, 0.0, 0.5, 0.0, 0.0, 0.0, 0.0, 0.0, 0.0, 0.0, 0.0, 0.0, 0.0, 0.8]",1.3,2,"[0, 0, 0, 0, 0, 0, 0, 0, 0, 0, 0, 0, 0, 0, 1]","[0, 0, 0, 0, 0, 0, 0, 0, 0, 0, 0, 0, 0, 0, 0]","[0, 0, 0, 0, 0, 0, 0, 0, 0, 0, 1, 0, 0, 0, 0]","[0, 0, 0, 0, 0, 0, 0, 0, 0, 1, 0, 0, 0, 0, 0]",0.4511,0.3992
CrystalFieldOcta_02,The crystal field splitting parameter ?? (or 10 Dq) is the energy difference between:,dx?-y? and dz? orbitals.,the metal and ligand orbitals.,t?g and eg orbitals in an octahedral field.,dxy and dxz orbitals.,Incorrect. Both eg orbitals are degenerate; the splitting is between t?g and eg sets.,"Incorrect. ?? refers to d-orbital splitting, not metal-ligand energy difference.",Correct. ?? = E(eg) ? E(t?g) in an octahedral complex.,Incorrect. These are both t?g orbitals; they remain degenerate.,Crystal Field Splitting in Octahedral Field,"Metal-Ligand Bonding (? and ? interactions in complexes), Ligand Field Theory","[0.0, 0.0, 0.0, 0.0, 0.0, 0.0, 0.0, 0.0, 0.0, 0.0, 0.0, 0.0, 0.0, 0.0, 0.0, 0.0, 0.0, 0.0, 0.0, 0.0, 0.0, 0.0, 0.0, 0.0, 0.0, 0.0, 0.0, 0.0, 0.0, 0.0, 0.0, 0.0, 0.0, 0.0, 0.0, 0.0, 0.0, 0.0, 0.0, 0.0, 0.0, 1.2, 0.0, 0.0, 0.0, 0.0, 0.5, 0.0, 0.0, 0.0, 0.0, 0.0, 0.0, 0.0, 0.0, 0.0, 0.0, 1.0]",1.2,3,"[0, 0, 0, 0, 0, 0, 0, 0, 0, 0, 0, 0, 0, 0, 1]","[0, 0, 0, 0, 0, 0, 0, 0, 0, 0, 0, 0, 0, 0, 1]","[0, 0, 0, 0, 0, 0, 0, 0, 0, 0, 0, 0, 0, 0, 0]","[0, 0, 0, 0, 0, 0, 0, 0, 0, 1, 0, 0, 0, 0, 0]",0.4637,0.3684
CrystalFieldOcta_03,"In an octahedral field, which d-orbitals are stabilized (lower in energy) relative to the barycenter?",All five orbitals are stabilized equally.,No orbitals are stabilized; all are destabilized.,dx?-y? and dz?,"dxy, dyz, dxz","Incorrect. The t?g set is stabilized, eg set is destabilized.",Incorrect. t?g are stabilized; eg are destabilized.,Incorrect. The eg orbitals are destabilized.,"Correct. The t?g orbitals (dxy, dyz, dxz) point between the ligands, experience less repulsion, and are stabilized.",Crystal Field Splitting in Octahedral Field,"Metal-Ligand Bonding (? and ? interactions in complexes), Ligand Field Theory","[0.0, 0.0, 0.0, 0.0, 0.0, 0.0, 0.0, 0.0, 0.0, 0.0, 0.0, 0.0, 0.0, 0.0, 0.0, 0.0, 0.0, 0.0, 0.0, 0.0, 0.0, 0.0, 0.0, 0.0, 0.0, 0.0, 0.0, 0.0, 0.0, 0.0, 0.0, 0.0, 0.0, 0.0, 0.0, 0.0, 0.0, 0.0, 0.0, 0.0, 0.0, 1.2, 0.0, 0.0, 0.0, 0.0, 0.5, 0.0, 0.0, 0.0, 0.0, 0.0, 0.0, 0.0, 0.0, 0.0, 0.0, 1.0]",1.3,4,"[0, 0, 0, 0, 0, 0, 0, 0, 0, 0, 0, 0, 0, 0, 0]","[0, 0, 0, 0, 0, 0, 0, 0, 0, 0, 0, 0, 0, 0, 1]","[0, 0, 0, 0, 0, 0, 0, 0, 0, 0, 1, 0, 0, 0, 0]","[0, 0, 0, 0, 0, 0, 0, 0, 0, 0, 0, 0, 0, 0, 0]",0.4568,0.3284
CrystalFieldOcta_04,Which of the following factors does NOT affect the magnitude of ?? in an octahedral complex?,"Nature of the metal ion (oxidation state, size)",Nature of the ligand (spectrochemical series),Number of d-electrons on the metal,Geometry of the complex (octahedral vs tetrahedral),Incorrect. Higher oxidation state increases ??; smaller metal size increases ??.,Incorrect. Strong field ligands increase ??.,"Correct. ?? depends on metal ion, its oxidation state, and ligands; it does not depend on how many d-electrons are present. The splitting is a property of the metal-ligand interaction.","Incorrect. Geometry is fixed here; we are comparing within octahedral, but comparing octahedral vs tetrahedral, ?? is different. However the question asks does NOT affect ??"" for octahedral complexes; geometry is not a variable within octahedral complexes themselves. The number of d-electrons does not affect the splitting parameter; it affects how electrons fill the orbitals but not the ?? value.""",Crystal Field Splitting in Octahedral Field,"Metal-Ligand Bonding (? and ? interactions in complexes), Ligand Field Theory","[0.0, 0.0, 0.0, 0.0, 0.0, 0.0, 0.0, 0.0, 0.0, 0.0, 0.0, 0.0, 0.0, 0.0, 0.0, 0.0, 0.0, 0.0, 0.0, 0.0, 0.0, 0.0, 0.0, 0.0, 0.0, 0.0, 0.0, 0.0, 0.0, 0.0, 0.0, 0.0, 0.0, 0.0, 0.0, 0.0, 0.0, 0.0, 0.0, 0.0, 0.0, 1.2, 0.0, 0.0, 0.0, 0.0, 1.0, 0.0, 0.0, 0.0, 0.0, 0.0, 0.0, 0.0, 0.0, 0.0, 0.0, 1.0]",1.4,3,"[0, 0, 0, 0, 0, 0, 0, 0, 0, 0, 0, 0, 0, 0, 1]","[0, 0, 0, 0, 0, 0, 0, 0, 0, 0, 0, 0, 0, 0, 1]","[0, 0, 0, 0, 0, 0, 0, 0, 0, 0, 0, 0, 0, 0, 0]","[0, 0, 0, 0, 0, 0, 0, 0, 0, 1, 0, 0, 0, 0, 0]",0.5806,0.4502
CrystalFieldOcta_05,The crystal field splitting in octahedral complexes is larger for 4d and 5d metals compared to 3d metals. This is because:,4d and 5d orbitals have lower energy.,"4d and 5d orbitals are more diffuse, leading to stronger overlap with ligands.",4d and 5d metals have more d-electrons.,4d and 5d metals have higher oxidation states.,"Incorrect. They are actually higher in energy, but the key is better overlap.","Correct. The radial extension of 4d and 5d orbitals is greater, resulting in better overlap and larger ??.",Incorrect. The number of d-electrons does not determine the magnitude of splitting.,Incorrect. Oxidation state is independent of period.,Crystal Field Splitting in Octahedral Field,"Metal-Ligand Bonding (? and ? interactions in complexes), Ligand Field Theory","[0.0, 0.0, 0.0, 0.0, 0.0, 0.0, 0.0, 0.0, 0.0, 0.0, 0.0, 0.0, 0.0, 0.0, 0.0, 0.0, 0.0, 0.0, 0.0, 0.0, 0.0, 0.0, 0.0, 0.0, 0.0, 0.0, 0.0, 0.0, 0.0, 0.0, 0.0, 0.0, 0.0, 0.0, 0.0, 0.0, 0.0, 0.0, 0.0, 0.0, 0.0, 1.5, 0.0, 0.0, 0.0, 0.0, 1.0, 0.0, 0.0, 0.0, 0.0, 0.0, 0.0, 0.0, 0.0, 0.0, 0.0, 1.0]",1.5,2,"[0, 0, 0, 0, 0, 0, 0, 0, 0, 0, 0, 0, 0, 0, 1]","[0, 0, 0, 0, 0, 0, 0, 0, 0, 0, 0, 0, 0, 0, 0]","[0, 0, 0, 0, 0, 0, 0, 0, 0, 0, 1, 0, 0, 0, 0]","[0, 0, 0, 0, 0, 0, 0, 0, 0, 1, 0, 0, 0, 0, 0]",0.5435,0.3542
CrystalFieldOcta_06,"For an octahedral complex of a d? metal ion, the high-spin configuration will have how many unpaired electrons?",2,4,3,1,Incorrect. That would be low-spin d? (t?g? eg?) with two unpaired.,"Correct. In high-spin d? (weak field), the electrons occupy all t?g orbitals singly and one eg orbital, giving four unpaired electrons.",Incorrect. That would be d? or d?.,Incorrect.,Crystal Field Splitting in Octahedral Field,High-Spin vs Low-Spin Complexes,"[0.0, 0.0, 0.0, 0.0, 0.0, 0.0, 0.0, 0.0, 0.0, 0.0, 0.0, 0.0, 0.0, 0.0, 0.0, 0.0, 0.0, 0.0, 0.0, 0.0, 0.0, 0.0, 0.0, 0.0, 0.0, 0.0, 0.0, 0.0, 0.0, 0.0, 0.0, 0.0, 0.0, 0.0, 0.0, 0.0, 0.0, 0.0, 0.0, 0.0, 0.0, 1.0, 0.0, 0.0, 1.2, 0.0, 0.0, 0.0, 0.0, 0.0, 0.0, 0.0, 0.0, 0.0, 0.0, 0.0, 0.0, 0.0]",1.3,2,"[0, 0, 0, 0, 0, 0, 0, 0, 0, 0, 0, 0, 0, 0, 1]","[0, 0, 0, 0, 0, 0, 0, 0, 0, 0, 0, 0, 0, 0, 0]","[0, 0, 0, 0, 0, 0, 0, 0, 0, 0, 1, 0, 0, 0, 0]","[0, 0, 0, 0, 0, 0, 0, 0, 0, 1, 0, 0, 0, 0, 0]",0.4607,0.3604
CrystalFieldOcta_07,"In an octahedral complex, if ?? is greater than the pairing energy (P), the complex will be:",Paramagnetic,Diamagnetic,High-spin,Low-spin,Incorrect. It could be paramagnetic or diamagnetic depending on configuration.,"Incorrect. Low-spin may still be paramagnetic if there are unpaired electrons (e.g., d? low-spin has one unpaired).","Correct. When ?? > P, electrons pair in the lower energy t?g orbitals, leading to low-spin configuration.",Incorrect. High-spin occurs when ?? < P.,Crystal Field Splitting in Octahedral Field,"High-Spin vs Low-Spin Complexes, Crystal Field Stabilization Energy","[0.0, 0.0, 0.0, 0.0, 0.0, 0.0, 0.0, 0.0, 0.0, 0.0, 0.0, 0.0, 0.0, 0.0, 0.0, 0.0, 0.0, 0.0, 0.0, 0.0, 0.0, 0.0, 0.0, 0.0, 0.0, 0.0, 0.0, 0.0, 0.0, 0.0, 0.0, 0.0, 0.0, 0.0, 0.0, 0.0, 0.0, 0.0, 0.0, 0.0, 0.0, 1.2, 0.0, 0.8, 1.0, 0.0, 0.0, 0.0, 0.0, 0.0, 0.0, 0.0, 0.0, 0.0, 0.0, 0.0, 0.0, 0.0]",1.4,3,"[0, 0, 0, 0, 0, 0, 0, 0, 0, 0, 0, 0, 0, 0, 0]","[0, 0, 0, 0, 0, 0, 0, 0, 0, 0, 0, 0, 0, 0, 1]","[0, 0, 0, 0, 0, 0, 0, 0, 0, 0, 0, 0, 0, 0, 0]","[0, 0, 0, 0, 0, 0, 0, 0, 0, 1, 0, 0, 0, 0, 0]",0.5315,0.3671
CrystalFieldOcta_08,"The crystal field stabilization energy (CFSE) for a high-spin d? octahedral complex (e.g., [Fe(H?O)?]??) is:",-0.4 ??,-1.2 ??,-0.6 ??,-0.8 ??,"Correct. High-spin d6 has configuration t2g^4 eg^2, giving CFSE = (4 x -0.4 Delta_o) + (2 x 0.6 Delta_o) = -0.4 Delta_o.","Incorrect. This value corresponds to a low-spin d6 configuration, not high-spin d6.",Incorrect. -0.6 Delta_o does not correspond to any standard high-spin or low-spin octahedral d-electron configuration.,"Incorrect. This value corresponds to a high-spin d3 or high-spin d8 configuration, not high-spin d6.",Crystal Field Splitting in Octahedral Field,Crystal Field Stabilization Energy,"[0.0, 0.0, 0.0, 0.0, 0.0, 0.0, 0.0, 0.0, 0.0, 0.0, 0.0, 0.0, 0.0, 0.0, 0.0, 0.0, 0.0, 0.0, 0.0, 0.0, 0.0, 0.0, 0.0, 0.0, 0.0, 0.0, 0.0, 0.0, 0.0, 0.0, 0.0, 0.0, 0.0, 0.0, 0.0, 0.0, 0.0, 0.0, 0.0, 0.0, 0.0, 1.5, 0.0, 1.0, 0.0, 0.0, 0.0, 0.0, 0.0, 0.0, 0.0, 0.0, 0.0, 0.0, 0.0, 0.0, 0.0, 0.0]",1.5,1,"[0, 0, 0, 0, 0, 0, 0, 0, 0, 0, 0, 0, 0, 0, 0]","[0, 0, 0, 0, 0, 0, 0, 0, 0, 0, 0, 0, 0, 0, 1]","[0, 0, 0, 0, 0, 0, 0, 0, 0, 0, 1, 0, 0, 0, 0]","[0, 0, 0, 0, 0, 0, 0, 0, 0, 1, 0, 0, 0, 0, 0]",0.9403,0.4414
CrystalFieldOcta_09,The color of a transition metal complex is due to:,Charge transfer from metal to ligand.,d-d transitions where an electron is excited from the t?g set to the eg set.,The presence of unpaired electrons.,Vibrational transitions.,Incorrect. Charge transfer transitions can also cause color but are not the primary reason for most transition metal complexes; d-d transitions are the main cause.,"Correct. The absorption of light in the visible region corresponds to the energy difference ??, causing promotion of an electron from lower energy t?g to higher energy eg orbitals.","Incorrect. Paramagnetism is related to unpaired electrons, not directly to color.",Incorrect. Vibrational transitions are in the infrared region.,Crystal Field Splitting in Octahedral Field,Color Origin in Coordination Compounds,"[0.0, 0.0, 0.0, 0.0, 0.0, 0.0, 0.0, 0.0, 0.0, 0.0, 0.0, 0.0, 0.0, 0.0, 0.0, 0.0, 0.0, 0.0, 0.0, 0.0, 0.0, 0.0, 0.0, 0.0, 0.0, 0.0, 0.0, 0.0, 0.0, 0.0, 0.0, 0.0, 0.0, 0.0, 0.0, 0.0, 0.0, 0.0, 0.0, 0.0, 0.0, 1.2, 0.0, 0.0, 0.0, 0.0, 0.0, 1.0, 0.0, 0.0, 0.0, 0.0, 0.0, 0.0, 0.0, 0.0, 0.0, 0.0]",1.3,2,"[0, 0, 0, 0, 0, 0, 0, 0, 0, 0, 0, 0, 0, 0, 1]","[0, 0, 0, 0, 0, 0, 0, 0, 0, 0, 0, 0, 0, 0, 0]","[0, 0, 0, 0, 0, 0, 0, 0, 0, 0, 1, 0, 0, 0, 0]","[0, 0, 0, 0, 0, 0, 0, 0, 0, 1, 0, 0, 0, 0, 0]",0.4571,0.2864
CrystalFieldOcta_10,The magnitude of ?? for [Co(CN)?]?? is much larger than for [CoF?]?? because:,"CN? is a stronger field ligand due to ?-acceptor ability, while F? is a ? donor that reduces ??.",The metal ion size is different.,Co has a higher oxidation state in the cyanide complex.,The geometry is different.,"Correct. CN? is a strong field ?-acceptor, increasing ??; F? is a weak field ?-donor, decreasing ??.",Incorrect. Same metal ion.,Incorrect. Both have Co??.,Incorrect. Both are octahedral.,Crystal Field Splitting in Octahedral Field,Spectrochemical Series,"[0.0, 0.0, 0.0, 0.0, 0.0, 0.0, 0.0, 0.0, 0.0, 0.0, 0.0, 0.0, 0.0, 0.0, 0.0, 0.0, 0.0, 0.0, 0.0, 0.0, 0.0, 0.0, 0.0, 0.0, 0.0, 0.0, 0.0, 0.0, 0.0, 0.0, 0.0, 0.0, 0.0, 0.0, 0.0, 0.0, 0.0, 0.0, 0.0, 0.0, 1.0, 1.2, 0.0, 0.0, 0.0, 0.0, 0.0, 0.0, 0.0, 0.0, 0.0, 0.0, 0.0, 0.0, 0.0, 0.0, 0.0, 0.0]",1.3,1,"[0, 0, 0, 0, 0, 0, 0, 0, 0, 0, 0, 0, 0, 0, 0]","[0, 0, 0, 0, 0, 0, 0, 0, 0, 0, 0, 0, 0, 0, 1]","[0, 0, 0, 0, 0, 0, 0, 0, 0, 0, 1, 0, 0, 0, 0]","[0, 0, 0, 0, 0, 0, 0, 0, 0, 1, 0, 0, 0, 0, 0]",0.5755,0.4444
CrystalFieldTetra_01,"In a tetrahedral crystal field, the d-orbitals split into two sets: e and t?. Which set is higher in energy?",Both sets are degenerate.,"e (dx?-y?, dz?)","t? (dxy, dyz, dxz)",The splitting pattern is opposite to octahedral.,Incorrect. They are split.,"Incorrect. In tetrahedral field, the e set (dx?-y?, dz?) are lower in energy, and the t? set are higher.","Correct. In tetrahedral geometry, the orbitals pointing more directly at the ligands (dxy, dyz, dxz) experience greater repulsion and are higher in energy.","Incorrect. The pattern is indeed opposite to octahedral (where t?g is lower, eg higher).",Crystal Field Splitting in Tetrahedral Field,"Metal-Ligand Bonding (? and ? interactions in complexes), Ligand Field Theory","[0.0, 0.0, 0.0, 0.0, 0.0, 0.0, 0.0, 0.0, 0.0, 0.0, 0.0, 0.0, 0.0, 0.0, 0.0, 0.0, 0.0, 0.0, 0.0, 0.0, 0.0, 0.0, 0.0, 0.0, 0.0, 0.0, 0.0, 0.0, 0.0, 0.0, 0.0, 0.0, 0.0, 0.0, 0.0, 0.0, 0.0, 0.0, 0.0, 0.0, 0.0, 0.0, 1.5, 0.0, 0.0, 0.0, 0.5, 0.0, 0.0, 0.0, 0.0, 0.0, 0.0, 0.0, 0.0, 0.0, 0.0, 0.8]",1.3,3,"[0, 0, 1, 0, 0, 0, 0, 0, 0, 0, 0, 0, 0, 0, 0]","[0, 0, 0, 0, 1, 0, 0, 0, 0, 0, 0, 0, 0, 0, 0]","[0, 0, 0, 0, 0, 0, 0, 0, 0, 0, 0, 0, 0, 0, 0]","[0, 0, 0, 0, 0, 0, 0, 0, 0, 0, 1, 0, 0, 0, 0]",0.4638,0.3606
CrystalFieldTetra_02,The crystal field splitting parameter for tetrahedral complexes (??) is approximately what fraction of ?? for the same metal and ligands?,0.9 ??,1.0 ??,1.5 ??,0.5 ??,Incorrect. This is too high.,Incorrect. ?? is smaller.,Incorrect. ?? is smaller.,"Correct. In tetrahedral complexes, there are only four ligands and the orbital overlap is less effective; ?? ? (4/9) ??, roughly 0.44 ??. 0.5 is the closest approximation.",Crystal Field Splitting in Tetrahedral Field,Crystal Field Splitting in Octahedral Field,"[0.0, 0.0, 0.0, 0.0, 0.0, 0.0, 0.0, 0.0, 0.0, 0.0, 0.0, 0.0, 0.0, 0.0, 0.0, 0.0, 0.0, 0.0, 0.0, 0.0, 0.0, 0.0, 0.0, 0.0, 0.0, 0.0, 0.0, 0.0, 0.0, 0.0, 0.0, 0.0, 0.0, 0.0, 0.0, 0.0, 0.0, 0.0, 0.0, 0.0, 0.0, 1.0, 1.2, 0.0, 0.0, 0.0, 0.0, 0.0, 0.0, 0.0, 0.0, 0.0, 0.0, 0.0, 0.0, 0.0, 0.0, 0.0]",1.4,4,"[0, 0, 1, 0, 0, 0, 0, 0, 0, 0, 0, 0, 0, 0, 0]","[0, 0, 0, 0, 1, 0, 0, 0, 0, 0, 0, 0, 0, 0, 0]","[0, 0, 0, 0, 1, 0, 0, 0, 0, 0, 0, 0, 0, 0, 0]","[0, 0, 0, 0, 0, 0, 0, 0, 0, 0, 0, 0, 0, 0, 0]",0.4564,0.4224
CrystalFieldTetra_03,Which of the following statements about tetrahedral complexes is correct?,They exhibit Jahn-Teller distortion more often than octahedral complexes.,They are always diamagnetic.,They are always high-spin because ?? is small compared to pairing energy.,They are always low-spin.,Incorrect. Jahn-Teller distortion is less common in tetrahedral geometry.,Incorrect. They can be paramagnetic depending on d-electron count.,"Correct. Since ?? is about half of ?? and typically less than the pairing energy, tetrahedral complexes are almost always high-spin.",Incorrect. Tetrahedral complexes rarely show low-spin due to small ??.,Crystal Field Splitting in Tetrahedral Field,High-Spin vs Low-Spin Complexes,"[0.0, 0.0, 0.0, 0.0, 0.0, 0.0, 0.0, 0.0, 0.0, 0.0, 0.0, 0.0, 0.0, 0.0, 0.0, 0.0, 0.0, 0.0, 0.0, 0.0, 0.0, 0.0, 0.0, 0.0, 0.0, 0.0, 0.0, 0.0, 0.0, 0.0, 0.0, 0.0, 0.0, 0.0, 0.0, 0.0, 0.0, 0.0, 0.0, 0.0, 0.0, 0.0, 1.2, 0.0, 1.0, 0.0, 0.0, 0.0, 0.0, 0.0, 0.0, 0.0, 0.0, 0.0, 0.0, 0.0, 0.0, 0.0]",1.3,3,"[0, 0, 1, 0, 0, 0, 0, 0, 0, 0, 0, 0, 0, 0, 0]","[0, 0, 0, 0, 1, 0, 0, 0, 0, 0, 0, 0, 0, 0, 0]","[0, 0, 0, 0, 0, 0, 0, 0, 0, 0, 0, 0, 0, 0, 0]","[0, 0, 0, 0, 0, 0, 0, 0, 0, 0, 1, 0, 0, 0, 0]",0.5839,0.275
CrystalFieldTetra_04,"For a tetrahedral complex of a d? metal ion, the number of unpaired electrons will be:",1,0,2,3,Incorrect. That would be for d?.,"Correct. d? in tetrahedral field: e? t??, all orbitals doubly occupied, no unpaired electrons (diamagnetic).",Incorrect. That would be for high-spin octahedral d?.,Incorrect. That would be for d? or d?.,Crystal Field Splitting in Tetrahedral Field,Crystal Field Stabilization Energy,"[0.0, 0.0, 0.0, 0.0, 0.0, 0.0, 0.0, 0.0, 0.0, 0.0, 0.0, 0.0, 0.0, 0.0, 0.0, 0.0, 0.0, 0.0, 0.0, 0.0, 0.0, 0.0, 0.0, 0.0, 0.0, 0.0, 0.0, 0.0, 0.0, 0.0, 0.0, 0.0, 0.0, 0.0, 0.0, 0.0, 0.0, 0.0, 0.0, 0.0, 0.0, 0.0, 1.0, 1.2, 0.0, 0.0, 0.0, 0.0, 0.0, 0.0, 0.0, 0.0, 0.0, 0.0, 0.0, 0.0, 0.0, 0.0]",1.2,2,"[0, 0, 0, 0, 0, 0, 0, 0, 0, 0, 0, 0, 0, 0, 0]","[0, 0, 0, 0, 0, 0, 0, 0, 0, 0, 0, 0, 0, 0, 0]","[0, 0, 0, 0, 1, 0, 0, 0, 0, 0, 0, 0, 0, 0, 0]","[0, 0, 0, 0, 0, 0, 0, 0, 0, 0, 1, 0, 0, 0, 0]",0.4297,0.3419
CrystalFieldTetra_05,The CFSE for a tetrahedral d? complex (e? t??) is:,-0.8 ??,-1.2 ??,-0.6 ??,-0.4 ??,"Correct. For tetrahedral, e orbitals are stabilized by -0.6?? each, t? orbitals are destabilized by +0.4?? each. CFSE = (2 ? -0.6??) + (1 ≈ 0.4??) = -1.2?? + 0.4?? = -0.8??.",Incorrect.,Incorrect.,Incorrect.,Crystal Field Splitting in Tetrahedral Field,Crystal Field Stabilization Energy,"[0.0, 0.0, 0.0, 0.0, 0.0, 0.0, 0.0, 0.0, 0.0, 0.0, 0.0, 0.0, 0.0, 0.0, 0.0, 0.0, 0.0, 0.0, 0.0, 0.0, 0.0, 0.0, 0.0, 0.0, 0.0, 0.0, 0.0, 0.0, 0.0, 0.0, 0.0, 0.0, 0.0, 0.0, 0.0, 0.0, 0.0, 0.0, 0.0, 0.0, 0.0, 0.0, 1.5, 1.0, 0.0, 0.0, 0.0, 0.0, 0.0, 0.0, 0.0, 0.0, 0.0, 0.0, 0.0, 0.0, 0.0, 0.0]",1.5,1,"[0, 0, 0, 0, 0, 0, 0, 0, 0, 0, 0, 0, 0, 0, 0]","[0, 0, 0, 0, 1, 0, 0, 0, 0, 0, 0, 0, 0, 0, 0]","[0, 0, 0, 0, 1, 0, 0, 0, 0, 0, 0, 0, 0, 0, 0]","[0, 0, 0, 0, 0, 0, 0, 0, 0, 0, 1, 0, 0, 0, 0]",0.4509,0.4189
CrystalFieldTetra_06,"Why are tetrahedral complexes more common for metal ions with d?, d?, d?? configurations?",They are always low-spin.,"These configurations have zero CFSE in tetrahedral geometry, making them less favorable compared to octahedral.",They have high CFSE in tetrahedral geometry.,They form stronger bonds with ligands.,Incorrect. Tetrahedral complexes are generally high-spin.,"Correct. For d?, d?, d??, the CFSE in tetrahedral geometry is zero (or very small), so there is no strong preference for octahedral geometry, and tetrahedral complexes are often formed due to steric reasons.","Incorrect. CFSE is zero for these configurations, not high.",Incorrect. Bond strength is not the primary factor.,Crystal Field Splitting in Tetrahedral Field,Crystal Field Stabilization Energy,"[0.0, 0.0, 0.0, 0.0, 0.0, 0.0, 0.0, 0.0, 0.0, 0.0, 0.0, 0.0, 0.0, 0.0, 0.0, 0.0, 0.0, 0.0, 0.0, 0.0, 0.0, 0.0, 0.0, 0.0, 0.0, 0.0, 0.0, 0.0, 0.0, 0.0, 0.0, 0.0, 0.0, 0.0, 0.0, 0.0, 0.0, 0.0, 0.0, 0.0, 0.0, 0.0, 1.2, 1.0, 0.0, 0.0, 0.0, 0.0, 0.0, 0.0, 0.0, 0.0, 0.0, 0.0, 0.0, 0.0, 0.0, 0.0]",1.4,2,"[0, 0, 1, 0, 0, 0, 0, 0, 0, 0, 0, 0, 0, 0, 0]","[0, 0, 0, 0, 0, 0, 0, 0, 0, 0, 0, 0, 0, 0, 0]","[0, 0, 0, 0, 1, 0, 0, 0, 0, 0, 0, 0, 0, 0, 0]","[0, 0, 0, 0, 0, 0, 0, 0, 0, 0, 1, 0, 0, 0, 0]",0.5311,0.4025
CrystalFieldTetra_07,The color of tetrahedral complexes often differs from that of octahedral complexes of the same metal ion because:,Tetrahedral complexes are always colorless.,"?? is larger, leading to absorption at shorter wavelengths.",Tetrahedral complexes have no d-d transitions.,"?? is smaller, leading to absorption at longer wavelengths.",Incorrect. Many are colored.,"Incorrect. ?? is smaller, not larger.",Incorrect. They do have d-d transitions.,"Correct. Since ?? ≈ 0.44 ??, the energy gap is smaller, so the complex absorbs lower energy (longer wavelength) light, often appearing different in color.",Crystal Field Splitting in Tetrahedral Field,Color Origin in Coordination Compounds,"[0.0, 0.0, 0.0, 0.0, 0.0, 0.0, 0.0, 0.0, 0.0, 0.0, 0.0, 0.0, 0.0, 0.0, 0.0, 0.0, 0.0, 0.0, 0.0, 0.0, 0.0, 0.0, 0.0, 0.0, 0.0, 0.0, 0.0, 0.0, 0.0, 0.0, 0.0, 0.0, 0.0, 0.0, 0.0, 0.0, 0.0, 0.0, 0.0, 0.0, 0.0, 0.0, 1.2, 0.0, 0.0, 0.0, 0.0, 1.0, 0.0, 0.0, 0.0, 0.0, 0.0, 0.0, 0.0, 0.0, 0.0, 0.0]",1.3,4,"[0, 0, 1, 0, 0, 0, 0, 0, 0, 0, 0, 0, 0, 0, 0]","[0, 0, 0, 0, 1, 0, 0, 0, 0, 0, 0, 0, 0, 0, 0]","[0, 0, 0, 0, 1, 0, 0, 0, 0, 0, 0, 0, 0, 0, 0]","[0, 0, 0, 0, 0, 0, 0, 0, 0, 0, 0, 0, 0, 0, 0]",0.4967,0.3042
CrystalFieldTetra_08,"In a tetrahedral field, the t? orbitals are:",Stabilized relative to the barycenter,Destabilized relative to the barycenter,Split into two sublevels,Neither stabilized nor destabilized,"Correct. In tetrahedral geometry, the t? set (dxy, dyz, dxz) points more directly at the ligands and is destabilized (higher energy).",Incorrect. The e set is stabilized.,Incorrect. They remain degenerate.,Incorrect. They are destabilized.,Crystal Field Splitting in Tetrahedral Field,Ligand Field Theory,"[0.0, 0.0, 0.0, 0.0, 0.0, 0.0, 0.0, 0.0, 0.0, 0.0, 0.0, 0.0, 0.0, 0.0, 0.0, 0.0, 0.0, 0.0, 0.0, 0.0, 0.0, 0.0, 0.0, 0.0, 0.0, 0.0, 0.0, 0.0, 0.0, 0.0, 0.0, 0.0, 0.0, 0.0, 0.0, 0.0, 0.0, 0.0, 0.0, 0.0, 0.0, 0.0, 1.2, 0.0, 0.0, 0.0, 1.0, 0.0, 0.0, 0.0, 0.0, 0.0, 0.0, 0.0, 0.0, 0.0, 0.0, 0.0]",1.3,1,"[0, 0, 0, 0, 0, 0, 0, 0, 0, 0, 0, 0, 0, 0, 0]","[0, 0, 0, 0, 1, 0, 0, 0, 0, 0, 0, 0, 0, 0, 0]","[0, 0, 0, 0, 0, 0, 0, 0, 0, 0, 0, 0, 0, 0, 0]","[0, 0, 0, 0, 0, 0, 0, 0, 0, 0, 1, 0, 0, 0, 0]",0.4603,0.3171
CrystalFieldTetra_09,Which of the following metal ions is most likely to form a tetrahedral complex?,Zn?? (d??),Co?? (d?),Cu?? (d?),Ni?? (d?),Correct. Zn?? has d?? configuration with zero CFSE in any geometry; it often forms tetrahedral complexes due to steric factors and lack of CFSE preference.,Incorrect. Co?? forms both tetrahedral and octahedral.,Incorrect. Cu?? prefers octahedral or square planar.,"Incorrect. Ni?? often forms square planar or octahedral, but tetrahedral Ni?? complexes exist (e.g., [NiCl?]??). However, Zn?? is more common for tetrahedral.",Crystal Field Splitting in Tetrahedral Field,Crystal Field Stabilization Energy,"[0.0, 0.0, 0.0, 0.0, 0.0, 0.0, 0.0, 0.0, 0.0, 0.0, 0.0, 0.0, 0.0, 0.0, 0.0, 0.0, 0.0, 0.0, 0.0, 0.0, 0.0, 0.0, 0.0, 0.0, 0.0, 0.0, 0.0, 0.0, 0.0, 0.0, 0.0, 0.0, 0.0, 0.0, 0.0, 0.0, 0.0, 0.0, 0.0, 0.0, 0.0, 0.0, 1.0, 1.2, 0.0, 0.0, 0.0, 0.0, 0.0, 0.0, 0.0, 0.0, 0.0, 0.0, 0.0, 0.0, 0.0, 0.0]",1.3,1,"[0, 0, 0, 0, 0, 0, 0, 0, 0, 0, 0, 0, 0, 0, 0]","[0, 0, 0, 0, 0, 0, 0, 0, 0, 0, 0, 0, 0, 0, 0]","[0, 0, 0, 0, 1, 0, 0, 0, 0, 0, 0, 0, 0, 0, 0]","[0, 0, 0, 0, 0, 0, 0, 0, 0, 0, 1, 0, 0, 0, 0]",0.4468,0.2966
CrystalFieldTetra_10,"The geometry of [CoCl?]?? is tetrahedral, while [Co(H?O)?]?? is octahedral. This is because:","Cl? is a strong field ligand, forcing tetrahedral geometry.",Both complexes have the same geometry.,"H?O is a strong field ligand, causing low-spin and octahedral geometry.","Cl? is a weak field ligand and cannot cause pairing, but tetrahedral geometry is favored for Co?? when CFSE is not large.",Incorrect. Cl? is weak field.,Incorrect. They differ.,Incorrect. H?O is not strong enough to cause low-spin in Co??; it is intermediate.,"Correct. For Co?? (d?), the CFSE in octahedral geometry is significant, but with weak field ligands like Cl?, the CFSE difference between octahedral and tetrahedral is small, and steric factors favor tetrahedral. Water is a stronger field ligand and forms stable octahedral complexes.",Crystal Field Splitting in Tetrahedral Field,"Spectrochemical Series, Crystal Field Stabilization Energy","[0.0, 0.0, 0.0, 0.0, 0.0, 0.0, 0.0, 0.0, 0.0, 0.0, 0.0, 0.0, 0.0, 0.0, 0.0, 0.0, 0.0, 0.0, 0.0, 0.0, 0.0, 0.0, 0.0, 0.0, 0.0, 0.0, 0.0, 0.0, 0.0, 0.0, 0.0, 0.0, 0.0, 0.0, 0.0, 0.0, 0.0, 0.0, 0.0, 0.0, 1.0, 0.0, 1.5, 1.0, 0.0, 0.0, 0.0, 0.0, 0.0, 0.0, 0.0, 0.0, 0.0, 0.0, 0.0, 0.0, 0.0, 0.0]",1.4,4,"[0, 0, 1, 0, 0, 0, 0, 0, 0, 0, 0, 0, 0, 0, 0]","[0, 0, 0, 0, 1, 0, 0, 0, 0, 0, 0, 0, 0, 0, 0]","[0, 0, 0, 0, 1, 0, 0, 0, 0, 0, 0, 0, 0, 0, 0]","[0, 0, 0, 0, 0, 0, 0, 0, 0, 0, 0, 0, 0, 0, 0]",0.5432,0.4285
CFSE_01,What is Crystal Field Stabilization Energy (CFSE)?,The energy released when a complex is formed from metal and ligands.,The energy required to pair electrons in a complex.,The energy gained by the d-electrons when they occupy the lower energy set of orbitals in a complex compared to the barycenter.,The total bond energy of a complex.,Incorrect. That is the overall formation enthalpy.,Incorrect. That is pairing energy.,Correct. CFSE is the stabilization arising from the splitting of d-orbitals; it is the sum of the energies of d-electrons relative to the barycenter.,Incorrect. That is different.,Crystal Field Stabilization Energy,"Crystal Field Splitting in Octahedral Field, Crystal Field Splitting in Tetrahedral Field","[0.0, 0.0, 0.0, 0.0, 0.0, 0.0, 0.0, 0.0, 0.0, 0.0, 0.0, 0.0, 0.0, 0.0, 0.0, 0.0, 0.0, 0.0, 0.0, 0.0, 0.0, 0.0, 0.0, 0.0, 0.0, 0.0, 0.0, 0.0, 0.0, 0.0, 0.0, 0.0, 0.0, 0.0, 0.0, 0.0, 0.0, 0.0, 0.0, 0.0, 0.0, 0.5, 0.5, 1.5, 0.0, 0.0, 0.0, 0.0, 0.0, 0.0, 0.0, 0.0, 0.0, 0.0, 0.0, 0.0, 0.0, 0.0]",1.3,3,"[0, 0, 0, 0, 0, 0, 0, 1, 0, 0, 0, 0, 0, 0, 0]","[0, 0, 0, 0, 0, 0, 0, 0, 0, 0, 0, 0, 0, 0, 0]","[0, 0, 0, 0, 0, 0, 0, 0, 0, 0, 0, 0, 0, 0, 0]","[0, 0, 0, 0, 0, 0, 0, 0, 0, 0, 0, 0, 0, 0, 0]",0.4386,0.1999
CFSE_02,"For a low-spin d? octahedral complex, the CFSE (in units of ??) is:",-0.8 ??,-0.4 ??,-1.6 ??,-2.4 ??,"Incorrect. -0.8 Delta_o corresponds to a high-spin d3 or high-spin d8 configuration, not low-spin d6.","Incorrect. -0.4 Delta_o corresponds to high-spin d6, not low-spin d6.","Incorrect. -1.6 Delta_o corresponds to a high-spin d7 configuration, not low-spin d6.","Correct. Low-spin d6 has configuration t2g^6 eg^0, giving CFSE = 6 x -0.4 Delta_o = -2.4 Delta_o.",Crystal Field Stabilization Energy,Crystal Field Splitting in Octahedral Field,"[0.0, 0.0, 0.0, 0.0, 0.0, 0.0, 0.0, 0.0, 0.0, 0.0, 0.0, 0.0, 0.0, 0.0, 0.0, 0.0, 0.0, 0.0, 0.0, 0.0, 0.0, 0.0, 0.0, 0.0, 0.0, 0.0, 0.0, 0.0, 0.0, 0.0, 0.0, 0.0, 0.0, 0.0, 0.0, 0.0, 0.0, 0.0, 0.0, 0.0, 0.0, 1.0, 0.0, 1.2, 0.0, 0.0, 0.0, 0.0, 0.0, 0.0, 0.0, 0.0, 0.0, 0.0, 0.0, 0.0, 0.0, 0.0]",1.4,4,"[0, 0, 0, 0, 0, 0, 0, 0, 0, 0, 0, 0, 0, 0, 0]","[0, 0, 0, 0, 0, 0, 0, 0, 1, 0, 0, 0, 0, 0, 0]","[0, 0, 0, 0, 0, 0, 0, 1, 0, 0, 0, 0, 0, 0, 0]","[0, 0, 0, 0, 0, 0, 0, 0, 0, 0, 0, 0, 0, 0, 0]",0.8958,0.4135
CFSE_03,The CFSE for a d? ion in a weak-field octahedral complex is:,-0.8 ??,0,-1.0 ??,-0.4 ??,Incorrect.,Correct. Weak-field (high-spin) d?: t?g? eg?. CFSE = (3 ? -0.4??) + (2 ≈ 0.6??) = -1.2?? + 1.2?? = 0.,Incorrect.,Incorrect.,Crystal Field Stabilization Energy,Crystal Field Splitting in Octahedral Field,"[0.0, 0.0, 0.0, 0.0, 0.0, 0.0, 0.0, 0.0, 0.0, 0.0, 0.0, 0.0, 0.0, 0.0, 0.0, 0.0, 0.0, 0.0, 0.0, 0.0, 0.0, 0.0, 0.0, 0.0, 0.0, 0.0, 0.0, 0.0, 0.0, 0.0, 0.0, 0.0, 0.0, 0.0, 0.0, 0.0, 0.0, 0.0, 0.0, 0.0, 0.0, 1.0, 0.0, 1.2, 0.0, 0.0, 0.0, 0.0, 0.0, 0.0, 0.0, 0.0, 0.0, 0.0, 0.0, 0.0, 0.0, 0.0]",1.4,2,"[0, 0, 0, 0, 0, 0, 0, 0, 0, 0, 0, 0, 0, 0, 0]","[0, 0, 0, 0, 0, 0, 0, 0, 0, 0, 0, 0, 0, 0, 0]","[0, 0, 0, 0, 0, 0, 0, 1, 0, 0, 0, 0, 0, 0, 0]","[0, 0, 0, 0, 0, 0, 0, 0, 0, 0, 0, 1, 0, 0, 0]",0.4524,0.3324
CFSE_04,The extra stability of half-filled (d5) and fully filled (d10) configurations in weak-field complexes arises primarily from:,Maximum Crystal Field Stabilization Energy (CFSE),Strong Jahn-Teller distortions,Exchange energy and symmetrical electron distribution,Extremely high pairing energy,Incorrect. High-spin d5 and all d10 configurations have a CFSE of zero.,Incorrect. d5 (high spin) and d10 complexes are symmetrically arranged and do NOT undergo Jahn-Teller distortion.,"Correct. Even with zero CFSE, these configurations are highly stable due to maximized exchange energy and spherical symmetry.",Incorrect. Pairing energy opposes stability; it does not cause the extra stability of half/full subshells.,Crystal Field Stabilization Energy,"Crystal Field Splitting in Octahedral Field, Crystal Field Splitting in Tetrahedral Field","[0.0, 0.0, 0.0, 0.0, 0.0, 0.0, 0.0, 0.0, 0.0, 0.0, 0.0, 0.0, 0.0, 0.0, 0.0, 0.0, 0.0, 0.0, 0.0, 0.0, 0.0, 0.0, 0.0, 0.0, 0.0, 0.0, 0.0, 0.0, 0.0, 0.0, 0.0, 0.0, 0.0, 0.0, 0.0, 0.0, 0.0, 0.0, 0.0, 0.0, 0.0, 1.0, 1.0, 1.0, 0.0, 0.0, 0.0, 0.0, 0.0, 0.0, 0.0, 0.0, 0.0, 0.0, 0.0, 0.0, 0.0, 0.0]",0.0,3,"[1, 0, 0, 0, 0, 0, 0, 0, 0, 0, 0, 0, 0, 0, 0]","[1, 0, 0, 0, 0, 0, 0, 0, 0, 0, 0, 0, 0, 0, 0]","[0, 0, 0, 0, 0, 0, 0, 0, 0, 0, 0, 0, 0, 0, 0]","[0, 0, 0, 0, 0, 0, 0, 0, 0, 0, 0, 1, 0, 0, 0]",0.9347,0.3523
CFSE_05,The CFSE for a tetrahedral d? complex (high-spin) is:,-0.6 ??,-0.8 ??,-1.2 ??,-0.4 ??,Incorrect. That would be for d?.,Correct. Tetrahedral d?: e? t??. CFSE = (3 ? -0.6??) + (3 ≈ 0.4??) = -1.8?? + 1.2?? = -0.6??.,Incorrect. That would be for d?.,Incorrect. That would be for d?.,Crystal Field Stabilization Energy,Crystal Field Splitting in Tetrahedral Field,"[0.0, 0.0, 0.0, 0.0, 0.0, 0.0, 0.0, 0.0, 0.0, 0.0, 0.0, 0.0, 0.0, 0.0, 0.0, 0.0, 0.0, 0.0, 0.0, 0.0, 0.0, 0.0, 0.0, 0.0, 0.0, 0.0, 0.0, 0.0, 0.0, 0.0, 0.0, 0.0, 0.0, 0.0, 0.0, 0.0, 0.0, 0.0, 0.0, 0.0, 0.0, 0.0, 1.0, 1.5, 0.0, 0.0, 0.0, 0.0, 0.0, 0.0, 0.0, 0.0, 0.0, 0.0, 0.0, 0.0, 0.0, 0.0]",1.5,2,"[0, 0, 0, 0, 0, 0, 0, 1, 0, 0, 0, 0, 0, 0, 0]","[0, 0, 0, 0, 0, 0, 0, 0, 0, 0, 0, 0, 0, 0, 0]","[0, 0, 0, 0, 0, 0, 0, 1, 0, 0, 0, 0, 0, 0, 0]","[0, 0, 0, 0, 0, 0, 0, 0, 0, 0, 0, 1, 0, 0, 0]",0.4541,0.3621
CFSE_06,Which of the following factors influences CFSE?,All of the above,Geometry of the complex,Number of d-electrons,Ligand field strength,"Correct. CFSE depends on the number of d-electrons, the splitting pattern (geometry), and the magnitude of ? (ligand field strength).",Incorrect.,Incorrect.,Incorrect.,Crystal Field Stabilization Energy,"Crystal Field Splitting in Octahedral Field, Crystal Field Splitting in Tetrahedral Field","[0.0, 0.0, 0.0, 0.0, 0.0, 0.0, 0.0, 0.0, 0.0, 0.0, 0.0, 0.0, 0.0, 0.0, 0.0, 0.0, 0.0, 0.0, 0.0, 0.0, 0.0, 0.0, 0.0, 0.0, 0.0, 0.0, 0.0, 0.0, 0.0, 0.0, 0.0, 0.0, 0.0, 0.0, 0.0, 0.0, 0.0, 0.0, 0.0, 0.0, 0.0, 1.0, 0.8, 1.2, 0.0, 0.0, 0.0, 0.0, 0.0, 0.0, 0.0, 0.0, 0.0, 0.0, 0.0, 0.0, 0.0, 0.0]",1.3,1,"[0, 0, 0, 0, 0, 0, 0, 0, 0, 0, 0, 0, 0, 0, 0]","[0, 0, 0, 0, 0, 0, 0, 0, 1, 0, 0, 0, 0, 0, 0]","[0, 0, 0, 0, 0, 0, 0, 1, 0, 0, 0, 0, 0, 0, 0]","[0, 0, 0, 0, 0, 0, 0, 0, 0, 0, 0, 0, 0, 0, 0]",0.4847,0.2831
CFSE_07,"The CFSE for an octahedral complex of a d? metal ion (e.g., Cr??) is:",-0.8 ??,-0.4 ??,-2.4 ??,-1.2 ??,"Incorrect. -0.8 Delta_o corresponds to a high-spin d8 configuration, not d3.","Incorrect. -0.4 Delta_o corresponds to a high-spin d6 configuration, not d3.","Incorrect. -2.4 Delta_o corresponds to a low-spin d6 configuration, not d3.","Correct. d3 (e.g. Cr3+) has configuration t2g^3 eg^0, giving CFSE = 3 x -0.4 Delta_o = -1.2 Delta_o.",Crystal Field Stabilization Energy,Crystal Field Splitting in Octahedral Field,"[0.0, 0.0, 0.0, 0.0, 0.0, 0.0, 0.0, 0.0, 0.0, 0.0, 0.0, 0.0, 0.0, 0.0, 0.0, 0.0, 0.0, 0.0, 0.0, 0.0, 0.0, 0.0, 0.0, 0.0, 0.0, 0.0, 0.0, 0.0, 0.0, 0.0, 0.0, 0.0, 0.0, 0.0, 0.0, 0.0, 0.0, 0.0, 0.0, 0.0, 0.0, 1.2, 0.0, 1.0, 0.0, 0.0, 0.0, 0.0, 0.0, 0.0, 0.0, 0.0, 0.0, 0.0, 0.0, 0.0, 0.0, 0.0]",1.3,4,"[0, 0, 0, 0, 0, 0, 0, 0, 0, 0, 0, 0, 0, 0, 0]","[0, 0, 0, 0, 0, 0, 0, 0, 1, 0, 0, 0, 0, 0, 0]","[0, 0, 0, 0, 0, 0, 0, 1, 0, 0, 0, 0, 0, 0, 0]","[0, 0, 0, 0, 0, 0, 0, 0, 0, 0, 0, 0, 0, 0, 0]",0.8918,0.4426
CFSE_08,"In octahedral complexes, the CFSE is generally higher for low-spin configurations than for high-spin configurations because:",Low-spin configurations have more unpaired electrons.,Both A and C,High-spin configurations have more electrons in eg orbitals.,Low-spin configurations place more electrons in the stabilized t?g orbitals.,Incorrect. Low-spin usually has fewer unpaired electrons.,Correct. Both A and C are true.,"Incorrect. High-spin has electrons in destabilized eg orbitals, reducing CFSE.","Incorrect. Low-spin maximizes the number of electrons in the lower energy t?g set, increasing CFSE.",Crystal Field Stabilization Energy,High-Spin vs Low-Spin Complexes,"[0.0, 0.0, 0.0, 0.0, 0.0, 0.0, 0.0, 0.0, 0.0, 0.0, 0.0, 0.0, 0.0, 0.0, 0.0, 0.0, 0.0, 0.0, 0.0, 0.0, 0.0, 0.0, 0.0, 0.0, 0.0, 0.0, 0.0, 0.0, 0.0, 0.0, 0.0, 0.0, 0.0, 0.0, 0.0, 0.0, 0.0, 0.0, 0.0, 0.0, 0.0, 0.0, 0.0, 1.2, 1.0, 0.0, 0.0, 0.0, 0.0, 0.0, 0.0, 0.0, 0.0, 0.0, 0.0, 0.0, 0.0, 0.0]",1.4,2,"[0, 0, 0, 0, 0, 0, 0, 1, 0, 0, 0, 0, 0, 0, 0]","[0, 0, 0, 0, 0, 0, 0, 0, 0, 0, 0, 0, 0, 0, 0]","[0, 0, 0, 0, 0, 0, 0, 1, 0, 0, 0, 0, 0, 0, 0]","[0, 0, 0, 0, 0, 0, 0, 0, 0, 0, 0, 0, 0, 0, 0]",0.9436,0.289
CFSE_09,The thermodynamic stability of a complex is influenced by CFSE. Which of the following orders of stability for octahedral complexes of divalent 3d ions (Irving-Williams series) is correct?,Mn?? > Fe?? > Co?? > Ni?? > Cu?? < Zn??,Mn?? < Fe?? < Co?? < Ni?? < Cu?? > Zn??,Fe?? < Mn?? < Co?? < Ni?? < Cu?? < Zn??,Zn?? < Cu?? < Ni?? < Co?? < Fe?? < Mn??,Incorrect. This is reversed.,"Correct. The Irving-Williams series for stability of octahedral complexes is Mn?? < Fe?? < Co?? < Ni?? < Cu?? > Zn??, following CFSE values (d? < d? < d? < d? < d? > d??).",Incorrect.,Incorrect.,Crystal Field Stabilization Energy,Stability Constants of Complexes,"[0.0, 0.0, 0.0, 0.0, 0.0, 0.0, 0.0, 0.0, 0.0, 0.0, 0.0, 0.0, 0.0, 0.0, 0.0, 0.0, 0.0, 0.0, 0.0, 0.0, 0.0, 0.0, 0.0, 0.0, 0.0, 0.0, 0.0, 0.0, 0.0, 0.0, 0.0, 0.0, 0.0, 0.0, 0.0, 0.0, 0.0, 0.0, 0.0, 0.0, 0.0, 0.0, 0.0, 1.2, 0.0, 0.0, 0.0, 0.0, 0.0, 1.0, 0.0, 0.0, 0.0, 0.0, 0.0, 0.0, 0.0, 0.0]",1.5,2,"[0, 0, 0, 0, 0, 0, 0, 1, 0, 0, 0, 0, 0, 0, 0]","[0, 0, 0, 0, 0, 0, 0, 0, 0, 0, 0, 0, 0, 0, 0]","[0, 0, 0, 0, 0, 0, 0, 1, 0, 0, 0, 0, 0, 0, 0]","[0, 0, 0, 0, 0, 0, 0, 0, 0, 0, 0, 1, 0, 0, 0]",0.5017,0.4317
CFSE_10,The CFSE of a d? ion in an octahedral field is:,-0.8 ??,-1.2 ??,-0.4 ??,-0.6 ??,"Incorrect. -0.8 Delta_o corresponds to a d2 or high-spin d7 configuration, not d9.","Incorrect. -1.2 Delta_o corresponds to a d3 or high-spin d8 configuration, not d9.","Incorrect. -0.4 Delta_o corresponds to a high-spin d6 configuration, not d9.","Correct. d9 has configuration t2g^6 eg^3, giving CFSE = (6 x -0.4 Delta_o) + (3 x 0.6 Delta_o) = -0.6 Delta_o.",Crystal Field Stabilization Energy,Crystal Field Splitting in Octahedral Field,"[0.0, 0.0, 0.0, 0.0, 0.0, 0.0, 0.0, 0.0, 0.0, 0.0, 0.0, 0.0, 0.0, 0.0, 0.0, 0.0, 0.0, 0.0, 0.0, 0.0, 0.0, 0.0, 0.0, 0.0, 0.0, 0.0, 0.0, 0.0, 0.0, 0.0, 0.0, 0.0, 0.0, 0.0, 0.0, 0.0, 0.0, 0.0, 0.0, 0.0, 0.0, 1.2, 0.0, 1.0, 0.0, 0.0, 0.0, 0.0, 0.0, 0.0, 0.0, 0.0, 0.0, 0.0, 0.0, 0.0, 0.0, 0.0]",1.3,4,"[0, 0, 0, 0, 0, 0, 0, 1, 0, 0, 0, 0, 0, 0, 0]","[0, 0, 0, 0, 0, 0, 0, 0, 1, 0, 0, 0, 0, 0, 0]","[0, 0, 0, 0, 0, 0, 0, 0, 0, 0, 0, 0, 0, 0, 0]","[0, 0, 0, 0, 0, 0, 0, 0, 0, 0, 0, 0, 0, 0, 0]",0.4556,0.324
HighSpinLowSpin_01,What determines whether an octahedral complex is high-spin or low-spin?,The oxidation state of the metal only.,The number of d-electrons only.,The magnitude of crystal field splitting (??) relative to the pairing energy (P).,The geometry of the complex.,Incorrect. Oxidation state influences ?? but is not the sole determinant.,Incorrect. The number of d-electrons determines possible configurations but not the spin state itself.,"Correct. If ?? > P, electrons pair in the lower t?g orbitals (low-spin); if ?? < P, electrons occupy all orbitals singly as far as possible (high-spin).","Incorrect. Geometry affects the magnitude of splitting, but for a given geometry, the spin state depends on ? vs P.",High-Spin vs Low-Spin Complexes,"Crystal Field Splitting in Octahedral Field, Crystal Field Stabilization Energy, Spectrochemical Series","[0.0, 0.0, 0.0, 0.0, 0.0, 0.0, 0.0, 0.0, 0.0, 0.0, 0.0, 0.0, 0.0, 0.0, 0.0, 0.0, 0.0, 0.0, 0.0, 0.0, 0.0, 0.0, 0.0, 0.0, 0.0, 0.0, 0.0, 0.0, 0.0, 0.0, 0.0, 0.0, 0.0, 0.0, 0.0, 0.0, 0.0, 0.0, 0.0, 0.0, 0.0, 0.8, 0.0, 0.8, 1.5, 0.0, 0.0, 0.0, 0.0, 0.0, 0.0, 0.0, 0.0, 0.0, 0.0, 0.0, 0.0, 0.0]",1.4,3,"[0, 0, 0, 0, 0, 0, 0, 0, 0, 0, 0, 0, 1, 0, 0]","[0, 0, 0, 0, 0, 0, 0, 0, 0, 0, 0, 1, 0, 0, 0]","[0, 0, 0, 0, 0, 0, 0, 0, 0, 0, 0, 0, 0, 0, 0]","[0, 0, 0, 0, 0, 0, 0, 0, 0, 0, 0, 0, 0, 1, 0]",0.5503,0.2831
HighSpinLowSpin_02,Which of the following octahedral complexes is likely to be low-spin?,[Co(NH?)?]??,[Mn(H?O)?]??,[CoF?]??,[Fe(H?O)?]??,"Correct. NH? is a stronger field ligand; for Co?? (d?), ?? > P, low-spin (t?g?, diamagnetic).","Incorrect. Mn?? (d?) weak field, high-spin (?? < P).","Incorrect. F? is a weak field ligand, ?? small, high-spin.","Incorrect. H?O is intermediate; for Fe?? (d?), ?? < P, high-spin.",High-Spin vs Low-Spin Complexes,"Crystal Field Splitting in Octahedral Field, Spectrochemical Series","[0.0, 0.0, 0.0, 0.0, 0.0, 0.0, 0.0, 0.0, 0.0, 0.0, 0.0, 0.0, 0.0, 0.0, 0.0, 0.0, 0.0, 0.0, 0.0, 0.0, 0.0, 0.0, 0.0, 0.0, 0.0, 0.0, 0.0, 0.0, 0.0, 0.0, 0.0, 0.0, 0.0, 0.0, 0.0, 0.0, 0.0, 0.0, 0.0, 0.0, 0.8, 1.0, 0.0, 0.0, 1.2, 0.0, 0.0, 0.0, 0.0, 0.0, 0.0, 0.0, 0.0, 0.0, 0.0, 0.0, 0.0, 0.0]",1.4,1,"[0, 0, 0, 0, 0, 0, 0, 0, 0, 0, 0, 0, 0, 0, 0]","[0, 0, 0, 0, 0, 0, 0, 0, 0, 0, 0, 0, 0, 0, 0]","[1, 0, 0, 0, 0, 0, 0, 0, 0, 0, 0, 0, 0, 0, 0]","[0, 0, 0, 0, 0, 0, 0, 0, 0, 0, 0, 0, 0, 1, 0]",0.4435,0.2774
HighSpinLowSpin_03,"For a d? octahedral complex, the high-spin configuration has how many unpaired electrons?",4,1,2,3,"Correct. High-spin d?: t?g? eg?, four unpaired electrons.",Incorrect.,"Incorrect. That is low-spin d?: t?g? eg?, two unpaired.",Incorrect. That would be d? or d?.,High-Spin vs Low-Spin Complexes,Crystal Field Splitting in Octahedral Field,"[0.0, 0.0, 0.0, 0.0, 0.0, 0.0, 0.0, 0.0, 0.0, 0.0, 0.0, 0.0, 0.0, 0.0, 0.0, 0.0, 0.0, 0.0, 0.0, 0.0, 0.0, 0.0, 0.0, 0.0, 0.0, 0.0, 0.0, 0.0, 0.0, 0.0, 0.0, 0.0, 0.0, 0.0, 0.0, 0.0, 0.0, 0.0, 0.0, 0.0, 0.0, 1.2, 0.0, 0.0, 1.0, 0.0, 0.0, 0.0, 0.0, 0.0, 0.0, 0.0, 0.0, 0.0, 0.0, 0.0, 0.0, 0.0]",1.3,1,"[0, 0, 0, 0, 0, 0, 0, 0, 0, 0, 0, 0, 0, 0, 0]","[0, 0, 0, 0, 0, 0, 0, 0, 0, 0, 0, 1, 0, 0, 0]","[1, 0, 0, 0, 0, 0, 0, 0, 0, 0, 0, 0, 0, 0, 0]","[0, 0, 0, 0, 0, 0, 0, 0, 0, 0, 0, 0, 0, 1, 0]",0.4431,0.3381
HighSpinLowSpin_04,"Which of the following metal ions, when complexed with a strong field ligand (e.g., CN?), is most likely to form a low-spin complex?",Mn?? (d?),Ni?? (d?),Fe?? (d?),Co?? (d?),"Incorrect. Mn2+ (d5) can form a low-spin complex with a very strong field ligand, but high-spin d5 already has extra stability from being half-filled, so an unusually strong field is needed to force pairing - it is not the most typical example.","Incorrect. Ni2+ (d8) has configuration t2g^6 eg^2, which is unaffected by ligand field strength since the eg orbitals must each hold at least one electron regardless of pairing; Ni2+ therefore shows no high-spin/low-spin distinction.","Correct. Fe2+ (d6) with a strong-field ligand such as CN- readily adopts the low-spin t2g^6 eg^0 configuration, giving the classic diamagnetic complex [Fe(CN)6]4- - the most commonly cited example of a strong-field-induced low-spin complex.","Incorrect. Co2+ (d7) can occasionally form low-spin complexes with very strong field ligands, but this is far less common and less stable than the low-spin behavior of Fe2+.",High-Spin vs Low-Spin Complexes,"Crystal Field Splitting in Octahedral Field, Spectrochemical Series","[0.0, 0.0, 0.0, 0.0, 0.0, 0.0, 0.0, 0.0, 0.0, 0.0, 0.0, 0.0, 0.0, 0.0, 0.0, 0.0, 0.0, 0.0, 0.0, 0.0, 0.0, 0.0, 0.0, 0.0, 0.0, 0.0, 0.0, 0.0, 0.0, 0.0, 0.0, 0.0, 0.0, 0.0, 0.0, 0.0, 0.0, 0.0, 0.0, 0.0, 0.8, 1.0, 0.0, 0.0, 1.2, 0.0, 0.0, 0.0, 0.0, 0.0, 0.0, 0.0, 0.0, 0.0, 0.0, 0.0, 0.0, 0.0]",1.4,3,"[0, 0, 0, 0, 0, 0, 0, 0, 0, 0, 0, 0, 0, 0, 0]","[0, 0, 0, 0, 0, 0, 0, 0, 0, 0, 0, 1, 0, 0, 0]","[0, 0, 0, 0, 0, 0, 0, 0, 0, 0, 0, 0, 0, 0, 0]","[0, 0, 0, 0, 0, 0, 0, 0, 0, 0, 0, 0, 0, 1, 0]",0.8994,0.4832
HighSpinLowSpin_05,The low-spin configuration is favored when:,"The ligand is weak field (e.g., F?, H?O).",The complex is tetrahedral.,"The metal ion has a high oxidation state and/or the ligand is strong field (e.g., CN?, CO).",The metal ion has a low oxidation state.,Incorrect. Weak field favors high-spin.,Incorrect. Tetrahedral complexes have small ?? and are almost always high-spin.,"Correct. High oxidation state increases ??; strong field ligands also increase ??, both making ?? > P and favoring low-spin.","Incorrect. Low oxidation state decreases ??, favoring high-spin.",High-Spin vs Low-Spin Complexes,Crystal Field Splitting in Octahedral Field,"[0.0, 0.0, 0.0, 0.0, 0.0, 0.0, 0.0, 0.0, 0.0, 0.0, 0.0, 0.0, 0.0, 0.0, 0.0, 0.0, 0.0, 0.0, 0.0, 0.0, 0.0, 0.0, 0.0, 0.0, 0.0, 0.0, 0.0, 0.0, 0.0, 0.0, 0.0, 0.0, 0.0, 0.0, 0.0, 0.0, 0.0, 0.0, 0.0, 0.0, 0.0, 1.0, 0.0, 0.0, 1.2, 0.0, 0.0, 0.0, 0.0, 0.0, 0.0, 0.0, 0.0, 0.0, 0.0, 0.0, 0.0, 0.0]",1.3,3,"[0, 0, 0, 0, 0, 0, 0, 0, 0, 0, 0, 0, 1, 0, 0]","[0, 0, 0, 0, 0, 0, 0, 0, 0, 0, 0, 1, 0, 0, 0]","[0, 0, 0, 0, 0, 0, 0, 0, 0, 0, 0, 0, 0, 0, 0]","[0, 0, 0, 0, 0, 0, 0, 0, 0, 0, 0, 0, 0, 0, 0]",0.5139,0.2993
HighSpinLowSpin_06,Which of the following statements is correct about high-spin and low-spin complexes?,High-spin complexes have more unpaired electrons than low-spin complexes for the same d-electron count.,Low-spin complexes are always diamagnetic.,High-spin complexes are always paramagnetic.,Low-spin complexes always have zero unpaired electrons.,"Correct. For a given d?, low-spin configuration has more pairing, hence fewer unpaired electrons.","Incorrect. Low-spin d? has one unpaired, paramagnetic.",Incorrect. High-spin d?? has no unpaired electrons (diamagnetic).,"Incorrect. A low-spin d5 complex actually possesses one unpaired electron, whereas this option incorrectly implies a different magnetic state.",High-Spin vs Low-Spin Complexes,Crystal Field Splitting in Octahedral Field,"[0.0, 0.0, 0.0, 0.0, 0.0, 0.0, 0.0, 0.0, 0.0, 0.0, 0.0, 0.0, 0.0, 0.0, 0.0, 0.0, 0.0, 0.0, 0.0, 0.0, 0.0, 0.0, 0.0, 0.0, 0.0, 0.0, 0.0, 0.0, 0.0, 0.0, 0.0, 0.0, 0.0, 0.0, 0.0, 0.0, 0.0, 0.0, 0.0, 0.0, 0.0, 1.2, 0.0, 0.0, 1.0, 0.0, 0.0, 0.0, 0.0, 0.0, 0.0, 0.0, 0.0, 0.0, 0.0, 0.0, 0.0, 0.0]",1.3,1,"[0, 0, 0, 0, 0, 0, 0, 0, 0, 0, 0, 0, 0, 0, 0]","[0, 0, 0, 0, 0, 0, 0, 0, 0, 0, 0, 1, 0, 0, 0]","[1, 0, 0, 0, 0, 0, 0, 0, 0, 0, 0, 0, 0, 0, 0]","[0, 0, 0, 0, 0, 0, 0, 0, 0, 0, 0, 0, 0, 1, 0]",0.5927,0.3044
HighSpinLowSpin_07,"The complex [Fe(CN)?]?? is low-spin and diamagnetic, while [Fe(H?O)?]?? is high-spin and paramagnetic. This difference is due to:","CN? is a strong field ligand causing large ??, while H?O is a weak field ligand.",The hydration enthalpy differs.,Fe has a higher oxidation state in the cyanide complex.,The geometry is different.,"Correct. CN? is a strong field ?-acceptor, leading to large ?? > P, pairing all electrons (t?g?). H?O is weaker field, ?? < P, giving high-spin (t?g? eg?).",Incorrect. Hydration enthalpy is not the direct cause of spin state.,Incorrect. Both contain Fe??.,Incorrect. Both are octahedral.,High-Spin vs Low-Spin Complexes,"Spectrochemical Series, Crystal Field Splitting in Octahedral Field","[0.0, 0.0, 0.0, 0.0, 0.0, 0.0, 0.0, 0.0, 0.0, 0.0, 0.0, 0.0, 0.0, 0.0, 0.0, 0.0, 0.0, 0.0, 0.0, 0.0, 0.0, 0.0, 0.0, 0.0, 0.0, 0.0, 0.0, 0.0, 0.0, 0.0, 0.0, 0.0, 0.0, 0.0, 0.0, 0.0, 0.0, 0.0, 0.0, 0.0, 1.0, 0.8, 0.0, 0.0, 1.2, 0.0, 0.0, 0.0, 0.0, 0.0, 0.0, 0.0, 0.0, 0.0, 0.0, 0.0, 0.0, 0.0]",1.4,1,"[0, 0, 0, 0, 0, 0, 0, 0, 0, 0, 0, 0, 0, 0, 0]","[0, 0, 0, 0, 0, 0, 0, 0, 0, 0, 0, 1, 0, 0, 0]","[1, 0, 0, 0, 0, 0, 0, 0, 0, 0, 0, 0, 0, 0, 0]","[0, 0, 0, 0, 0, 0, 0, 0, 0, 0, 0, 0, 0, 1, 0]",0.5785,0.4514
HighSpinLowSpin_08,"The magnetic moment of [Co(NH?)?]?? is zero, while that of [CoF?]?? is approximately 4.9 BM. This indicates:",Both are high-spin.,The cobalt oxidation state is different.,"[Co(NH?)?]?? is low-spin (d?, t?g?) and [CoF?]?? is high-spin (d?, t?g? eg?).",Both are low-spin.,Incorrect.,Incorrect. Both are Co??.,"Correct. Co?? (d?). NH? is a stronger field ligand, causing low-spin (paired, diamagnetic). F? is weak field, giving high-spin (four unpaired electrons, ? ? ?(4?6)=?24=4.9 BM).",Incorrect.,High-Spin vs Low-Spin Complexes,"Magnetic Properties from Unpaired d-electrons, Spectrochemical Series","[0.0, 0.0, 0.0, 0.0, 0.0, 0.0, 0.0, 0.0, 0.0, 0.0, 0.0, 0.0, 0.0, 0.0, 0.0, 0.0, 0.0, 0.0, 0.0, 0.0, 0.0, 0.0, 0.0, 0.0, 0.0, 0.0, 0.0, 0.0, 0.0, 0.0, 0.0, 0.0, 0.0, 0.0, 1.0, 0.0, 0.0, 0.0, 0.0, 0.0, 0.8, 0.0, 0.0, 0.0, 1.2, 0.0, 0.0, 0.0, 0.0, 0.0, 0.0, 0.0, 0.0, 0.0, 0.0, 0.0, 0.0, 0.0]",1.4,3,"[0, 0, 0, 0, 0, 0, 0, 0, 0, 0, 0, 0, 1, 0, 0]","[0, 0, 0, 0, 0, 0, 0, 0, 0, 0, 0, 1, 0, 0, 0]","[0, 0, 0, 0, 0, 0, 0, 0, 0, 0, 0, 0, 0, 0, 0]","[0, 0, 0, 0, 0, 0, 0, 0, 0, 0, 0, 0, 0, 1, 0]",0.4952,0.4467
HighSpinLowSpin_09,The spin state of an octahedral complex can be determined experimentally by:,Magnetic susceptibility measurements.,Conductivity measurements.,IR spectroscopy.,UV-Vis spectroscopy.,"Correct. Magnetic moment (from magnetic susceptibility) directly gives the number of unpaired electrons, distinguishing high-spin from low-spin.","Incorrect. Conductivity indicates electrolyte type, not spin state.","Incorrect. IR gives ligand information, not spin state.",Incorrect. UV-Vis gives ?? but not directly the spin state without additional data.,High-Spin vs Low-Spin Complexes,Magnetic Properties from Unpaired d-electrons,"[0.0, 0.0, 0.0, 0.0, 0.0, 0.0, 0.0, 0.0, 0.0, 0.0, 0.0, 0.0, 0.0, 0.0, 0.0, 0.0, 0.0, 0.0, 0.0, 0.0, 0.0, 0.0, 0.0, 0.0, 0.0, 0.0, 0.0, 0.0, 0.0, 0.0, 0.0, 0.0, 0.0, 0.0, 0.8, 0.0, 0.0, 0.0, 0.0, 0.0, 0.0, 0.0, 0.0, 0.0, 1.2, 0.0, 0.0, 0.0, 0.0, 0.0, 0.0, 0.0, 0.0, 0.0, 0.0, 0.0, 0.0, 0.0]",1.3,1,"[0, 0, 0, 0, 0, 0, 0, 0, 0, 0, 0, 0, 0, 0, 0]","[0, 0, 0, 0, 0, 0, 0, 0, 0, 0, 0, 1, 0, 0, 0]","[1, 0, 0, 0, 0, 0, 0, 0, 0, 0, 0, 0, 0, 0, 0]","[0, 0, 0, 0, 0, 0, 0, 0, 0, 0, 0, 0, 0, 1, 0]",0.462,0.3017
HighSpinLowSpin_10,"For a d? octahedral complex, the high-spin configuration has how many unpaired electrons?",4,1,2,3,Incorrect. That would be d?.,"Incorrect. Low-spin d?: t?g? eg?, one unpaired.",Incorrect. That would be d?.,"Correct. High-spin d?: t?g? eg?, three unpaired electrons.",High-Spin vs Low-Spin Complexes,Crystal Field Splitting in Octahedral Field,"[0.0, 0.0, 0.0, 0.0, 0.0, 0.0, 0.0, 0.0, 0.0, 0.0, 0.0, 0.0, 0.0, 0.0, 0.0, 0.0, 0.0, 0.0, 0.0, 0.0, 0.0, 0.0, 0.0, 0.0, 0.0, 0.0, 0.0, 0.0, 0.0, 0.0, 0.0, 0.0, 0.0, 0.0, 0.0, 0.0, 0.0, 0.0, 0.0, 0.0, 0.0, 1.2, 0.0, 0.0, 1.0, 0.0, 0.0, 0.0, 0.0, 0.0, 0.0, 0.0, 0.0, 0.0, 0.0, 0.0, 0.0, 0.0]",1.3,4,"[0, 0, 0, 0, 0, 0, 0, 0, 0, 0, 0, 0, 1, 0, 0]","[0, 0, 0, 0, 0, 0, 0, 0, 0, 0, 0, 1, 0, 0, 0]","[1, 0, 0, 0, 0, 0, 0, 0, 0, 0, 0, 0, 0, 0, 0]","[0, 0, 0, 0, 0, 0, 0, 0, 0, 0, 0, 0, 0, 0, 0]",0.4511,0.342
JahnTeller_01,What is the Jahn-Teller effect?,The distortion of a non-linear molecule to remove orbital degeneracy and lower its energy.,The pairing of electrons in a strong field.,The splitting of d-orbitals in a crystal field.,The color change of complexes with temperature.,Correct. The Jahn-Teller theorem states that any non-linear molecule in a degenerate electronic state will distort to remove the degeneracy and achieve a lower energy.,Incorrect. That is spin pairing.,Incorrect. That is crystal field splitting.,"Incorrect. That is thermochromism, not Jahn-Teller.",Jahn-Teller Distortion,"Crystal Field Stabilization Energy, Crystal Field Splitting in Octahedral Field","[0.0, 0.0, 0.0, 0.0, 0.0, 0.0, 0.0, 0.0, 0.0, 0.0, 0.0, 0.0, 0.0, 0.0, 0.0, 0.0, 0.0, 0.0, 0.0, 0.0, 0.0, 0.0, 0.0, 0.0, 0.0, 0.0, 0.0, 0.0, 0.0, 0.0, 0.0, 0.0, 0.0, 0.0, 0.0, 0.0, 0.0, 0.0, 0.0, 0.0, 0.0, 0.5, 0.0, 0.8, 0.0, 1.5, 0.0, 0.0, 0.0, 0.0, 0.0, 0.0, 0.0, 0.0, 0.0, 0.0, 0.0, 0.0]",1.5,1,"[0, 0, 0, 0, 0, 0, 0, 0, 0, 0, 0, 0, 0, 0, 0]","[0, 0, 0, 0, 0, 0, 0, 0, 0, 0, 1, 0, 0, 0, 0]","[0, 0, 1, 0, 0, 0, 0, 0, 0, 0, 0, 0, 0, 0, 0]","[0, 0, 0, 0, 0, 0, 0, 0, 0, 0, 0, 0, 1, 0, 0]",0.9471,0.1738
JahnTeller_02,Which of the following electronic configurations in an octahedral field is most likely to exhibit Jahn-Teller distortion?,d? (t?g?),"d? (t?g? eg?, high-spin)",d? (t?g? eg?),d?? (t?g? eg?),Incorrect. d? has no degeneracy in the eg orbitals (t?g? only).,"Incorrect. High-spin d? has one electron in each of the five d-orbitals (t?g?eg?), so the eg set is symmetrically half-filled with no unequal occupation ? there is no Jahn-Teller distortion.","Correct. d? has the configuration t?g?eg?, meaning the two eg orbitals are unequally occupied (one has 2 electrons, the other has 1). This asymmetry is the classic case of strong Jahn-Teller distortion, as seen in Cu?? complexes.",Incorrect. d?? has no unpaired electrons and no degeneracy.,Jahn-Teller Distortion,Crystal Field Splitting in Octahedral Field,"[0.0, 0.0, 0.0, 0.0, 0.0, 0.0, 0.0, 0.0, 0.0, 0.0, 0.0, 0.0, 0.0, 0.0, 0.0, 0.0, 0.0, 0.0, 0.0, 0.0, 0.0, 0.0, 0.0, 0.0, 0.0, 0.0, 0.0, 0.0, 0.0, 0.0, 0.0, 0.0, 0.0, 0.0, 0.0, 0.0, 0.0, 0.0, 0.0, 0.0, 0.0, 1.0, 0.0, 0.0, 0.0, 1.2, 0.0, 0.0, 0.0, 0.0, 0.0, 0.0, 0.0, 0.0, 0.0, 0.0, 0.0, 0.0]",1.6,3,"[0, 0, 0, 0, 0, 0, 0, 0, 0, 0, 0, 0, 0, 0, 0]","[0, 0, 0, 0, 0, 0, 0, 0, 0, 0, 1, 0, 0, 0, 0]","[0, 0, 0, 0, 0, 0, 0, 0, 0, 0, 0, 0, 0, 0, 0]","[0, 0, 0, 0, 0, 0, 0, 0, 0, 0, 0, 0, 1, 0, 0]",0.4346,0.3118
JahnTeller_03,Which of the following complexes exhibits a strong Jahn-Teller distortion?,[Zn(NH?)?]??,[Co(NH?)?]??,[Cr(H?O)?]??,[Cu(H?O)?]??,Incorrect. Zn?? (d??) has no degeneracy.,"Incorrect. Co?? (d?, low-spin) has no degeneracy (t?g?).",Incorrect. Cr?? (d?) has no degeneracy; regular octahedral.,"Correct. Cu?? (d?) is the classic example of Jahn-Teller distortion, leading to elongated octahedral geometry.",Jahn-Teller Distortion,Crystal Field Splitting in Octahedral Field,"[0.0, 0.0, 0.0, 0.0, 0.0, 0.0, 0.0, 0.0, 0.0, 0.0, 0.0, 0.0, 0.0, 0.0, 0.0, 0.0, 0.0, 0.0, 0.0, 0.0, 0.0, 0.0, 0.0, 0.0, 0.0, 0.0, 0.0, 0.0, 0.0, 0.0, 0.0, 0.0, 0.0, 0.0, 0.0, 0.0, 0.0, 0.0, 0.0, 0.0, 0.0, 1.2, 0.0, 0.0, 0.0, 1.0, 0.0, 0.0, 0.0, 0.0, 0.0, 0.0, 0.0, 0.0, 0.0, 0.0, 0.0, 0.0]",1.5,4,"[0, 0, 0, 0, 0, 0, 1, 0, 0, 0, 0, 0, 0, 0, 0]","[0, 0, 0, 0, 0, 0, 0, 0, 0, 0, 1, 0, 0, 0, 0]","[0, 0, 1, 0, 0, 0, 0, 0, 0, 0, 0, 0, 0, 0, 0]","[0, 0, 0, 0, 0, 0, 0, 0, 0, 0, 0, 0, 0, 0, 0]",0.4517,0.2891
JahnTeller_04,The Jahn-Teller distortion in an octahedral complex usually results in:,A loss of all unpaired electrons.,A change in the oxidation state of the metal.,A change from octahedral to tetrahedral geometry.,Elongation along one axis (z-axis) or compression.,Incorrect. Distortion does not change the electron count.,Incorrect. Oxidation state remains unchanged.,"Incorrect. The geometry remains octahedral (distorted), not tetrahedral.","Correct. The most common distortion is elongation along the z-axis (or compression), lowering the symmetry from O? to D??.",Jahn-Teller Distortion,Crystal Field Splitting in Octahedral Field,"[0.0, 0.0, 0.0, 0.0, 0.0, 0.0, 0.0, 0.0, 0.0, 0.0, 0.0, 0.0, 0.0, 0.0, 0.0, 0.0, 0.0, 0.0, 0.0, 0.0, 0.0, 0.0, 0.0, 0.0, 0.0, 0.0, 0.0, 0.0, 0.0, 0.0, 0.0, 0.0, 0.0, 0.0, 0.0, 0.0, 0.0, 0.0, 0.0, 0.0, 0.0, 1.0, 0.0, 0.0, 0.0, 1.2, 0.0, 0.0, 0.0, 0.0, 0.0, 0.0, 0.0, 0.0, 0.0, 0.0, 0.0, 0.0]",1.5,4,"[0, 0, 0, 0, 0, 0, 1, 0, 0, 0, 0, 0, 0, 0, 0]","[0, 0, 0, 0, 0, 0, 0, 0, 0, 0, 1, 0, 0, 0, 0]","[0, 0, 1, 0, 0, 0, 0, 0, 0, 0, 0, 0, 0, 0, 0]","[0, 0, 0, 0, 0, 0, 0, 0, 0, 0, 0, 0, 0, 0, 0]",0.5759,0.2795
JahnTeller_05,Why does Cu?? (d?) show a strong Jahn-Teller effect?,Because Cu?? is small.,Because Cu?? has a d?? configuration.,"In an octahedral field, the d? configuration has an uneven occupancy of the eg orbitals (one orbital doubly occupied, one singly), leading to a degenerate ground state that distorts to remove degeneracy.",Because Cu?? has a high charge density.,Incorrect. Size is not the direct cause.,"Incorrect. Cu?? is d?, not d??.","Correct. The degeneracy arises from the fact that the two eg orbitals (dx?-y? and dz?) are not equally filled; one has two electrons, the other one. This results in a degenerate electronic state that distorts.",Incorrect. Charge density is not the direct cause.,Jahn-Teller Distortion,Crystal Field Splitting in Octahedral Field,"[0.0, 0.0, 0.0, 0.0, 0.0, 0.0, 0.0, 0.0, 0.0, 0.0, 0.0, 0.0, 0.0, 0.0, 0.0, 0.0, 0.0, 0.0, 0.0, 0.0, 0.0, 0.0, 0.0, 0.0, 0.0, 0.0, 0.0, 0.0, 0.0, 0.0, 0.0, 0.0, 0.0, 0.0, 0.0, 0.0, 0.0, 0.0, 0.0, 0.0, 0.0, 1.0, 0.0, 0.0, 0.0, 1.2, 0.0, 0.0, 0.0, 0.0, 0.0, 0.0, 0.0, 0.0, 0.0, 0.0, 0.0, 0.0]",1.6,3,"[0, 0, 0, 0, 0, 0, 1, 0, 0, 0, 0, 0, 0, 0, 0]","[0, 0, 0, 0, 0, 0, 0, 0, 0, 0, 1, 0, 0, 0, 0]","[0, 0, 0, 0, 0, 0, 0, 0, 0, 0, 0, 0, 0, 0, 0]","[0, 0, 0, 0, 0, 0, 0, 0, 0, 0, 0, 0, 1, 0, 0]",0.4685,0.3979
JahnTeller_06,Which of the following d-electron configurations in octahedral geometry would not exhibit Jahn-Teller distortion?,d?,Low-spin d?,d?,High-spin d?,"Incorrect. d9 has configuration t2g^6 eg^3, with the eg orbitals unequally occupied (one doubly, one singly), causing strong Jahn-Teller distortion.","Incorrect. Low-spin d7 has configuration t2g^6 eg^1, an unequal occupation of the eg orbitals, which causes strong Jahn-Teller distortion.","Correct. d3 has configuration t2g^3 eg^0. The t2g orbitals point between the ligands and their symmetric, singly-occupied arrangement produces no significant electronic degeneracy, so d3 shows no Jahn-Teller distortion.","Incorrect. High-spin d4 has configuration t2g^3 eg^1, an unequal (single) occupation of the two eg orbitals, which causes strong Jahn-Teller distortion.",Jahn-Teller Distortion,Crystal Field Splitting in Octahedral Field,"[0.0, 0.0, 0.0, 0.0, 0.0, 0.0, 0.0, 0.0, 0.0, 0.0, 0.0, 0.0, 0.0, 0.0, 0.0, 0.0, 0.0, 0.0, 0.0, 0.0, 0.0, 0.0, 0.0, 0.0, 0.0, 0.0, 0.0, 0.0, 0.0, 0.0, 0.0, 0.0, 0.0, 0.0, 0.0, 0.0, 0.0, 0.0, 0.0, 0.0, 0.0, 1.0, 0.0, 0.0, 0.0, 1.2, 0.0, 0.0, 0.0, 0.0, 0.0, 0.0, 0.0, 0.0, 0.0, 0.0, 0.0, 0.0]",1.6,3,"[0, 0, 0, 0, 0, 0, 1, 0, 0, 0, 0, 0, 0, 0, 0]","[0, 0, 0, 0, 0, 0, 0, 0, 0, 0, 1, 0, 0, 0, 0]","[0, 0, 0, 0, 0, 0, 0, 0, 0, 0, 0, 0, 0, 0, 0]","[0, 0, 0, 0, 0, 0, 0, 0, 0, 0, 0, 0, 0, 0, 0]",0.9413,0.2966
JahnTeller_07,The Jahn-Teller distortion in [Cu(NH?)?]?? (which is square planar) is so strong that the axial ligands are:,"Strongly bonded, forming an octahedron.",Replaced by water.,The complex becomes tetrahedral.,"Very weakly bonded, often not present in solution.","Incorrect. They are weakly bonded, not strongly.","Incorrect. They may be replaced, but the key is the distortion weakens axial bonds.","Incorrect. The geometry is distorted octahedral/square planar, not tetrahedral.","Correct. In aqueous solution, [Cu(NH?)?]?? actually exists as [Cu(NH?)?(H?O)?]?? with elongated axial bonds; often the axial ligands are very weakly bound and may be omitted in formulas, giving a square planar appearance.",Jahn-Teller Distortion,Coordination Number and Geometry Relationships,"[0.0, 0.0, 0.0, 0.0, 0.0, 0.0, 0.0, 0.0, 0.0, 0.0, 0.0, 0.0, 0.0, 0.0, 0.0, 0.0, 0.0, 0.0, 0.0, 0.0, 0.0, 0.0, 0.0, 0.0, 0.0, 0.0, 0.0, 0.0, 0.0, 0.0, 0.0, 0.0, 0.0, 0.0, 0.0, 0.0, 0.0, 0.0, 0.0, 0.0, 0.0, 0.0, 0.0, 0.0, 0.0, 1.2, 0.0, 0.0, 0.0, 0.0, 0.0, 0.0, 0.0, 0.0, 0.0, 1.0, 0.0, 0.0]",1.5,4,"[0, 0, 0, 0, 0, 0, 1, 0, 0, 0, 0, 0, 0, 0, 0]","[0, 0, 0, 0, 0, 0, 0, 0, 0, 0, 1, 0, 0, 0, 0]","[0, 0, 1, 0, 0, 0, 0, 0, 0, 0, 0, 0, 0, 0, 0]","[0, 0, 0, 0, 0, 0, 0, 0, 0, 0, 0, 0, 0, 0, 0]",0.5158,0.4524
JahnTeller_08,Which of the following metal ions is most likely to exhibit a Jahn-Teller distorted octahedral geometry?,Zn?? (d??),"Mn?? (d?, high-spin)",Ni?? (d?),Cu?? (d?),"Incorrect. Zn2+ (d10) has configuration t2g^6 eg^4, a fully symmetric filled arrangement, so it shows no Jahn-Teller distortion.","Incorrect. High-spin Mn2+ (d5) has configuration t2g^3 eg^2, a symmetric half-filled arrangement with no unequal orbital occupation, so it shows no Jahn-Teller distortion.","Incorrect. Ni2+ (d8) has configuration t2g^6 eg^2, with both eg orbitals equally occupied, so there is no Jahn-Teller distortion.",Correct. Cu2+ (d9) has configuration t2g^6 eg^3: one eg orbital is doubly occupied and the other singly occupied. This unequal occupation of orbitals pointing directly at the ligands produces strong Jahn-Teller distortion.,Jahn-Teller Distortion,Crystal Field Splitting in Octahedral Field,"[0.0, 0.0, 0.0, 0.0, 0.0, 0.0, 0.0, 0.0, 0.0, 0.0, 0.0, 0.0, 0.0, 0.0, 0.0, 0.0, 0.0, 0.0, 0.0, 0.0, 0.0, 0.0, 0.0, 0.0, 0.0, 0.0, 0.0, 0.0, 0.0, 0.0, 0.0, 0.0, 0.0, 0.0, 0.0, 0.0, 0.0, 0.0, 0.0, 0.0, 0.0, 1.2, 0.0, 0.0, 0.0, 1.0, 0.0, 0.0, 0.0, 0.0, 0.0, 0.0, 0.0, 0.0, 0.0, 0.0, 0.0, 0.0]",1.5,4,"[0, 0, 0, 0, 0, 0, 1, 0, 0, 0, 0, 0, 0, 0, 0]","[0, 0, 0, 0, 0, 0, 0, 0, 0, 0, 0, 0, 0, 0, 0]","[0, 0, 1, 0, 0, 0, 0, 0, 0, 0, 0, 0, 0, 0, 0]","[0, 0, 0, 0, 0, 0, 0, 0, 0, 0, 0, 0, 0, 0, 0]",0.9302,0.3073
JahnTeller_09,The Jahn-Teller distortion is a consequence of:,The pairing of electrons in d-orbitals.,"The lowering of symmetry to remove electronic degeneracy, thereby lowering the total energy.",The interaction with the magnetic field.,The increase in bond angles to reduce repulsion.,Incorrect. Pairing is a separate phenomenon.,"Correct. Distortion removes degeneracy, which stabilizes the system (the energy lowering outweighs the increase in strain).","Incorrect. It is an electronic effect, not magnetic field dependent.","Incorrect. The distortion changes bond lengths, not primarily bond angles.",Jahn-Teller Distortion,Crystal Field Stabilization Energy,"[0.0, 0.0, 0.0, 0.0, 0.0, 0.0, 0.0, 0.0, 0.0, 0.0, 0.0, 0.0, 0.0, 0.0, 0.0, 0.0, 0.0, 0.0, 0.0, 0.0, 0.0, 0.0, 0.0, 0.0, 0.0, 0.0, 0.0, 0.0, 0.0, 0.0, 0.0, 0.0, 0.0, 0.0, 0.0, 0.0, 0.0, 0.0, 0.0, 0.0, 0.0, 0.0, 0.0, 1.0, 0.0, 1.2, 0.0, 0.0, 0.0, 0.0, 0.0, 0.0, 0.0, 0.0, 0.0, 0.0, 0.0, 0.0]",1.5,2,"[0, 0, 0, 0, 0, 0, 0, 0, 0, 0, 0, 0, 0, 0, 0]","[0, 0, 0, 0, 0, 0, 0, 0, 0, 0, 0, 0, 0, 0, 0]","[0, 0, 1, 0, 0, 0, 0, 0, 0, 0, 0, 0, 0, 0, 0]","[0, 0, 0, 0, 0, 0, 0, 0, 0, 0, 0, 0, 1, 0, 0]",0.4477,0.2999
JahnTeller_10,Which of the following statements about the Jahn-Teller effect is correct?,It results in a regular octahedral geometry.,It only occurs for high-spin complexes.,It is most pronounced for configurations with degeneracy in the eg orbitals.,It is observed only in complexes with tetrahedral geometry.,"Incorrect. It results in distorted geometry, not regular.","Incorrect. It can occur in low-spin configurations with eg degeneracy (e.g., low-spin d?).","Correct. The Jahn-Teller effect is strongest when the degeneracy involves the eg orbitals (?-bonding orbitals), as the distortion directly affects bond lengths and gives a large energy lowering.","Incorrect. It is observed in octahedral and other geometries, especially octahedral.",Jahn-Teller Distortion,Crystal Field Splitting in Octahedral Field,"[0.0, 0.0, 0.0, 0.0, 0.0, 0.0, 0.0, 0.0, 0.0, 0.0, 0.0, 0.0, 0.0, 0.0, 0.0, 0.0, 0.0, 0.0, 0.0, 0.0, 0.0, 0.0, 0.0, 0.0, 0.0, 0.0, 0.0, 0.0, 0.0, 0.0, 0.0, 0.0, 0.0, 0.0, 0.0, 0.0, 0.0, 0.0, 0.0, 0.0, 0.0, 1.0, 0.0, 0.0, 0.0, 1.2, 0.0, 0.0, 0.0, 0.0, 0.0, 0.0, 0.0, 0.0, 0.0, 0.0, 0.0, 0.0]",1.4,3,"[0, 0, 0, 0, 0, 0, 1, 0, 0, 0, 0, 0, 0, 0, 0]","[0, 0, 0, 0, 0, 0, 0, 0, 0, 0, 1, 0, 0, 0, 0]","[0, 0, 0, 0, 0, 0, 0, 0, 0, 0, 0, 0, 0, 0, 0]","[0, 0, 0, 0, 0, 0, 0, 0, 0, 0, 0, 0, 0, 0, 0]",0.5053,0.2831
ColorOrigin_01,Why are most transition metal complexes colored?,Because they emit light.,Because they reflect all visible light.,Because they are paramagnetic.,Because they absorb light in the visible region due to d-d transitions.,"Incorrect. They absorb, not emit (though some may fluoresce, that's not the primary reason).","Incorrect. They absorb certain wavelengths, not reflect all.",Incorrect. Paramagnetism is not directly related to color.,"Correct. The energy difference between the split d-orbitals (?) corresponds to the visible region; absorption of a photon promotes an electron from lower to higher d-orbitals, and the complementary color is observed.",Color Origin in Coordination Compounds,"Crystal Field Splitting in Octahedral Field, Crystal Field Stabilization Energy","[0.0, 0.0, 0.0, 0.0, 0.0, 0.0, 0.0, 0.0, 0.0, 0.0, 0.0, 0.0, 0.0, 0.0, 0.0, 0.0, 0.0, 0.0, 0.0, 0.0, 0.0, 0.0, 0.0, 0.0, 0.0, 0.0, 0.0, 0.0, 0.0, 0.0, 0.0, 0.0, 0.0, 0.0, 0.0, 0.0, 0.0, 0.0, 0.0, 0.0, 0.0, 0.5, 0.0, 0.5, 0.0, 0.0, 0.0, 1.5, 0.0, 0.0, 0.0, 0.0, 0.0, 0.0, 0.0, 0.0, 0.0, 0.0]",1.3,4,"[0, 0, 0, 0, 0, 0, 1, 0, 0, 0, 0, 0, 0, 0, 0]","[1, 0, 0, 0, 0, 0, 0, 0, 0, 0, 0, 0, 0, 0, 0]","[0, 0, 0, 0, 0, 0, 0, 0, 0, 0, 0, 0, 1, 0, 0]","[0, 0, 0, 0, 0, 0, 0, 0, 0, 0, 0, 0, 0, 0, 0]",0.4958,0.2981
ColorOrigin_02,The color of a coordination compound is complementary to the color of light it:,Transmits,Reflects,Emits,Absorbs,"Incorrect. The transmitted color is complementary to absorbed, but in solution, we observe the transmitted color.",Incorrect. Reflection is not the primary factor; the absorbed light determines the color.,Incorrect. Emission is not the source of color for most complexes.,Correct. The observed color is the complementary color of the absorbed light.,Color Origin in Coordination Compounds,Crystal Field Splitting in Octahedral Field,"[0.0, 0.0, 0.0, 0.0, 0.0, 0.0, 0.0, 0.0, 0.0, 0.0, 0.0, 0.0, 0.0, 0.0, 0.0, 0.0, 0.0, 0.0, 0.0, 0.0, 0.0, 0.0, 0.0, 0.0, 0.0, 0.0, 0.0, 0.0, 0.0, 0.0, 0.0, 0.0, 0.0, 0.0, 0.0, 0.0, 0.0, 0.0, 0.0, 0.0, 0.0, 1.0, 0.0, 0.0, 0.0, 0.0, 0.0, 1.2, 0.0, 0.0, 0.0, 0.0, 0.0, 0.0, 0.0, 0.0, 0.0, 0.0]",1.3,4,"[0, 0, 0, 0, 0, 0, 1, 0, 0, 0, 0, 0, 0, 0, 0]","[1, 0, 0, 0, 0, 0, 0, 0, 0, 0, 0, 0, 0, 0, 0]","[0, 0, 0, 0, 0, 0, 0, 0, 0, 0, 0, 0, 1, 0, 0]","[0, 0, 0, 0, 0, 0, 0, 0, 0, 0, 0, 0, 0, 0, 0]",0.4639,0.278
ColorOrigin_03,Which of the following factors affects the color of a transition metal complex?,The oxidation state of the metal,All of these,The geometry of the complex,The nature of the ligand (spectrochemical series),Incorrect.,"Correct. All three affect ?, which determines the wavelength of absorbed light and hence the color.",Incorrect.,Incorrect.,Color Origin in Coordination Compounds,"Crystal Field Splitting in Octahedral Field, Spectrochemical Series","[0.0, 0.0, 0.0, 0.0, 0.0, 0.0, 0.0, 0.0, 0.0, 0.0, 0.0, 0.0, 0.0, 0.0, 0.0, 0.0, 0.0, 0.0, 0.0, 0.0, 0.0, 0.0, 0.0, 0.0, 0.0, 0.0, 0.0, 0.0, 0.0, 0.0, 0.0, 0.0, 0.0, 0.0, 0.0, 0.0, 0.0, 0.0, 0.0, 0.0, 0.8, 1.0, 0.0, 0.0, 0.0, 0.0, 0.0, 1.2, 0.0, 0.0, 0.0, 0.0, 0.0, 0.0, 0.0, 0.0, 0.0, 0.0]",1.4,2,"[0, 0, 0, 0, 0, 0, 1, 0, 0, 0, 0, 0, 0, 0, 0]","[0, 0, 0, 0, 0, 0, 0, 0, 0, 0, 0, 0, 0, 0, 0]","[0, 0, 0, 0, 0, 0, 0, 0, 0, 0, 0, 0, 0, 0, 0]","[0, 0, 0, 0, 0, 0, 0, 0, 0, 0, 0, 0, 0, 0, 0]",0.6453,0.2918
ColorOrigin_04,The complex [Ti(H?O)?]?? is violet in color because it absorbs light of which color?,Blue,Red,Yellow-green,Violet,Incorrect. Blue absorbs orange.,Incorrect. Red absorbs cyan/blue-green.,Correct. Violet complex absorbs yellow-green light (complementary colors).,Incorrect. Violet absorbs yellow-green.,Color Origin in Coordination Compounds,Crystal Field Splitting in Octahedral Field,"[0.0, 0.0, 0.0, 0.0, 0.0, 0.0, 0.0, 0.0, 0.0, 0.0, 0.0, 0.0, 0.0, 0.0, 0.0, 0.0, 0.0, 0.0, 0.0, 0.0, 0.0, 0.0, 0.0, 0.0, 0.0, 0.0, 0.0, 0.0, 0.0, 0.0, 0.0, 0.0, 0.0, 0.0, 0.0, 0.0, 0.0, 0.0, 0.0, 0.0, 0.0, 1.2, 0.0, 0.0, 0.0, 0.0, 0.0, 1.0, 0.0, 0.0, 0.0, 0.0, 0.0, 0.0, 0.0, 0.0, 0.0, 0.0]",1.3,3,"[0, 0, 0, 0, 0, 0, 1, 0, 0, 0, 0, 0, 0, 0, 0]","[1, 0, 0, 0, 0, 0, 0, 0, 0, 0, 0, 0, 0, 0, 0]","[0, 0, 0, 0, 0, 0, 0, 0, 0, 0, 0, 0, 0, 0, 0]","[0, 0, 0, 0, 0, 1, 0, 0, 0, 0, 0, 0, 0, 0, 0]",0.4607,0.442
ColorOrigin_05,Why does [Cu(H?O)?]?? appear blue?,It absorbs blue light.,"It absorbs red light, and blue is complementary.",It reflects blue light.,It has a d? configuration.,"Incorrect. If it absorbed blue, it would appear orange.",Correct. Blue color indicates absorption of red/orange light (complementary).,"Incorrect. It transmits/reflects blue, but the reason is absorption of complementary red.","Incorrect. d? configuration leads to splitting, but the color depends on ?.",Color Origin in Coordination Compounds,Crystal Field Splitting in Octahedral Field,"[0.0, 0.0, 0.0, 0.0, 0.0, 0.0, 0.0, 0.0, 0.0, 0.0, 0.0, 0.0, 0.0, 0.0, 0.0, 0.0, 0.0, 0.0, 0.0, 0.0, 0.0, 0.0, 0.0, 0.0, 0.0, 0.0, 0.0, 0.0, 0.0, 0.0, 0.0, 0.0, 0.0, 0.0, 0.0, 0.0, 0.0, 0.0, 0.0, 0.0, 0.0, 1.2, 0.0, 0.0, 0.0, 0.0, 0.0, 1.0, 0.0, 0.0, 0.0, 0.0, 0.0, 0.0, 0.0, 0.0, 0.0, 0.0]",1.3,2,"[0, 0, 0, 0, 0, 0, 1, 0, 0, 0, 0, 0, 0, 0, 0]","[0, 0, 0, 0, 0, 0, 0, 0, 0, 0, 0, 0, 0, 0, 0]","[0, 0, 0, 0, 0, 0, 0, 0, 0, 0, 0, 0, 1, 0, 0]","[0, 0, 0, 0, 0, 1, 0, 0, 0, 0, 0, 0, 0, 0, 0]",0.4603,0.4432
ColorOrigin_06,The color of a complex changes from blue to green when water ligands are replaced by ammonia in [Ni(H?O)?]?? to form [Ni(NH?)?]??. This is because:,The geometry changes from octahedral to tetrahedral.,"NH? is a weaker field ligand, decreasing ?.","NH? is a stronger field ligand than H?O, increasing ?, causing absorption at shorter wavelengths (blue shift).",The oxidation state of Ni changes.,Incorrect. Both are octahedral.,Incorrect. NH? is stronger field.,"Correct. NH? lies higher in the spectrochemical series than H?O, so ? increases, the absorbed wavelength shifts to shorter wavelengths (blue shift), changing the observed color.",Incorrect. Ni remains +2.,Color Origin in Coordination Compounds,Spectrochemical Series,"[0.0, 0.0, 0.0, 0.0, 0.0, 0.0, 0.0, 0.0, 0.0, 0.0, 0.0, 0.0, 0.0, 0.0, 0.0, 0.0, 0.0, 0.0, 0.0, 0.0, 0.0, 0.0, 0.0, 0.0, 0.0, 0.0, 0.0, 0.0, 0.0, 0.0, 0.0, 0.0, 0.0, 0.0, 0.0, 0.0, 0.0, 0.0, 0.0, 0.0, 1.0, 0.0, 0.0, 0.0, 0.0, 0.0, 0.0, 1.2, 0.0, 0.0, 0.0, 0.0, 0.0, 0.0, 0.0, 0.0, 0.0, 0.0]",1.4,3,"[0, 0, 0, 0, 0, 0, 0, 0, 0, 0, 0, 0, 0, 0, 0]","[0, 0, 0, 0, 0, 0, 0, 0, 0, 0, 0, 0, 0, 0, 0]","[0, 0, 0, 0, 0, 0, 0, 0, 0, 0, 0, 0, 0, 0, 0]","[0, 0, 0, 0, 0, 1, 0, 0, 0, 0, 0, 0, 0, 0, 0]",0.517,0.4902
ColorOrigin_07,Which of the following complexes is expected to have the shortest wavelength absorption (highest energy)?,[Co(NH?)?]??,[CoF?]??,[Co(H?O)?]??,[Co(CN)?]??,"Incorrect. NH? is stronger, but CN? is strongest.","Incorrect. F? is weak field, small ?, long wavelength.",Incorrect. H?O is intermediate.,"Correct. CN? is a strong field ligand, giving the largest ?, thus highest energy (shortest wavelength) absorption.",Color Origin in Coordination Compounds,Spectrochemical Series,"[0.0, 0.0, 0.0, 0.0, 0.0, 0.0, 0.0, 0.0, 0.0, 0.0, 0.0, 0.0, 0.0, 0.0, 0.0, 0.0, 0.0, 0.0, 0.0, 0.0, 0.0, 0.0, 0.0, 0.0, 0.0, 0.0, 0.0, 0.0, 0.0, 0.0, 0.0, 0.0, 0.0, 0.0, 0.0, 0.0, 0.0, 0.0, 0.0, 0.0, 1.2, 0.0, 0.0, 0.0, 0.0, 0.0, 0.0, 1.0, 0.0, 0.0, 0.0, 0.0, 0.0, 0.0, 0.0, 0.0, 0.0, 0.0]",1.3,4,"[0, 0, 0, 0, 0, 0, 1, 0, 0, 0, 0, 0, 0, 0, 0]","[0, 0, 0, 0, 0, 0, 0, 0, 0, 0, 0, 0, 0, 0, 0]","[0, 0, 0, 0, 0, 0, 0, 0, 0, 0, 0, 0, 1, 0, 0]","[0, 0, 0, 0, 0, 0, 0, 0, 0, 0, 0, 0, 0, 0, 0]",0.4559,0.326
ColorOrigin_08,Why are d? and d?? complexes usually colorless?,They are diamagnetic.,They have all electrons paired.,They absorb in the UV region only.,They have no d-electrons available for d-d transitions.,"Incorrect. Diamagnetism is a consequence, not the cause of colorlessness.",Incorrect. Pairing is not the reason.,Incorrect. d?? has electrons but no vacancies in the d-orbitals for a d-d transition.,"Correct. For d? (e.g., Ti??) or d?? (e.g., Zn??), there are no d-electrons to promote (d?) or no empty d-orbitals of the same set (d?? all orbitals full), so no d-d transitions occur in the visible region; they may absorb in UV.",Color Origin in Coordination Compounds,Crystal Field Splitting in Octahedral Field,"[0.0, 0.0, 0.0, 0.0, 0.0, 0.0, 0.0, 0.0, 0.0, 0.0, 0.0, 0.0, 0.0, 0.0, 0.0, 0.0, 0.0, 0.0, 0.0, 0.0, 0.0, 0.0, 0.0, 0.0, 0.0, 0.0, 0.0, 0.0, 0.0, 0.0, 0.0, 0.0, 0.0, 0.0, 0.0, 0.0, 0.0, 0.0, 0.0, 0.0, 0.0, 1.0, 0.0, 0.0, 0.0, 0.0, 0.0, 1.2, 0.0, 0.0, 0.0, 0.0, 0.0, 0.0, 0.0, 0.0, 0.0, 0.0]",1.3,4,"[0, 0, 0, 0, 0, 0, 1, 0, 0, 0, 0, 0, 0, 0, 0]","[1, 0, 0, 0, 0, 0, 0, 0, 0, 0, 0, 0, 0, 0, 0]","[0, 0, 0, 0, 0, 0, 0, 0, 0, 0, 0, 0, 0, 0, 0]","[0, 0, 0, 0, 0, 0, 0, 0, 0, 0, 0, 0, 0, 0, 0]",0.4769,0.3607
ColorOrigin_09,"The color of [Ni(H?O)?]?? is green. If the water ligands are replaced by ethylenediamine (en), the complex becomes violet. This indicates:",en is a weaker field ligand than H?O.,The complex becomes diamagnetic.,The geometry changes from octahedral to tetrahedral.,"en is a stronger field ligand than H?O, increasing ?.","Correct. en is a stronger field ligand (higher in spectrochemical series) than H?O, so ? increases, shifting absorption to shorter wavelengths, changing color.",Incorrect. Ni?? (d?) remains paramagnetic; spin state does not change.,Incorrect. Both are octahedral.,Incorrect. en is stronger.,Color Origin in Coordination Compounds,Spectrochemical Series,"[0.0, 0.0, 0.0, 0.0, 0.0, 0.0, 0.0, 0.0, 0.0, 0.0, 0.0, 0.0, 0.0, 0.0, 0.0, 0.0, 0.0, 0.0, 0.0, 0.0, 0.0, 0.0, 0.0, 0.0, 0.0, 0.0, 0.0, 0.0, 0.0, 0.0, 0.0, 0.0, 0.0, 0.0, 0.0, 0.0, 0.0, 0.0, 0.0, 0.0, 1.0, 0.0, 0.0, 0.0, 0.0, 0.0, 0.0, 1.2, 0.0, 0.0, 0.0, 0.0, 0.0, 0.0, 0.0, 0.0, 0.0, 0.0]",1.4,1,"[0, 0, 0, 0, 0, 0, 0, 0, 0, 0, 0, 0, 0, 0, 0]","[1, 0, 0, 0, 0, 0, 0, 0, 0, 0, 0, 0, 0, 0, 0]","[0, 0, 0, 0, 0, 0, 0, 0, 0, 0, 0, 0, 1, 0, 0]","[0, 0, 0, 0, 0, 1, 0, 0, 0, 0, 0, 0, 0, 0, 0]",0.5874,0.4584
ColorOrigin_10,The absorption band in the visible spectrum for a complex corresponds to:,The energy gap ? between the t?g and eg orbitals.,The lattice energy.,The hydration enthalpy.,The pairing energy P.,Correct. The energy of the absorbed photon (h?) equals ? (for octahedral complexes) when an electron is excited from t?g to eg.,Incorrect. Lattice energy is for solids.,Incorrect. Hydration enthalpy is for solvation.,"Incorrect. Pairing energy is related to spin state, not directly the absorption energy.",Color Origin in Coordination Compounds,Crystal Field Splitting in Octahedral Field,"[0.0, 0.0, 0.0, 0.0, 0.0, 0.0, 0.0, 0.0, 0.0, 0.0, 0.0, 0.0, 0.0, 0.0, 0.0, 0.0, 0.0, 0.0, 0.0, 0.0, 0.0, 0.0, 0.0, 0.0, 0.0, 0.0, 0.0, 0.0, 0.0, 0.0, 0.0, 0.0, 0.0, 0.0, 0.0, 0.0, 0.0, 0.0, 0.0, 0.0, 0.0, 1.0, 0.0, 0.0, 0.0, 0.0, 0.0, 1.2, 0.0, 0.0, 0.0, 0.0, 0.0, 0.0, 0.0, 0.0, 0.0, 0.0]",1.3,1,"[0, 0, 0, 0, 0, 0, 0, 0, 0, 0, 0, 0, 0, 0, 0]","[1, 0, 0, 0, 0, 0, 0, 0, 0, 0, 0, 0, 0, 0, 0]","[0, 0, 0, 0, 0, 0, 0, 0, 0, 0, 0, 0, 1, 0, 0]","[0, 0, 0, 0, 0, 1, 0, 0, 0, 0, 0, 0, 0, 0, 0]",0.8271,0.281
LigandField_01,What is the basic premise of Ligand Field Theory (LFT) as an extension of Crystal Field Theory (CFT)?,It only considers electrostatic interactions between metal and ligand.,It assumes that all ligands are point charges.,It incorporates covalent character into the metal-ligand bond by allowing for ? and ? interactions between metal and ligand orbitals.,It ignores metal-ligand orbital overlap entirely.,Incorrect. That is the CFT approach; LFT goes beyond electrostatic.,Incorrect. LFT considers ligands as having orbitals that can overlap with metal d-orbitals.,"Correct. LFT combines the electrostatic model of CFT with molecular orbital theory, accounting for the partial covalent nature of metal-ligand bonds through orbital overlap.",Incorrect. That is the limitation of CFT that LFT overcomes.,Ligand Field Theory,"Metal-Ligand Bonding (? and ? interactions in complexes), Crystal Field Splitting in Octahedral Field","[0.0, 0.0, 0.0, 0.0, 0.0, 0.0, 0.0, 0.0, 0.0, 0.0, 0.0, 0.0, 0.0, 0.0, 0.0, 0.0, 0.0, 0.0, 0.0, 0.0, 0.0, 0.0, 0.0, 0.0, 0.0, 0.0, 0.0, 0.0, 0.0, 0.0, 0.0, 0.0, 0.0, 0.0, 0.0, 0.0, 0.0, 0.0, 0.0, 0.0, 0.0, 0.8, 0.0, 0.0, 0.0, 0.0, 1.5, 0.0, 0.0, 0.0, 0.0, 0.0, 0.0, 0.0, 0.0, 0.0, 0.0, 0.8]",1.5,3,"[0, 0, 0, 0, 0, 0, 0, 1, 0, 0, 0, 0, 0, 0, 0]","[0, 0, 0, 0, 0, 0, 0, 0, 0, 0, 0, 1, 0, 0, 0]","[0, 0, 0, 0, 0, 0, 0, 0, 0, 0, 0, 0, 0, 0, 0]","[0, 0, 0, 0, 0, 0, 0, 0, 0, 0, 0, 0, 1, 0, 0]",0.4705,0.2489
LigandField_02,"In ligand field theory, the ?-donor interaction between a ligand and a metal ion primarily involves:","Overlap of ligand ? orbitals with metal dxy, dyz, dxz orbitals.",Metal d-orbitals overlapping with ligand d-orbitals.,"Overlap of ligand lone pair orbital with the metal s, p, and d orbitals that point directly at the ligands (e.g., dz?, dx?-y?).",Electrostatic attraction only.,"Incorrect. That describes ? interactions, not ?.",Incorrect. Ligand d-orbitals are usually higher in energy and not involved in ? bonding for typical ligands.,"Correct. ? donation occurs when a ligand lone pair (or ? orbital) overlaps with metal orbitals that have electron density along the bond axis, primarily the eg set (dz?, dx?-y?) and also s and p orbitals.","Incorrect. LFT includes covalent overlap, not just electrostatics.",Ligand Field Theory,Metal-Ligand Bonding (? and ? interactions in complexes),"[0.0, 0.0, 0.0, 0.0, 0.0, 0.0, 0.0, 0.0, 0.0, 0.0, 0.0, 0.0, 0.0, 0.0, 0.0, 0.0, 0.0, 0.0, 0.0, 0.0, 0.0, 0.0, 0.0, 0.0, 0.0, 0.0, 0.0, 0.0, 0.0, 0.0, 0.0, 0.0, 0.0, 0.0, 0.0, 0.0, 0.0, 0.0, 0.0, 0.0, 0.0, 0.0, 0.0, 0.0, 0.0, 0.0, 1.2, 0.0, 0.0, 0.0, 0.0, 0.0, 0.0, 0.0, 0.0, 0.0, 0.0, 1.0]",1.4,3,"[0, 0, 0, 0, 0, 0, 0, 1, 0, 0, 0, 0, 0, 0, 0]","[0, 0, 0, 0, 0, 0, 0, 0, 0, 0, 0, 0, 0, 0, 0]","[0, 0, 0, 0, 0, 0, 0, 0, 0, 0, 0, 0, 0, 0, 0]","[0, 0, 0, 0, 0, 0, 0, 0, 0, 0, 0, 0, 1, 0, 0]",0.4715,0.35
LigandField_03,"According to ligand field theory, ?-acceptor ligands (e.g., CO, CN?) cause a large crystal field splitting (??) because:","They accept electron density from the metal d-orbitals into their empty ?* orbitals, lowering the energy of the metal t?g orbitals.","They donate electron density into the metal d-orbitals, destabilizing them.",They have high electronegativity.,They are highly charged.,"Correct. ? back-bonding from the metal t?g orbitals (which have ? symmetry) into ligand ?* orbitals stabilizes the t?g set, increasing ?? (since t?g are stabilized, eg remain destabilized by ? donation).",Incorrect. That describes ? donation.,Incorrect. Electronegativity alone does not explain the strong field effect.,Incorrect. Charge is not the primary factor; ?-acceptor ability is key.,Ligand Field Theory,"Metal-Ligand Bonding (? and ? interactions in complexes), Spectrochemical Series","[0.0, 0.0, 0.0, 0.0, 0.0, 0.0, 0.0, 0.0, 0.0, 0.0, 0.0, 0.0, 0.0, 0.0, 0.0, 0.0, 0.0, 0.0, 0.0, 0.0, 0.0, 0.0, 0.0, 0.0, 0.0, 0.0, 0.0, 0.0, 0.0, 0.0, 0.0, 0.0, 0.0, 0.0, 0.0, 0.0, 0.0, 0.0, 0.0, 0.0, 1.0, 0.0, 0.0, 0.0, 0.0, 0.0, 1.5, 0.0, 0.0, 0.0, 0.0, 0.0, 0.0, 0.0, 0.0, 0.0, 0.0, 1.0]",1.6,1,"[0, 0, 0, 0, 0, 0, 0, 0, 0, 0, 0, 0, 0, 0, 0]","[0, 0, 0, 0, 0, 0, 0, 0, 0, 0, 0, 1, 0, 0, 0]","[0, 0, 0, 0, 0, 0, 0, 0, 0, 0, 0, 0, 0, 0, 0]","[0, 0, 0, 0, 0, 0, 0, 0, 0, 0, 0, 0, 1, 0, 0]",0.5192,0.4433
LigandField_04,Which of the following statements correctly compares Crystal Field Theory (CFT) and Ligand Field Theory (LFT)?,CFT includes ? bonding; LFT ignores it.,CFT treats metal-ligand bonding as purely ionic; LFT incorporates covalency.,Both theories are identical.,CFT explains the spectrochemical series; LFT does not.,Incorrect. CFT does not include ? bonding; LFT does.,Correct. CFT assumes point charges or dipoles; LFT uses molecular orbital concepts to include orbital overlap and covalency.,Incorrect. They are different; LFT is an extension.,"Incorrect. CFT cannot fully explain the spectrochemical series; LFT, through ?-bonding considerations, provides a better explanation.",Ligand Field Theory,Metal-Ligand Bonding (? and ? interactions in complexes),"[0.0, 0.0, 0.0, 0.0, 0.0, 0.0, 0.0, 0.0, 0.0, 0.0, 0.0, 0.0, 0.0, 0.0, 0.0, 0.0, 0.0, 0.0, 0.0, 0.0, 0.0, 0.0, 0.0, 0.0, 0.0, 0.0, 0.0, 0.0, 0.0, 0.0, 0.0, 0.0, 0.0, 0.0, 0.0, 0.0, 0.0, 0.0, 0.0, 0.0, 0.0, 0.0, 0.0, 0.0, 0.0, 0.0, 1.2, 0.0, 0.0, 0.0, 0.0, 0.0, 0.0, 0.0, 0.0, 0.0, 0.0, 1.0]",1.4,2,"[0, 0, 0, 0, 0, 0, 0, 1, 0, 0, 0, 0, 0, 0, 0]","[0, 0, 0, 0, 0, 0, 0, 0, 0, 0, 0, 0, 0, 0, 0]","[0, 0, 0, 0, 0, 0, 0, 0, 0, 0, 0, 1, 0, 0, 0]","[0, 0, 0, 0, 0, 0, 0, 0, 0, 0, 0, 0, 1, 0, 0]",0.7056,0.346
LigandField_05,"In ligand field theory, ?-donor ligands (e.g., F?, Cl?) tend to:",Have no effect on ??.,Decrease ?? by destabilizing the t?g orbitals (since they donate electron density into the metal t?g orbitals).,Always form low-spin complexes.,Increase ?? by stabilizing the t?g orbitals.,Incorrect. They significantly affect ??.,"Correct. ? donation raises t?g energy, reducing the gap between t?g and eg, hence smaller ??.",Incorrect. They favor high-spin due to smaller ??.,"Incorrect. ? donors raise the energy of the t?g set because their filled p-orbitals overlap with metal d-orbitals of ? symmetry, increasing electron-electron repulsion and destabilizing t?g, thus decreasing ??.",Ligand Field Theory,"Metal-Ligand Bonding (? and ? interactions in complexes), Spectrochemical Series","[0.0, 0.0, 0.0, 0.0, 0.0, 0.0, 0.0, 0.0, 0.0, 0.0, 0.0, 0.0, 0.0, 0.0, 0.0, 0.0, 0.0, 0.0, 0.0, 0.0, 0.0, 0.0, 0.0, 0.0, 0.0, 0.0, 0.0, 0.0, 0.0, 0.0, 0.0, 0.0, 0.0, 0.0, 0.0, 0.0, 0.0, 0.0, 0.0, 0.0, 1.0, 0.0, 0.0, 0.0, 0.0, 0.0, 1.5, 0.0, 0.0, 0.0, 0.0, 0.0, 0.0, 0.0, 0.0, 0.0, 0.0, 1.0]",1.6,2,"[0, 0, 0, 0, 0, 0, 0, 1, 0, 0, 0, 0, 0, 0, 0]","[0, 0, 0, 0, 0, 0, 0, 0, 0, 0, 0, 0, 0, 0, 0]","[0, 0, 0, 0, 0, 0, 0, 0, 0, 0, 0, 1, 0, 0, 0]","[0, 0, 0, 0, 0, 0, 0, 0, 0, 0, 0, 0, 1, 0, 0]",0.4882,0.4366
LigandField_06,Which of the following ligands is classified as a ?-acceptor (?* acceptor) in ligand field theory?,Cl?,CN?,F?,H?O,Incorrect. Cl? is a ? donor.,"Correct. CN? has empty ?* orbitals that accept electron density from the metal, making it a strong field ?-acceptor.",Incorrect. F? is a ? donor.,Incorrect. H?O is a ? donor with weak ? donor ability; not a strong ? acceptor.,Ligand Field Theory,"Metal-Ligand Bonding (? and ? interactions in complexes), Spectrochemical Series","[0.0, 0.0, 0.0, 0.0, 0.0, 0.0, 0.0, 0.0, 0.0, 0.0, 0.0, 0.0, 0.0, 0.0, 0.0, 0.0, 0.0, 0.0, 0.0, 0.0, 0.0, 0.0, 0.0, 0.0, 0.0, 0.0, 0.0, 0.0, 0.0, 0.0, 0.0, 0.0, 0.0, 0.0, 0.0, 0.0, 0.0, 0.0, 0.0, 0.0, 0.5, 0.0, 0.0, 0.0, 0.0, 0.0, 1.0, 0.0, 0.0, 0.0, 0.0, 0.0, 0.0, 0.0, 0.0, 0.0, 0.0, 1.2]",1.5,2,"[0, 0, 0, 0, 0, 0, 0, 1, 0, 0, 0, 0, 0, 0, 0]","[0, 0, 0, 0, 0, 0, 0, 0, 0, 0, 0, 0, 0, 0, 0]","[0, 0, 0, 0, 0, 0, 0, 0, 0, 0, 0, 1, 0, 0, 0]","[0, 0, 0, 0, 0, 0, 0, 0, 0, 0, 0, 0, 1, 0, 0]",0.4461,0.4074
LigandField_07,The ability of ligand field theory to explain the spectrochemical series is primarily due to:,The use of point charges for ligands.,The inclusion of ?-bonding effects (?-donor vs ?-acceptor abilities of ligands).,The assumption of spherical symmetry.,The neglect of metal-ligand overlap.,Incorrect. CFT uses point charges and cannot explain the series fully.,Correct. The order of ligands in the spectrochemical series (I? < Br? < Cl? < F? < OH? < H?O < NH? < en < NO?? < CN? < CO) correlates with increasing ?-acceptor and decreasing ?-donor character.,Incorrect. LFT accounts for directionality.,Incorrect. LFT includes overlap.,Ligand Field Theory,"Spectrochemical Series, Metal-Ligand Bonding (? and ? interactions in complexes)","[0.0, 0.0, 0.0, 0.0, 0.0, 0.0, 0.0, 0.0, 0.0, 0.0, 0.0, 0.0, 0.0, 0.0, 0.0, 0.0, 0.0, 0.0, 0.0, 0.0, 0.0, 0.0, 0.0, 0.0, 0.0, 0.0, 0.0, 0.0, 0.0, 0.0, 0.0, 0.0, 0.0, 0.0, 0.0, 0.0, 0.0, 0.0, 0.0, 0.0, 1.0, 0.0, 0.0, 0.0, 0.0, 0.0, 1.2, 0.0, 0.0, 0.0, 0.0, 0.0, 0.0, 0.0, 0.0, 0.0, 0.0, 0.8]",1.5,2,"[0, 0, 0, 0, 0, 0, 0, 1, 0, 0, 0, 0, 0, 0, 0]","[0, 0, 0, 0, 0, 0, 0, 0, 0, 0, 0, 0, 0, 0, 0]","[0, 0, 0, 0, 0, 0, 0, 0, 0, 0, 0, 0, 0, 0, 0]","[0, 0, 0, 0, 0, 0, 0, 0, 0, 0, 0, 0, 1, 0, 0]",0.4532,0.2837
LigandField_09,"Which of the following complexes would have the largest ?? according to ligand field theory, considering ?-bonding effects?",[Co(CN)?]??,[CoCl?]??,[Co(H?O)?]??,[CoF?]??,"Correct. CN? is a strong ? acceptor, stabilizes t?g, increases ?? significantly.","Incorrect. Cl? is a ? donor, decreases ??.",Incorrect. H?O is a ? donor with weak ? effects; ?? is smaller than for CN?.,"Incorrect. F? is a ? donor, decreases ??.",Ligand Field Theory,"Spectrochemical Series, Metal-Ligand Bonding (? and ? interactions in complexes)","[0.0, 0.0, 0.0, 0.0, 0.0, 0.0, 0.0, 0.0, 0.0, 0.0, 0.0, 0.0, 0.0, 0.0, 0.0, 0.0, 0.0, 0.0, 0.0, 0.0, 0.0, 0.0, 0.0, 0.0, 0.0, 0.0, 0.0, 0.0, 0.0, 0.0, 0.0, 0.0, 0.0, 0.0, 0.0, 0.0, 0.0, 0.0, 0.0, 0.0, 1.2, 0.0, 0.0, 0.0, 0.0, 0.0, 1.0, 0.0, 0.0, 0.0, 0.0, 0.0, 0.0, 0.0, 0.0, 0.0, 0.0, 0.5]",1.5,1,"[0, 0, 0, 0, 0, 0, 0, 0, 0, 0, 0, 0, 0, 0, 0]","[0, 0, 0, 0, 0, 0, 0, 0, 0, 0, 0, 1, 0, 0, 0]","[0, 0, 0, 0, 0, 0, 0, 0, 0, 0, 0, 1, 0, 0, 0]","[0, 0, 0, 0, 0, 0, 0, 0, 0, 0, 0, 0, 1, 0, 0]",0.4601,0.3836
LigandField_10,"In ligand field theory, the energy of the metal d-orbitals in a complex is affected by:",All of the above,? donation from ligands (raises t?g),? acceptance by ligands (lowers t?g),? donation from ligands (raises eg),Correct. LFT accounts for all these interactions: ? donation raises the eg set; ? donation raises t?g (destabilizing); ? acceptance lowers t?g (stabilizing). The net ?? depends on the balance.,Incorrect.,Incorrect.,Incorrect.,Ligand Field Theory,Metal-Ligand Bonding (? and ? interactions in complexes),"[0.0, 0.0, 0.0, 0.0, 0.0, 0.0, 0.0, 0.0, 0.0, 0.0, 0.0, 0.0, 0.0, 0.0, 0.0, 0.0, 0.0, 0.0, 0.0, 0.0, 0.0, 0.0, 0.0, 0.0, 0.0, 0.0, 0.0, 0.0, 0.0, 0.0, 0.0, 0.0, 0.0, 0.0, 0.0, 0.0, 0.0, 0.0, 0.0, 0.0, 0.0, 0.0, 0.0, 0.0, 0.0, 0.0, 1.5, 0.0, 0.0, 0.0, 0.0, 0.0, 0.0, 0.0, 0.0, 0.0, 0.0, 1.0]",1.6,1,"[0, 0, 0, 0, 0, 0, 0, 0, 0, 0, 0, 0, 0, 0, 0]","[0, 0, 0, 0, 0, 0, 0, 0, 0, 0, 0, 1, 0, 0, 0]","[0, 0, 0, 0, 0, 0, 0, 0, 0, 0, 0, 1, 0, 0, 0]","[0, 0, 0, 0, 0, 0, 0, 0, 0, 0, 0, 0, 1, 0, 0]",0.4804,0.2812
ChelateEffect_01,What is the chelate effect?,The color change when a chelate forms.,The enhanced stability of a complex containing a multidentate ligand compared to the analogous complex with monodentate ligands.,The increase in solubility of a complex upon chelation.,The tendency of ligands to form ring structures.,Incorrect. Color change may occur but is not the definition.,Correct. The chelate effect refers to the thermodynamic stability of chelate complexes relative to complexes with monodentate ligands of similar donor atoms.,Incorrect. Chelation generally does not increase solubility; stability is the key.,"Incorrect. Chelation involves ring formation, but the chelate effect specifically refers to stability enhancement.",Chelate Effect,"Metal-Ligand Bonding (? and ? interactions in complexes), Ligand Denticity and Polydentate Binding","[0.0, 0.0, 0.0, 0.0, 0.0, 0.0, 0.0, 0.0, 0.0, 0.0, 0.0, 0.0, 0.0, 0.0, 0.0, 0.0, 0.0, 0.0, 0.0, 0.0, 0.0, 0.0, 0.0, 0.0, 0.0, 0.0, 0.0, 0.0, 0.0, 0.0, 0.0, 0.0, 0.0, 0.0, 0.0, 0.0, 0.0, 0.0, 0.0, 0.0, 0.0, 0.0, 0.0, 0.0, 0.0, 0.0, 0.0, 0.0, 1.5, 0.0, 0.0, 0.0, 0.0, 0.0, 0.0, 0.0, 0.5, 0.5]",1.4,2,"[0, 0, 0, 0, 0, 0, 0, 0, 0, 0, 1, 0, 0, 0, 0]","[0, 0, 0, 0, 0, 0, 0, 0, 0, 0, 0, 0, 0, 0, 0]","[0, 0, 0, 0, 0, 0, 0, 0, 0, 0, 0, 0, 0, 0, 0]","[1, 0, 0, 0, 0, 0, 0, 0, 0, 0, 0, 0, 0, 0, 0]",0.5086,0.1459
ChelateEffect_02,The chelate effect is primarily a result of:,Favorable enthalpy change (more negative ?H),Higher crystal field stabilization energy,Favorable entropy change (more positive ?S),Stronger metal-ligand bonds,"Correct. The chelate effect is predominantly entropic. When a multidentate ligand displaces several monodentate ligands, the number of free particles increases, leading to a positive ?S, which makes ?G more negative.",Incorrect. CFSE may contribute but is not the primary reason.,Incorrect. ?H is often similar or slightly less favorable; entropy drives the effect.,Incorrect. Bond strengths are comparable; the effect is thermodynamic.,Chelate Effect,Metal-Ligand Bonding (? and ? interactions in complexes),"[0.0, 0.0, 0.0, 0.0, 0.0, 0.0, 0.0, 0.0, 0.0, 0.0, 0.0, 0.0, 0.0, 0.0, 0.0, 0.0, 0.0, 0.0, 0.0, 0.0, 0.0, 0.0, 0.0, 0.0, 0.0, 0.0, 0.0, 0.0, 0.0, 0.0, 0.0, 0.0, 0.0, 0.0, 0.0, 0.0, 0.0, 0.0, 0.0, 0.0, 0.0, 0.0, 0.0, 0.0, 0.0, 0.0, 0.0, 0.0, 1.2, 0.0, 0.0, 0.0, 0.0, 0.0, 0.0, 0.0, 0.0, 1.0]",1.5,1,"[0, 0, 0, 0, 0, 0, 0, 0, 0, 0, 0, 0, 0, 0, 0]","[0, 0, 0, 0, 0, 0, 0, 0, 1, 0, 0, 0, 0, 0, 0]","[0, 0, 0, 0, 0, 0, 0, 0, 0, 0, 0, 0, 0, 0, 0]","[1, 0, 0, 0, 0, 0, 0, 0, 0, 0, 0, 0, 0, 0, 0]",0.9374,0.2912
ChelateEffect_03,Which of the following complexes is expected to be the most stable based on the chelate effect?,[NiCl?]??,[Ni(en)?]?? (en = ethylenediamine),[Ni(NH?)?]??,[Ni(H?O)?]??,Incorrect. Cl? is monodentate and tetrahedral geometry.,Correct. Ethylenediamine (en) is bidentate; the chelate effect makes [Ni(en)?]?? much more stable than the analogous complex with six NH? ligands.,Incorrect. NH? is monodentate.,Incorrect. H?O is monodentate and weak field.,Chelate Effect,Ligand Denticity and Polydentate Binding,"[0.0, 0.0, 0.0, 0.0, 0.0, 0.0, 0.0, 0.0, 0.0, 0.0, 0.0, 0.0, 0.0, 0.0, 0.0, 0.0, 0.0, 0.0, 0.0, 0.0, 0.0, 0.0, 0.0, 0.0, 0.0, 0.0, 0.0, 0.0, 0.0, 0.0, 0.0, 0.0, 0.0, 0.0, 0.0, 0.0, 0.0, 0.0, 0.0, 0.0, 0.0, 0.0, 0.0, 0.0, 0.0, 0.0, 0.0, 0.0, 1.0, 0.0, 0.0, 0.0, 0.0, 0.0, 0.0, 0.0, 1.2, 0.0]",1.4,2,"[0, 0, 0, 0, 0, 0, 0, 0, 0, 0, 1, 0, 0, 0, 0]","[0, 0, 0, 0, 0, 0, 0, 0, 0, 0, 0, 0, 0, 0, 0]","[0, 0, 0, 0, 1, 0, 0, 0, 0, 0, 0, 0, 0, 0, 0]","[1, 0, 0, 0, 0, 0, 0, 0, 0, 0, 0, 0, 0, 0, 0]",0.4819,0.3115
ChelateEffect_04,The thermodynamic basis for the chelate effect is that the formation of a chelate complex involves:,A large exothermic enthalpy change.,"An increase in the number of particles in solution, leading to a positive entropy change.","A decrease in the number of particles, leading to a negative entropy change.",No change in entropy.,Incorrect. Enthalpy changes are often small or even unfavorable; entropy is the dominant factor.,"Correct. When a multidentate ligand replaces several monodentate ligands, the number of free molecules increases, making ?S positive, which favors complex formation.","Incorrect. The particle count increases, not decreases.",Incorrect. Entropy increases significantly.,Chelate Effect,None (Foundation Concept),"[0.0, 0.0, 0.0, 0.0, 0.0, 0.0, 0.0, 0.0, 0.0, 0.0, 0.0, 0.0, 0.0, 0.0, 0.0, 0.0, 0.0, 0.0, 0.0, 0.0, 0.0, 0.0, 0.0, 0.0, 0.0, 0.0, 0.0, 0.0, 0.0, 0.0, 0.0, 0.0, 0.0, 0.0, 0.0, 0.0, 0.0, 0.0, 0.0, 0.0, 0.0, 0.0, 0.0, 0.0, 0.0, 0.0, 0.0, 0.0, 1.2, 0.0, 0.0, 0.0, 0.0, 0.0, 0.0, 0.0, 0.0, 0.0]",1.5,2,"[0, 0, 0, 0, 0, 0, 0, 0, 0, 0, 1, 0, 0, 0, 0]","[0, 0, 0, 0, 0, 0, 0, 0, 0, 0, 0, 0, 0, 0, 0]","[0, 0, 0, 0, 1, 0, 0, 0, 0, 0, 0, 0, 0, 0, 0]","[1, 0, 0, 0, 0, 0, 0, 0, 0, 0, 0, 0, 0, 0, 0]",0.4731,0.3025
ChelateEffect_05,"Which of the following bidentate ligands would form the most stable chelate complex with Cu??, considering the chelate effect?","NH?CH?CH?CH?NH? (1,3-diaminopropane)",All form equally stable complexes.,NH?CH?CH?OCH?CH?NH? (a larger chelate ring),NH?CH?CH?NH? (en),Incorrect. Larger chelate rings are less stable due to increased ring strain and less favorable entropy.,Incorrect. Stability depends on ring size and steric factors.,Incorrect. Larger rings are less stable.,"Correct. Ethylenediamine (en) forms a five-membered chelate ring, which is generally more stable than six-membered or larger rings due to less ring strain and favorable entropy.",Chelate Effect,Ligand Denticity and Polydentate Binding,"[0.0, 0.0, 0.0, 0.0, 0.0, 0.0, 0.0, 0.0, 0.0, 0.0, 0.0, 0.0, 0.0, 0.0, 0.0, 0.0, 0.0, 0.0, 0.0, 0.0, 0.0, 0.0, 0.0, 0.0, 0.0, 0.0, 0.0, 0.0, 0.0, 0.0, 0.0, 0.0, 0.0, 0.0, 0.0, 0.0, 0.0, 0.0, 0.0, 0.0, 0.0, 0.0, 0.0, 0.0, 0.0, 0.0, 0.0, 0.0, 1.2, 0.0, 0.0, 0.0, 0.0, 0.0, 0.0, 0.0, 1.0, 0.0]",1.5,4,"[0, 0, 0, 0, 0, 0, 0, 0, 0, 0, 1, 0, 0, 0, 0]","[0, 0, 0, 0, 0, 0, 0, 0, 1, 0, 0, 0, 0, 0, 0]","[0, 0, 0, 0, 1, 0, 0, 0, 0, 0, 0, 0, 0, 0, 0]","[0, 0, 0, 0, 0, 0, 0, 0, 0, 0, 0, 0, 0, 0, 0]",0.4566,0.3594
ChelateEffect_06,The chelate effect is observed when:,A complex undergoes oxidation.,A ligand with a single donor atom coordinates.,A monodentate ligand is replaced by a bidentate ligand.,A bidentate ligand is replaced by two monodentate ligands.,Incorrect. Oxidation state change is unrelated.,Incorrect. That is not chelation.,Correct. Replacing two monodentate ligands with one bidentate ligand increases stability.,Incorrect. That would be the reverse process and would be less stable.,Chelate Effect,Ligand Denticity and Polydentate Binding,"[0.0, 0.0, 0.0, 0.0, 0.0, 0.0, 0.0, 0.0, 0.0, 0.0, 0.0, 0.0, 0.0, 0.0, 0.0, 0.0, 0.0, 0.0, 0.0, 0.0, 0.0, 0.0, 0.0, 0.0, 0.0, 0.0, 0.0, 0.0, 0.0, 0.0, 0.0, 0.0, 0.0, 0.0, 0.0, 0.0, 0.0, 0.0, 0.0, 0.0, 0.0, 0.0, 0.0, 0.0, 0.0, 0.0, 0.0, 0.0, 1.0, 0.0, 0.0, 0.0, 0.0, 0.0, 0.0, 0.0, 1.2, 0.0]",1.4,3,"[0, 0, 0, 0, 0, 0, 0, 0, 0, 0, 1, 0, 0, 0, 0]","[0, 0, 0, 0, 0, 0, 0, 0, 1, 0, 0, 0, 0, 0, 0]","[0, 0, 0, 0, 0, 0, 0, 0, 0, 0, 0, 0, 0, 0, 0]","[1, 0, 0, 0, 0, 0, 0, 0, 0, 0, 0, 0, 0, 0, 0]",0.5298,0.2828
ChelateEffect_07,Which of the following statements about the chelate effect is correct?,It is observed only in octahedral complexes.,It is a kinetic phenomenon.,It results in higher stability constants for chelate complexes compared to similar monodentate complexes.,It only applies to transition metals.,Incorrect. It occurs in various geometries.,"Incorrect. It is thermodynamic, not kinetic.",Correct. The chelate effect is reflected in the larger formation constants (K_f) for chelate complexes.,"Incorrect. It applies to many metal ions, including main group metals.",Chelate Effect,Stability Constants of Complexes,"[0.0, 0.0, 0.0, 0.0, 0.0, 0.0, 0.0, 0.0, 0.0, 0.0, 0.0, 0.0, 0.0, 0.0, 0.0, 0.0, 0.0, 0.0, 0.0, 0.0, 0.0, 0.0, 0.0, 0.0, 0.0, 0.0, 0.0, 0.0, 0.0, 0.0, 0.0, 0.0, 0.0, 0.0, 0.0, 0.0, 0.0, 0.0, 0.0, 0.0, 0.0, 0.0, 0.0, 0.0, 0.0, 0.0, 0.0, 0.0, 1.2, 1.0, 0.0, 0.0, 0.0, 0.0, 0.0, 0.0, 0.0, 0.0]",1.4,3,"[0, 0, 0, 0, 0, 0, 0, 0, 0, 0, 1, 0, 0, 0, 0]","[0, 0, 0, 0, 0, 0, 0, 0, 1, 0, 0, 0, 0, 0, 0]","[0, 0, 0, 0, 0, 0, 0, 0, 0, 0, 0, 0, 0, 0, 0]","[0, 0, 0, 0, 0, 0, 0, 0, 0, 0, 0, 0, 0, 0, 0]",0.4417,0.2996
ChelateEffect_08,The complex [Cu(en)?]?? is more stable than [Cu(NH?)?]??. This stability difference is primarily due to:,Greater entropy change in the formation of [Cu(en)?]??.,Stronger Cu?N bonds in the en complex.,Smaller size of en compared to NH?.,Higher crystal field splitting for en.,"Correct. The chelate effect increases the entropy because two en molecules replace four NH? molecules, increasing the number of free particles.",Incorrect. Bond strengths are similar; the difference is thermodynamic.,Incorrect. en is larger; size is not the reason.,"Incorrect. Both ligands are N-donors; the CFSE is comparable, but the chelate effect adds extra stability.",Chelate Effect,Stability Constants of Complexes,"[0.0, 0.0, 0.0, 0.0, 0.0, 0.0, 0.0, 0.0, 0.0, 0.0, 0.0, 0.0, 0.0, 0.0, 0.0, 0.0, 0.0, 0.0, 0.0, 0.0, 0.0, 0.0, 0.0, 0.0, 0.0, 0.0, 0.0, 0.0, 0.0, 0.0, 0.0, 0.0, 0.0, 0.0, 0.0, 0.0, 0.0, 0.0, 0.0, 0.0, 0.0, 0.0, 0.0, 0.0, 0.0, 0.0, 0.0, 0.0, 1.2, 1.0, 0.0, 0.0, 0.0, 0.0, 0.0, 0.0, 0.0, 0.0]",1.5,1,"[0, 0, 0, 0, 0, 0, 0, 0, 0, 0, 0, 0, 0, 0, 0]","[0, 0, 0, 0, 0, 0, 0, 0, 1, 0, 0, 0, 0, 0, 0]","[0, 0, 0, 0, 0, 0, 0, 0, 0, 0, 0, 0, 0, 0, 0]","[1, 0, 0, 0, 0, 0, 0, 0, 0, 0, 0, 0, 0, 0, 0]",0.95,0.4369
ChelateEffect_09,Which of the following is an example of a macrocyclic chelate effect?,The formation of [Fe(CN)?]??.,The exceptionally high stability of [Ni(cyclam)]?? compared to [Ni(en)?]??.,The precipitation of Ni(DMG)?.,The color change from blue to green upon addition of NH?.,"Incorrect. This is a simple hexacyano complex, not macrocyclic.",Correct. Cyclam is a macrocyclic ligand; its complexes are often much more stable than those of analogous open-chain chelates due to the macrocyclic effect (a combination of entropic and enthalpic factors).,"Incorrect. This is a precipitation reaction, not the macrocyclic effect.","Incorrect. This is a ligand substitution, not the macrocyclic effect.",Chelate Effect,"Stability Constants of Complexes, Ligand Denticity and Polydentate Binding","[0.0, 0.0, 0.0, 0.0, 0.0, 0.0, 0.0, 0.0, 0.0, 0.0, 0.0, 0.0, 0.0, 0.0, 0.0, 0.0, 0.0, 0.0, 0.0, 0.0, 0.0, 0.0, 0.0, 0.0, 0.0, 0.0, 0.0, 0.0, 0.0, 0.0, 0.0, 0.0, 0.0, 0.0, 0.0, 0.0, 0.0, 0.0, 0.0, 0.0, 0.0, 0.0, 0.0, 0.0, 0.0, 0.0, 0.0, 0.0, 1.5, 1.0, 0.0, 0.0, 0.0, 0.0, 0.0, 0.0, 1.0, 0.0]",1.6,2,"[0, 0, 0, 0, 0, 0, 0, 0, 0, 0, 1, 0, 0, 0, 0]","[0, 0, 0, 0, 0, 0, 0, 0, 0, 0, 0, 0, 0, 0, 0]","[0, 0, 0, 0, 0, 0, 0, 0, 0, 0, 0, 0, 0, 0, 0]","[1, 0, 0, 0, 0, 0, 0, 0, 0, 0, 0, 0, 0, 0, 0]",0.4578,0.2873
ChelateEffect_10,The chelate effect is important in biological systems because:,It determines the geometry of complexes.,"Many enzymes contain metal ions coordinated by multidentate ligands (e.g., porphyrin in hemoglobin).",It explains why hard acids prefer hard bases.,It is responsible for the color of transition metal complexes.,Incorrect. Geometry is determined by coordination number and ligand constraints; chelation influences geometry but that's not the primary importance.,"Correct. Nature uses chelation to achieve high stability; for example, heme in hemoglobin contains a porphyrin macrocycle that chelates iron.",Incorrect. That is HSAB principle.,"Incorrect. Color arises from d-d transitions, not directly the chelate effect.",Chelate Effect,None (Foundation Concept),"[0.0, 0.0, 0.0, 0.0, 0.0, 0.0, 0.0, 0.0, 0.0, 0.0, 0.0, 0.0, 0.0, 0.0, 0.0, 0.0, 0.0, 0.0, 0.0, 0.0, 0.0, 0.0, 0.0, 0.0, 0.0, 0.0, 0.0, 0.0, 0.0, 0.0, 0.0, 0.0, 0.0, 0.0, 0.0, 0.0, 0.0, 0.0, 0.0, 0.0, 0.0, 0.0, 0.0, 0.0, 0.0, 0.0, 0.0, 0.0, 1.2, 0.0, 0.0, 0.0, 0.0, 0.0, 0.0, 0.0, 0.0, 0.0]",1.5,2,"[0, 0, 0, 0, 0, 0, 0, 0, 0, 0, 1, 0, 0, 0, 0]","[0, 0, 0, 0, 0, 0, 0, 0, 0, 0, 0, 0, 0, 0, 0]","[0, 0, 0, 0, 1, 0, 0, 0, 0, 0, 0, 0, 0, 0, 0]","[1, 0, 0, 0, 0, 0, 0, 0, 0, 0, 0, 0, 0, 0, 0]",0.5616,0.2768
StabilityConstants_01,What is the stability constant (formation constant) K_f for a complex?,The rate constant for complex formation.,The inverse of the dissociation constant.,The product of concentrations of the complex and the ligands.,The equilibrium constant for the formation of the complex from its constituent metal ion and ligands.,"Incorrect. Rate constant is kinetic, not equilibrium.",Incorrect. It is related: K_f = 1/K_d (dissociation constant). But the primary definition is the equilibrium constant for formation.,"Incorrect. That would be the expression, but not the full definition.",Correct. K_f = [complex] / ([metal][ligand]?) for the reaction M + nL ? ML?.,Stability Constants of Complexes,"Chelate Effect, Metal-Ligand Bonding (? and ? interactions in complexes)","[0.0, 0.0, 0.0, 0.0, 0.0, 0.0, 0.0, 0.0, 0.0, 0.0, 0.0, 0.0, 0.0, 0.0, 0.0, 0.0, 0.0, 0.0, 0.0, 0.0, 0.0, 0.0, 0.0, 0.0, 0.0, 0.0, 0.0, 0.0, 0.0, 0.0, 0.0, 0.0, 0.0, 0.0, 0.0, 0.0, 0.0, 0.0, 0.0, 0.0, 0.0, 0.0, 0.0, 0.0, 0.0, 0.0, 0.0, 0.0, 0.5, 1.5, 0.0, 0.0, 0.0, 0.0, 0.0, 0.0, 0.0, 0.5]",1.3,4,"[0, 0, 0, 0, 1, 0, 0, 0, 0, 0, 0, 0, 0, 0, 0]","[1, 0, 0, 0, 0, 0, 0, 0, 0, 0, 0, 0, 0, 0, 0]","[0, 0, 0, 0, 1, 0, 0, 0, 0, 0, 0, 0, 0, 0, 0]","[0, 0, 0, 0, 0, 0, 0, 0, 0, 0, 0, 0, 0, 0, 0]",0.4717,0.1849
StabilityConstants_02,"The stepwise stability constants (K?, K?, etc.) for the formation of [Cu(NH?)?]?? typically follow the order:",K? ? K? ? K? ? K?,K? < K? < K? < K?,K? > K? > K? > K?,K? = K? = K? = K?,Incorrect. They decrease gradually.,"Incorrect. They decrease, not increase.",Correct. Stepwise stability constants generally decrease due to statistical factors and increasing electrostatic repulsion as more ligands are added.,Incorrect. They are not equal.,Stability Constants of Complexes,None (Foundation Concept),"[0.0, 0.0, 0.0, 0.0, 0.0, 0.0, 0.0, 0.0, 0.0, 0.0, 0.0, 0.0, 0.0, 0.0, 0.0, 0.0, 0.0, 0.0, 0.0, 0.0, 0.0, 0.0, 0.0, 0.0, 0.0, 0.0, 0.0, 0.0, 0.0, 0.0, 0.0, 0.0, 0.0, 0.0, 0.0, 0.0, 0.0, 0.0, 0.0, 0.0, 0.0, 0.0, 0.0, 0.0, 0.0, 0.0, 0.0, 0.0, 0.0, 1.2, 0.0, 0.0, 0.0, 0.0, 0.0, 0.0, 0.0, 0.0]",1.3,3,"[0, 0, 0, 0, 1, 0, 0, 0, 0, 0, 0, 0, 0, 0, 0]","[1, 0, 0, 0, 0, 0, 0, 0, 0, 0, 0, 0, 0, 0, 0]","[0, 0, 0, 0, 0, 0, 0, 0, 0, 0, 0, 0, 0, 0, 0]","[0, 0, 0, 0, 0, 0, 0, 0, 0, 0, 0, 0, 0, 0, 0]",0.4466,0.432
StabilityConstants_03,The overall formation constant ?? is related to the stepwise constants by:,βₙ = K₁ ? K? ? ... ? K?,?? = 1/(K? ? K? ? ... ? K?),βₙ = K₁ + K? + ... + K?,βₙ = K₁/K?,Correct. The overall constant is the product of the stepwise constants.,Incorrect.,Incorrect.,Incorrect.,Stability Constants of Complexes,None (Foundation Concept),"[0.0, 0.0, 0.0, 0.0, 0.0, 0.0, 0.0, 0.0, 0.0, 0.0, 0.0, 0.0, 0.0, 0.0, 0.0, 0.0, 0.0, 0.0, 0.0, 0.0, 0.0, 0.0, 0.0, 0.0, 0.0, 0.0, 0.0, 0.0, 0.0, 0.0, 0.0, 0.0, 0.0, 0.0, 0.0, 0.0, 0.0, 0.0, 0.0, 0.0, 0.0, 0.0, 0.0, 0.0, 0.0, 0.0, 0.0, 0.0, 0.0, 1.2, 0.0, 0.0, 0.0, 0.0, 0.0, 0.0, 0.0, 0.0]",1.3,1,"[0, 0, 0, 0, 0, 0, 0, 0, 0, 0, 0, 0, 0, 0, 0]","[1, 0, 0, 0, 0, 0, 0, 0, 0, 0, 0, 0, 0, 0, 0]","[0, 0, 0, 0, 1, 0, 0, 0, 0, 0, 0, 0, 0, 0, 0]","[1, 0, 0, 0, 0, 0, 0, 0, 0, 0, 0, 0, 0, 0, 0]",0.4642,0.3279
StabilityConstants_04,Which of the following factors affects the stability constant of a complex?,All of these,The chelate effect,The basicity of the ligand (its proton affinity),The charge and size of the metal ion,"Correct. All these factors influence complex stability: more basic ligands form stronger bonds; smaller, higher-charged metal ions give higher stability; chelating ligands give higher stability.",Incorrect.,Incorrect.,Incorrect.,Stability Constants of Complexes,"Chelate Effect, Charge Density (Z/r) and Ionic Potential","[0.0, 0.0, 0.0, 0.0, 0.0, 0.8, 0.0, 0.0, 0.0, 0.0, 0.0, 0.0, 0.0, 0.0, 0.0, 0.0, 0.0, 0.0, 0.0, 0.0, 0.0, 0.0, 0.0, 0.0, 0.0, 0.0, 0.0, 0.0, 0.0, 0.0, 0.0, 0.0, 0.0, 0.0, 0.0, 0.0, 0.0, 0.0, 0.0, 0.0, 0.0, 0.0, 0.0, 0.0, 0.0, 0.0, 0.0, 0.0, 1.0, 1.2, 0.0, 0.0, 0.0, 0.0, 0.0, 0.0, 0.0, 0.0]",1.4,1,"[0, 0, 0, 0, 0, 0, 0, 0, 0, 0, 0, 0, 0, 0, 0]","[1, 0, 0, 0, 0, 0, 0, 0, 0, 0, 0, 0, 0, 0, 0]","[0, 0, 0, 0, 1, 0, 0, 0, 0, 0, 0, 0, 0, 0, 0]","[1, 0, 0, 0, 0, 0, 0, 0, 0, 0, 0, 0, 0, 0, 0]",0.69,0.2819
StabilityConstants_05,"For a series of metal ions with similar charge, the stability constants of their complexes with a given ligand often follow the Irving-Williams order:",Fe?? < Co?? < Ni?? < Cu?? < Zn??,Zn?? < Cu?? < Ni?? < Co?? < Fe??,Mn?? < Fe?? < Co?? < Ni?? < Cu?? > Zn??,Cu?? < Ni?? < Co?? < Fe?? < Mn??,Incorrect.,Incorrect.,"Correct. This series reflects increasing CFSE (for high-spin octahedral) from d? to d?, with a peak at Cu?? (d?) due to Jahn-Teller effect, then drop for Zn?? (d??).",Incorrect.,Stability Constants of Complexes,"Crystal Field Stabilization Energy, Jahn-Teller Distortion","[0.0, 0.0, 0.0, 0.0, 0.0, 0.0, 0.0, 0.0, 0.0, 0.0, 0.0, 0.0, 0.0, 0.0, 0.0, 0.0, 0.0, 0.0, 0.0, 0.0, 0.0, 0.0, 0.0, 0.0, 0.0, 0.0, 0.0, 0.0, 0.0, 0.0, 0.0, 0.0, 0.0, 0.0, 0.0, 0.0, 0.0, 0.0, 0.0, 0.0, 0.0, 0.0, 0.0, 1.2, 0.0, 0.8, 0.0, 0.0, 0.0, 1.0, 0.0, 0.0, 0.0, 0.0, 0.0, 0.0, 0.0, 0.0]",1.5,3,"[0, 0, 0, 0, 1, 0, 0, 0, 0, 0, 0, 0, 0, 0, 0]","[0, 0, 0, 0, 0, 0, 0, 0, 0, 0, 0, 0, 0, 0, 0]","[0, 0, 0, 0, 0, 0, 0, 0, 0, 0, 0, 0, 0, 0, 0]","[1, 0, 0, 0, 0, 0, 0, 0, 0, 0, 0, 0, 0, 0, 0]",0.4757,0.3278
StabilityConstants_06,The stability constant of [Fe(CN)?]?? is much larger than that of [Fe(H?O)?]?? because:,Fe?? is in a higher oxidation state in the cyanide complex.,CN? is a strong field ligand and forms low-spin complex with high CFSE.,The water complex is tetrahedral.,CN? forms stronger ? bonds.,Incorrect. Both contain Fe??.,"Correct. CN? is a strong field ?-acceptor ligand, leading to a large ?? and high CFSE for the low-spin d? configuration, increasing stability.",Incorrect. Both are octahedral.,Incorrect. ? bonding strength is not the only factor; ? back-bonding and CFSE are crucial.,Stability Constants of Complexes,"Crystal Field Stabilization Energy, Spectrochemical Series","[0.0, 0.0, 0.0, 0.0, 0.0, 0.0, 0.0, 0.0, 0.0, 0.0, 0.0, 0.0, 0.0, 0.0, 0.0, 0.0, 0.0, 0.0, 0.0, 0.0, 0.0, 0.0, 0.0, 0.0, 0.0, 0.0, 0.0, 0.0, 0.0, 0.0, 0.0, 0.0, 0.0, 0.0, 0.0, 0.0, 0.0, 0.0, 0.0, 0.0, 0.8, 0.0, 0.0, 1.0, 0.0, 0.0, 0.0, 0.0, 0.0, 1.2, 0.0, 0.0, 0.0, 0.0, 0.0, 0.0, 0.0, 0.0]",1.5,2,"[0, 0, 0, 0, 1, 0, 0, 0, 0, 0, 0, 0, 0, 0, 0]","[0, 0, 0, 0, 0, 0, 0, 0, 0, 0, 0, 0, 0, 0, 0]","[0, 0, 0, 0, 0, 0, 0, 0, 0, 0, 0, 0, 0, 0, 0]","[1, 0, 0, 0, 0, 0, 0, 0, 0, 0, 0, 0, 0, 0, 0]",0.8208,0.4264
StabilityConstants_07,The stepwise stability constants for the formation of [Cu(NH?)?]?? show a significant drop from K? to K? because:,The first three constants are always equal.,The fourth NH? adds with difficulty due to Jahn-Teller distortion and steric factors.,NH? is a weak field ligand.,The complex becomes diamagnetic after three NH?.,Incorrect. They are not equal.,"Correct. For Cu?? (d?), the Jahn-Teller effect causes the fourth ligand in the equatorial plane to be more weakly bound, and the axial ligands are even more labile. The stepwise constants reflect this.","Incorrect. NH? is intermediate field, but the drop is due to geometry and Jahn-Teller.",Incorrect. The complex remains paramagnetic.,Stability Constants of Complexes,Jahn-Teller Distortion,"[0.0, 0.0, 0.0, 0.0, 0.0, 0.0, 0.0, 0.0, 0.0, 0.0, 0.0, 0.0, 0.0, 0.0, 0.0, 0.0, 0.0, 0.0, 0.0, 0.0, 0.0, 0.0, 0.0, 0.0, 0.0, 0.0, 0.0, 0.0, 0.0, 0.0, 0.0, 0.0, 0.0, 0.0, 0.0, 0.0, 0.0, 0.0, 0.0, 0.0, 0.0, 0.0, 0.0, 0.0, 0.0, 1.0, 0.0, 0.0, 0.0, 1.2, 0.0, 0.0, 0.0, 0.0, 0.0, 0.0, 0.0, 0.0]",1.5,2,"[0, 0, 0, 0, 1, 0, 0, 0, 0, 0, 0, 0, 0, 0, 0]","[0, 0, 0, 0, 0, 0, 0, 0, 0, 0, 0, 0, 0, 0, 0]","[0, 0, 0, 0, 0, 0, 0, 0, 0, 0, 0, 0, 0, 0, 0]","[1, 0, 0, 0, 0, 0, 0, 0, 0, 0, 0, 0, 0, 0, 0]",0.6821,0.4574
StabilityConstants_08,The thermodynamic stability constant K_f is related to the Gibbs free energy by:,ΔH° = -RT ln K_f,ΔG° = -RT ln K_f,ΔS° = RT ln K_f,ΔG° = RT ln K_f,"Incorrect. That is the relationship for ΔG°, not ΔH°.","Correct. ΔG° = -RT ln K_f. A larger K_f corresponds to a more negative ΔG°, indicating greater stability.",Incorrect. ΔS° is not directly given by ln K_f.,Incorrect. The negative sign is important.,Stability Constants of Complexes,None (Foundation Concept),"[0.0, 0.0, 0.0, 0.0, 0.0, 0.0, 0.0, 0.0, 0.0, 0.0, 0.0, 0.0, 0.0, 0.0, 0.0, 0.0, 0.0, 0.0, 0.0, 0.0, 0.0, 0.0, 0.0, 0.0, 0.0, 0.0, 0.0, 0.0, 0.0, 0.0, 0.0, 0.0, 0.0, 0.0, 0.0, 0.0, 0.0, 0.0, 0.0, 0.0, 0.0, 0.0, 0.0, 0.0, 0.0, 0.0, 0.0, 0.0, 0.0, 1.2, 0.0, 0.0, 0.0, 0.0, 0.0, 0.0, 0.0, 0.0]",1.3,2,"[0, 0, 0, 0, 1, 0, 0, 0, 0, 0, 0, 0, 0, 0, 0]","[0, 0, 0, 0, 0, 0, 0, 0, 0, 0, 0, 0, 0, 0, 0]","[0, 0, 0, 0, 0, 0, 0, 0, 0, 0, 0, 0, 0, 0, 0]","[1, 0, 0, 0, 0, 0, 0, 0, 0, 0, 0, 0, 0, 0, 0]",0.4437,0.3002
StabilityConstants_09,Which of the following would increase the stability constant of a metal-ligand complex?,Decreasing the basicity of the ligand,Using a monodentate ligand instead of a chelating ligand,Increasing the size of the metal ion,Increasing the charge on the metal ion,Incorrect. More basic ligands (higher proton affinity) generally form more stable complexes.,Incorrect. Chelating ligands increase stability (chelate effect).,Incorrect. Larger size decreases charge density and stability.,"Correct. Higher charge on the metal ion increases electrostatic attraction and CFSE, leading to higher stability.",Stability Constants of Complexes,"Chelate Effect, Charge Density (Z/r) and Ionic Potential","[0.0, 0.0, 0.0, 0.0, 0.0, 0.8, 0.0, 0.0, 0.0, 0.0, 0.0, 0.0, 0.0, 0.0, 0.0, 0.0, 0.0, 0.0, 0.0, 0.0, 0.0, 0.0, 0.0, 0.0, 0.0, 0.0, 0.0, 0.0, 0.0, 0.0, 0.0, 0.0, 0.0, 0.0, 0.0, 0.0, 0.0, 0.0, 0.0, 0.0, 0.0, 0.0, 0.0, 0.0, 0.0, 0.0, 0.0, 0.0, 1.0, 1.2, 0.0, 0.0, 0.0, 0.0, 0.0, 0.0, 0.0, 0.0]",1.4,4,"[0, 0, 0, 0, 1, 0, 0, 0, 0, 0, 0, 0, 0, 0, 0]","[1, 0, 0, 0, 0, 0, 0, 0, 0, 0, 0, 0, 0, 0, 0]","[0, 0, 0, 0, 1, 0, 0, 0, 0, 0, 0, 0, 0, 0, 0]","[0, 0, 0, 0, 0, 0, 0, 0, 0, 0, 0, 0, 0, 0, 0]",0.7109,0.3002
StabilityConstants_10,The stability constant of a complex is usually expressed as a value at:,0?C and 1 atm,25?C and 1 M concentration,Room temperature and variable concentrations,High temperature and pressure,Incorrect. 0?C is not standard.,Correct. Stability constants are typically reported at 298 K (25?C) and ionic strength adjusted to 1 M (or infinite dilution).,Incorrect. Standard conditions are required for comparison.,Incorrect. High T usually reduces stability.,Stability Constants of Complexes,None (Foundation Concept),"[0.0, 0.0, 0.0, 0.0, 0.0, 0.0, 0.0, 0.0, 0.0, 0.0, 0.0, 0.0, 0.0, 0.0, 0.0, 0.0, 0.0, 0.0, 0.0, 0.0, 0.0, 0.0, 0.0, 0.0, 0.0, 0.0, 0.0, 0.0, 0.0, 0.0, 0.0, 0.0, 0.0, 0.0, 0.0, 0.0, 0.0, 0.0, 0.0, 0.0, 0.0, 0.0, 0.0, 0.0, 0.0, 0.0, 0.0, 0.0, 0.0, 1.0, 0.0, 0.0, 0.0, 0.0, 0.0, 0.0, 0.0, 0.0]",1.3,2,"[0, 0, 0, 0, 1, 0, 0, 0, 0, 0, 0, 0, 0, 0, 0]","[0, 0, 0, 0, 0, 0, 0, 0, 0, 0, 0, 0, 0, 0, 0]","[0, 0, 0, 0, 1, 0, 0, 0, 0, 0, 0, 0, 0, 0, 0]","[0, 0, 0, 0, 0, 0, 0, 0, 0, 0, 0, 0, 0, 0, 0]",0.4507,0.2921
LinkageIsom_01,What is linkage isomerism?,Isomerism arising from the exchange of ligands between the coordination sphere and outside.,Isomerism due to different spatial arrangements of ligands around the metal.,Isomerism due to the presence of a chiral center.,Isomerism arising from the possibility of a ligand coordinating through different donor atoms.,Incorrect. That describes ionization isomerism.,Incorrect. That describes geometric isomerism.,Incorrect. That describes optical isomerism.,"Correct. Linkage isomerism occurs when a ligand (e.g., NO??, SCN?) can bind through two different atoms, leading to distinct isomers.",Linkage Isomerism,Metal-Ligand Bonding (? and ? interactions in complexes),"[0.0, 0.0, 0.0, 0.0, 0.0, 0.0, 0.0, 0.0, 0.0, 0.0, 0.0, 0.0, 0.0, 0.0, 0.0, 0.0, 0.0, 0.0, 0.0, 0.0, 0.0, 0.0, 0.0, 0.0, 0.0, 0.0, 0.0, 0.0, 0.0, 0.0, 0.0, 0.0, 0.0, 0.0, 0.0, 0.0, 0.0, 0.0, 0.0, 0.0, 0.0, 0.0, 0.0, 0.0, 0.0, 0.0, 0.0, 0.0, 0.0, 0.0, 1.5, 0.0, 0.0, 0.0, 0.0, 0.0, 0.0, 0.5]",1.4,4,"[0, 0, 0, 0, 0, 0, 0, 0, 0, 0, 0, 0, 0, 1, 0]","[0, 0, 0, 0, 0, 0, 0, 1, 0, 0, 0, 0, 0, 0, 0]","[0, 0, 0, 0, 0, 0, 0, 0, 0, 0, 0, 0, 0, 0, 0]","[0, 0, 0, 0, 0, 0, 0, 0, 0, 0, 0, 0, 0, 0, 0]",0.4968,0.1507
LinkageIsom_02,Which of the following ligands can exhibit linkage isomerism?,NO??,H?O,NH?,CN?,"Correct. Nitrite ion (NO??) can bind through N (nitro) or through O (nitrito), giving linkage isomers.",Incorrect. H?O binds only through O.,"Incorrect. NH3 has only one type of donor atom (N) and cannot bind through an alternative atom, so it does not show linkage isomerism.","Incorrect. Although cyanide can occasionally coordinate through either atom, the classic and most commonly tested example of linkage isomerism is the nitrite ion, NO2-.",Linkage Isomerism,Metal-Ligand Bonding (? and ? interactions in complexes),"[0.0, 0.0, 0.0, 0.0, 0.0, 0.0, 0.0, 0.0, 0.0, 0.0, 0.0, 0.0, 0.0, 0.0, 0.0, 0.0, 0.0, 0.0, 0.0, 0.0, 0.0, 0.0, 0.0, 0.0, 0.0, 0.0, 0.0, 0.0, 0.0, 0.0, 0.0, 0.0, 0.0, 0.0, 0.0, 0.0, 0.0, 0.0, 0.0, 0.0, 0.0, 0.0, 0.0, 0.0, 0.0, 0.0, 0.0, 0.0, 0.0, 0.0, 1.0, 0.0, 0.0, 0.0, 0.0, 0.0, 0.0, 1.2]",1.3,1,"[0, 0, 0, 0, 0, 0, 0, 0, 0, 0, 0, 0, 0, 0, 0]","[0, 0, 0, 0, 0, 0, 0, 1, 0, 0, 0, 0, 0, 0, 0]","[0, 0, 0, 0, 0, 0, 0, 1, 0, 0, 0, 0, 0, 0, 0]","[0, 0, 0, 0, 0, 0, 0, 0, 0, 0, 0, 0, 0, 1, 0]",0.4535,0.2963
LinkageIsom_03,The complex [Co(NH?)?(NO?)]?? exhibits linkage isomerism. The two isomers are named:,Nitro and nitrato,Nitrato and nitrito,Amine and ammine,Nitro and nitrito,Incorrect. Nitrato is not the correct name for O-bonded nitrite.,Incorrect. Nitrato refers to NO??.,Incorrect. Amine/ammine refer to NH? ligands.,"Correct. When NO?? binds through N, it is called nitro; when through O, it is called nitrito.",Linkage Isomerism,Metal-Ligand Bonding (? and ? interactions in complexes),"[0.0, 0.0, 0.0, 0.0, 0.0, 0.0, 0.0, 0.0, 0.0, 0.0, 0.0, 0.0, 0.0, 0.0, 0.0, 0.0, 0.0, 0.0, 0.0, 0.0, 0.0, 0.0, 0.0, 0.0, 0.0, 0.0, 0.0, 0.0, 0.0, 0.0, 0.0, 0.0, 0.0, 0.0, 0.0, 0.0, 0.0, 0.0, 0.0, 0.0, 0.0, 0.0, 0.0, 0.0, 0.0, 0.0, 0.0, 0.0, 0.0, 0.0, 1.0, 0.0, 0.0, 0.0, 0.0, 0.0, 0.0, 1.2]",1.3,4,"[0, 0, 0, 0, 0, 0, 0, 0, 0, 0, 0, 0, 0, 1, 0]","[0, 0, 0, 0, 0, 0, 0, 1, 0, 0, 0, 0, 0, 0, 0]","[0, 0, 0, 0, 0, 0, 0, 1, 0, 0, 0, 0, 0, 0, 0]","[0, 0, 0, 0, 0, 0, 0, 0, 0, 0, 0, 0, 0, 0, 0]",0.4536,0.4297
LinkageIsom_04,Which of the following pairs represents linkage isomers?,[Co(NH?)?Cl]?? and [Co(NH?)?Cl]?? (same),[Co(NH?)?(NO?)]?? and [Co(NH?)?(ONO)]??,[Co(NH?)?]?? and [Co(NH?)?Cl]??,[Pt(NH?)?Cl?] and [Pt(NH?)?Cl?],Incorrect. That's the same complex.,Correct. The two differ in the point of attachment of NO?? (N vs O).,Incorrect. These are different complexes (different ligands).,"Incorrect. This is a geometric isomer pair (cis/trans), not linkage.",Linkage Isomerism,Metal-Ligand Bonding (? and ? interactions in complexes),"[0.0, 0.0, 0.0, 0.0, 0.0, 0.0, 0.0, 0.0, 0.0, 0.0, 0.0, 0.0, 0.0, 0.0, 0.0, 0.0, 0.0, 0.0, 0.0, 0.0, 0.0, 0.0, 0.0, 0.0, 0.0, 0.0, 0.0, 0.0, 0.0, 0.0, 0.0, 0.0, 0.0, 0.0, 0.0, 0.0, 0.0, 0.0, 0.0, 0.0, 0.0, 0.0, 0.0, 0.0, 0.0, 0.0, 0.0, 0.0, 0.0, 0.0, 1.0, 0.0, 0.0, 0.0, 0.0, 0.0, 0.0, 1.2]",1.3,2,"[0, 0, 0, 0, 0, 0, 0, 0, 0, 0, 0, 0, 0, 1, 0]","[0, 0, 0, 0, 0, 0, 0, 0, 0, 0, 0, 0, 0, 0, 0]","[0, 0, 0, 0, 0, 0, 0, 1, 0, 0, 0, 0, 0, 0, 0]","[0, 0, 0, 0, 0, 0, 0, 0, 0, 0, 0, 0, 0, 1, 0]",0.4551,0.2918
LinkageIsom_05,"In the complex [Pd(SCN)?]??, the SCN? ligand can bind through S (thiocyanato) or through N (isothiocyanato). This type of isomerism is:",Geometric isomerism,Optical isomerism,Coordination isomerism,Linkage isomerism,"Incorrect. Geometric isomerism involves spatial arrangement, not donor atom.",Incorrect. Optical isomerism involves chirality.,Incorrect. Coordination isomerism involves exchange of ligands between cation and anion.,Correct. SCN? is an ambidentate ligand capable of linkage isomerism.,Linkage Isomerism,Metal-Ligand Bonding (? and ? interactions in complexes),"[0.0, 0.0, 0.0, 0.0, 0.0, 0.0, 0.0, 0.0, 0.0, 0.0, 0.0, 0.0, 0.0, 0.0, 0.0, 0.0, 0.0, 0.0, 0.0, 0.0, 0.0, 0.0, 0.0, 0.0, 0.0, 0.0, 0.0, 0.0, 0.0, 0.0, 0.0, 0.0, 0.0, 0.0, 0.0, 0.0, 0.0, 0.0, 0.0, 0.0, 0.0, 0.0, 0.0, 0.0, 0.0, 0.0, 0.0, 0.0, 0.0, 0.0, 1.2, 0.0, 0.0, 0.0, 0.0, 0.0, 0.0, 1.0]",1.4,4,"[0, 0, 0, 0, 0, 0, 0, 0, 0, 0, 0, 0, 0, 1, 0]","[0, 0, 0, 0, 0, 0, 0, 1, 0, 0, 0, 0, 0, 0, 0]","[0, 0, 0, 0, 0, 0, 0, 1, 0, 0, 0, 0, 0, 0, 0]","[0, 0, 0, 0, 0, 0, 0, 0, 0, 0, 0, 0, 0, 0, 0]",0.4524,0.4512
LinkageIsom_06,Linkage isomerism is possible when:,The ligand has two or more different donor atoms.,The ligand is polydentate with identical donor atoms.,The ligand is monodentate with a single donor atom.,The ligand is bidentate but symmetric.,"Correct. Ambidentate ligands (e.g., NO??, SCN?, CN?) have at least two different potential donor atoms, allowing linkage isomers.",Incorrect. Identical donors do not give linkage isomers.,"Incorrect. Only one donor atom, no choice.",Incorrect. Symmetric bidentate like en does not give linkage isomers.,Linkage Isomerism,Metal-Ligand Bonding (? and ? interactions in complexes),"[0.0, 0.0, 0.0, 0.0, 0.0, 0.0, 0.0, 0.0, 0.0, 0.0, 0.0, 0.0, 0.0, 0.0, 0.0, 0.0, 0.0, 0.0, 0.0, 0.0, 0.0, 0.0, 0.0, 0.0, 0.0, 0.0, 0.0, 0.0, 0.0, 0.0, 0.0, 0.0, 0.0, 0.0, 0.0, 0.0, 0.0, 0.0, 0.0, 0.0, 0.0, 0.0, 0.0, 0.0, 0.0, 0.0, 0.0, 0.0, 0.0, 0.0, 1.2, 0.0, 0.0, 0.0, 0.0, 0.0, 0.0, 1.0]",1.3,1,"[0, 0, 0, 0, 0, 0, 0, 0, 0, 0, 0, 0, 0, 0, 0]","[0, 0, 0, 0, 0, 0, 0, 1, 0, 0, 0, 0, 0, 0, 0]","[0, 0, 0, 0, 0, 0, 0, 1, 0, 0, 0, 0, 0, 0, 0]","[0, 0, 0, 0, 0, 0, 0, 0, 0, 0, 0, 0, 0, 1, 0]",0.494,0.2771
LinkageIsom_07,The infrared spectrum of a linkage isomer of [Co(NH?)?(NO?)]?? shows a band at 1060 cm?? (for O-bonded) vs 1430 cm?? (for N-bonded). This difference is due to:,Different geometries of the complex.,Different oxidation states of cobalt.,Different counter ions.,Different bond orders and symmetry in the NO? group when coordinated through different atoms.,Incorrect. Both isomers have octahedral geometry.,Incorrect. Cobalt is +3 in both.,Incorrect. Counter ions can vary but the isomerism is inherent.,"Correct. The N?O stretching frequencies differ significantly depending on whether the nitrite is N-bonded (nitro) or O-bonded (nitrito), allowing distinction by IR.",Linkage Isomerism,Metal-Ligand Bonding (? and ? interactions in complexes),"[0.0, 0.0, 0.0, 0.0, 0.0, 0.0, 0.0, 0.0, 0.0, 0.0, 0.0, 0.0, 0.0, 0.0, 0.0, 0.0, 0.0, 0.0, 0.0, 0.0, 0.0, 0.0, 0.0, 0.0, 0.0, 0.0, 0.0, 0.0, 0.0, 0.0, 0.0, 0.0, 0.0, 0.0, 0.0, 0.0, 0.0, 0.0, 0.0, 0.0, 0.0, 0.0, 0.0, 0.0, 0.0, 0.0, 0.0, 0.0, 0.0, 0.0, 1.2, 0.0, 0.0, 0.0, 0.0, 0.0, 0.0, 1.0]",1.5,4,"[0, 0, 0, 0, 0, 0, 0, 0, 0, 0, 0, 0, 0, 1, 0]","[0, 0, 0, 0, 0, 0, 0, 0, 0, 0, 0, 0, 0, 0, 0]","[0, 0, 0, 0, 0, 0, 0, 1, 0, 0, 0, 0, 0, 0, 0]","[0, 0, 0, 0, 0, 0, 0, 0, 0, 0, 0, 0, 0, 0, 0]",0.5065,0.5039
LinkageIsom_08,Which of the following ligands is most likely to exhibit linkage isomerism?,CO???,Cl?,NO??,SCN?,"Incorrect. CO??? is bidentate through O, but not ambidentate in the same sense; it can be monodentate or bidentate, but not linkage isomers with different donor atoms.",Incorrect. Cl? has only one donor atom.,"Incorrect. NO?? can bind through O, but usually only monodentate or bidentate; not classic linkage.",Correct. SCN? can bind through S (thiocyanato) or through N (isothiocyanato).,Linkage Isomerism,Metal-Ligand Bonding (? and ? interactions in complexes),"[0.0, 0.0, 0.0, 0.0, 0.0, 0.0, 0.0, 0.0, 0.0, 0.0, 0.0, 0.0, 0.0, 0.0, 0.0, 0.0, 0.0, 0.0, 0.0, 0.0, 0.0, 0.0, 0.0, 0.0, 0.0, 0.0, 0.0, 0.0, 0.0, 0.0, 0.0, 0.0, 0.0, 0.0, 0.0, 0.0, 0.0, 0.0, 0.0, 0.0, 0.0, 0.0, 0.0, 0.0, 0.0, 0.0, 0.0, 0.0, 0.0, 0.0, 1.0, 0.0, 0.0, 0.0, 0.0, 0.0, 0.0, 1.2]",1.3,4,"[0, 0, 0, 0, 0, 0, 0, 0, 0, 0, 0, 0, 0, 1, 0]","[0, 0, 0, 0, 0, 0, 0, 1, 0, 0, 0, 0, 0, 0, 0]","[0, 0, 0, 0, 0, 0, 0, 1, 0, 0, 0, 0, 0, 0, 0]","[0, 0, 0, 0, 0, 0, 0, 0, 0, 0, 0, 0, 0, 0, 0]",0.6755,0.293
LinkageIsom_09,The square planar complex [Pt(SCN)2(NH3)2] can exhibit both geometric and linkage isomerism. The total number of possible isomers is:,5,6,4,8,Incorrect. The total combinations of geometric and linkage isomers yield an even number.,"Correct. The SCN ligands can be S,S or N,N or S,N. Each of these 3 linkage pairs can exist as both cis and trans geometric isomers, yielding 3 x 2 = 6 total isomers.",Incorrect. This count misses the combinations where one ligand is S-bound and the other is N-bound.,"Incorrect. This overcounts the possible distinct geometric combinations for the S,N arrangement.",Linkage Isomerism,Geometric Isomerism in Coordination Compounds,"[0.0, 0.0, 0.0, 0.0, 0.0, 0.0, 0.0, 0.0, 0.0, 0.0, 0.0, 0.0, 0.0, 0.0, 0.0, 0.0, 0.0, 0.0, 0.0, 0.0, 0.0, 0.0, 0.0, 0.0, 0.0, 0.0, 0.0, 0.0, 0.0, 0.0, 0.0, 0.0, 0.0, 0.0, 0.0, 0.0, 0.0, 0.0, 0.0, 0.0, 0.0, 0.0, 0.0, 0.0, 0.0, 0.0, 0.0, 0.0, 0.0, 0.0, 1.5, 1.0, 0.0, 0.0, 0.0, 0.0, 0.0, 0.0]",1.5,2,"[0, 0, 0, 0, 0, 0, 0, 0, 0, 0, 0, 0, 0, 1, 0]","[0, 0, 0, 0, 0, 0, 0, 0, 0, 0, 0, 0, 0, 0, 0]","[0, 0, 0, 0, 0, 0, 0, 1, 0, 0, 0, 0, 0, 0, 0]","[0, 0, 0, 0, 0, 0, 0, 0, 0, 0, 0, 0, 0, 0, 0]",0.4505,0.411
LinkageIsom_10,The term ?ambidentate ligand? refers to:,A ligand that binds through two atoms simultaneously.,A ligand that can bind through two different donor atoms.,A ligand that can change its denticity.,A ligand that forms a chelate ring.,Incorrect. That describes a bidentate ligand.,Correct. Ambidentate ligands have two different potential donor atoms and can exhibit linkage isomerism.,Incorrect. Denticity change is not the definition.,Incorrect. That describes chelating ligands.,Linkage Isomerism,Metal-Ligand Bonding (? and ? interactions in complexes),"[0.0, 0.0, 0.0, 0.0, 0.0, 0.0, 0.0, 0.0, 0.0, 0.0, 0.0, 0.0, 0.0, 0.0, 0.0, 0.0, 0.0, 0.0, 0.0, 0.0, 0.0, 0.0, 0.0, 0.0, 0.0, 0.0, 0.0, 0.0, 0.0, 0.0, 0.0, 0.0, 0.0, 0.0, 0.0, 0.0, 0.0, 0.0, 0.0, 0.0, 0.0, 0.0, 0.0, 0.0, 0.0, 0.0, 0.0, 0.0, 0.0, 0.0, 1.2, 0.0, 0.0, 0.0, 0.0, 0.0, 0.0, 1.0]",1.3,2,"[0, 0, 0, 0, 0, 0, 0, 0, 0, 0, 0, 0, 0, 0, 0]","[0, 0, 0, 0, 0, 0, 0, 0, 0, 0, 0, 0, 0, 0, 0]","[0, 0, 0, 0, 0, 0, 0, 1, 0, 0, 0, 0, 0, 0, 0]","[0, 0, 0, 0, 0, 0, 0, 0, 0, 0, 0, 0, 0, 1, 0]",0.4553,0.3655
GeometricIsom_01,What is geometric isomerism in coordination compounds?,Isomerism due to the use of different donor atoms by a ligand.,Isomerism arising from the presence of a chiral center.,Isomerism due to the exchange of ligands between coordination sphere and outside.,"Isomerism resulting from different spatial arrangements of ligands around the metal center, without changing the connectivity.",Incorrect. That describes linkage isomerism.,Incorrect. That describes optical isomerism.,Incorrect. That describes ionization isomerism.,"Correct. Geometric isomerism (cis/trans, fac/mer) arises from different relative positions of ligands in the coordination sphere.",Geometric Isomerism in Coordination Compounds,Coordination Number and Geometry Relationships,"[0.0, 0.0, 0.0, 0.0, 0.0, 0.0, 0.0, 0.0, 0.0, 0.0, 0.0, 0.0, 0.0, 0.0, 0.0, 0.0, 0.0, 0.0, 0.0, 0.0, 0.0, 0.0, 0.0, 0.0, 0.0, 0.0, 0.0, 0.0, 0.0, 0.0, 0.0, 0.0, 0.0, 0.0, 0.0, 0.0, 0.0, 0.0, 0.0, 0.0, 0.0, 0.0, 0.0, 0.0, 0.0, 0.0, 0.0, 0.0, 0.0, 0.0, 0.0, 1.5, 0.0, 0.0, 0.0, 0.5, 0.0, 0.0]",1.3,4,"[0, 0, 0, 0, 0, 0, 0, 0, 1, 0, 0, 0, 0, 0, 0]","[1, 0, 0, 0, 0, 0, 0, 0, 0, 0, 0, 0, 0, 0, 0]","[0, 0, 0, 0, 0, 0, 0, 0, 0, 0, 0, 0, 0, 0, 0]","[0, 0, 0, 0, 0, 0, 0, 0, 0, 0, 0, 0, 0, 0, 0]",0.4776,0.1594
GeometricIsom_02,"For a square planar complex of the type [MA?B?], how many geometric isomers are possible?",2,0,1,3,Incorrect. There are two.,Incorrect.,Correct. Two isomers: cis (like ligands adjacent) and trans (like ligands opposite).,Incorrect.,Geometric Isomerism in Coordination Compounds,Coordination Number and Geometry Relationships,"[0.0, 0.0, 0.0, 0.0, 0.0, 0.0, 0.0, 0.0, 0.0, 0.0, 0.0, 0.0, 0.0, 0.0, 0.0, 0.0, 0.0, 0.0, 0.0, 0.0, 0.0, 0.0, 0.0, 0.0, 0.0, 0.0, 0.0, 0.0, 0.0, 0.0, 0.0, 0.0, 0.0, 0.0, 0.0, 0.0, 0.0, 0.0, 0.0, 0.0, 0.0, 0.0, 0.0, 0.0, 0.0, 0.0, 0.0, 0.0, 0.0, 0.0, 0.0, 1.0, 0.0, 0.0, 0.0, 1.2, 0.0, 0.0]",1.2,3,"[0, 0, 0, 0, 0, 0, 0, 0, 1, 0, 0, 0, 0, 0, 0]","[1, 0, 0, 0, 0, 0, 0, 0, 0, 0, 0, 0, 0, 0, 0]","[0, 0, 0, 0, 0, 0, 0, 0, 0, 0, 0, 0, 0, 0, 0]","[0, 0, 1, 0, 0, 0, 0, 0, 0, 0, 0, 0, 0, 0, 0]",0.4565,0.355
GeometricIsom_03,The complex [Pt(NH?)?Cl?] exists as cis and trans isomers. Which statement about these isomers is correct?,Both isomers are used as drugs.,Neither isomer has any medical use.,The trans isomer is used as an anticancer drug.,The cis isomer is more stable and used in cancer therapy (cisplatin).,Incorrect.,Incorrect.,Incorrect. Transplatin is not used therapeutically.,Correct. Cisplatin (cis isomer) is a well-known anticancer drug; trans isomer is not effective.,Geometric Isomerism in Coordination Compounds,Coordination Number and Geometry Relationships,"[0.0, 0.0, 0.0, 0.0, 0.0, 0.0, 0.0, 0.0, 0.0, 0.0, 0.0, 0.0, 0.0, 0.0, 0.0, 0.0, 0.0, 0.0, 0.0, 0.0, 0.0, 0.0, 0.0, 0.0, 0.0, 0.0, 0.0, 0.0, 0.0, 0.0, 0.0, 0.0, 0.0, 0.0, 0.0, 0.0, 0.0, 0.0, 0.0, 0.0, 0.0, 0.0, 0.0, 0.0, 0.0, 0.0, 0.0, 0.0, 0.0, 0.0, 0.0, 1.0, 0.0, 0.0, 0.0, 1.0, 0.0, 0.0]",1.3,4,"[0, 0, 0, 0, 0, 0, 0, 0, 1, 0, 0, 0, 0, 0, 0]","[1, 0, 0, 0, 0, 0, 0, 0, 0, 0, 0, 0, 0, 0, 0]","[0, 0, 0, 0, 0, 0, 1, 0, 0, 0, 0, 0, 0, 0, 0]","[0, 0, 0, 0, 0, 0, 0, 0, 0, 0, 0, 0, 0, 0, 0]",0.491,0.4386
GeometricIsom_04,An octahedral complex of the type [MA?B?] can exhibit:,Optical isomers only,Fac and mer isomers,Cis and trans isomers,Linkage isomers,"Incorrect. Optical activity may occur in some cases, but geometric isomerism is primary.","Correct. In octahedral [MA?B?], the three A ligands can occupy one face (fac) or a meridian (mer), giving two geometric isomers.",Incorrect. Cis/trans is for [MA?B?] or square planar.,Incorrect. That is a different type.,Geometric Isomerism in Coordination Compounds,Coordination Number and Geometry Relationships,"[0.0, 0.0, 0.0, 0.0, 0.0, 0.0, 0.0, 0.0, 0.0, 0.0, 0.0, 0.0, 0.0, 0.0, 0.0, 0.0, 0.0, 0.0, 0.0, 0.0, 0.0, 0.0, 0.0, 0.0, 0.0, 0.0, 0.0, 0.0, 0.0, 0.0, 0.0, 0.0, 0.0, 0.0, 0.0, 0.0, 0.0, 0.0, 0.0, 0.0, 0.0, 0.0, 0.0, 0.0, 0.0, 0.0, 0.0, 0.0, 0.0, 0.0, 0.0, 1.2, 0.0, 0.0, 0.0, 1.0, 0.0, 0.0]",1.4,2,"[0, 0, 0, 0, 0, 0, 0, 0, 0, 0, 0, 0, 0, 0, 0]","[0, 0, 0, 0, 0, 0, 0, 0, 0, 0, 0, 0, 0, 0, 0]","[0, 0, 0, 0, 0, 0, 1, 0, 0, 0, 0, 0, 0, 0, 0]","[0, 0, 1, 0, 0, 0, 0, 0, 0, 0, 0, 0, 0, 0, 0]",0.6856,0.3673
GeometricIsom_05,Which of the following complexes can show geometric isomerism?,[Pt(NH?)?Cl?] (square planar),[Fe(CO)?] (trigonal bipyramidal),[Zn(NH?)?]?? (tetrahedral),[Co(NH?)?]?? (octahedral),Correct. Square planar [MA?B?] can have cis/trans isomers.,"Incorrect. Trigonal bipyramidal can show geometric isomerism but with different ligands; [Fe(CO)?] has all CO, so no.",Incorrect. Tetrahedral complexes with all identical ligands cannot show geometric isomerism.,Incorrect. All ligands are identical; no geometric isomerism.,Geometric Isomerism in Coordination Compounds,Coordination Number and Geometry Relationships,"[0.0, 0.0, 0.0, 0.0, 0.0, 0.0, 0.0, 0.0, 0.0, 0.0, 0.0, 0.0, 0.0, 0.0, 0.0, 0.0, 0.0, 0.0, 0.0, 0.0, 0.0, 0.0, 0.0, 0.0, 0.0, 0.0, 0.0, 0.0, 0.0, 0.0, 0.0, 0.0, 0.0, 0.0, 0.0, 0.0, 0.0, 0.0, 0.0, 0.0, 0.0, 0.0, 0.0, 0.0, 0.0, 0.0, 0.0, 0.0, 0.0, 0.0, 0.0, 1.0, 0.0, 0.0, 0.0, 1.2, 0.0, 0.0]",1.3,1,"[0, 0, 0, 0, 0, 0, 0, 0, 0, 0, 0, 0, 0, 0, 0]","[1, 0, 0, 0, 0, 0, 0, 0, 0, 0, 0, 0, 0, 0, 0]","[0, 0, 0, 0, 0, 0, 1, 0, 0, 0, 0, 0, 0, 0, 0]","[0, 0, 1, 0, 0, 0, 0, 0, 0, 0, 0, 0, 0, 0, 0]",0.4483,0.2777
GeometricIsom_06,"In an octahedral complex of the type [MA?B?], the possible geometric isomers are:",Fac and mer,Only cis,Cis and trans,Only trans,Incorrect. Fac/mer applies to [MA?B?].,Incorrect. Both isomers are possible.,Correct. [MA?B?] can exist as cis (B ligands adjacent) and trans (B ligands opposite).,Incorrect.,Geometric Isomerism in Coordination Compounds,Coordination Number and Geometry Relationships,"[0.0, 0.0, 0.0, 0.0, 0.0, 0.0, 0.0, 0.0, 0.0, 0.0, 0.0, 0.0, 0.0, 0.0, 0.0, 0.0, 0.0, 0.0, 0.0, 0.0, 0.0, 0.0, 0.0, 0.0, 0.0, 0.0, 0.0, 0.0, 0.0, 0.0, 0.0, 0.0, 0.0, 0.0, 0.0, 0.0, 0.0, 0.0, 0.0, 0.0, 0.0, 0.0, 0.0, 0.0, 0.0, 0.0, 0.0, 0.0, 0.0, 0.0, 0.0, 1.0, 0.0, 0.0, 0.0, 1.2, 0.0, 0.0]",1.3,3,"[0, 0, 0, 0, 0, 0, 0, 0, 1, 0, 0, 0, 0, 0, 0]","[1, 0, 0, 0, 0, 0, 0, 0, 0, 0, 0, 0, 0, 0, 0]","[0, 0, 0, 0, 0, 0, 0, 0, 0, 0, 0, 0, 0, 0, 0]","[0, 0, 1, 0, 0, 0, 0, 0, 0, 0, 0, 0, 0, 0, 0]",0.4811,0.3655
GeometricIsom_07,Which of the following is an example of a fac isomer?,[Co(NH?)?Cl?] with Cl atoms adjacent.,[Cr(en)?]??,[Co(NH?)?Cl?] with three Cl atoms on one triangular face of the octahedron.,[Pt(NH?)?Cl?] with Cl atoms adjacent.,"Incorrect. That is cis, but for [MA?B?], it's cis/trans, not fac/mer.","Incorrect. This complex is chiral, not geometric isomer.",Correct. Fac (facial) isomer has three identical ligands occupying the vertices of one face of the octahedron.,"Incorrect. That is cis, not fac.",Geometric Isomerism in Coordination Compounds,Coordination Number and Geometry Relationships,"[0.0, 0.0, 0.0, 0.0, 0.0, 0.0, 0.0, 0.0, 0.0, 0.0, 0.0, 0.0, 0.0, 0.0, 0.0, 0.0, 0.0, 0.0, 0.0, 0.0, 0.0, 0.0, 0.0, 0.0, 0.0, 0.0, 0.0, 0.0, 0.0, 0.0, 0.0, 0.0, 0.0, 0.0, 0.0, 0.0, 0.0, 0.0, 0.0, 0.0, 0.0, 0.0, 0.0, 0.0, 0.0, 0.0, 0.0, 0.0, 0.0, 0.0, 0.0, 1.2, 0.0, 0.0, 0.0, 1.0, 0.0, 0.0]",1.4,3,"[0, 0, 0, 0, 0, 0, 0, 0, 1, 0, 0, 0, 0, 0, 0]","[1, 0, 0, 0, 0, 0, 0, 0, 0, 0, 0, 0, 0, 0, 0]","[0, 0, 0, 0, 0, 0, 0, 0, 0, 0, 0, 0, 0, 0, 0]","[0, 0, 0, 0, 0, 0, 0, 0, 0, 0, 0, 0, 0, 0, 0]",0.443,0.2849
GeometricIsom_08,Which of the following complexes does NOT exhibit geometric isomerism?,[Pt(NH?)?Cl?],[Co(NH?)?Cl?]?,[Co(NH?)?Cl?],[Co(NH?)?Cl]??,Incorrect. Square planar [MA?B?] exhibits cis/trans.,Incorrect. Octahedral [MA?B?] exhibits cis/trans.,Incorrect. [MA?B?] exhibits fac/mer.,Correct. [MA?B] type has only one arrangement; no geometric isomers.,Geometric Isomerism in Coordination Compounds,Coordination Number and Geometry Relationships,"[0.0, 0.0, 0.0, 0.0, 0.0, 0.0, 0.0, 0.0, 0.0, 0.0, 0.0, 0.0, 0.0, 0.0, 0.0, 0.0, 0.0, 0.0, 0.0, 0.0, 0.0, 0.0, 0.0, 0.0, 0.0, 0.0, 0.0, 0.0, 0.0, 0.0, 0.0, 0.0, 0.0, 0.0, 0.0, 0.0, 0.0, 0.0, 0.0, 0.0, 0.0, 0.0, 0.0, 0.0, 0.0, 0.0, 0.0, 0.0, 0.0, 0.0, 0.0, 1.0, 0.0, 0.0, 0.0, 1.2, 0.0, 0.0]",1.3,4,"[0, 0, 0, 0, 0, 0, 0, 0, 1, 0, 0, 0, 0, 0, 0]","[1, 0, 0, 0, 0, 0, 0, 0, 0, 0, 0, 0, 0, 0, 0]","[0, 0, 0, 0, 0, 0, 1, 0, 0, 0, 0, 0, 0, 0, 0]","[0, 0, 0, 0, 0, 0, 0, 0, 0, 0, 0, 0, 0, 0, 0]",0.4643,0.4184
GeometricIsom_09,The cis and trans isomers of [Pt(NH?)?Cl?] can be distinguished by:,Their magnetic properties (both are diamagnetic).,Their color (both are colorless).,Their solubility in water (both are insoluble).,"Their dipole moments (cis has a net dipole, trans has zero dipole).","Incorrect. Both are diamagnetic (Pt??, d?, square planar).","Incorrect. Both are yellow, but dipole moment is the key.","Incorrect. Solubility differs, but dipole moment is a more direct distinction.",Correct. The cis isomer has a net dipole moment; trans isomer is nonpolar due to symmetry.,Geometric Isomerism in Coordination Compounds,Dipole Moment and Molecular Polarity,"[0.0, 0.0, 0.0, 0.0, 0.0, 0.0, 0.0, 0.0, 0.0, 0.0, 0.0, 0.0, 0.0, 0.0, 1.0, 0.0, 0.0, 0.0, 0.0, 0.0, 0.0, 0.0, 0.0, 0.0, 0.0, 0.0, 0.0, 0.0, 0.0, 0.0, 0.0, 0.0, 0.0, 0.0, 0.0, 0.0, 0.0, 0.0, 0.0, 0.0, 0.0, 0.0, 0.0, 0.0, 0.0, 0.0, 0.0, 0.0, 0.0, 0.0, 0.0, 1.2, 0.0, 0.0, 0.0, 0.0, 0.0, 0.0]",1.4,4,"[0, 0, 0, 0, 0, 0, 0, 0, 1, 0, 0, 0, 0, 0, 0]","[1, 0, 0, 0, 0, 0, 0, 0, 0, 0, 0, 0, 0, 0, 0]","[0, 0, 0, 0, 0, 0, 0, 0, 0, 0, 0, 0, 0, 0, 0]","[0, 0, 0, 0, 0, 0, 0, 0, 0, 0, 0, 0, 0, 0, 0]",0.6173,0.4363
GeometricIsom_10,"In octahedral complexes, the mer (meridional) isomer is defined as:",Two identical ligands adjacent to each other.,Three identical ligands occupying one face.,All ligands in a straight line.,Three identical ligands occupying positions around the meridian of the octahedron.,Incorrect. That describes cis for [MA?B?].,Incorrect. That describes fac isomer.,Incorrect.,"Correct. In mer isomer, the three identical ligands are arranged in a T-shaped pattern around the metal, lying in a plane that contains the metal and forms a meridian.",Geometric Isomerism in Coordination Compounds,Coordination Number and Geometry Relationships,"[0.0, 0.0, 0.0, 0.0, 0.0, 0.0, 0.0, 0.0, 0.0, 0.0, 0.0, 0.0, 0.0, 0.0, 0.0, 0.0, 0.0, 0.0, 0.0, 0.0, 0.0, 0.0, 0.0, 0.0, 0.0, 0.0, 0.0, 0.0, 0.0, 0.0, 0.0, 0.0, 0.0, 0.0, 0.0, 0.0, 0.0, 0.0, 0.0, 0.0, 0.0, 0.0, 0.0, 0.0, 0.0, 0.0, 0.0, 0.0, 0.0, 0.0, 0.0, 1.2, 0.0, 0.0, 0.0, 1.0, 0.0, 0.0]",1.4,4,"[0, 0, 0, 0, 0, 0, 0, 0, 1, 0, 0, 0, 0, 0, 0]","[1, 0, 0, 0, 0, 0, 0, 0, 0, 0, 0, 0, 0, 0, 0]","[0, 0, 0, 0, 0, 0, 1, 0, 0, 0, 0, 0, 0, 0, 0]","[0, 0, 0, 0, 0, 0, 0, 0, 0, 0, 0, 0, 0, 0, 0]",0.4788,0.3125
OpticalIsom_01,What is optical isomerism?,Isomerism due to different donor atoms.,Isomerism where two isomers are non-superimposable mirror images (enantiomers).,Isomerism due to exchange of ligands between coordination sphere and outside.,Isomerism due to different spatial arrangements of ligands (cis/trans).,Incorrect. That describes linkage isomerism.,Correct. Optical isomers (enantiomers) rotate plane-polarized light in opposite directions and are non-superimposable mirror images.,Incorrect. That describes ionization isomerism.,Incorrect. That describes geometric isomerism.,Optical Isomerism in Coordination Compounds,Coordination Number and Geometry Relationships,"[0.0, 0.0, 0.0, 0.0, 0.0, 0.0, 0.0, 0.0, 0.0, 0.0, 0.0, 0.0, 0.0, 0.0, 0.0, 0.0, 0.0, 0.0, 0.0, 0.0, 0.0, 0.0, 0.0, 0.0, 0.0, 0.0, 0.0, 0.0, 0.0, 0.0, 0.0, 0.0, 0.0, 0.0, 0.0, 0.0, 0.0, 0.0, 0.0, 0.0, 0.0, 0.0, 0.0, 0.0, 0.0, 0.0, 0.0, 0.0, 0.0, 0.0, 0.0, 0.0, 1.5, 0.0, 0.0, 0.5, 0.0, 0.0]",1.4,2,"[0, 0, 0, 0, 0, 0, 0, 0, 0, 0, 0, 0, 0, 0, 0]","[0, 0, 0, 0, 0, 0, 0, 0, 0, 0, 0, 0, 0, 0, 0]","[0, 0, 0, 0, 0, 0, 0, 1, 0, 0, 0, 0, 0, 0, 0]","[0, 0, 0, 0, 0, 0, 0, 0, 0, 0, 1, 0, 0, 0, 0]",0.4552,0.1474
OpticalIsom_02,A complex is optically active if it:,Is non-superimposable on its mirror image (lacks a plane of symmetry).,Has a center of symmetry.,Contains only monodentate ligands.,Has a plane of symmetry.,Correct. Chirality (lack of improper rotation axis) leads to optical activity.,Incorrect. A center of symmetry also indicates achirality.,"Incorrect. Monodentate ligands can form chiral complexes (e.g., [Co(en)?]?? uses bidentate, but monodentate ligands can also give chirality if arranged appropriately, e.g., [Ru(bpy)?]??). The statement is false.",Incorrect. A plane of symmetry makes the complex achiral.,Optical Isomerism in Coordination Compounds,Coordination Number and Geometry Relationships,"[0.0, 0.0, 0.0, 0.0, 0.0, 0.0, 0.0, 0.0, 0.0, 0.0, 0.0, 0.0, 0.0, 0.0, 0.0, 0.0, 0.0, 0.0, 0.0, 0.0, 0.0, 0.0, 0.0, 0.0, 0.0, 0.0, 0.0, 0.0, 0.0, 0.0, 0.0, 0.0, 0.0, 0.0, 0.0, 0.0, 0.0, 0.0, 0.0, 0.0, 0.0, 0.0, 0.0, 0.0, 0.0, 0.0, 0.0, 0.0, 0.0, 0.0, 0.0, 0.0, 1.2, 0.0, 0.0, 1.0, 0.0, 0.0]",1.5,1,"[0, 0, 0, 0, 0, 0, 0, 0, 0, 0, 0, 0, 0, 0, 0]","[0, 0, 0, 0, 0, 0, 0, 0, 0, 0, 0, 0, 0, 0, 0]","[0, 0, 0, 0, 0, 0, 0, 1, 0, 0, 0, 0, 0, 0, 0]","[0, 0, 0, 0, 0, 0, 0, 0, 0, 0, 1, 0, 0, 0, 0]",0.4516,0.2936
OpticalIsom_03,Which of the following complexes is optically active?,[Co(en)?]?? (en = ethylenediamine),[Co(NH?)?]??,[Pt(NH?)?Cl?] (trans),[Pt(NH?)?Cl?] (cis),Correct. The tris(ethylenediamine) complex is chiral; it exists as a pair of enantiomers.,Incorrect. Octahedral with all identical ligands is achiral.,Incorrect. Trans isomer also has plane of symmetry; achiral.,Incorrect. Square planar cis isomer has a plane of symmetry; achiral.,Optical Isomerism in Coordination Compounds,Coordination Number and Geometry Relationships,"[0.0, 0.0, 0.0, 0.0, 0.0, 0.0, 0.0, 0.0, 0.0, 0.0, 0.0, 0.0, 0.0, 0.0, 0.0, 0.0, 0.0, 0.0, 0.0, 0.0, 0.0, 0.0, 0.0, 0.0, 0.0, 0.0, 0.0, 0.0, 0.0, 0.0, 0.0, 0.0, 0.0, 0.0, 0.0, 0.0, 0.0, 0.0, 0.0, 0.0, 0.0, 0.0, 0.0, 0.0, 0.0, 0.0, 0.0, 0.0, 0.0, 0.0, 0.0, 0.0, 1.0, 0.0, 0.0, 1.2, 0.0, 0.0]",1.4,1,"[0, 0, 0, 0, 0, 0, 0, 0, 0, 0, 0, 0, 0, 0, 0]","[0, 0, 0, 0, 0, 0, 0, 0, 0, 0, 0, 0, 0, 0, 0]","[0, 0, 0, 0, 0, 0, 0, 1, 0, 0, 0, 0, 0, 0, 0]","[0, 0, 0, 0, 0, 0, 0, 0, 0, 0, 0, 0, 0, 0, 0]",0.4365,0.2984
OpticalIsom_04,The complex [Co(en)?]?? shows optical activity because:,The complex has a tetrahedral geometry.,The metal ion is in a low oxidation state.,The complex lacks any plane of symmetry and is chiral.,The en ligands are unsymmetric.,Incorrect. It is octahedral.,Incorrect. Oxidation state is unrelated to chirality.,Incorrect. en is symmetric; the overall arrangement creates chirality.,Correct. The tris(bidentate) octahedral complex is chiral; it exists as ? and ? enantiomers.,Optical Isomerism in Coordination Compounds,Coordination Number and Geometry Relationships,"[0.0, 0.0, 0.0, 0.0, 0.0, 0.0, 0.0, 0.0, 0.0, 0.0, 0.0, 0.0, 0.0, 0.0, 0.0, 0.0, 0.0, 0.0, 0.0, 0.0, 0.0, 0.0, 0.0, 0.0, 0.0, 0.0, 0.0, 0.0, 0.0, 0.0, 0.0, 0.0, 0.0, 0.0, 0.0, 0.0, 0.0, 0.0, 0.0, 0.0, 0.0, 0.0, 0.0, 0.0, 0.0, 0.0, 0.0, 0.0, 0.0, 0.0, 0.0, 0.0, 1.2, 0.0, 0.0, 1.0, 0.0, 0.0]",1.5,4,"[0, 0, 0, 0, 1, 0, 0, 0, 0, 0, 0, 0, 0, 0, 0]","[0, 0, 0, 0, 0, 0, 1, 0, 0, 0, 0, 0, 0, 0, 0]","[0, 0, 0, 0, 0, 0, 0, 1, 0, 0, 0, 0, 0, 0, 0]","[0, 0, 0, 0, 0, 0, 0, 0, 0, 0, 0, 0, 0, 0, 0]",0.5783,0.4015
OpticalIsom_05,Which of the following geometries can give rise to optical isomerism in coordination compounds?,All of these,Tetrahedral with four different monodentate ligands,Octahedral with unsymmetric bidentate and monodentate ligands,Octahedral with three bidentate ligands,"Correct. All three can be chiral under appropriate conditions: tris(bidentate) octahedral, tetrahedral with four different ligands, and octahedral with chelating ligands of appropriate unsymmetry.",Incorrect.,Incorrect.,Incorrect.,Optical Isomerism in Coordination Compounds,Coordination Number and Geometry Relationships,"[0.0, 0.0, 0.0, 0.0, 0.0, 0.0, 0.0, 0.0, 0.0, 0.0, 0.0, 0.0, 0.0, 0.0, 0.0, 0.0, 0.0, 0.0, 0.0, 0.0, 0.0, 0.0, 0.0, 0.0, 0.0, 0.0, 0.0, 0.0, 0.0, 0.0, 0.0, 0.0, 0.0, 0.0, 0.0, 0.0, 0.0, 0.0, 0.0, 0.0, 0.0, 0.0, 0.0, 0.0, 0.0, 0.0, 0.0, 0.0, 0.0, 0.0, 0.0, 0.0, 1.2, 0.0, 0.0, 1.0, 0.0, 0.0]",1.6,1,"[0, 0, 0, 0, 0, 0, 0, 0, 0, 0, 0, 0, 0, 0, 0]","[0, 0, 0, 0, 0, 0, 1, 0, 0, 0, 0, 0, 0, 0, 0]","[0, 0, 0, 0, 0, 0, 0, 1, 0, 0, 0, 0, 0, 0, 0]","[0, 0, 0, 0, 0, 0, 0, 0, 0, 0, 1, 0, 0, 0, 0]",0.468,0.2789
OpticalIsom_06,The number of optical isomers possible for [Co(en)?]?? is:,0,4,2 (a pair of enantiomers),1,Incorrect. It is optically active.,Incorrect. Only one pair.,"Correct. [Co(en)?]?? is a chiral complex, existing as two enantiomers (? and ?).",Incorrect.,Optical Isomerism in Coordination Compounds,Coordination Number and Geometry Relationships,"[0.0, 0.0, 0.0, 0.0, 0.0, 0.0, 0.0, 0.0, 0.0, 0.0, 0.0, 0.0, 0.0, 0.0, 0.0, 0.0, 0.0, 0.0, 0.0, 0.0, 0.0, 0.0, 0.0, 0.0, 0.0, 0.0, 0.0, 0.0, 0.0, 0.0, 0.0, 0.0, 0.0, 0.0, 0.0, 0.0, 0.0, 0.0, 0.0, 0.0, 0.0, 0.0, 0.0, 0.0, 0.0, 0.0, 0.0, 0.0, 0.0, 0.0, 0.0, 0.0, 1.0, 0.0, 0.0, 1.2, 0.0, 0.0]",1.4,3,"[0, 0, 0, 0, 1, 0, 0, 0, 0, 0, 0, 0, 0, 0, 0]","[0, 0, 0, 0, 0, 0, 1, 0, 0, 0, 0, 0, 0, 0, 0]","[0, 0, 0, 0, 0, 0, 0, 0, 0, 0, 0, 0, 0, 0, 0]","[0, 0, 0, 0, 0, 0, 0, 0, 0, 0, 1, 0, 0, 0, 0]",0.4763,0.3886
OpticalIsom_07,A complex containing a bidentate ligand such as ethylenediamine (en) can be chiral if:,The metal ion has a square planar geometry.,The metal ion has a linear geometry.,The metal ion has a high oxidation state.,The metal ion has an octahedral geometry with three such ligands.,Incorrect. Square planar complexes with bidentate ligands are usually achiral.,Incorrect. Linear geometry cannot be chiral.,Incorrect. Oxidation state does not determine chirality.,Correct. Octahedral tris(bidentate) complexes are classic examples of chiral coordination compounds.,Optical Isomerism in Coordination Compounds,Coordination Number and Geometry Relationships,"[0.0, 0.0, 0.0, 0.0, 0.0, 0.0, 0.0, 0.0, 0.0, 0.0, 0.0, 0.0, 0.0, 0.0, 0.0, 0.0, 0.0, 0.0, 0.0, 0.0, 0.0, 0.0, 0.0, 0.0, 0.0, 0.0, 0.0, 0.0, 0.0, 0.0, 0.0, 0.0, 0.0, 0.0, 0.0, 0.0, 0.0, 0.0, 0.0, 0.0, 0.0, 0.0, 0.0, 0.0, 0.0, 0.0, 0.0, 0.0, 0.0, 0.0, 0.0, 0.0, 1.2, 0.0, 0.0, 1.0, 0.0, 0.0]",1.4,4,"[0, 0, 0, 0, 1, 0, 0, 0, 0, 0, 0, 0, 0, 0, 0]","[0, 0, 0, 0, 0, 0, 1, 0, 0, 0, 0, 0, 0, 0, 0]","[0, 0, 0, 0, 0, 0, 0, 1, 0, 0, 0, 0, 0, 0, 0]","[0, 0, 0, 0, 0, 0, 0, 0, 0, 0, 0, 0, 0, 0, 0]",0.5591,0.3092
OpticalIsom_08,Which of the following statements about optical isomers is correct?,They are diastereomers.,They can be separated by fractional crystallization.,They have different chemical reactions with achiral reagents.,"They have identical physical properties (melting point, solubility) except for the rotation of plane-polarized light.","Incorrect. They are enantiomers, not diastereomers.","Incorrect. They have identical solubility in achiral solvents, so fractional crystallization usually fails; chiral resolution requires a chiral agent.",Incorrect. They react identically with achiral reagents.,Correct. Enantiomers have identical physical properties except for their interaction with plane-polarized light.,Optical Isomerism in Coordination Compounds,None (Foundation Concept),"[0.0, 0.0, 0.0, 0.0, 0.0, 0.0, 0.0, 0.0, 0.0, 0.0, 0.0, 0.0, 0.0, 0.0, 0.0, 0.0, 0.0, 0.0, 0.0, 0.0, 0.0, 0.0, 0.0, 0.0, 0.0, 0.0, 0.0, 0.0, 0.0, 0.0, 0.0, 0.0, 0.0, 0.0, 0.0, 0.0, 0.0, 0.0, 0.0, 0.0, 0.0, 0.0, 0.0, 0.0, 0.0, 0.0, 0.0, 0.0, 0.0, 0.0, 0.0, 0.0, 1.2, 0.0, 0.0, 0.0, 0.0, 0.0]",1.4,4,"[0, 0, 0, 0, 1, 0, 0, 0, 0, 0, 0, 0, 0, 0, 0]","[0, 0, 0, 0, 0, 0, 1, 0, 0, 0, 0, 0, 0, 0, 0]","[0, 0, 0, 0, 0, 0, 0, 0, 0, 0, 0, 0, 0, 0, 0]","[0, 0, 0, 0, 0, 0, 0, 0, 0, 0, 0, 0, 0, 0, 0]",0.4841,0.2927
OpticalIsom_09,The complex cis-[Co(en)?Cl?]? can exhibit:,Optical isomerism,No isomerism,Linkage isomerism,Geometric isomerism only,Correct. The cis isomer of [Co(en)?Cl?]? is chiral (lacks a plane of symmetry) and exists as a pair of enantiomers.,Incorrect. It shows isomerism.,Incorrect. No linkage isomerism here.,"Incorrect. It does have geometric isomerism (cis and trans), but the question asks what it can exhibit; it exhibits both geometric and optical. The correct answer is optical isomerism for the cis isomer specifically.",Optical Isomerism in Coordination Compounds,Geometric Isomerism in Coordination Compounds,"[0.0, 0.0, 0.0, 0.0, 0.0, 0.0, 0.0, 0.0, 0.0, 0.0, 0.0, 0.0, 0.0, 0.0, 0.0, 0.0, 0.0, 0.0, 0.0, 0.0, 0.0, 0.0, 0.0, 0.0, 0.0, 0.0, 0.0, 0.0, 0.0, 0.0, 0.0, 0.0, 0.0, 0.0, 0.0, 0.0, 0.0, 0.0, 0.0, 0.0, 0.0, 0.0, 0.0, 0.0, 0.0, 0.0, 0.0, 0.0, 0.0, 0.0, 0.0, 1.0, 1.2, 0.0, 0.0, 0.0, 0.0, 0.0]",1.5,1,"[0, 0, 0, 0, 0, 0, 0, 0, 0, 0, 0, 0, 0, 0, 0]","[0, 0, 0, 0, 0, 0, 0, 0, 0, 0, 0, 0, 0, 0, 0]","[0, 0, 0, 0, 0, 0, 0, 1, 0, 0, 0, 0, 0, 0, 0]","[0, 0, 0, 0, 0, 0, 0, 0, 0, 0, 1, 0, 0, 0, 0]",0.4388,0.4342
Ellingham_01,What is an Ellingham diagram?,A plot of lattice energy vs atomic number.,A plot of electrode potential vs pH.,"A plot of ΔG° vs temperature for the formation of oxides, sulfides, etc.",A plot of ΔH° vs temperature for metal reduction.,Incorrect. Not related.,Incorrect. That is a Pourbaix diagram.,Correct. Ellingham diagrams show the standard Gibbs free energy change for formation of compounds (usually oxides) as a function of temperature.,Incorrect. This is a different type of thermodynamic diagram.,Ellingham Diagram and Thermodynamic Feasibility,"Lattice Energy, Bond Dissociation Energy and Stability","[0.0, 0.0, 0.0, 0.0, 0.0, 0.0, 0.5, 0.0, 0.5, 0.0, 0.0, 0.0, 0.0, 0.0, 0.0, 0.0, 0.0, 0.0, 0.0, 0.0, 0.0, 0.0, 0.0, 0.0, 0.0, 0.0, 0.0, 0.0, 0.0, 0.0, 0.0, 0.0, 0.0, 0.0, 0.0, 0.0, 0.0, 0.0, 0.0, 0.0, 0.0, 0.0, 0.0, 0.0, 0.0, 0.0, 0.0, 0.0, 0.0, 0.0, 0.0, 0.0, 0.0, 1.5, 0.0, 0.0, 0.0, 0.0]",1.2,3,"[0, 0, 0, 0, 0, 0, 0, 0, 0, 0, 0, 0, 1, 0, 0]","[0, 0, 0, 0, 0, 0, 0, 0, 0, 0, 0, 0, 0, 0, 0]","[0, 0, 0, 0, 0, 0, 0, 0, 0, 0, 0, 0, 0, 0, 0]","[0, 0, 0, 0, 0, 0, 0, 0, 0, 0, 0, 0, 0, 1, 0]",0.4476,0.1711
Ellingham_02,"In an Ellingham diagram for metal oxides, the line for which metal oxide lies at the bottom (most negative ΔG°) at all temperatures?",FeO,Ag?O,Cu?O,CaO,Incorrect. FeO line lies above CaO.,Incorrect. Ag?O is even less stable.,Incorrect. Cu?O line lies above.,"Correct. Calcium oxide has a very negative ΔG° of formation, indicating high stability and strong affinity for oxygen.",Ellingham Diagram and Thermodynamic Feasibility,"Lattice Energy, Bond Dissociation Energy and Stability","[0.0, 0.0, 0.0, 0.0, 0.0, 0.0, 1.2, 0.0, 0.5, 0.0, 0.0, 0.0, 0.0, 0.0, 0.0, 0.0, 0.0, 0.0, 0.0, 0.0, 0.0, 0.0, 0.0, 0.0, 0.0, 0.0, 0.0, 0.0, 0.0, 0.0, 0.0, 0.0, 0.0, 0.0, 0.0, 0.0, 0.0, 0.0, 0.0, 0.0, 0.0, 0.0, 0.0, 0.0, 0.0, 0.0, 0.0, 0.0, 0.0, 0.0, 0.0, 0.0, 0.0, 1.0, 0.0, 0.0, 0.0, 0.0]",1.2,4,"[0, 0, 0, 0, 0, 0, 0, 0, 0, 0, 0, 0, 1, 0, 0]","[0, 0, 0, 0, 0, 0, 0, 1, 0, 0, 0, 0, 0, 0, 0]","[0, 1, 0, 0, 0, 0, 0, 0, 0, 0, 0, 0, 0, 0, 0]","[0, 0, 0, 0, 0, 0, 0, 0, 0, 0, 0, 0, 0, 0, 0]",0.4717,0.3543
Ellingham_03,The slope of the line in an Ellingham diagram for the reaction 2M(s) + O?(g) ≈ 2MO(s) is:,"Zero, because ΔG° is constant.","Positive, because ?S is negative (gas consumed) and slope = -?S.",Depends on the metal.,"Negative, because ?S is positive.",Incorrect. ΔG° varies with T.,"Correct. For oxidation of metals, ?S is negative (O? gas is consumed), so the slope ( -?S ) is positive. As temperature increases, ΔG° becomes less negative (line slopes upward).","Incorrect. All such reactions have negative ?S, so slope is positive.","Incorrect. ?S is negative, not positive.",Ellingham Diagram and Thermodynamic Feasibility,"Lattice Energy, Bond Dissociation Energy and Stability","[0.0, 0.0, 0.0, 0.0, 0.0, 0.0, 1.0, 0.0, 0.8, 0.0, 0.0, 0.0, 0.0, 0.0, 0.0, 0.0, 0.0, 0.0, 0.0, 0.0, 0.0, 0.0, 0.0, 0.0, 0.0, 0.0, 0.0, 0.0, 0.0, 0.0, 0.0, 0.0, 0.0, 0.0, 0.0, 0.0, 0.0, 0.0, 0.0, 0.0, 0.0, 0.0, 0.0, 0.0, 0.0, 0.0, 0.0, 0.0, 0.0, 0.0, 0.0, 0.0, 0.0, 1.2, 0.0, 0.0, 0.0, 0.0]",1.3,2,"[0, 0, 0, 0, 0, 0, 0, 0, 0, 0, 0, 0, 1, 0, 0]","[0, 0, 0, 0, 0, 0, 0, 0, 0, 0, 0, 0, 0, 0, 0]","[0, 1, 0, 0, 0, 0, 0, 0, 0, 0, 0, 0, 0, 0, 0]","[0, 0, 0, 0, 0, 0, 0, 0, 0, 0, 0, 0, 0, 1, 0]",0.4646,0.4342
Ellingham_04,"At a given temperature, a metal can reduce the oxide of another metal if:",The metals have the same atomic size.,Its line lies below the oxide?s line on the Ellingham diagram.,Its line lies above the oxide?s line.,Both lines intersect.,Incorrect. Size is irrelevant.,Correct. A metal with a more negative ΔG° for oxide formation (lower line) can reduce the oxide of a metal with a less negative ΔG° (higher line).,Incorrect. The reducing metal must have a more negative ΔG° (lower line).,Incorrect. Intersection indicates equilibrium but not necessarily reduction.,Ellingham Diagram and Thermodynamic Feasibility,"Lattice Energy, Bond Dissociation Energy and Stability","[0.0, 0.0, 0.0, 0.0, 0.0, 0.0, 1.0, 0.0, 0.8, 0.0, 0.0, 0.0, 0.0, 0.0, 0.0, 0.0, 0.0, 0.0, 0.0, 0.0, 0.0, 0.0, 0.0, 0.0, 0.0, 0.0, 0.0, 0.0, 0.0, 0.0, 0.0, 0.0, 0.0, 0.0, 0.0, 0.0, 0.0, 0.0, 0.0, 0.0, 0.0, 0.0, 0.0, 0.0, 0.0, 0.0, 0.0, 0.0, 0.0, 0.0, 0.0, 0.0, 0.0, 1.2, 0.0, 0.0, 0.0, 0.0]",1.4,2,"[0, 0, 0, 0, 0, 0, 0, 0, 0, 0, 0, 0, 1, 0, 0]","[0, 0, 0, 0, 0, 0, 0, 0, 0, 0, 0, 0, 0, 0, 0]","[0, 1, 0, 0, 0, 0, 0, 0, 0, 0, 0, 0, 0, 0, 0]","[0, 0, 0, 0, 0, 0, 0, 0, 0, 0, 0, 0, 0, 0, 0]",0.4471,0.3044
Ellingham_05,The Ellingham diagram for the reaction 2C(s) + O?(g) ≈ 2CO(g) has a negative slope because:,"?S is negative, so slope positive.","?S is positive (2 moles of gas are produced from 1 mole of O?), so -?S is negative.",?H is negative.,The reaction is endothermic.,"Incorrect. ?S is positive, not negative.","Correct. The formation of CO from C and O? involves an increase in the number of gas moles (1 mole O? gives 2 moles CO), so ?S is positive, and slope = -?S is negative.",Incorrect. Slope is determined by -?S.,"Incorrect. The reaction is exothermic, but that does not determine slope.",Ellingham Diagram and Thermodynamic Feasibility,"Lattice Energy, Bond Dissociation Energy and Stability","[0.0, 0.0, 0.0, 0.0, 0.0, 0.0, 1.0, 0.0, 1.0, 0.0, 0.0, 0.0, 0.0, 0.0, 0.0, 0.0, 0.0, 0.0, 0.0, 0.0, 0.0, 0.0, 0.0, 0.0, 0.0, 0.0, 0.0, 0.0, 0.0, 0.0, 0.0, 0.0, 0.0, 0.0, 0.0, 0.0, 0.0, 0.0, 0.0, 0.0, 0.0, 0.0, 0.0, 0.0, 0.0, 0.0, 0.0, 0.0, 0.0, 0.0, 0.0, 0.0, 0.0, 1.5, 0.0, 0.0, 0.0, 0.0]",1.4,2,"[0, 0, 0, 0, 0, 0, 0, 0, 0, 0, 0, 0, 1, 0, 0]","[0, 0, 0, 0, 0, 0, 0, 0, 0, 0, 0, 0, 0, 0, 0]","[0, 1, 0, 0, 0, 0, 0, 0, 0, 0, 0, 0, 0, 0, 0]","[0, 0, 0, 0, 0, 0, 0, 0, 0, 0, 0, 0, 0, 1, 0]",0.4779,0.4328
Ellingham_06,"In the Ellingham diagram, the line for the reaction 2Mg(s) + O?(g) ≈ 2MgO(s) is nearly straight because:",?H and ?S are nearly constant over the temperature range.,The reaction is reversible.,MgO sublimes at high temperature.,The line is actually curved.,"Correct. For most metal oxidation reactions, ?H and ?S do not change much with temperature, so the plot is approximately linear.",Incorrect. Reversibility does not affect linearity.,"Incorrect. Sublimation would cause a change in slope, not straightness.",Incorrect. It is nearly straight.,Ellingham Diagram and Thermodynamic Feasibility,"Lattice Energy, Bond Dissociation Energy and Stability","[0.0, 0.0, 0.0, 0.0, 0.0, 0.0, 0.8, 0.0, 0.5, 0.0, 0.0, 0.0, 0.0, 0.0, 0.0, 0.0, 0.0, 0.0, 0.0, 0.0, 0.0, 0.0, 0.0, 0.0, 0.0, 0.0, 0.0, 0.0, 0.0, 0.0, 0.0, 0.0, 0.0, 0.0, 0.0, 0.0, 0.0, 0.0, 0.0, 0.0, 0.0, 0.0, 0.0, 0.0, 0.0, 0.0, 0.0, 0.0, 0.0, 0.0, 0.0, 0.0, 0.0, 1.2, 0.0, 0.0, 0.0, 0.0]",1.2,1,"[0, 0, 0, 0, 0, 0, 0, 0, 0, 0, 0, 0, 0, 0, 0]","[0, 0, 0, 0, 0, 0, 0, 1, 0, 0, 0, 0, 0, 0, 0]","[0, 1, 0, 0, 0, 0, 0, 0, 0, 0, 0, 0, 0, 0, 0]","[0, 0, 0, 0, 0, 0, 0, 0, 0, 0, 0, 0, 0, 1, 0]",0.476,0.4294
Ellingham_07,The reduction of Fe?O? by carbon (C ? CO) becomes thermodynamically feasible at a temperature where:,The line for C ? CO crosses above the line for Fe?O?.,The line for C ? CO crosses below the line for Fe?O?.,The line for Fe?O? becomes more negative.,Carbon melts.,Incorrect. It must be below.,"Correct. The C ? CO line has a negative slope and eventually falls below the Fe?O? line at higher temperatures, making carbon a better reducing agent.",Incorrect. Fe?O? line has positive slope.,Incorrect. Melting of carbon is not the criterion.,Ellingham Diagram and Thermodynamic Feasibility,"Lattice Energy, Bond Dissociation Energy and Stability","[0.0, 0.0, 0.0, 0.0, 0.0, 0.0, 1.0, 0.0, 0.8, 0.0, 0.0, 0.0, 0.0, 0.0, 0.0, 0.0, 0.0, 0.0, 0.0, 0.0, 0.0, 0.0, 0.0, 0.0, 0.0, 0.0, 0.0, 0.0, 0.0, 0.0, 0.0, 0.0, 0.0, 0.0, 0.0, 0.0, 0.0, 0.0, 0.0, 0.0, 0.0, 0.0, 0.0, 0.0, 0.0, 0.0, 0.0, 0.0, 0.0, 0.0, 0.0, 0.0, 0.0, 1.2, 0.0, 0.0, 0.0, 0.0]",1.4,2,"[0, 0, 0, 0, 0, 0, 0, 0, 0, 0, 0, 0, 1, 0, 0]","[0, 0, 0, 0, 0, 0, 0, 0, 0, 0, 0, 0, 0, 0, 0]","[0, 0, 0, 0, 0, 0, 0, 0, 0, 0, 0, 0, 0, 0, 0]","[0, 0, 0, 0, 0, 0, 0, 0, 0, 0, 0, 0, 0, 1, 0]",0.4686,0.4248
Ellingham_08,Which of the following statements about Ellingham diagrams is correct?,They can be used to predict the temperature at which a reduction becomes spontaneous.,They are valid only for oxide formation.,They are independent of the physical state of the metal (solid/liquid/gas).,They provide information about the kinetics of the reaction.,"Correct. The intersection of lines gives the temperature at which ΔG° = 0 for the combined reaction, indicating thermodynamic feasibility.","Incorrect. They are also drawn for sulfides, chlorides, etc.","Incorrect. Phase changes cause breaks in the slope, so physical state matters.","Incorrect. Ellingham diagrams are thermodynamic, not kinetic.",Ellingham Diagram and Thermodynamic Feasibility,"Lattice Energy, Bond Dissociation Energy and Stability","[0.0, 0.0, 0.0, 0.0, 0.0, 0.0, 1.0, 0.0, 0.5, 0.0, 0.0, 0.0, 0.0, 0.0, 0.0, 0.0, 0.0, 0.0, 0.0, 0.0, 0.0, 0.0, 0.0, 0.0, 0.0, 0.0, 0.0, 0.0, 0.0, 0.0, 0.0, 0.0, 0.0, 0.0, 0.0, 0.0, 0.0, 0.0, 0.0, 0.0, 0.0, 0.0, 0.0, 0.0, 0.0, 0.0, 0.0, 0.0, 0.0, 0.0, 0.0, 0.0, 0.0, 1.2, 0.0, 0.0, 0.0, 0.0]",1.3,1,"[0, 0, 0, 0, 0, 0, 0, 0, 0, 0, 0, 0, 0, 0, 0]","[0, 0, 0, 0, 0, 0, 0, 0, 0, 0, 0, 0, 0, 0, 0]","[0, 1, 0, 0, 0, 0, 0, 0, 0, 0, 0, 0, 0, 0, 0]","[0, 0, 0, 0, 0, 0, 0, 0, 0, 0, 0, 0, 0, 1, 0]",0.9297,0.2849
Ellingham_09,"At high temperatures, the line for the reaction 2C(s) + O?(g) ≈ 2CO(g) lies below the line for many metal oxides. This indicates that:",Carbon is a poor reducing agent.,The metal oxides are more stable than CO.,Carbon can act as a reducing agent for those metal oxides at high temperatures.,The metal oxides are easily reduced by hydrogen.,Incorrect. Carbon is a good reducing agent at high T.,Incorrect. CO is more stable at high T.,"Correct. Carbon forms CO with a very negative ΔG° at high temperatures, so it can reduce many metal oxides.",Incorrect. Hydrogen is not indicated.,Ellingham Diagram and Thermodynamic Feasibility,"Lattice Energy, Bond Dissociation Energy and Stability","[0.0, 0.0, 0.0, 0.0, 0.0, 0.0, 1.2, 0.0, 0.5, 0.0, 0.0, 0.0, 0.0, 0.0, 0.0, 0.0, 0.0, 0.0, 0.0, 0.0, 0.0, 0.0, 0.0, 0.0, 0.0, 0.0, 0.0, 0.0, 0.0, 0.0, 0.0, 0.0, 0.0, 0.0, 0.0, 0.0, 0.0, 0.0, 0.0, 0.0, 0.0, 0.0, 0.0, 0.0, 0.0, 0.0, 0.0, 0.0, 0.0, 0.0, 0.0, 0.0, 0.0, 1.0, 0.0, 0.0, 0.0, 0.0]",1.3,3,"[0, 0, 0, 0, 0, 0, 0, 0, 0, 0, 0, 0, 1, 0, 0]","[0, 0, 0, 0, 0, 0, 0, 1, 0, 0, 0, 0, 0, 0, 0]","[0, 0, 0, 0, 0, 0, 0, 0, 0, 0, 0, 0, 0, 0, 0]","[0, 0, 0, 0, 0, 0, 0, 0, 0, 0, 0, 0, 0, 1, 0]",0.4777,0.4828
Ellingham_10,"In the Ellingham diagram, a break (change in slope) occurs when:",The temperature reaches 0 K.,The reaction becomes endothermic.,"The metal or oxide undergoes a phase change (melting, boiling).",The pressure of oxygen is changed.,Incorrect.,Incorrect. Endothermicity does not cause a break; the line is continuous.,"Correct. Phase transitions alter ?H and ?S, causing a change in the slope of the ΔG° vs T line.",Incorrect. Standard state is fixed pressure; diagram uses standard conditions.,Ellingham Diagram and Thermodynamic Feasibility,"Lattice Energy, Bond Dissociation Energy and Stability","[0.0, 0.0, 0.0, 0.0, 0.0, 0.0, 1.0, 0.0, 0.5, 0.0, 0.0, 0.0, 0.0, 0.0, 0.0, 0.0, 0.0, 0.0, 0.0, 0.0, 0.0, 0.0, 0.0, 0.0, 0.0, 0.0, 0.0, 0.0, 0.0, 0.0, 0.0, 0.0, 0.0, 0.0, 0.0, 0.0, 0.0, 0.0, 0.0, 0.0, 0.0, 0.0, 0.0, 0.0, 0.0, 0.0, 0.0, 0.0, 0.0, 0.0, 0.0, 0.0, 0.0, 1.2, 0.0, 0.0, 0.0, 0.0]",1.3,3,"[0, 0, 0, 0, 0, 0, 0, 0, 0, 0, 0, 0, 1, 0, 0]","[0, 0, 0, 0, 0, 0, 0, 0, 0, 0, 0, 0, 0, 0, 0]","[0, 0, 0, 0, 0, 0, 0, 0, 0, 0, 0, 0, 0, 0, 0]","[0, 0, 0, 0, 0, 0, 0, 0, 0, 0, 0, 0, 0, 1, 0]",0.4609,0.3107
ElectrochemRed_01,What is the basic principle of electrochemical reduction in metallurgy?,Using electrical energy to reduce metal ions to metal at the cathode.,Using carbon to reduce metal oxides.,Heating the metal ore with sulfur.,Using hydrogen gas to reduce metal halides.,"Correct. Electrolytic reduction (electrowinning) is used for highly reactive metals like Na, Al, Mg.","Incorrect. That is pyrometallurgical reduction, not electrochemical.",Incorrect. That is roasting/smelting.,"Incorrect. That is hydrogen reduction, not electrochemical.",Electrochemical Reduction Principles in Metallurgy,Ellingham Diagram and Thermodynamic Feasibility,"[0.0, 0.0, 0.0, 0.0, 0.0, 0.0, 0.0, 0.0, 0.0, 0.0, 0.0, 0.0, 0.0, 0.0, 0.0, 0.0, 0.0, 0.0, 0.0, 0.0, 0.0, 0.0, 0.0, 0.0, 0.0, 0.0, 0.0, 0.0, 0.0, 0.0, 0.0, 0.0, 0.0, 0.0, 0.0, 0.0, 0.0, 0.0, 0.0, 0.0, 0.0, 0.0, 0.0, 0.0, 0.0, 0.0, 0.0, 0.0, 0.0, 0.0, 0.0, 0.0, 0.0, 0.5, 1.5, 0.0, 0.0, 0.0]",1.2,1,"[0, 0, 0, 0, 0, 0, 0, 0, 0, 0, 0, 0, 0, 0, 0]","[0, 0, 0, 0, 0, 1, 0, 0, 0, 0, 0, 0, 0, 0, 0]","[0, 0, 0, 0, 0, 0, 0, 0, 1, 0, 0, 0, 0, 0, 0]","[0, 0, 0, 0, 0, 0, 0, 0, 0, 0, 0, 0, 0, 0, 0]",0.4546,0.154
ElectrochemRed_02,Which of the following metals is commercially extracted by electrolysis of its molten chloride?,Iron,Copper,Zinc,Sodium,Incorrect. Iron is extracted by blast furnace.,Incorrect. Copper is extracted by smelting and electrolytic refining.,Incorrect. Zinc is extracted by roasting and carbon reduction.,Correct. Sodium is extracted by the Downs process (electrolysis of molten NaCl).,Electrochemical Reduction Principles in Metallurgy,Ellingham Diagram and Thermodynamic Feasibility,"[0.0, 0.0, 0.0, 0.0, 0.0, 0.0, 0.0, 0.0, 0.0, 0.0, 0.0, 0.0, 0.0, 0.0, 0.0, 0.0, 0.0, 0.0, 0.0, 0.0, 0.0, 0.0, 0.0, 0.0, 0.0, 0.0, 0.0, 0.0, 0.0, 0.0, 0.0, 0.0, 0.0, 0.0, 0.0, 0.0, 0.0, 0.0, 0.0, 0.0, 0.0, 0.0, 0.0, 0.0, 0.0, 0.0, 0.0, 0.0, 0.0, 0.0, 0.0, 0.0, 0.0, 1.2, 1.0, 0.0, 0.0, 0.0]",1.2,4,"[0, 0, 0, 0, 0, 0, 0, 0, 0, 1, 0, 0, 0, 0, 0]","[0, 0, 0, 0, 0, 1, 0, 0, 0, 0, 0, 0, 0, 0, 0]","[0, 0, 0, 0, 0, 0, 0, 0, 1, 0, 0, 0, 0, 0, 0]","[0, 0, 0, 0, 0, 0, 0, 0, 0, 0, 0, 0, 0, 0, 0]",0.4669,0.302
ElectrochemRed_03,"In the Hall-H?roult process for aluminum extraction, the electrolyte is:",Molten NaCl,Aqueous AlCl?,Molten Al?O?,Molten cryolite (Na?AlF?) with dissolved Al?O?,Incorrect. This is for sodium extraction.,"Incorrect. Aqueous electrolysis would produce hydrogen, not aluminum.",Incorrect. Al?O? has a very high melting point.,Correct. Al?O? is dissolved in molten cryolite to lower the melting point and increase conductivity.,Electrochemical Reduction Principles in Metallurgy,Ellingham Diagram and Thermodynamic Feasibility,"[0.0, 0.0, 0.0, 0.0, 0.0, 0.0, 0.0, 0.0, 0.0, 0.0, 0.0, 0.0, 0.0, 0.0, 0.0, 0.0, 0.0, 0.0, 0.0, 0.0, 0.0, 0.0, 0.0, 0.0, 0.0, 0.0, 0.0, 0.0, 0.0, 0.0, 0.0, 0.0, 0.0, 0.0, 0.0, 0.0, 0.0, 0.0, 0.0, 0.0, 0.0, 0.0, 0.0, 0.0, 0.0, 0.0, 0.0, 0.0, 0.0, 0.0, 0.0, 0.0, 0.0, 1.2, 1.0, 0.0, 0.0, 0.0]",1.3,4,"[0, 0, 0, 0, 0, 0, 0, 0, 0, 1, 0, 0, 0, 0, 0]","[0, 0, 0, 0, 0, 1, 0, 0, 0, 0, 0, 0, 0, 0, 0]","[0, 0, 0, 0, 0, 0, 0, 0, 1, 0, 0, 0, 0, 0, 0]","[0, 0, 0, 0, 0, 0, 0, 0, 0, 0, 0, 0, 0, 0, 0]",0.4748,0.3279
ElectrochemRed_04,"During electrolytic refining of copper, the impure copper is made the:",Neither,Cathode,Anode,Electrolyte,Incorrect.,Incorrect. Cathode is pure copper.,"Correct. Impure copper is the anode, which dissolves, and pure copper deposits on the cathode.",Incorrect. Electrolyte is CuSO? solution.,Electrochemical Reduction Principles in Metallurgy,Ellingham Diagram and Thermodynamic Feasibility,"[0.0, 0.0, 0.0, 0.0, 0.0, 0.0, 0.0, 0.0, 0.0, 0.0, 0.0, 0.0, 0.0, 0.0, 0.0, 0.0, 0.0, 0.0, 0.0, 0.0, 0.0, 0.0, 0.0, 0.0, 0.0, 0.0, 0.0, 0.0, 0.0, 0.0, 0.0, 0.0, 0.0, 0.0, 0.0, 0.0, 0.0, 0.0, 0.0, 0.0, 0.0, 0.0, 0.0, 0.0, 0.0, 0.0, 0.0, 0.0, 0.0, 0.0, 0.0, 0.0, 0.0, 1.2, 1.0, 0.0, 0.0, 0.0]",1.2,3,"[0, 0, 0, 0, 0, 0, 0, 0, 0, 1, 0, 0, 0, 0, 0]","[0, 0, 0, 0, 0, 0, 0, 0, 0, 0, 0, 0, 0, 0, 0]","[0, 0, 0, 0, 0, 0, 0, 0, 0, 0, 0, 0, 0, 0, 0]","[0, 0, 0, 0, 0, 0, 0, 0, 0, 0, 0, 0, 0, 1, 0]",0.4397,0.2894
ElectrochemRed_05,The electrochemical series helps predict which metal can be electrodeposited from aqueous solution. A metal can be deposited from its aqueous salt if:,Its standard reduction potential is more negative than hydrogen.,Its standard reduction potential is less negative than hydrogen.,The solution is acidic.,It is a reactive metal like sodium.,Correct. Metals with E? > -0.83 V (approx) can be deposited from water; more negative metals deposit H? instead.,Incorrect. More negative metals cannot be deposited from water.,Incorrect. Acidity doesn't change the fundamental potential.,Incorrect. Reactive metals like Na cannot be deposited from water.,Electrochemical Reduction Principles in Metallurgy,Standard Electrode Potential Trends in d-block,"[0.0, 0.0, 0.0, 0.0, 0.0, 0.0, 0.0, 0.0, 0.0, 0.0, 0.0, 0.0, 0.0, 0.0, 0.0, 0.0, 0.0, 0.0, 0.0, 0.0, 0.0, 0.0, 0.0, 0.0, 0.0, 0.0, 0.0, 0.0, 0.0, 0.0, 0.0, 0.0, 0.0, 1.0, 0.0, 0.0, 0.0, 0.0, 0.0, 0.0, 0.0, 0.0, 0.0, 0.0, 0.0, 0.0, 0.0, 0.0, 0.0, 0.0, 0.0, 0.0, 0.0, 0.0, 1.2, 0.0, 0.0, 0.0]",1.4,1,"[0, 0, 0, 0, 0, 0, 0, 0, 0, 0, 0, 0, 0, 0, 0]","[0, 0, 0, 0, 0, 1, 0, 0, 0, 0, 0, 0, 0, 0, 0]","[0, 0, 0, 0, 0, 0, 0, 0, 1, 0, 0, 0, 0, 0, 0]","[0, 0, 0, 0, 0, 0, 0, 0, 0, 0, 0, 0, 0, 1, 0]",0.5031,0.3673
ElectrochemRed_06,Why is aluminum not extracted by carbon reduction despite its low position in the reactivity series?,Aluminum has a high melting point.,Aluminum forms carbides.,Al?O? is very stable; the Ellingham diagram shows that carbon cannot reduce it even at high temperatures.,The process is too slow.,Incorrect. Melting point is not the primary reason.,Incorrect. Carbide formation is not the main factor.,"Correct. The ΔG° for Al?O? formation is very negative, and the C ? CO line does not cross below it, so carbon cannot reduce Al?O?. Electrolytic reduction is necessary.","Incorrect. Thermodynamics, not kinetics, is the reason.",Electrochemical Reduction Principles in Metallurgy,Ellingham Diagram and Thermodynamic Feasibility,"[0.0, 0.0, 0.0, 0.0, 0.0, 0.0, 0.0, 0.0, 0.0, 0.0, 0.0, 0.0, 0.0, 0.0, 0.0, 0.0, 0.0, 0.0, 0.0, 0.0, 0.0, 0.0, 0.0, 0.0, 0.0, 0.0, 0.0, 0.0, 0.0, 0.0, 0.0, 0.0, 0.0, 0.0, 0.0, 0.0, 0.0, 0.0, 0.0, 0.0, 0.0, 0.0, 0.0, 0.0, 0.0, 0.0, 0.0, 0.0, 0.0, 0.0, 0.0, 0.0, 0.0, 1.0, 1.2, 0.0, 0.0, 0.0]",1.4,3,"[0, 0, 0, 0, 0, 0, 0, 0, 0, 1, 0, 0, 0, 0, 0]","[0, 0, 0, 0, 0, 1, 0, 0, 0, 0, 0, 0, 0, 0, 0]","[0, 0, 0, 0, 0, 0, 0, 0, 0, 0, 0, 0, 0, 0, 0]","[0, 0, 0, 0, 0, 0, 0, 0, 0, 0, 0, 0, 0, 1, 0]",0.457,0.2839
ElectrochemRed_07,"In the electrolytic extraction of magnesium from seawater (Dow process), the electrolyte is:",Molten MgCl?,Aqueous MgCl?,MgO dissolved in cryolite,Mg(OH)? slurry,Correct. MgCl? is obtained from seawater and then electrolyzed in the molten state.,"Incorrect. Aqueous MgCl? would produce H? at cathode, not Mg.",Incorrect. This is for aluminum.,Incorrect. Mg(OH)? is not directly electrolyzed.,Electrochemical Reduction Principles in Metallurgy,Ellingham Diagram and Thermodynamic Feasibility,"[0.0, 0.0, 0.0, 0.0, 0.0, 0.0, 0.0, 0.0, 0.0, 0.0, 0.0, 0.0, 0.0, 0.0, 0.0, 0.0, 0.0, 0.0, 0.0, 0.0, 0.0, 0.0, 0.0, 0.0, 0.0, 0.0, 0.0, 0.0, 0.0, 0.0, 0.0, 0.0, 0.0, 0.0, 0.0, 0.0, 0.0, 0.0, 0.0, 0.0, 0.0, 0.0, 0.0, 0.0, 0.0, 0.0, 0.0, 0.0, 0.0, 0.0, 0.0, 0.0, 0.0, 1.0, 1.0, 0.0, 0.0, 0.0]",1.2,1,"[0, 0, 0, 0, 0, 0, 0, 0, 0, 0, 0, 0, 0, 0, 0]","[0, 0, 0, 0, 0, 1, 0, 0, 0, 0, 0, 0, 0, 0, 0]","[0, 0, 0, 0, 0, 0, 0, 0, 0, 0, 0, 0, 0, 0, 0]","[0, 0, 0, 0, 0, 0, 0, 0, 0, 0, 0, 0, 0, 0, 0]",0.4059,0.3095
ElectrochemRed_08,The overvoltage phenomenon in electrodeposition refers to:,The potential difference between two half-cells.,The voltage lost in the electrolyte.,The potential at which metal starts to dissolve.,The extra potential required beyond the theoretical decomposition potential to drive a reaction at a practical rate.,Incorrect. That is cell potential.,"Incorrect. That is IR drop, not overvoltage.",Incorrect. That is the dissolution potential.,"Correct. Overpotential (overvoltage) is the difference between the actual electrode potential and the equilibrium potential, needed to overcome activation barriers.",Electrochemical Reduction Principles in Metallurgy,None (Foundation Concept),"[0.0, 0.0, 0.0, 0.0, 0.0, 0.0, 0.0, 0.0, 0.0, 0.0, 0.0, 0.0, 0.0, 0.0, 0.0, 0.0, 0.0, 0.0, 0.0, 0.0, 0.0, 0.0, 0.0, 0.0, 0.0, 0.0, 0.0, 0.0, 0.0, 0.0, 0.0, 0.0, 0.0, 0.0, 0.0, 0.0, 0.0, 0.0, 0.0, 0.0, 0.0, 0.0, 0.0, 0.0, 0.0, 0.0, 0.0, 0.0, 0.0, 0.0, 0.0, 0.0, 0.0, 0.0, 1.2, 0.0, 0.0, 0.0]",1.3,4,"[0, 0, 0, 0, 0, 0, 0, 0, 0, 1, 0, 0, 0, 0, 0]","[0, 0, 0, 0, 0, 1, 0, 0, 0, 0, 0, 0, 0, 0, 0]","[0, 0, 0, 0, 0, 0, 0, 0, 1, 0, 0, 0, 0, 0, 0]","[0, 0, 0, 0, 0, 0, 0, 0, 0, 0, 0, 0, 0, 0, 0]",0.4855,0.2927
ElectrochemRed_09,"In the electrorefining of copper, the anode mud contains:",Iron and zinc,Aluminum and tin,Pure copper,"Precious metals like gold, silver, and platinum",Incorrect. Iron and zinc are more easily oxidized and dissolve.,Incorrect. Aluminum is not present.,Incorrect. Copper dissolves at the anode.,"Correct. Impurities less easily oxidized than copper (Ag, Au, Pt) remain as anode mud.",Electrochemical Reduction Principles in Metallurgy,Ellingham Diagram and Thermodynamic Feasibility,"[0.0, 0.0, 0.0, 0.0, 0.0, 0.0, 0.0, 0.0, 0.0, 0.0, 0.0, 0.0, 0.0, 0.0, 0.0, 0.0, 0.0, 0.0, 0.0, 0.0, 0.0, 0.0, 0.0, 0.0, 0.0, 0.0, 0.0, 0.0, 0.0, 0.0, 0.0, 0.0, 0.0, 0.0, 0.0, 0.0, 0.0, 0.0, 0.0, 0.0, 0.0, 0.0, 0.0, 0.0, 0.0, 0.0, 0.0, 0.0, 0.0, 0.0, 0.0, 0.0, 0.0, 1.2, 1.0, 0.0, 0.0, 0.0]",1.3,4,"[0, 0, 0, 0, 0, 0, 0, 0, 0, 1, 0, 0, 0, 0, 0]","[0, 0, 0, 0, 0, 1, 0, 0, 0, 0, 0, 0, 0, 0, 0]","[0, 0, 0, 0, 0, 0, 0, 0, 1, 0, 0, 0, 0, 0, 0]","[0, 0, 0, 0, 0, 0, 0, 0, 0, 0, 0, 0, 0, 0, 0]",0.4705,0.3023
ElectrochemRed_10,Which of the following metals cannot be extracted by electrolysis of an aqueous solution of its salt?,Nickel,Sodium,Copper,Silver,Incorrect. Nickel can be electrodeposited from aqueous solution.,"Correct. Sodium has a very negative reduction potential, so in aqueous solution H? is produced instead of Na.",Incorrect. Copper can be electrorefined from aqueous solution.,Incorrect. Silver can be deposited from aqueous solutions.,Electrochemical Reduction Principles in Metallurgy,Standard Electrode Potential Trends in d-block,"[0.0, 0.0, 0.0, 0.0, 0.0, 0.0, 0.0, 0.0, 0.0, 0.0, 0.0, 0.0, 0.0, 0.0, 0.0, 0.0, 0.0, 0.0, 0.0, 0.0, 0.0, 0.0, 0.0, 0.0, 0.0, 0.0, 0.0, 0.0, 0.0, 0.0, 0.0, 0.0, 0.0, 1.2, 0.0, 0.0, 0.0, 0.0, 0.0, 0.0, 0.0, 0.0, 0.0, 0.0, 0.0, 0.0, 0.0, 0.0, 0.0, 0.0, 0.0, 0.0, 0.0, 0.0, 1.0, 0.0, 0.0, 0.0]",1.3,2,"[0, 0, 0, 0, 0, 0, 0, 0, 0, 0, 0, 0, 0, 0, 0]","[0, 0, 0, 0, 0, 0, 0, 0, 0, 0, 0, 0, 0, 0, 0]","[0, 0, 0, 0, 0, 0, 0, 0, 1, 0, 0, 0, 0, 0, 0]","[0, 0, 0, 0, 0, 0, 0, 0, 0, 0, 0, 0, 0, 1, 0]",0.4291,0.4132
CoordNumGeom_01,What is the coordination number of a metal ion in a complex?,The number of unpaired electrons.,The oxidation state of the metal.,The number of ligand donor atoms directly bonded to the metal.,The number of ligand molecules around the metal.,Incorrect. That relates to magnetic properties.,Incorrect. That is oxidation state.,Correct. Coordination number is the total number of ligand donor atoms attached to the metal center.,"Incorrect. This is close but counts whole ligands, not donor atoms; for polydentate ligands, the coordination number equals the number of donor atoms.",Coordination Number and Geometry Relationships,None (Foundation Concept),"[0.0, 0.0, 0.0, 0.0, 0.0, 0.0, 0.0, 0.0, 0.0, 0.0, 0.0, 0.0, 0.0, 0.0, 0.0, 0.0, 0.0, 0.0, 0.0, 0.0, 0.0, 0.0, 0.0, 0.0, 0.0, 0.0, 0.0, 0.0, 0.0, 0.0, 0.0, 0.0, 0.0, 0.0, 0.0, 0.0, 0.0, 0.0, 0.0, 0.0, 0.0, 0.0, 0.0, 0.0, 0.0, 0.0, 0.0, 0.0, 0.0, 0.0, 0.0, 0.0, 0.0, 0.0, 0.0, 1.5, 0.0, 0.0]",1.2,3,"[0, 0, 0, 0, 0, 0, 0, 0, 0, 0, 0, 0, 0, 0, 0]","[0, 0, 0, 0, 0, 0, 0, 0, 0, 0, 0, 0, 1, 0, 0]","[0, 0, 0, 0, 0, 0, 0, 0, 0, 0, 0, 0, 0, 0, 0]","[0, 0, 0, 0, 0, 0, 0, 0, 1, 0, 0, 0, 0, 0, 0]",0.5382,0.1513
CoordNumGeom_02,Which coordination number is most common for tetrahedral geometry?,6,4,8,2,Incorrect. 6 gives octahedral.,Correct. Tetrahedral geometry typically arises from coordination number 4 with sp? hybridization.,Incorrect. 8 gives cubic or square antiprism.,Incorrect. 2 gives linear.,Coordination Number and Geometry Relationships,Valence Shell Electron Pair Repulsion Theory,"[0.0, 0.0, 0.0, 0.0, 0.0, 0.0, 0.0, 0.0, 0.0, 0.0, 0.0, 0.0, 0.0, 0.0, 0.0, 1.2, 0.0, 0.0, 0.0, 0.0, 0.0, 0.0, 0.0, 0.0, 0.0, 0.0, 0.0, 0.0, 0.0, 0.0, 0.0, 0.0, 0.0, 0.0, 0.0, 0.0, 0.0, 0.0, 0.0, 0.0, 0.0, 0.0, 0.0, 0.0, 0.0, 0.0, 0.0, 0.0, 0.0, 0.0, 0.0, 0.0, 0.0, 0.0, 0.0, 1.0, 0.0, 0.0]",1.2,2,"[0, 0, 0, 0, 0, 0, 0, 0, 0, 0, 0, 0, 0, 0, 0]","[0, 0, 0, 0, 0, 0, 0, 0, 0, 0, 0, 0, 0, 0, 0]","[0, 0, 0, 0, 0, 0, 0, 0, 0, 0, 0, 0, 0, 0, 0]","[0, 0, 0, 0, 0, 0, 0, 0, 1, 0, 0, 0, 0, 0, 0]",0.4309,0.2981
CoordNumGeom_03,A coordination number of 6 generally leads to which geometry?,Octahedral,Trigonal bipyramidal,Square planar,Tetrahedral,Correct. Six-coordinate complexes are almost always octahedral (or distorted octahedral).,Incorrect. Trigonal bipyramidal is CN=5.,Incorrect. Square planar is CN=4 for d? metals.,Incorrect. Tetrahedral is CN=4.,Coordination Number and Geometry Relationships,Valence Shell Electron Pair Repulsion Theory,"[0.0, 0.0, 0.0, 0.0, 0.0, 0.0, 0.0, 0.0, 0.0, 0.0, 0.0, 0.0, 0.0, 0.0, 0.0, 1.2, 0.0, 0.0, 0.0, 0.0, 0.0, 0.0, 0.0, 0.0, 0.0, 0.0, 0.0, 0.0, 0.0, 0.0, 0.0, 0.0, 0.0, 0.0, 0.0, 0.0, 0.0, 0.0, 0.0, 0.0, 0.0, 0.0, 0.0, 0.0, 0.0, 0.0, 0.0, 0.0, 0.0, 0.0, 0.0, 0.0, 0.0, 0.0, 0.0, 1.0, 0.0, 0.0]",1.2,1,"[0, 0, 0, 0, 0, 0, 0, 0, 0, 0, 0, 0, 0, 0, 0]","[0, 0, 0, 0, 0, 0, 0, 0, 0, 0, 0, 0, 0, 0, 0]","[0, 0, 0, 0, 0, 0, 0, 1, 0, 0, 0, 0, 0, 0, 0]","[0, 0, 0, 0, 0, 0, 0, 0, 1, 0, 0, 0, 0, 0, 0]",0.4267,0.3023
CoordNumGeom_04,Which coordination number is common for Ni?? in square planar complexes?,4,2,5,6,Correct. Ni?? (d?) with strong field ligands forms square planar complexes with coordination number 4.,"Incorrect. 2 is linear (e.g., Ag?).",Incorrect. 5 is less common.,Incorrect. 6 gives octahedral.,Coordination Number and Geometry Relationships,Valence Shell Electron Pair Repulsion Theory,"[0.0, 0.0, 0.0, 0.0, 0.0, 0.0, 0.0, 0.0, 0.0, 0.0, 0.0, 0.0, 0.0, 0.0, 0.0, 1.2, 0.0, 0.0, 0.0, 0.0, 0.0, 0.0, 0.0, 0.0, 0.0, 0.0, 0.0, 0.0, 0.0, 0.0, 0.0, 0.0, 0.0, 0.0, 0.0, 0.0, 0.0, 0.0, 0.0, 0.0, 0.0, 0.0, 0.0, 0.0, 0.0, 0.0, 0.0, 0.0, 0.0, 0.0, 0.0, 0.0, 0.0, 0.0, 0.0, 1.0, 0.0, 0.0]",1.3,1,"[0, 0, 0, 0, 0, 0, 0, 0, 0, 0, 0, 0, 0, 0, 0]","[0, 0, 0, 0, 0, 0, 0, 0, 0, 0, 0, 0, 1, 0, 0]","[0, 0, 0, 0, 0, 0, 0, 1, 0, 0, 0, 0, 0, 0, 0]","[0, 0, 0, 0, 0, 0, 0, 0, 0, 0, 0, 0, 0, 0, 0]",0.4195,0.342
CoordNumGeom_05,The complex [Ag(NH?)?]? has a coordination number of 2 and a geometry that is:,Square planar,Tetrahedral,Bent,Linear,Incorrect. Square planar requires CN=4.,Incorrect. Tetrahedral requires CN=4.,"Incorrect. Bent is for coordination number 2 with lone pairs on central atom, but not for d??.","Correct. Two-coordinate complexes of d?? ions (Ag?, Cu?) are linear.",Coordination Number and Geometry Relationships,Valence Shell Electron Pair Repulsion Theory,"[0.0, 0.0, 0.0, 0.0, 0.0, 0.0, 0.0, 0.0, 0.0, 0.0, 0.0, 0.0, 0.0, 0.0, 0.0, 1.2, 0.0, 0.0, 0.0, 0.0, 0.0, 0.0, 0.0, 0.0, 0.0, 0.0, 0.0, 0.0, 0.0, 0.0, 0.0, 0.0, 0.0, 0.0, 0.0, 0.0, 0.0, 0.0, 0.0, 0.0, 0.0, 0.0, 0.0, 0.0, 0.0, 0.0, 0.0, 0.0, 0.0, 0.0, 0.0, 0.0, 0.0, 0.0, 0.0, 1.0, 0.0, 0.0]",1.2,4,"[0, 0, 0, 0, 0, 0, 0, 0, 0, 0, 0, 0, 1, 0, 0]","[0, 0, 0, 0, 0, 0, 0, 0, 0, 0, 0, 0, 1, 0, 0]","[0, 0, 0, 0, 0, 0, 0, 1, 0, 0, 0, 0, 0, 0, 0]","[0, 0, 0, 0, 0, 0, 0, 0, 0, 0, 0, 0, 0, 0, 0]",0.484,0.4441
CoordNumGeom_06,The coordination number and geometry of [Fe(CO)?] are:,"4, tetrahedral","5, square pyramidal","6, octahedral","5, trigonal bipyramidal",Incorrect. CN=4 would be tetrahedral.,Incorrect. Square pyramidal is also CN=5 but less common for this complex.,Incorrect. CN=6 would be octahedral.,"Correct. [Fe(CO)?] is trigonal bipyramidal, coordination number 5.",Coordination Number and Geometry Relationships,Valence Shell Electron Pair Repulsion Theory,"[0.0, 0.0, 0.0, 0.0, 0.0, 0.0, 0.0, 0.0, 0.0, 0.0, 0.0, 0.0, 0.0, 0.0, 0.0, 1.2, 0.0, 0.0, 0.0, 0.0, 0.0, 0.0, 0.0, 0.0, 0.0, 0.0, 0.0, 0.0, 0.0, 0.0, 0.0, 0.0, 0.0, 0.0, 0.0, 0.0, 0.0, 0.0, 0.0, 0.0, 0.0, 0.0, 0.0, 0.0, 0.0, 0.0, 0.0, 0.0, 0.0, 0.0, 0.0, 0.0, 0.0, 0.0, 0.0, 1.0, 0.0, 0.0]",1.3,4,"[0, 0, 0, 0, 0, 0, 0, 0, 0, 0, 0, 0, 1, 0, 0]","[0, 0, 0, 0, 0, 0, 0, 0, 0, 0, 0, 0, 0, 0, 0]","[0, 0, 0, 0, 0, 0, 0, 0, 0, 0, 0, 0, 0, 0, 0]","[0, 0, 0, 0, 0, 0, 0, 0, 0, 0, 0, 0, 0, 0, 0]",0.4043,0.3573
CoordNumGeom_07,Which of the following factors influences the coordination number of a metal ion?,All of these,The size and steric requirements of ligands,The electronic configuration (d-electron count),The size (radius) of the metal ion,Correct. All three factors affect the preferred coordination number: small metals favor higher CN; bulky ligands lower CN; d? with strong field favor square planar (CN=4).,Incorrect.,Incorrect.,Incorrect.,Coordination Number and Geometry Relationships,None (Foundation Concept),"[0.0, 0.0, 0.0, 0.0, 0.0, 0.0, 0.0, 0.0, 0.0, 0.0, 0.0, 0.0, 0.0, 0.0, 0.0, 0.0, 0.0, 0.0, 0.0, 0.0, 0.0, 0.0, 0.0, 0.0, 0.0, 0.0, 0.0, 0.0, 0.0, 0.0, 0.0, 0.0, 0.0, 0.0, 0.0, 0.0, 0.0, 0.0, 0.0, 0.0, 0.0, 0.0, 0.0, 0.0, 0.0, 0.0, 0.0, 0.0, 0.0, 0.0, 0.0, 0.0, 0.0, 0.0, 0.0, 1.2, 0.0, 0.0]",1.4,1,"[0, 0, 0, 0, 0, 0, 0, 0, 0, 0, 0, 0, 0, 0, 0]","[0, 0, 0, 0, 0, 0, 0, 0, 0, 0, 0, 0, 1, 0, 0]","[0, 0, 0, 0, 0, 0, 0, 1, 0, 0, 0, 0, 0, 0, 0]","[0, 0, 0, 0, 0, 0, 0, 0, 1, 0, 0, 0, 0, 0, 0]",0.4836,0.2774
CoordNumGeom_08,The coordination number of aluminum in AlCl? in the solid state (which exists as Al?Cl?) is:,6,3,2,4,Incorrect. Not CN=6.,"Incorrect. In monomeric AlCl? vapor, CN=3, but the solid is dimeric.",Incorrect. Not CN=2.,"Correct. In Al?Cl?, each Al is coordinated to 4 Cl atoms (two terminal and two bridging), giving CN=4.",Coordination Number and Geometry Relationships,None (Foundation Concept),"[0.0, 0.0, 0.0, 0.0, 0.0, 0.0, 0.0, 0.0, 0.0, 0.0, 0.0, 0.0, 0.0, 0.0, 0.0, 0.0, 0.0, 0.0, 0.0, 0.0, 0.0, 0.0, 0.0, 0.0, 0.0, 0.0, 0.0, 0.0, 0.0, 0.0, 0.0, 0.0, 0.0, 0.0, 0.0, 0.0, 0.0, 0.0, 0.0, 0.0, 0.0, 0.0, 0.0, 0.0, 0.0, 0.0, 0.0, 0.0, 0.0, 0.0, 0.0, 0.0, 0.0, 0.0, 0.0, 1.2, 0.0, 0.0]",1.3,4,"[0, 0, 0, 0, 0, 0, 0, 0, 0, 0, 0, 0, 1, 0, 0]","[0, 0, 0, 0, 0, 0, 0, 0, 0, 0, 0, 0, 1, 0, 0]","[0, 0, 0, 0, 0, 0, 0, 1, 0, 0, 0, 0, 0, 0, 0]","[0, 0, 0, 0, 0, 0, 0, 0, 0, 0, 0, 0, 0, 0, 0]",0.4515,0.438
CoordNumGeom_09,A metal complex with coordination number 5 can have which of the following geometries?,Octahedral,Linear,Tetrahedral,Trigonal bipyramidal or square pyramidal,Incorrect. Octahedral is CN=6.,Incorrect. Linear is CN=2.,Incorrect. Tetrahedral is CN=4.,Correct. Five-coordinate complexes commonly adopt trigonal bipyramidal or square pyramidal geometry.,Coordination Number and Geometry Relationships,Valence Shell Electron Pair Repulsion Theory,"[0.0, 0.0, 0.0, 0.0, 0.0, 0.0, 0.0, 0.0, 0.0, 0.0, 0.0, 0.0, 0.0, 0.0, 0.0, 1.0, 0.0, 0.0, 0.0, 0.0, 0.0, 0.0, 0.0, 0.0, 0.0, 0.0, 0.0, 0.0, 0.0, 0.0, 0.0, 0.0, 0.0, 0.0, 0.0, 0.0, 0.0, 0.0, 0.0, 0.0, 0.0, 0.0, 0.0, 0.0, 0.0, 0.0, 0.0, 0.0, 0.0, 0.0, 0.0, 0.0, 0.0, 0.0, 0.0, 1.2, 0.0, 0.0]",1.3,4,"[0, 0, 0, 0, 0, 0, 0, 0, 0, 0, 0, 0, 1, 0, 0]","[0, 0, 0, 0, 0, 0, 0, 0, 0, 0, 0, 0, 1, 0, 0]","[0, 0, 0, 0, 0, 0, 0, 0, 0, 0, 0, 0, 0, 0, 0]","[0, 0, 0, 0, 0, 0, 0, 0, 0, 0, 0, 0, 0, 0, 0]",0.4523,0.3002
CoordNumGeom_10,"The coordination number of Pt in [PtCl?]?? is 6, and the geometry is:",Square planar,Trigonal bipyramidal,Octahedral,Tetrahedral,"Incorrect. Square planar is for Pt??, not Pt??.",Incorrect. Trigonal bipyramidal is CN=5.,"Correct. [PtCl?]?? has Pt?? with six Cl? ligands, giving an octahedral geometry.",Incorrect. Tetrahedral is CN=4.,Coordination Number and Geometry Relationships,None (Foundation Concept),"[0.0, 0.0, 0.0, 0.0, 0.0, 0.0, 0.0, 0.0, 0.0, 0.0, 0.0, 0.0, 0.0, 0.0, 0.0, 0.0, 0.0, 0.0, 0.0, 0.0, 0.0, 0.0, 0.0, 0.0, 0.0, 0.0, 0.0, 0.0, 0.0, 0.0, 0.0, 0.0, 0.0, 0.0, 0.0, 0.0, 0.0, 0.0, 0.0, 0.0, 0.0, 0.0, 0.0, 0.0, 0.0, 0.0, 0.0, 0.0, 0.0, 0.0, 0.0, 0.0, 0.0, 0.0, 0.0, 1.0, 0.0, 0.0]",1.2,3,"[0, 0, 0, 0, 0, 0, 0, 0, 0, 0, 0, 0, 1, 0, 0]","[0, 0, 0, 0, 0, 0, 0, 0, 0, 0, 0, 0, 1, 0, 0]","[0, 0, 0, 0, 0, 0, 0, 0, 0, 0, 0, 0, 0, 0, 0]","[0, 0, 0, 0, 0, 0, 0, 0, 1, 0, 0, 0, 0, 0, 0]",0.4463,0.3742
LigDent_01,What is meant by denticity of a ligand?,The number of donor atoms in the ligand that coordinate to a metal ion.,The number of ligands attached to the metal.,The charge on the ligand.,The size of the ligand.,Correct. Denticity is the number of donor atoms from a single ligand that bind to the metal center.,"Incorrect. That is the coordination number, not denticity.",Incorrect. Charge is independent of denticity.,Incorrect. Size is not directly denticity.,Ligand Denticity and Polydentate Binding,Metal-Ligand Bonding (? and ? interactions in complexes),"[0.0, 0.0, 0.0, 0.0, 0.0, 0.0, 0.0, 0.0, 0.0, 0.0, 0.0, 0.0, 0.0, 0.0, 0.0, 0.0, 0.0, 0.0, 0.0, 0.0, 0.0, 0.0, 0.0, 0.0, 0.0, 0.0, 0.0, 0.0, 0.0, 0.0, 0.0, 0.0, 0.0, 0.0, 0.0, 0.0, 0.0, 0.0, 0.0, 0.0, 0.0, 0.0, 0.0, 0.0, 0.0, 0.0, 0.0, 0.0, 0.0, 0.0, 0.0, 0.0, 0.0, 0.0, 0.0, 0.0, 1.5, 0.5]",1.2,1,"[0, 0, 0, 0, 0, 0, 0, 0, 0, 0, 0, 0, 0, 0, 0]","[0, 0, 0, 0, 0, 1, 0, 0, 0, 0, 0, 0, 0, 0, 0]","[0, 0, 0, 0, 0, 0, 0, 0, 0, 1, 0, 0, 0, 0, 0]","[0, 0, 0, 0, 0, 0, 0, 0, 0, 0, 0, 0, 0, 0, 0]",0.5139,0.1597
LigDent_02,Which of the following is an example of a tridentate ligand?,en (ethylenediamine),NH?,EDTA,diethylenetriamine (dien),Incorrect. en is bidentate.,Incorrect. NH? is monodentate.,Incorrect. EDTA is hexadentate.,"Correct. Dien has three donor nitrogen atoms and coordinates through all three, making it tridentate.",Ligand Denticity and Polydentate Binding,Metal-Ligand Bonding (? and ? interactions in complexes),"[0.0, 0.0, 0.0, 0.0, 0.0, 0.0, 0.0, 0.0, 0.0, 0.0, 0.0, 0.0, 0.0, 0.0, 0.0, 0.0, 0.0, 0.0, 0.0, 0.0, 0.0, 0.0, 0.0, 0.0, 0.0, 0.0, 0.0, 0.0, 0.0, 0.0, 0.0, 0.0, 0.0, 0.0, 0.0, 0.0, 0.0, 0.0, 0.0, 0.0, 0.0, 0.0, 0.0, 0.0, 0.0, 0.0, 0.0, 0.0, 0.0, 0.0, 0.0, 0.0, 0.0, 0.0, 0.0, 0.0, 1.0, 1.2]",1.2,4,"[0, 0, 0, 0, 0, 0, 1, 0, 0, 0, 0, 0, 0, 0, 0]","[0, 0, 0, 0, 0, 1, 0, 0, 0, 0, 0, 0, 0, 0, 0]","[0, 0, 0, 0, 0, 0, 0, 0, 0, 1, 0, 0, 0, 0, 0]","[0, 0, 0, 0, 0, 0, 0, 0, 0, 0, 0, 0, 0, 0, 0]",0.4396,0.2918
LigDent_03,The denticity of EDTA in most of its complexes is:,4,6,5,3,Incorrect. EDTA is hexadentate (two N and four O donor atoms).,Correct. It is usually hexadentate.,"Incorrect. It can sometimes act as pentadentate or tetradentate, but the most common is hexadentate.",Incorrect.,Ligand Denticity and Polydentate Binding,Metal-Ligand Bonding (? and ? interactions in complexes),"[0.0, 0.0, 0.0, 0.0, 0.0, 0.0, 0.0, 0.0, 0.0, 0.0, 0.0, 0.0, 0.0, 0.0, 0.0, 0.0, 0.0, 0.0, 0.0, 0.0, 0.0, 0.0, 0.0, 0.0, 0.0, 0.0, 0.0, 0.0, 0.0, 0.0, 0.0, 0.0, 0.0, 0.0, 0.0, 0.0, 0.0, 0.0, 0.0, 0.0, 0.0, 0.0, 0.0, 0.0, 0.0, 0.0, 0.0, 0.0, 0.0, 0.0, 0.0, 0.0, 0.0, 0.0, 0.0, 0.0, 1.0, 1.2]",1.3,2,"[0, 0, 0, 0, 0, 0, 1, 0, 0, 0, 0, 0, 0, 0, 0]","[0, 0, 0, 0, 0, 0, 0, 0, 0, 0, 0, 0, 0, 0, 0]","[0, 0, 0, 0, 0, 0, 0, 0, 0, 0, 0, 0, 0, 0, 0]","[0, 0, 1, 0, 0, 0, 0, 0, 0, 0, 0, 0, 0, 0, 0]",0.4523,0.281
LigDent_04,Which of the following statements about polydentate ligands is correct?,They can only coordinate to transition metals.,They always form more stable complexes than monodentate ligands (chelate effect).,They are always symmetrical.,They are always anionic.,Incorrect. They can coordinate to main group metals as well.,Correct. Polydentate ligands generally form more stable complexes due to the chelate effect (entropic and often enthalpic contributions).,Incorrect. They need not be symmetrical; unsymmetrical polydentate ligands exist.,"Incorrect. Many are neutral (e.g., en, dien).",Ligand Denticity and Polydentate Binding,Chelate Effect,"[0.0, 0.0, 0.0, 0.0, 0.0, 0.0, 0.0, 0.0, 0.0, 0.0, 0.0, 0.0, 0.0, 0.0, 0.0, 0.0, 0.0, 0.0, 0.0, 0.0, 0.0, 0.0, 0.0, 0.0, 0.0, 0.0, 0.0, 0.0, 0.0, 0.0, 0.0, 0.0, 0.0, 0.0, 0.0, 0.0, 0.0, 0.0, 0.0, 0.0, 0.0, 0.0, 0.0, 0.0, 0.0, 0.0, 0.0, 0.0, 1.0, 0.0, 0.0, 0.0, 0.0, 0.0, 0.0, 0.0, 1.2, 0.0]",1.3,2,"[0, 0, 0, 0, 0, 0, 1, 0, 0, 0, 0, 0, 0, 0, 0]","[0, 0, 0, 0, 0, 0, 0, 0, 0, 0, 0, 0, 0, 0, 0]","[0, 0, 0, 0, 0, 0, 0, 0, 0, 1, 0, 0, 0, 0, 0]","[0, 0, 1, 0, 0, 0, 0, 0, 0, 0, 0, 0, 0, 0, 0]",0.4829,0.2882
LigDent_05,"A ligand that can coordinate through two donor atoms, but the donor atoms are separated by a flexible chain, is called:",Ambidentate,Chelating,Bidentate,Both A and B,Incorrect.,Incorrect.,Incorrect.,"Correct. Such a ligand is bidentate, and because it forms a ring, it is also chelating. So both terms apply.",Ligand Denticity and Polydentate Binding,Metal-Ligand Bonding (? and ? interactions in complexes),"[0.0, 0.0, 0.0, 0.0, 0.0, 0.0, 0.0, 0.0, 0.0, 0.0, 0.0, 0.0, 0.0, 0.0, 0.0, 0.0, 0.0, 0.0, 0.0, 0.0, 0.0, 0.0, 0.0, 0.0, 0.0, 0.0, 0.0, 0.0, 0.0, 0.0, 0.0, 0.0, 0.0, 0.0, 0.0, 0.0, 0.0, 0.0, 0.0, 0.0, 0.0, 0.0, 0.0, 0.0, 0.0, 0.0, 0.0, 0.0, 0.0, 0.0, 0.0, 0.0, 0.0, 0.0, 0.0, 0.0, 1.2, 1.0]",1.2,4,"[0, 0, 0, 0, 0, 0, 1, 0, 0, 0, 0, 0, 0, 0, 0]","[0, 0, 0, 0, 0, 1, 0, 0, 0, 0, 0, 0, 0, 0, 0]","[0, 0, 0, 0, 0, 0, 0, 0, 0, 1, 0, 0, 0, 0, 0]","[0, 0, 0, 0, 0, 0, 0, 0, 0, 0, 0, 0, 0, 0, 0]",0.6857,0.3301
LigDent_06,The term 'polydentate' refers to a ligand that:,Donates electrons through multiple atoms to the same metal.,Has a single donor atom.,Has more than one donor atom.,Both A and C,Incorrect. Polydentate means multiple donor atoms that can bind to the same metal center.,Incorrect.,Incorrect.,Correct. Both A and C describe polydentate ligands.,Ligand Denticity and Polydentate Binding,Metal-Ligand Bonding (? and ? interactions in complexes),"[0.0, 0.0, 0.0, 0.0, 0.0, 0.0, 0.0, 0.0, 0.0, 0.0, 0.0, 0.0, 0.0, 0.0, 0.0, 0.0, 0.0, 0.0, 0.0, 0.0, 0.0, 0.0, 0.0, 0.0, 0.0, 0.0, 0.0, 0.0, 0.0, 0.0, 0.0, 0.0, 0.0, 0.0, 0.0, 0.0, 0.0, 0.0, 0.0, 0.0, 0.0, 0.0, 0.0, 0.0, 0.0, 0.0, 0.0, 0.0, 0.0, 0.0, 0.0, 0.0, 0.0, 0.0, 0.0, 0.0, 1.2, 0.8]",1.2,4,"[0, 0, 0, 0, 0, 0, 1, 0, 0, 0, 0, 0, 0, 0, 0]","[0, 0, 0, 0, 0, 1, 0, 0, 0, 0, 0, 0, 0, 0, 0]","[0, 0, 0, 0, 0, 0, 0, 0, 0, 1, 0, 0, 0, 0, 0]","[0, 0, 0, 0, 0, 0, 0, 0, 0, 0, 0, 0, 0, 0, 0]",0.4749,0.2837
LigDent_07,Which of the following is a tetradentate ligand?,en,triethylenetetramine (trien),CO,PPh?,Incorrect. en is bidentate.,Correct. Trien has four nitrogen donor atoms and is tetradentate.,Incorrect. CO is monodentate.,Incorrect. PPh? is monodentate.,Ligand Denticity and Polydentate Binding,Metal-Ligand Bonding (? and ? interactions in complexes),"[0.0, 0.0, 0.0, 0.0, 0.0, 0.0, 0.0, 0.0, 0.0, 0.0, 0.0, 0.0, 0.0, 0.0, 0.0, 0.0, 0.0, 0.0, 0.0, 0.0, 0.0, 0.0, 0.0, 0.0, 0.0, 0.0, 0.0, 0.0, 0.0, 0.0, 0.0, 0.0, 0.0, 0.0, 0.0, 0.0, 0.0, 0.0, 0.0, 0.0, 0.0, 0.0, 0.0, 0.0, 0.0, 0.0, 0.0, 0.0, 0.0, 0.0, 0.0, 0.0, 0.0, 0.0, 0.0, 0.0, 1.0, 1.2]",1.2,2,"[0, 0, 0, 0, 0, 0, 1, 0, 0, 0, 0, 0, 0, 0, 0]","[0, 0, 0, 0, 0, 0, 0, 0, 0, 0, 0, 0, 0, 0, 0]","[0, 0, 0, 0, 0, 0, 0, 0, 0, 1, 0, 0, 0, 0, 0]","[0, 0, 1, 0, 0, 0, 0, 0, 0, 0, 0, 0, 0, 0, 0]",0.4649,0.2945
LigDent_08,The chelate effect is most pronounced for ligands that form chelate rings of which size?,6-membered rings,4-membered rings,5-membered rings,3-membered rings,"Incorrect. 6-membered rings are also stable, but 5-membered rings are often the most stable for saturated backbones.",Incorrect. 4-membered rings also have significant strain.,Correct. 5-membered rings (as in en complexes) and 6-membered rings are generally most stable due to favorable entropy and minimal ring strain.,Incorrect. 3-membered rings are highly strained.,Ligand Denticity and Polydentate Binding,Chelate Effect,"[0.0, 0.0, 0.0, 0.0, 0.0, 0.0, 0.0, 0.0, 0.0, 0.0, 0.0, 0.0, 0.0, 0.0, 0.0, 0.0, 0.0, 0.0, 0.0, 0.0, 0.0, 0.0, 0.0, 0.0, 0.0, 0.0, 0.0, 0.0, 0.0, 0.0, 0.0, 0.0, 0.0, 0.0, 0.0, 0.0, 0.0, 0.0, 0.0, 0.0, 0.0, 0.0, 0.0, 0.0, 0.0, 0.0, 0.0, 0.0, 1.0, 0.0, 0.0, 0.0, 0.0, 0.0, 0.0, 0.0, 1.2, 0.0]",1.4,3,"[0, 0, 0, 0, 0, 0, 1, 0, 0, 0, 0, 0, 0, 0, 0]","[0, 0, 0, 0, 0, 1, 0, 0, 0, 0, 0, 0, 0, 0, 0]","[0, 0, 0, 0, 0, 0, 0, 0, 0, 0, 0, 0, 0, 0, 0]","[0, 0, 1, 0, 0, 0, 0, 0, 0, 0, 0, 0, 0, 0, 0]",0.4524,0.3047
LigDent_09,The coordination number of a metal ion in a complex with a pentadentate ligand and one monodentate ligand is:,7,4,5,6,Incorrect.,Incorrect.,Incorrect.,Correct. Pentadentate contributes 5 donor atoms; plus one monodentate gives total coordination number 6.,Ligand Denticity and Polydentate Binding,Coordination Number and Geometry Relationships,"[0.0, 0.0, 0.0, 0.0, 0.0, 0.0, 0.0, 0.0, 0.0, 0.0, 0.0, 0.0, 0.0, 0.0, 0.0, 0.0, 0.0, 0.0, 0.0, 0.0, 0.0, 0.0, 0.0, 0.0, 0.0, 0.0, 0.0, 0.0, 0.0, 0.0, 0.0, 0.0, 0.0, 0.0, 0.0, 0.0, 0.0, 0.0, 0.0, 0.0, 0.0, 0.0, 0.0, 0.0, 0.0, 0.0, 0.0, 0.0, 0.0, 0.0, 0.0, 0.0, 0.0, 0.0, 0.0, 1.0, 1.0, 0.0]",1.2,4,"[0, 0, 0, 0, 0, 0, 1, 0, 0, 0, 0, 0, 0, 0, 0]","[0, 0, 0, 0, 0, 1, 0, 0, 0, 0, 0, 0, 0, 0, 0]","[0, 0, 0, 0, 0, 0, 0, 0, 0, 1, 0, 0, 0, 0, 0]","[0, 0, 0, 0, 0, 0, 0, 0, 0, 0, 0, 0, 0, 0, 0]",0.4653,0.2981
LigDent_10,"Why are polydentate ligands used in complexometric titrations (e.g., EDTA titrations)?",They are always colorless.,They are cheaper than monodentate ligands.,They react faster.,"They form stable 1:1 complexes with metal ions, giving sharp end points.",Incorrect. Color is not relevant.,Incorrect. Cost is not the primary reason.,"Incorrect. Kinetics may vary, but stability and stoichiometry are key.","Correct. EDTA forms highly stable 1:1 complexes with most metal ions, simplifying titration and yielding sharp equivalence points.",Ligand Denticity and Polydentate Binding,Stability Constants of Complexes,"[0.0, 0.0, 0.0, 0.0, 0.0, 0.0, 0.0, 0.0, 0.0, 0.0, 0.0, 0.0, 0.0, 0.0, 0.0, 0.0, 0.0, 0.0, 0.0, 0.0, 0.0, 0.0, 0.0, 0.0, 0.0, 0.0, 0.0, 0.0, 0.0, 0.0, 0.0, 0.0, 0.0, 0.0, 0.0, 0.0, 0.0, 0.0, 0.0, 0.0, 0.0, 0.0, 0.0, 0.0, 0.0, 0.0, 0.0, 0.0, 0.0, 1.0, 0.0, 0.0, 0.0, 0.0, 0.0, 0.0, 1.2, 0.0]",1.3,4,"[0, 0, 0, 0, 0, 0, 1, 0, 0, 0, 0, 0, 0, 0, 0]","[0, 0, 0, 0, 0, 1, 0, 0, 0, 0, 0, 0, 0, 0, 0]","[0, 0, 0, 0, 0, 0, 0, 0, 0, 1, 0, 0, 0, 0, 0]","[0, 0, 0, 0, 0, 0, 0, 0, 0, 0, 0, 0, 0, 0, 0]",0.4839,0.3889
MetalLigandBond_01,"In coordination compounds, the metal-ligand ? bond is formed by:",Overlap of metal d-orbitals with ligand p-orbitals in a sidewise manner.,Electrostatic attraction only.,Donation of a lone pair from the ligand to an empty hybrid orbital of the metal.,Donation of a lone pair from the metal to an empty orbital of the ligand.,Incorrect. That describes ? bonding.,Incorrect. LFT includes covalent overlap.,"Correct. The primary ? bond is formed when a ligand donates a lone pair (e.g., from N, O, P, etc.) into an empty orbital (typically hybridized s, p, d) of the metal.",Incorrect. That describes ? back-bonding.,Metal-Ligand Bonding (? and ? interactions in complexes),"Sigma and Pi Bonding in Molecular Orbitals, Molecular Orbital Theory and Delocalization","[0.0, 0.0, 0.0, 0.0, 0.0, 0.0, 0.0, 0.0, 0.0, 0.5, 0.0, 0.0, 0.0, 0.0, 0.0, 0.0, 0.0, 0.5, 0.0, 0.0, 0.0, 0.0, 0.0, 0.0, 0.0, 0.0, 0.0, 0.0, 0.0, 0.0, 0.0, 0.0, 0.0, 0.0, 0.0, 0.0, 0.0, 0.0, 0.0, 0.0, 0.0, 0.0, 0.0, 0.0, 0.0, 0.0, 0.0, 0.0, 0.0, 0.0, 0.0, 0.0, 0.0, 0.0, 0.0, 0.0, 0.0, 1.5]",1.4,3,"[0, 0, 0, 0, 0, 0, 0, 0, 0, 0, 0, 1, 0, 0, 0]","[0, 0, 0, 0, 0, 0, 0, 0, 0, 0, 0, 0, 1, 0, 0]","[0, 0, 0, 0, 0, 0, 0, 0, 0, 0, 0, 0, 0, 0, 0]","[0, 0, 0, 0, 0, 0, 1, 0, 0, 0, 0, 0, 0, 0, 0]",0.708,0.3231
MetalLigandBond_02,Which type of metal-ligand bonding is responsible for the strong field nature of ligands like CO and CN??,? back-donation (metal to ligand ?* orbitals),Ionic interaction,? donation only,? donation from ligand to metal,"Correct. ? back-bonding (metal d-electrons into ligand ?* orbitals) stabilizes the t?g set, increasing ?? and making these ligands strong field.",Incorrect. Covalency is key.,Incorrect. ? donation alone does not explain the large ?.,Incorrect. ? donation would weaken the field.,Metal-Ligand Bonding (? and ? interactions in complexes),"Sigma and Pi Bonding in Molecular Orbitals, Molecular Orbital Theory and Delocalization","[0.0, 0.0, 0.0, 0.0, 0.0, 0.0, 0.0, 0.0, 0.0, 1.0, 0.0, 0.0, 0.0, 0.0, 0.0, 0.0, 0.0, 1.0, 0.0, 0.0, 0.0, 0.0, 0.0, 0.0, 0.0, 0.0, 0.0, 0.0, 0.0, 0.0, 0.0, 0.0, 0.0, 0.0, 0.0, 0.0, 0.0, 0.0, 0.0, 0.0, 0.0, 0.0, 0.0, 0.0, 0.0, 0.0, 0.0, 0.0, 0.0, 0.0, 0.0, 0.0, 0.0, 0.0, 0.0, 0.0, 0.0, 1.5]",1.5,1,"[0, 0, 0, 0, 0, 0, 0, 0, 0, 0, 0, 0, 0, 0, 0]","[0, 0, 0, 0, 0, 0, 0, 0, 0, 0, 0, 0, 1, 0, 0]","[1, 0, 0, 0, 0, 0, 0, 0, 0, 0, 0, 0, 0, 0, 0]","[0, 0, 0, 0, 0, 0, 0, 0, 0, 0, 0, 0, 0, 0, 0]",0.4448,0.3072
MetalLigandBond_03,"In an octahedral complex, which metal d-orbitals are involved in ? bonding with ligands?","eg (dx?-y?, dz?)",None of the d-orbitals,"t?g (dxy, dyz, dxz)",All five d-orbitals,Correct. The eg orbitals point directly at the ligands and participate in ? bonding (overlap with ligand ? orbitals).,Incorrect.,Incorrect. The t?g orbitals point between ligands and are not involved in ? bonding.,Incorrect. Only the eg set is involved in ?.,Metal-Ligand Bonding (? and ? interactions in complexes),"Sigma and Pi Bonding in Molecular Orbitals, Molecular Orbital Theory and Delocalization","[0.0, 0.0, 0.0, 0.0, 0.0, 0.0, 0.0, 0.0, 0.0, 1.0, 0.0, 0.0, 0.0, 0.0, 0.0, 0.0, 0.0, 0.5, 0.0, 0.0, 0.0, 0.0, 0.0, 0.0, 0.0, 0.0, 0.0, 0.0, 0.0, 0.0, 0.0, 0.0, 0.0, 0.0, 0.0, 0.0, 0.0, 0.0, 0.0, 0.0, 0.0, 0.0, 0.0, 0.0, 0.0, 0.0, 0.0, 0.0, 0.0, 0.0, 0.0, 0.0, 0.0, 0.0, 0.0, 0.0, 0.0, 1.2]",1.4,1,"[0, 0, 0, 0, 0, 0, 0, 0, 0, 0, 0, 0, 0, 0, 0]","[0, 0, 0, 0, 0, 0, 0, 0, 0, 0, 0, 0, 1, 0, 0]","[1, 0, 0, 0, 0, 0, 0, 0, 0, 0, 0, 0, 0, 0, 0]","[0, 0, 0, 0, 0, 0, 1, 0, 0, 0, 0, 0, 0, 0, 0]",0.451,0.3246
MetalLigandBond_04,? back-bonding from a metal to a ligand is most significant when:,The metal is in a high oxidation state.,The metal is in a low oxidation state and the ligand has low-lying empty ?* orbitals.,The metal has no d-electrons.,The ligand is a strong ? donor only.,"Incorrect. High oxidation state reduces metal electron density, weakening back-bonding.","Correct. A low oxidation state means the metal has high d-electron density to donate; empty ?* orbitals on the ligand (e.g., CO, CN?) are necessary to accept this electron density.",Incorrect. d? metals cannot donate into ?* orbitals.,"Incorrect. ? back-bonding requires ?-acceptor ability, not just ? donation.",Metal-Ligand Bonding (? and ? interactions in complexes),"Sigma and Pi Bonding in Molecular Orbitals, Molecular Orbital Theory and Delocalization","[0.0, 0.0, 0.0, 0.0, 0.0, 0.0, 0.0, 0.0, 0.0, 1.0, 0.0, 0.0, 0.0, 0.0, 0.0, 0.0, 0.0, 1.0, 0.0, 0.0, 0.0, 0.0, 0.0, 0.0, 0.0, 0.0, 0.0, 0.0, 0.0, 0.0, 0.0, 0.0, 0.0, 0.0, 0.0, 0.0, 0.0, 0.0, 0.0, 0.0, 0.0, 0.0, 0.0, 0.0, 0.0, 0.0, 0.0, 0.0, 0.0, 0.0, 0.0, 0.0, 0.0, 0.0, 0.0, 0.0, 0.0, 1.5]",1.6,2,"[0, 0, 0, 0, 0, 0, 0, 0, 0, 0, 0, 1, 0, 0, 0]","[0, 0, 0, 0, 0, 0, 0, 0, 0, 0, 0, 0, 0, 0, 0]","[1, 0, 0, 0, 0, 0, 0, 0, 0, 0, 0, 0, 0, 0, 0]","[0, 0, 0, 0, 0, 0, 1, 0, 0, 0, 0, 0, 0, 0, 0]",0.7072,0.2993
MetalLigandBond_05,"In the complex [Fe(CO)?], the Fe?CO bonds are strengthened by:",? back-donation from Fe to CO,? donation from Fe to CO,Ionic interactions,? donation from CO to Fe,"Correct. The filled d-orbitals of Fe (low oxidation state) back-donate into ?* orbitals of CO, strengthening the metal?ligand bond.",Incorrect. ? donation is from CO to Fe.,Incorrect. Bonding is covalent.,Incorrect. CO is a poor ? donor.,Metal-Ligand Bonding (? and ? interactions in complexes),"Sigma and Pi Bonding in Molecular Orbitals, Molecular Orbital Theory and Delocalization","[0.0, 0.0, 0.0, 0.0, 0.0, 0.0, 0.0, 0.0, 0.0, 1.0, 0.0, 0.0, 0.0, 0.0, 0.0, 0.0, 0.0, 0.8, 0.0, 0.0, 0.0, 0.0, 0.0, 0.0, 0.0, 0.0, 0.0, 0.0, 0.0, 0.0, 0.0, 0.0, 0.0, 0.0, 0.0, 0.0, 0.0, 0.0, 0.0, 0.0, 0.0, 0.0, 0.0, 0.0, 0.0, 0.0, 0.0, 0.0, 0.0, 0.0, 0.0, 0.0, 0.0, 0.0, 0.0, 0.0, 0.0, 1.2]",1.5,1,"[0, 0, 0, 0, 0, 0, 0, 0, 0, 0, 0, 0, 0, 0, 0]","[0, 0, 0, 0, 0, 0, 0, 0, 0, 0, 0, 0, 1, 0, 0]","[1, 0, 0, 0, 0, 0, 0, 0, 0, 0, 0, 0, 0, 0, 0]","[0, 0, 0, 0, 0, 0, 1, 0, 0, 0, 0, 0, 0, 0, 0]",0.4916,0.3904
MetalLigandBond_06,Which of the following ligands is a ? donor and typically weak field?,CN?,CO,F?,PPh?,Incorrect. CN? is ? acceptor (strong field).,Incorrect. CO is ? acceptor (strong field).,"Correct. F? has filled p-orbitals that can donate electron density into the metal t?g orbitals, raising their energy and reducing ?? (weak field).",Incorrect. PPh? is a ? acceptor (strong field).,Metal-Ligand Bonding (? and ? interactions in complexes),"Sigma and Pi Bonding in Molecular Orbitals, Molecular Orbital Theory and Delocalization","[0.0, 0.0, 0.0, 0.0, 0.0, 0.0, 0.0, 0.0, 0.0, 1.0, 0.0, 0.0, 0.0, 0.0, 0.0, 0.0, 0.0, 0.5, 0.0, 0.0, 0.0, 0.0, 0.0, 0.0, 0.0, 0.0, 0.0, 0.0, 0.0, 0.0, 0.0, 0.0, 0.0, 0.0, 0.0, 0.0, 0.0, 0.0, 0.0, 0.0, 0.0, 0.0, 0.0, 0.0, 0.0, 0.0, 0.0, 0.0, 0.0, 0.0, 0.0, 0.0, 0.0, 0.0, 0.0, 0.0, 0.0, 1.2]",1.4,3,"[0, 0, 0, 0, 0, 0, 0, 0, 0, 0, 0, 1, 0, 0, 0]","[0, 0, 0, 0, 0, 0, 0, 0, 0, 0, 0, 0, 1, 0, 0]","[0, 0, 0, 0, 0, 0, 0, 0, 0, 0, 0, 0, 0, 0, 0]","[0, 0, 0, 0, 0, 0, 1, 0, 0, 0, 0, 0, 0, 0, 0]",0.4451,0.3195
MetalLigandBond_08,The C?O stretching frequency in IR spectroscopy is lower in metal carbonyls compared to free CO because:,"? back-bonding from metal to CO populates the ?* orbital of CO, reducing its bond order.",CO is linear in complexes.,The metal atom is small.,? donation from CO to metal increases the C?O bond order.,"Correct. Back-bonding adds electron density into the antibonding ?* orbital of CO, weakening the C?O bond and lowering its stretching frequency.",Incorrect. It remains essentially linear.,Incorrect. Size is not the direct cause.,"Incorrect. ? donation would slightly weaken the C?O bond as well, but the major effect is ? back-bonding.",Metal-Ligand Bonding (? and ? interactions in complexes),"Sigma and Pi Bonding in Molecular Orbitals, Molecular Orbital Theory and Delocalization","[0.0, 0.0, 0.0, 0.0, 0.0, 0.0, 0.0, 0.0, 0.0, 1.0, 0.0, 0.0, 0.0, 0.0, 0.0, 0.0, 0.0, 0.8, 0.0, 0.0, 0.0, 0.0, 0.0, 0.0, 0.0, 0.0, 0.0, 0.0, 0.0, 0.0, 0.0, 0.0, 0.0, 0.0, 0.0, 0.0, 0.0, 0.0, 0.0, 0.0, 0.0, 0.0, 0.0, 0.0, 0.0, 0.0, 0.0, 0.0, 0.0, 0.0, 0.0, 0.0, 0.0, 0.0, 0.0, 0.0, 0.0, 1.2]",1.5,1,"[0, 0, 0, 0, 0, 0, 0, 0, 0, 0, 0, 0, 0, 0, 0]","[0, 0, 0, 0, 0, 0, 0, 0, 0, 0, 0, 0, 1, 0, 0]","[1, 0, 0, 0, 0, 0, 0, 0, 0, 0, 0, 0, 0, 0, 0]","[0, 0, 0, 0, 0, 0, 1, 0, 0, 0, 0, 0, 0, 0, 0]",0.7144,0.3419
MetalLigandBond_09,"In the complex [PtCl?]?? (square planar), the Pt?Cl bonds are primarily:",Ionic,? bonds only,? bonds formed by donation from Cl? lone pairs to Pt orbitals,? back-bonds from Pt to Cl,Incorrect. Covalent character is significant.,Incorrect. ? bonding is present but not primary.,"Correct. Cl? donates its lone pairs into ?-type orbitals of Pt??; ? donation from Cl to Pt is also possible, but the primary bond is ?.","Incorrect. Pt is in +2 oxidation state, not a strong ? donor to Cl.",Metal-Ligand Bonding (? and ? interactions in complexes),"Sigma and Pi Bonding in Molecular Orbitals, Molecular Orbital Theory and Delocalization","[0.0, 0.0, 0.0, 0.0, 0.0, 0.0, 0.0, 0.0, 0.0, 1.0, 0.0, 0.0, 0.0, 0.0, 0.0, 0.0, 0.0, 0.5, 0.0, 0.0, 0.0, 0.0, 0.0, 0.0, 0.0, 0.0, 0.0, 0.0, 0.0, 0.0, 0.0, 0.0, 0.0, 0.0, 0.0, 0.0, 0.0, 0.0, 0.0, 0.0, 0.0, 0.0, 0.0, 0.0, 0.0, 0.0, 0.0, 0.0, 0.0, 0.0, 0.0, 0.0, 0.0, 0.0, 0.0, 0.0, 0.0, 1.2]",1.4,3,"[0, 0, 0, 0, 0, 0, 0, 0, 0, 0, 0, 1, 0, 0, 0]","[0, 0, 0, 0, 0, 0, 0, 0, 0, 0, 0, 0, 1, 0, 0]","[0, 0, 0, 0, 0, 0, 0, 0, 0, 0, 0, 0, 0, 0, 0]","[0, 0, 0, 0, 0, 0, 1, 0, 0, 0, 0, 0, 0, 0, 0]",0.5243,0.4309
MetalLigandBond_10,Which of the following statements about metal-ligand ? bonding is correct?,Both types increase splitting.,? acceptor ligands increase crystal field splitting; ? donor ligands decrease it.,? donor ligands increase crystal field splitting; ? acceptor ligands decrease it.,Neither type affects splitting.,Incorrect. They have opposite effects.,"Correct. ? acceptors stabilize t?g (lower energy, increase ?); ? donors destabilize t?g (raise energy, decrease ?).",Incorrect. This is the reverse.,Incorrect. They significantly affect ?.,Metal-Ligand Bonding (? and ? interactions in complexes),"Spectrochemical Series, Crystal Field Splitting in Octahedral Field","[0.0, 0.0, 0.0, 0.0, 0.0, 0.0, 0.0, 0.0, 0.0, 0.0, 0.0, 0.0, 0.0, 0.0, 0.0, 0.0, 0.0, 0.0, 0.0, 0.0, 0.0, 0.0, 0.0, 0.0, 0.0, 0.0, 0.0, 0.0, 0.0, 0.0, 0.0, 0.0, 0.0, 0.0, 0.0, 0.0, 0.0, 0.0, 0.0, 0.0, 1.0, 0.8, 0.0, 0.0, 0.0, 0.0, 0.0, 0.0, 0.0, 0.0, 0.0, 0.0, 0.0, 0.0, 0.0, 0.0, 0.0, 1.2]",1.5,2,"[0, 0, 0, 0, 0, 0, 0, 0, 0, 0, 0, 1, 0, 0, 0]","[0, 0, 0, 0, 0, 0, 0, 0, 0, 0, 0, 0, 0, 0, 0]","[1, 0, 0, 0, 0, 0, 0, 0, 0, 0, 0, 0, 0, 0, 0]","[0, 0, 0, 0, 0, 0, 1, 0, 0, 0, 0, 0, 0, 0, 0]",0.7021,0.315
