item_id,concept,concept_id,prereqs,prereq_ids,question_type,difficulty_tier,correct_option,a1,a2,a3,d_param,skill_dim1,skill_dim2,skill_dim3,entrapment_index,semantic_entrapment,empirical_entrapment,ambiguity_index,c_j,estimated_time_sec,item_exposure_limit,status,content_validated,misconception_validated,version
NCERT_EffNucCharge_01,Effective Nuclear Charge,Effective Nuclear Charge,None (Foundation Concept),None (Foundation Concept),conceptual,easy,3,2.0,0.5,0.5,-1.2,1,0,0,0.0667,0.0667,0.0,0.0,0.2173,100,150,reviewed,True,True,1.0
NCERT_EffNucCharge_02,Effective Nuclear Charge,Effective Nuclear Charge,None (Foundation Concept),None (Foundation Concept),conceptual,easy,3,1.8,0.8,0.5,-1.0,1,0,0,0.0667,0.0667,0.0,0.0,0.2173,100,150,reviewed,True,True,1.0
NCERT_EffNucCharge_03,Effective Nuclear Charge,Effective Nuclear Charge,None (Foundation Concept),None (Foundation Concept),conceptual,core,3,1.5,1.0,0.5,-0.8,1,0,0,0.0667,0.0667,0.0,0.0,0.2173,110,100,reviewed,True,True,1.0
NCERT_EffNucCharge_04,Effective Nuclear Charge,Effective Nuclear Charge,None (Foundation Concept),None (Foundation Concept),conceptual,easy,2,1.5,1.0,0.5,-1.1,1,0,0,0.0667,0.0667,0.0,0.0,0.2173,60,150,reviewed,True,True,1.0
NCERT_EffNucCharge_05,Effective Nuclear Charge,Effective Nuclear Charge,None (Foundation Concept),None (Foundation Concept),conceptual,easy,3,1.5,1.0,1.0,-1.0,1,0,0,0.0667,0.0667,0.0,0.0,0.2173,60,150,reviewed,True,True,1.0
NCERT_EffNucCharge_06,Effective Nuclear Charge,Effective Nuclear Charge,None (Foundation Concept),None (Foundation Concept),conceptual,core,4,1.5,1.0,0.8,-0.9,1,0,0,0.0667,0.0667,0.0,0.0,0.2173,120,100,reviewed,True,True,1.0
NCERT_EffNucCharge_07,Effective Nuclear Charge,Effective Nuclear Charge,None (Foundation Concept),None (Foundation Concept),conceptual,easy,2,1.5,0.8,0.5,-1.0,1,0,0,0.0667,0.0667,0.0,0.0,0.2173,95,150,reviewed,True,True,1.0
NCERT_EffNucCharge_08,Effective Nuclear Charge,Effective Nuclear Charge,None (Foundation Concept),None (Foundation Concept),conceptual,easy,2,1.5,1.0,0.5,-1.0,1,0,0,0.0667,0.0667,0.0,0.0,0.2173,65,150,reviewed,True,True,1.0
NCERT_EffNucCharge_09,Effective Nuclear Charge,Effective Nuclear Charge,None (Foundation Concept),None (Foundation Concept),numerical,core,2,2.0,0.5,1.0,-0.8,1,0,0,0.0667,0.0667,0.0,0.0,0.2173,65,100,reviewed,True,True,1.0
NCERT_EffNucCharge_10,Effective Nuclear Charge,Effective Nuclear Charge,None (Foundation Concept),None (Foundation Concept),conceptual,easy,3,1.5,1.0,0.8,-1.2,1,0,0,0.0667,0.0667,0.0,0.0,0.2173,70,150,reviewed,True,True,1.0
NCERT_Shielding_01,Shielding Effect,Shielding Effect,None (Foundation Concept),None (Foundation Concept),conceptual,easy,4,1.8,0.5,0.5,-1.2,0,1,0,0.0667,0.0667,0.0,0.0,0.2173,90,150,reviewed,True,True,1.0
NCERT_Shielding_02,Shielding Effect,Shielding Effect,None (Foundation Concept),None (Foundation Concept),conceptual,easy,3,1.5,0.8,0.5,-1.1,0,1,0,0.0667,0.0667,0.0,0.0,0.2173,50,150,reviewed,True,True,1.0
NCERT_Shielding_03,Shielding Effect,Shielding Effect,None (Foundation Concept),None (Foundation Concept),conceptual,easy,4,1.5,0.8,0.5,-1.0,0,1,0,0.0667,0.0667,0.0,0.0,0.2173,65,150,reviewed,True,True,1.0
NCERT_Shielding_04,Shielding Effect,Shielding Effect,None (Foundation Concept),None (Foundation Concept),conceptual,easy,4,1.5,0.8,0.5,-1.0,0,1,0,0.0667,0.0667,0.0,0.0,0.2173,95,150,reviewed,True,True,1.0
NCERT_Shielding_05,Shielding Effect,Shielding Effect,None (Foundation Concept),None (Foundation Concept),conceptual,core,3,1.2,0.8,0.5,-0.9,0,1,0,0.0667,0.0667,0.0,0.0,0.2173,120,100,reviewed,True,True,1.0
NCERT_Shielding_06,Shielding Effect,Shielding Effect,None (Foundation Concept),None (Foundation Concept),conceptual,core,1,2.0,0.8,0.5,-0.8,0,1,0,0.0667,0.0667,0.0,0.0,0.2173,80,100,reviewed,True,True,1.0
NCERT_Shielding_07,Shielding Effect,Shielding Effect,None (Foundation Concept),None (Foundation Concept),conceptual,easy,3,1.2,1.0,0.8,-1.0,0,1,0,0.0667,0.0667,0.0,0.0,0.2173,75,150,reviewed,True,True,1.0
NCERT_Shielding_08,Shielding Effect,Shielding Effect,None (Foundation Concept),None (Foundation Concept),conceptual,core,2,1.0,1.2,0.5,-0.7,0,1,0,0.0667,0.0667,0.0,0.0,0.2173,75,100,reviewed,True,True,1.0
NCERT_Shielding_09,Shielding Effect,Shielding Effect,None (Foundation Concept),None (Foundation Concept),conceptual,easy,1,1.5,0.5,0.5,-1.0,0,1,0,0.0667,0.0667,0.0,0.0,0.2173,95,150,reviewed,True,True,1.0
NCERT_Shielding_10,Shielding Effect,Shielding Effect,None (Foundation Concept),None (Foundation Concept),conceptual,easy,1,1.2,1.0,0.5,-1.2,0,1,0,0.0667,0.0667,0.0,0.0,0.2173,75,150,reviewed,True,True,1.0
NCERT_OrbitalPen_01,Orbital Penetration,Orbital Penetration,None (Foundation Concept),None (Foundation Concept),conceptual,easy,4,1.8,0.5,0.5,-1.2,0,0,1,0.0667,0.0667,0.0,0.0,0.2173,95,150,reviewed,True,True,1.0
NCERT_OrbitalPen_02,Orbital Penetration,Orbital Penetration,None (Foundation Concept),None (Foundation Concept),conceptual,easy,2,1.2,0.8,0.5,-1.0,0,0,1,0.0667,0.0667,0.0,0.0,0.2173,40,150,reviewed,True,True,1.0
NCERT_OrbitalPen_03,Orbital Penetration,Orbital Penetration,None (Foundation Concept),None (Foundation Concept),conceptual,easy,2,1.2,1.0,0.5,-1.2,0,0,1,0.0667,0.0667,0.0,0.0,0.2173,70,150,reviewed,True,True,1.0
NCERT_OrbitalPen_04,Orbital Penetration,Orbital Penetration,None (Foundation Concept),None (Foundation Concept),conceptual,core,3,1.5,0.8,1.0,-0.8,0,0,1,0.0667,0.0667,0.0,0.0,0.2173,70,100,reviewed,True,True,1.0
NCERT_OrbitalPen_05,Orbital Penetration,Orbital Penetration,None (Foundation Concept),None (Foundation Concept),conceptual,easy,1,1.2,0.8,0.5,-1.0,0,0,1,0.0667,0.0667,0.0,0.0,0.2173,100,150,reviewed,True,True,1.0
NCERT_OrbitalPen_06,Orbital Penetration,Orbital Penetration,None (Foundation Concept),None (Foundation Concept),conceptual,easy,3,1.5,0.8,0.5,-1.0,0,0,1,0.0667,0.0667,0.0,0.0,0.2173,70,150,reviewed,True,True,1.0
NCERT_OrbitalPen_07,Orbital Penetration,Orbital Penetration,None (Foundation Concept),None (Foundation Concept),conceptual,core,3,1.5,1.0,0.8,-0.9,0,0,1,0.0667,0.0667,0.0,0.0,0.2173,125,100,reviewed,True,True,1.0
NCERT_OrbitalPen_08,Orbital Penetration,Orbital Penetration,None (Foundation Concept),None (Foundation Concept),conceptual,easy,4,1.2,1.0,0.5,-1.2,0,0,1,0.0667,0.0667,0.0,0.0,0.2173,80,150,reviewed,True,True,1.0
NCERT_OrbitalPen_09,Orbital Penetration,Orbital Penetration,None (Foundation Concept),None (Foundation Concept),conceptual,core,2,1.2,1.0,0.5,-0.9,0,0,1,0.0667,0.0667,0.0,0.0,0.2173,130,100,reviewed,True,True,1.0
NCERT_OrbitalPen_10,Orbital Penetration,Orbital Penetration,None (Foundation Concept),None (Foundation Concept),conceptual,easy,1,1.5,0.5,0.8,-1.0,0,0,1,0.0667,0.0667,0.0,0.0,0.2173,80,150,reviewed,True,True,1.0
NCERT_ElecRep_01,Electron-Electron Repulsion,Electron-Electron Repulsion,None (Foundation Concept),None (Foundation Concept),conceptual,easy,3,1.8,0.5,0.5,-1.2,1,0,0,0.0667,0.0667,0.0,0.0,0.2173,85,150,reviewed,True,True,1.0
NCERT_ElecRep_02,Electron-Electron Repulsion,Electron-Electron Repulsion,None (Foundation Concept),None (Foundation Concept),conceptual,easy,3,1.5,0.8,0.5,-1.0,1,0,0,0.0667,0.0667,0.0,0.0,0.2173,80,150,reviewed,True,True,1.0
NCERT_ElecRep_03,Electron-Electron Repulsion,Electron-Electron Repulsion,None (Foundation Concept),None (Foundation Concept),conceptual,easy,1,1.5,1.0,0.8,-1.0,1,0,0,0.0667,0.0667,0.0,0.0,0.2173,90,150,reviewed,True,True,1.0
NCERT_ElecRep_04,Electron-Electron Repulsion,Electron-Electron Repulsion,None (Foundation Concept),None (Foundation Concept),conceptual,easy,1,1.2,0.8,0.8,-1.0,1,0,0,0.0667,0.0667,0.0,0.0,0.2173,105,150,reviewed,True,True,1.0
NCERT_ElecRep_05,Electron-Electron Repulsion,Electron-Electron Repulsion,None (Foundation Concept),None (Foundation Concept),conceptual,core,4,1.5,1.0,1.2,-0.7,1,0,0,0.0667,0.0667,0.0,0.0,0.2173,95,100,reviewed,True,True,1.0
NCERT_ElecRep_06,Electron-Electron Repulsion,Electron-Electron Repulsion,None (Foundation Concept),None (Foundation Concept),conceptual,easy,2,1.0,1.2,0.5,-1.1,1,0,0,0.0667,0.0667,0.0,0.0,0.2173,55,150,reviewed,True,True,1.0
NCERT_ElecRep_07,Electron-Electron Repulsion,Electron-Electron Repulsion,None (Foundation Concept),None (Foundation Concept),conceptual,easy,1,1.2,0.8,0.5,-1.0,1,0,0,0.0667,0.0667,0.0,0.0,0.2173,65,150,reviewed,True,True,1.0
NCERT_ElecRep_08,Electron-Electron Repulsion,Electron-Electron Repulsion,None (Foundation Concept),None (Foundation Concept),conceptual,core,2,1.5,0.8,0.5,-0.9,1,0,0,0.0667,0.0667,0.0,0.0,0.2173,110,100,reviewed,True,True,1.0
NCERT_ElecRep_09,Electron-Electron Repulsion,Electron-Electron Repulsion,None (Foundation Concept),None (Foundation Concept),conceptual,easy,2,1.2,1.0,0.8,-1.0,1,0,0,0.0667,0.0667,0.0,0.0,0.2173,80,150,reviewed,True,True,1.0
NCERT_ElecRep_10,Electron-Electron Repulsion,Electron-Electron Repulsion,None (Foundation Concept),None (Foundation Concept),conceptual,easy,1,1.5,0.8,0.5,-1.0,1,0,0,0.0667,0.0667,0.0,0.0,0.2173,90,150,reviewed,True,True,1.0
NCERT_EnergySplit_01,Energy Level Splitting in Atomic Orbitals,Energy Level Splitting in Atomic Orbitals,None (Foundation Concept),None (Foundation Concept),conceptual,easy,4,1.5,0.5,0.5,-1.2,1,0,0,0.0667,0.0667,0.0,0.0,0.2173,90,150,reviewed,True,True,1.0
NCERT_EnergySplit_02,Energy Level Splitting in Atomic Orbitals,Energy Level Splitting in Atomic Orbitals,None (Foundation Concept),None (Foundation Concept),conceptual,easy,2,1.5,0.8,0.5,-1.0,1,0,0,0.0667,0.0667,0.0,0.0,0.2173,90,150,reviewed,True,True,1.0
NCERT_EnergySplit_03,Energy Level Splitting in Atomic Orbitals,Energy Level Splitting in Atomic Orbitals,None (Foundation Concept),None (Foundation Concept),conceptual,easy,4,1.2,1.0,0.5,-1.2,1,0,0,0.0667,0.0667,0.0,0.0,0.2173,85,150,reviewed,True,True,1.0
NCERT_EnergySplit_04,Energy Level Splitting in Atomic Orbitals,Energy Level Splitting in Atomic Orbitals,None (Foundation Concept),None (Foundation Concept),conceptual,easy,4,1.5,0.5,0.5,-1.0,1,0,0,0.0667,0.0667,0.0,0.0,0.2173,65,150,reviewed,True,True,1.0
NCERT_EnergySplit_05,Energy Level Splitting in Atomic Orbitals,Energy Level Splitting in Atomic Orbitals,None (Foundation Concept),None (Foundation Concept),conceptual,easy,3,1.2,0.8,0.5,-1.0,1,0,0,0.0667,0.0667,0.0,0.0,0.2173,100,150,reviewed,True,True,1.0
NCERT_EnergySplit_06,Energy Level Splitting in Atomic Orbitals,Energy Level Splitting in Atomic Orbitals,None (Foundation Concept),None (Foundation Concept),numerical,easy,2,1.2,1.0,0.8,-1.0,1,0,0,0.0667,0.0667,0.0,0.0,0.2173,70,150,reviewed,True,True,1.0
NCERT_EnergySplit_07,Energy Level Splitting in Atomic Orbitals,Energy Level Splitting in Atomic Orbitals,None (Foundation Concept),None (Foundation Concept),conceptual,core,4,1.5,1.0,0.8,-0.8,1,0,0,0.0667,0.0667,0.0,0.0,0.2173,90,100,reviewed,True,True,1.0
NCERT_EnergySplit_08,Energy Level Splitting in Atomic Orbitals,Energy Level Splitting in Atomic Orbitals,None (Foundation Concept),None (Foundation Concept),conceptual,core,4,1.5,0.8,0.5,-0.9,1,0,0,0.0667,0.0667,0.0,0.0,0.2173,115,100,reviewed,True,True,1.0
NCERT_EnergySplit_09,Energy Level Splitting in Atomic Orbitals,Energy Level Splitting in Atomic Orbitals,None (Foundation Concept),None (Foundation Concept),conceptual,easy,3,1.2,1.0,0.5,-1.0,1,0,0,0.0667,0.0667,0.0,0.0,0.2173,90,150,reviewed,True,True,1.0
NCERT_EnergySplit_10,Energy Level Splitting in Atomic Orbitals,Energy Level Splitting in Atomic Orbitals,None (Foundation Concept),None (Foundation Concept),conceptual,easy,1,1.2,1.0,0.8,-1.0,1,0,0,0.0667,0.0667,0.0,0.0,0.2173,55,150,reviewed,True,True,1.0
NCERT_ChargeDensity_01,Charge Density (Z/r) and Ionic Potential,Charge Density (Z/r) and Ionic Potential,None (Foundation Concept),None (Foundation Concept),conceptual,easy,4,1.5,0.5,0.5,-1.2,0,0,1,0.0667,0.0667,0.0,0.0,0.2173,70,150,reviewed,True,True,1.0
NCERT_ChargeDensity_02,Charge Density (Z/r) and Ionic Potential,Charge Density (Z/r) and Ionic Potential,None (Foundation Concept),None (Foundation Concept),conceptual,easy,2,1.0,1.5,0.5,-1.0,0,0,1,0.0667,0.0667,0.0,0.0,0.2173,45,150,reviewed,True,True,1.0
NCERT_ChargeDensity_03,Charge Density (Z/r) and Ionic Potential,Charge Density (Z/r) and Ionic Potential,None (Foundation Concept),None (Foundation Concept),conceptual,easy,4,1.2,0.8,0.5,-1.0,0,0,1,0.0667,0.0667,0.0,0.0,0.2173,55,150,reviewed,True,True,1.0
NCERT_ChargeDensity_04,Charge Density (Z/r) and Ionic Potential,Charge Density (Z/r) and Ionic Potential,None (Foundation Concept),None (Foundation Concept),conceptual,easy,1,1.5,1.0,0.8,-1.0,0,0,1,0.0667,0.0667,0.0,0.0,0.2173,85,150,reviewed,True,True,1.0
NCERT_ChargeDensity_05,Charge Density (Z/r) and Ionic Potential,Charge Density (Z/r) and Ionic Potential,None (Foundation Concept),None (Foundation Concept),conceptual,easy,3,1.2,1.0,0.5,-1.2,0,0,1,0.0667,0.0667,0.0,0.0,0.2173,50,150,reviewed,True,True,1.0
NCERT_ChargeDensity_06,Charge Density (Z/r) and Ionic Potential,Charge Density (Z/r) and Ionic Potential,None (Foundation Concept),None (Foundation Concept),conceptual,core,1,1.2,0.8,1.0,-0.9,0,0,1,0.0667,0.0667,0.0,0.0,0.2173,75,100,reviewed,True,True,1.0
NCERT_ChargeDensity_07,Charge Density (Z/r) and Ionic Potential,Charge Density (Z/r) and Ionic Potential,None (Foundation Concept),None (Foundation Concept),conceptual,easy,2,1.2,1.0,0.5,-1.0,0,0,1,0.0667,0.0667,0.0,0.0,0.2173,65,150,reviewed,True,True,1.0
NCERT_ChargeDensity_08,Charge Density (Z/r) and Ionic Potential,Charge Density (Z/r) and Ionic Potential,None (Foundation Concept),None (Foundation Concept),conceptual,core,3,1.5,1.0,0.8,-0.8,0,0,1,0.0667,0.0667,0.0,0.0,0.2173,65,100,reviewed,True,True,1.0
NCERT_ChargeDensity_09,Charge Density (Z/r) and Ionic Potential,Charge Density (Z/r) and Ionic Potential,None (Foundation Concept),None (Foundation Concept),conceptual,easy,4,1.2,1.0,0.5,-1.2,0,0,1,0.0667,0.0667,0.0,0.0,0.2173,80,150,reviewed,True,True,1.0
NCERT_ChargeDensity_10,Charge Density (Z/r) and Ionic Potential,Charge Density (Z/r) and Ionic Potential,None (Foundation Concept),None (Foundation Concept),conceptual,easy,3,1.2,0.8,0.5,-1.0,0,0,1,0.0667,0.0667,0.0,0.0,0.2173,60,150,reviewed,True,True,1.0
NCERT_Lattice_01,Lattice Energy,Lattice Energy,Charge Density (Z/r) and Ionic Potential,Charge Density (Z/r) and Ionic Potential,conceptual,easy,4,1.5,0.5,0.5,-1.2,0,0,1,0.0667,0.0667,0.0,0.0,0.2173,100,150,reviewed,True,True,1.0
NCERT_Lattice_02,Lattice Energy,Lattice Energy,Charge Density (Z/r) and Ionic Potential,Charge Density (Z/r) and Ionic Potential,conceptual,easy,1,1.5,1.0,0.5,-1.0,0,0,1,0.0667,0.0667,0.0,0.0,0.2173,75,150,reviewed,True,True,1.0
NCERT_Lattice_03,Lattice Energy,Lattice Energy,Charge Density (Z/r) and Ionic Potential,Charge Density (Z/r) and Ionic Potential,conceptual,core,3,1.0,1.0,1.0,0.0,0,0,1,0.0667,0.0667,0.0,0.0,0.2173,50,100,reviewed,True,True,1.0
NCERT_SigmaPi_02,Sigma and Pi Bonding in Molecular Orbitals,Sigma and Pi Bonding in Molecular Orbitals,None (Foundation Concept),None (Foundation Concept),conceptual,easy,1,1.5,1.0,0.5,-1.0,0,0,1,0.0667,0.0667,0.0,0.0,0.2173,60,150,reviewed,True,True,1.0
NCERT_SigmaPi_03,Sigma and Pi Bonding in Molecular Orbitals,Sigma and Pi Bonding in Molecular Orbitals,None (Foundation Concept),None (Foundation Concept),conceptual,easy,3,1.5,0.8,0.5,-1.0,0,0,1,0.0667,0.0667,0.0,0.0,0.2173,80,150,reviewed,True,True,1.0
NCERT_SigmaPi_04,Sigma and Pi Bonding in Molecular Orbitals,Sigma and Pi Bonding in Molecular Orbitals,None (Foundation Concept),None (Foundation Concept),conceptual,easy,1,1.2,1.0,0.5,-1.2,0,0,1,0.0667,0.0667,0.0,0.0,0.2173,55,150,reviewed,True,True,1.0
NCERT_SigmaPi_05,Sigma and Pi Bonding in Molecular Orbitals,Sigma and Pi Bonding in Molecular Orbitals,None (Foundation Concept),None (Foundation Concept),conceptual,easy,1,1.0,1.2,0.8,-1.0,0,0,1,0.0667,0.0667,0.0,0.0,0.2173,45,150,reviewed,True,True,1.0
NCERT_SigmaPi_06,Sigma and Pi Bonding in Molecular Orbitals,Sigma and Pi Bonding in Molecular Orbitals,None (Foundation Concept),None (Foundation Concept),conceptual,easy,3,1.5,0.8,0.5,-1.1,0,0,1,0.0667,0.0667,0.0,0.0,0.2173,65,150,reviewed,True,True,1.0
NCERT_SigmaPi_07,Sigma and Pi Bonding in Molecular Orbitals,Sigma and Pi Bonding in Molecular Orbitals,None (Foundation Concept),None (Foundation Concept),conceptual,easy,2,1.2,1.0,0.5,-1.0,0,0,1,0.0667,0.0667,0.0,0.0,0.2173,50,150,reviewed,True,True,1.0
NCERT_SigmaPi_08,Sigma and Pi Bonding in Molecular Orbitals,Sigma and Pi Bonding in Molecular Orbitals,None (Foundation Concept),None (Foundation Concept),conceptual,easy,3,1.5,0.8,0.5,-1.0,0,0,1,0.0667,0.0667,0.0,0.0,0.2173,75,150,reviewed,True,True,1.0
NCERT_SigmaPi_09,Sigma and Pi Bonding in Molecular Orbitals,Sigma and Pi Bonding in Molecular Orbitals,None (Foundation Concept),None (Foundation Concept),conceptual,easy,4,1.2,1.0,0.5,-1.0,0,0,1,0.0667,0.0667,0.0,0.0,0.2173,95,150,reviewed,True,True,1.0
NCERT_SigmaPi_10,Sigma and Pi Bonding in Molecular Orbitals,Sigma and Pi Bonding in Molecular Orbitals,None (Foundation Concept),None (Foundation Concept),conceptual,easy,1,1.0,1.2,0.8,-1.0,0,0,1,0.0667,0.0667,0.0,0.0,0.2173,70,150,reviewed,True,True,1.0
NCERT_AtomicRadius_01,Atomic Radius Trend,Atomic Radius Trend,None (Foundation Concept),None (Foundation Concept),conceptual,core,4,1.8,0.5,0.5,-0.8,1,0,0,0.0667,0.0667,0.0,0.0,0.2173,110,100,reviewed,True,True,1.0
NCERT_AtomicRadius_02,Atomic Radius Trend,Atomic Radius Trend,"Effective Nuclear Charge, Shielding Effect","Effective Nuclear Charge, Shielding Effect",conceptual,core,2,1.5,1.0,0.5,-0.5,1,0,0,0.0667,0.0667,0.0,0.0,0.2173,125,100,reviewed,True,True,1.0
NCERT_AtomicRadius_03,Atomic Radius Trend,Atomic Radius Trend,"Effective Nuclear Charge, Shielding Effect","Effective Nuclear Charge, Shielding Effect",conceptual,core,4,1.2,1.0,0.5,-0.5,1,0,0,0.0667,0.0667,0.0,0.0,0.2173,110,100,reviewed,True,True,1.0
NCERT_AtomicRadius_04,Atomic Radius Trend,Atomic Radius Trend,"Effective Nuclear Charge, Shielding Effect","Effective Nuclear Charge, Shielding Effect",conceptual,core,3,1.2,1.0,0.5,-0.6,1,0,0,0.0667,0.0667,0.0,0.0,0.2173,115,100,reviewed,True,True,1.0
NCERT_AtomicRadius_05,Atomic Radius Trend,Atomic Radius Trend,None (Foundation Concept),None (Foundation Concept),conceptual,core,4,1.0,1.2,0.5,-0.4,1,0,0,0.0667,0.0667,0.0,0.0,0.2173,95,100,reviewed,True,True,1.0
NCERT_AtomicRadius_06,Atomic Radius Trend,Atomic Radius Trend,"Effective Nuclear Charge, Shielding Effect","Effective Nuclear Charge, Shielding Effect",conceptual,core,2,1.2,0.8,0.5,-0.5,1,0,0,0.0667,0.0667,0.0,0.0,0.2173,100,100,reviewed,True,True,1.0
NCERT_AtomicRadius_07,Atomic Radius Trend,Atomic Radius Trend,"Effective Nuclear Charge, Shielding Effect","Effective Nuclear Charge, Shielding Effect",conceptual,core,2,1.5,0.8,1.0,-0.2,1,0,0,0.0667,0.0667,0.0,0.0,0.2173,100,100,reviewed,True,True,1.0
NCERT_AtomicRadius_08,Atomic Radius Trend,Atomic Radius Trend,Effective Nuclear Charge,Effective Nuclear Charge,conceptual,core,4,1.2,1.0,0.8,-0.3,1,0,0,0.0667,0.0667,0.0,0.0,0.2173,100,100,reviewed,True,True,1.0
NCERT_AtomicRadius_09,Atomic Radius Trend,Atomic Radius Trend,None (Foundation Concept),None (Foundation Concept),conceptual,core,4,1.2,1.0,0.5,-0.6,1,0,0,0.0667,0.0667,0.0,0.0,0.2173,60,100,reviewed,True,True,1.0
NCERT_AtomicRadius_10,Atomic Radius Trend,Atomic Radius Trend,"Effective Nuclear Charge, Shielding Effect","Effective Nuclear Charge, Shielding Effect",conceptual,core,1,1.0,1.0,1.0,0.0,0,1,0,0.0667,0.0667,0.0,0.0,0.2173,55,100,reviewed,True,True,1.0
NCERT_IonizationEnthalpy_01,Ionization Enthalpy Trend,Ionization Enthalpy Trend,"Effective Nuclear Charge, Atomic Radius Trend","Effective Nuclear Charge, Atomic Radius Trend",conceptual,core,2,1.8,0.5,0.5,-0.5,0,0,1,0.0667,0.0667,0.0,0.0,0.2173,100,100,reviewed,True,True,1.0
NCERT_IonizationEnthalpy_02,Ionization Enthalpy Trend,Ionization Enthalpy Trend,"Effective Nuclear Charge, Atomic Radius Trend","Effective Nuclear Charge, Atomic Radius Trend",conceptual,core,2,1.5,1.0,0.5,-0.4,0,0,1,0.0667,0.0667,0.0,0.0,0.2173,110,100,reviewed,True,True,1.0
NCERT_IonizationEnthalpy_03,Ionization Enthalpy Trend,Ionization Enthalpy Trend,"Effective Nuclear Charge, Atomic Radius Trend, Exchange Energy and Half-Filled Shell Stability","Effective Nuclear Charge, Atomic Radius Trend, Exchange Energy and Half-Filled Shell Stability",conceptual,core,1,1.5,1.0,1.0,-0.3,0,0,1,0.0667,0.0667,0.0,0.0,0.2173,100,100,reviewed,True,True,1.0
NCERT_IonizationEnthalpy_04,Ionization Enthalpy Trend,Ionization Enthalpy Trend,"Effective Nuclear Charge, Atomic Radius Trend, Exchange Energy and Half-Filled Shell Stability","Effective Nuclear Charge, Atomic Radius Trend, Exchange Energy and Half-Filled Shell Stability",conceptual,core,4,1.2,1.2,0.5,-0.2,0,0,1,0.0667,0.0667,0.0,0.0,0.2173,90,100,reviewed,True,True,1.0
NCERT_IonizationEnthalpy_05,Ionization Enthalpy Trend,Ionization Enthalpy Trend,"Effective Nuclear Charge, Atomic Radius Trend, Exchange Energy and Half-Filled Shell Stability","Effective Nuclear Charge, Atomic Radius Trend, Exchange Energy and Half-Filled Shell Stability",conceptual,core,3,1.2,1.0,0.8,-0.3,0,0,1,0.0667,0.0667,0.0,0.0,0.2173,110,100,reviewed,True,True,1.0
NCERT_IonizationEnthalpy_06,Ionization Enthalpy Trend,Ionization Enthalpy Trend,"Effective Nuclear Charge, Shielding Effect, Orbital Penetration","Effective Nuclear Charge, Shielding Effect, Orbital Penetration",conceptual,core,3,1.5,1.0,1.0,0.0,0,0,1,0.0667,0.0667,0.0,0.0,0.2173,110,100,reviewed,True,True,1.0
NCERT_IonizationEnthalpy_07,Ionization Enthalpy Trend,Ionization Enthalpy Trend,"Effective Nuclear Charge, Atomic Radius Trend","Effective Nuclear Charge, Atomic Radius Trend",conceptual,core,3,1.0,1.2,0.5,-0.4,0,0,1,0.0667,0.0667,0.0,0.0,0.2173,60,100,reviewed,True,True,1.0
NCERT_IonizationEnthalpy_08,Ionization Enthalpy Trend,Ionization Enthalpy Trend,"Effective Nuclear Charge, Atomic Radius Trend","Effective Nuclear Charge, Atomic Radius Trend",conceptual,core,1,1.2,0.8,0.5,-0.5,0,0,1,0.0667,0.0667,0.0,0.0,0.2173,110,100,reviewed,True,True,1.0
NCERT_IonizationEnthalpy_09,Third Ionization Enthalpy Anomalies,Third Ionization Enthalpy Anomalies,"Ionization Enthalpy, Electronic Configuration Stability","Ionization Enthalpy, Electronic Configuration Stability",conceptual,core,3,1.0,1.0,1.0,0.0,1,0,0,0.0667,0.0667,0.0,0.0,0.2173,50,100,reviewed,True,True,1.0
NCERT_IonizationEnthalpy_10,Ionization Enthalpy Trend,Ionization Enthalpy Trend,"Effective Nuclear Charge, Atomic Radius Trend, Exchange Energy and Half-Filled Shell Stability","Effective Nuclear Charge, Atomic Radius Trend, Exchange Energy and Half-Filled Shell Stability",conceptual,core,2,1.2,1.0,1.0,-0.3,0,0,1,0.0667,0.0667,0.0,0.0,0.2173,110,100,reviewed,True,True,1.0
NCERT_ElectronGainEnthalpy_01,Electron Gain Enthalpy Trend,Electron Gain Enthalpy Trend,"Effective Nuclear Charge, Atomic Radius Trend","Effective Nuclear Charge, Atomic Radius Trend",conceptual,core,3,1.8,0.5,0.5,-0.5,1,0,0,0.0667,0.0667,0.0,0.0,0.2173,110,100,reviewed,True,True,1.0
NCERT_ElectronGainEnthalpy_02,Electron Gain Enthalpy Trend,Electron Gain Enthalpy Trend,"Effective Nuclear Charge, Atomic Radius Trend","Effective Nuclear Charge, Atomic Radius Trend",conceptual,core,3,1.5,1.0,0.5,-0.4,1,0,0,0.0667,0.0667,0.0,0.0,0.2173,110,100,reviewed,True,True,1.0
NCERT_ElectronGainEnthalpy_03,Electron Gain Enthalpy Trend,Electron Gain Enthalpy Trend,"Effective Nuclear Charge, Atomic Radius Trend, Electron-Electron Repulsion","Effective Nuclear Charge, Atomic Radius Trend, Electron-Electron Repulsion",conceptual,core,4,1.5,1.0,1.0,-0.2,1,0,0,0.0667,0.0667,0.0,0.0,0.2173,100,100,reviewed,True,True,1.0
NCERT_ElectronGainEnthalpy_04,Electron Gain Enthalpy Trend,Electron Gain Enthalpy Trend,"Effective Nuclear Charge, Atomic Radius Trend","Effective Nuclear Charge, Atomic Radius Trend",conceptual,core,4,1.0,1.2,0.5,-0.4,1,0,0,0.0667,0.0667,0.0,0.0,0.2173,65,100,reviewed,True,True,1.0
NCERT_ElectronGainEnthalpy_05,Electron Gain Enthalpy Trend,Electron Gain Enthalpy Trend,"Effective Nuclear Charge, Atomic Radius Trend","Effective Nuclear Charge, Atomic Radius Trend",conceptual,core,3,1.5,1.0,0.8,-0.3,1,0,0,0.0667,0.0667,0.0,0.0,0.2173,105,100,reviewed,True,True,1.0
NCERT_ElectronGainEnthalpy_06,Electron Gain Enthalpy Trend,Electron Gain Enthalpy Trend,"Effective Nuclear Charge, Atomic Radius Trend, Electron-Electron Repulsion","Effective Nuclear Charge, Atomic Radius Trend, Electron-Electron Repulsion",conceptual,core,2,1.2,1.0,0.8,-0.3,1,0,0,0.0667,0.0667,0.0,0.0,0.2173,100,100,reviewed,True,True,1.0
NCERT_ElectronGainEnthalpy_07,Electron Gain Enthalpy Trend,Electron Gain Enthalpy Trend,"Effective Nuclear Charge, Atomic Radius Trend","Effective Nuclear Charge, Atomic Radius Trend",conceptual,core,3,1.0,1.2,0.5,-0.4,1,0,0,0.0667,0.0667,0.0,0.0,0.2173,95,100,reviewed,True,True,1.0
NCERT_ElectronGainEnthalpy_08,Electron Gain Enthalpy Trend,Electron Gain Enthalpy Trend,Electron-Electron Repulsion,Electron-Electron Repulsion,conceptual,core,1,1.5,1.0,0.5,-0.5,1,0,0,0.0667,0.0667,0.0,0.0,0.2173,105,100,reviewed,True,True,1.0
NCERT_ElectronGainEnthalpy_09,Electron Gain Enthalpy Trend,Electron Gain Enthalpy Trend,"Effective Nuclear Charge, Atomic Radius Trend","Effective Nuclear Charge, Atomic Radius Trend",conceptual,core,1,1.0,1.2,0.5,-0.5,1,0,0,0.0667,0.0667,0.0,0.0,0.2173,75,100,reviewed,True,True,1.0
NCERT_ElectronGainEnthalpy_10,Electron Gain Enthalpy Trend,Electron Gain Enthalpy Trend,"Effective Nuclear Charge, Atomic Radius Trend, Exchange Energy and Half-Filled Shell Stability","Effective Nuclear Charge, Atomic Radius Trend, Exchange Energy and Half-Filled Shell Stability",conceptual,core,1,1.2,1.0,1.0,-0.2,1,0,0,0.0667,0.0667,0.0,0.0,0.2173,100,100,reviewed,True,True,1.0
NCERT_Electroneg_01,Electronegativity Trend,Electronegativity Trend,"Effective Nuclear Charge, Atomic Radius Trend","Effective Nuclear Charge, Atomic Radius Trend",conceptual,core,3,1.8,0.5,0.5,-0.4,1,0,0,0.0667,0.0667,0.0,0.0,0.2173,100,100,reviewed,True,True,1.0
NCERT_Electroneg_02,Electronegativity Trend,Electronegativity Trend,"Effective Nuclear Charge, Atomic Radius Trend","Effective Nuclear Charge, Atomic Radius Trend",conceptual,core,2,1.5,1.0,0.5,-0.4,1,0,0,0.0667,0.0667,0.0,0.0,0.2173,110,100,reviewed,True,True,1.0
NCERT_Electroneg_03,Electronegativity Trend,Electronegativity Trend,"Effective Nuclear Charge, Atomic Radius Trend","Effective Nuclear Charge, Atomic Radius Trend",conceptual,core,3,1.5,1.0,0.5,-0.5,1,0,0,0.0667,0.0667,0.0,0.0,0.2173,100,100,reviewed,True,True,1.0
NCERT_Electroneg_04,Electronegativity Trend,Electronegativity Trend,None (Foundation Concept),None (Foundation Concept),conceptual,core,3,1.0,1.2,0.5,-0.6,1,0,0,0.0667,0.0667,0.0,0.0,0.2173,55,100,reviewed,True,True,1.0
NCERT_Electroneg_05,Electronegativity Trend,Electronegativity Trend,None (Foundation Concept),None (Foundation Concept),conceptual,core,1,1.0,1.2,0.5,-0.4,1,0,0,0.0667,0.0667,0.0,0.0,0.2173,85,100,reviewed,True,True,1.0
NCERT_Electroneg_06,Electronegativity Trend,Electronegativity Trend,"Effective Nuclear Charge, Atomic Radius Trend","Effective Nuclear Charge, Atomic Radius Trend",conceptual,core,3,1.2,1.0,0.5,-0.5,1,0,0,0.0667,0.0667,0.0,0.0,0.2173,90,100,reviewed,True,True,1.0
NCERT_Electroneg_07,Electronegativity Trend,Electronegativity Trend,None (Foundation Concept),None (Foundation Concept),conceptual,core,3,1.2,0.8,0.5,-0.5,1,0,0,0.0667,0.0667,0.0,0.0,0.2173,105,100,reviewed,True,True,1.0
NCERT_Electroneg_08,Electronegativity Trend,Electronegativity Trend,None (Foundation Concept),None (Foundation Concept),conceptual,core,3,1.2,1.0,0.5,-0.6,1,0,0,0.0667,0.0667,0.0,0.0,0.2173,90,100,reviewed,True,True,1.0
NCERT_Electroneg_09,Electronegativity Trend,Electronegativity Trend,None (Foundation Concept),None (Foundation Concept),conceptual,core,4,1.0,1.0,0.8,-0.5,1,0,0,0.0667,0.0667,0.0,0.0,0.2173,65,100,reviewed,True,True,1.0
NCERT_Electroneg_10,Electronegativity Trend,Electronegativity Trend,None (Foundation Concept),None (Foundation Concept),conceptual,core,1,1.0,1.0,0.8,-0.4,1,0,0,0.0667,0.0667,0.0,0.0,0.2173,65,100,reviewed,True,True,1.0
NCERT_DipoleMoment_01,Dipole Moment and Molecular Polarity,Dipole Moment and Molecular Polarity,"Electronegativity Trend, Valence Shell Electron Pair Repulsion Theory","Electronegativity Trend, Valence Shell Electron Pair Repulsion Theory",conceptual,core,1,1.8,0.5,0.5,-0.3,1,0,0,0.0667,0.0667,0.0,0.0,0.2173,100,100,reviewed,True,True,1.0
NCERT_DipoleMoment_02,Dipole Moment and Molecular Polarity,Dipole Moment and Molecular Polarity,"Electronegativity Trend, Valence Shell Electron Pair Repulsion Theory","Electronegativity Trend, Valence Shell Electron Pair Repulsion Theory",conceptual,core,3,1.0,1.2,0.8,-0.3,1,0,0,0.0667,0.0667,0.0,0.0,0.2173,50,100,reviewed,True,True,1.0
NCERT_DipoleMoment_03,Dipole Moment and Molecular Polarity,Dipole Moment and Molecular Polarity,"Electronegativity Trend, Valence Shell Electron Pair Repulsion Theory","Electronegativity Trend, Valence Shell Electron Pair Repulsion Theory",conceptual,core,4,1.5,1.0,1.0,-0.2,1,0,0,0.0667,0.0667,0.0,0.0,0.2173,115,100,reviewed,True,True,1.0
NCERT_DipoleMoment_04,Dipole Moment and Molecular Polarity,Dipole Moment and Molecular Polarity,"Electronegativity Trend, Valence Shell Electron Pair Repulsion Theory","Electronegativity Trend, Valence Shell Electron Pair Repulsion Theory",conceptual,core,3,1.2,0.8,0.5,-0.3,1,0,0,0.0667,0.0667,0.0,0.0,0.2173,110,100,reviewed,True,True,1.0
NCERT_DipoleMoment_05,Dipole Moment and Molecular Polarity,Dipole Moment and Molecular Polarity,"Electronegativity Trend, Valence Shell Electron Pair Repulsion Theory","Electronegativity Trend, Valence Shell Electron Pair Repulsion Theory",conceptual,core,1,1.2,1.0,0.8,-0.2,1,0,0,0.0667,0.0667,0.0,0.0,0.2173,50,100,reviewed,True,True,1.0
NCERT_DipoleMoment_06,Dipole Moment and Molecular Polarity,Dipole Moment and Molecular Polarity,"Electronegativity Trend, Valence Shell Electron Pair Repulsion Theory","Electronegativity Trend, Valence Shell Electron Pair Repulsion Theory",conceptual,core,4,1.2,1.0,0.5,-0.4,1,0,0,0.0667,0.0667,0.0,0.0,0.2173,80,100,reviewed,True,True,1.0
NCERT_DipoleMoment_07,Dipole Moment and Molecular Polarity,Dipole Moment and Molecular Polarity,"Electronegativity Trend, Valence Shell Electron Pair Repulsion Theory","Electronegativity Trend, Valence Shell Electron Pair Repulsion Theory",conceptual,core,4,1.0,1.2,0.5,-0.4,1,0,0,0.0667,0.0667,0.0,0.0,0.2173,65,100,reviewed,True,True,1.0
NCERT_DipoleMoment_08,Dipole Moment and Molecular Polarity,Dipole Moment and Molecular Polarity,"Electronegativity Trend, Valence Shell Electron Pair Repulsion Theory","Electronegativity Trend, Valence Shell Electron Pair Repulsion Theory",conceptual,core,4,1.2,1.0,0.8,-0.2,1,0,0,0.0667,0.0667,0.0,0.0,0.2173,105,100,reviewed,True,True,1.0
NCERT_DipoleMoment_09,Dipole Moment and Molecular Polarity,Dipole Moment and Molecular Polarity,"Electronegativity Trend, Valence Shell Electron Pair Repulsion Theory","Electronegativity Trend, Valence Shell Electron Pair Repulsion Theory",conceptual,core,1,1.2,0.8,0.5,-0.4,1,0,0,0.0667,0.0667,0.0,0.0,0.2173,65,100,reviewed,True,True,1.0
NCERT_DipoleMoment_10,Dipole Moment and Molecular Polarity,Dipole Moment and Molecular Polarity,"Electronegativity Trend, Valence Shell Electron Pair Repulsion Theory","Electronegativity Trend, Valence Shell Electron Pair Repulsion Theory",conceptual,core,2,1.0,1.0,0.5,-0.3,1,0,0,0.0667,0.0667,0.0,0.0,0.2173,50,100,reviewed,True,True,1.0
NCERT_VSEPR_01,Valence Shell Electron Pair Repulsion Theory,Valence Shell Electron Pair Repulsion Theory,Electron-Electron Repulsion,Electron-Electron Repulsion,conceptual,core,1,1.8,0.5,0.5,-0.5,0,0,1,0.0667,0.0667,0.0,0.0,0.2173,110,100,reviewed,True,True,1.0
NCERT_VSEPR_02,Valence Shell Electron Pair Repulsion Theory,Valence Shell Electron Pair Repulsion Theory,Electron-Electron Repulsion,Electron-Electron Repulsion,conceptual,core,1,1.0,1.2,0.5,-0.5,0,0,1,0.0667,0.0667,0.0,0.0,0.2173,70,100,reviewed,True,True,1.0
NCERT_VSEPR_03,Valence Shell Electron Pair Repulsion Theory,Valence Shell Electron Pair Repulsion Theory,Electron-Electron Repulsion,Electron-Electron Repulsion,conceptual,core,2,1.0,1.2,0.5,-0.5,0,0,1,0.0667,0.0667,0.0,0.0,0.2173,50,100,reviewed,True,True,1.0
NCERT_VSEPR_04,Valence Shell Electron Pair Repulsion Theory,Valence Shell Electron Pair Repulsion Theory,Electron-Electron Repulsion,Electron-Electron Repulsion,conceptual,core,3,1.5,1.0,0.8,-0.4,0,0,1,0.0667,0.0667,0.0,0.0,0.2173,110,100,reviewed,True,True,1.0
NCERT_VSEPR_05,Valence Shell Electron Pair Repulsion Theory,Valence Shell Electron Pair Repulsion Theory,Electron-Electron Repulsion,Electron-Electron Repulsion,conceptual,core,4,1.2,1.0,0.8,-0.3,0,0,1,0.0667,0.0667,0.0,0.0,0.2173,70,100,reviewed,True,True,1.0
NCERT_VSEPR_06,Valence Shell Electron Pair Repulsion Theory,Valence Shell Electron Pair Repulsion Theory,Electron-Electron Repulsion,Electron-Electron Repulsion,conceptual,core,4,1.2,1.0,0.5,-0.4,0,0,1,0.0667,0.0667,0.0,0.0,0.2173,100,100,reviewed,True,True,1.0
NCERT_VSEPR_07,Valence Shell Electron Pair Repulsion Theory,Valence Shell Electron Pair Repulsion Theory,Electron-Electron Repulsion,Electron-Electron Repulsion,conceptual,core,2,1.0,1.2,0.5,-0.5,0,0,1,0.0667,0.0667,0.0,0.0,0.2173,55,100,reviewed,True,True,1.0
NCERT_VSEPR_08,Valence Shell Electron Pair Repulsion Theory,Valence Shell Electron Pair Repulsion Theory,Electron-Electron Repulsion,Electron-Electron Repulsion,conceptual,core,2,1.2,1.0,0.5,-0.4,0,0,1,0.0667,0.0667,0.0,0.0,0.2173,65,100,reviewed,True,True,1.0
NCERT_VSEPR_09,Valence Shell Electron Pair Repulsion Theory,Valence Shell Electron Pair Repulsion Theory,Electron-Electron Repulsion,Electron-Electron Repulsion,conceptual,core,2,1.2,1.0,0.5,-0.3,0,0,1,0.0667,0.0667,0.0,0.0,0.2173,100,100,reviewed,True,True,1.0
NCERT_VSEPR_10,Valence Shell Electron Pair Repulsion Theory,Valence Shell Electron Pair Repulsion Theory,Electron-Electron Repulsion,Electron-Electron Repulsion,conceptual,core,1,1.5,1.0,1.0,-0.2,0,0,1,0.0667,0.0667,0.0,0.0,0.2173,140,100,reviewed,True,True,1.0
NCERT_Hybridization_01,Hybridization and Orbital Mixing Principles,Hybridization and Orbital Mixing Principles,"Sigma and Pi Bonding in Molecular Orbitals, Valence Shell Electron Pair Repulsion Theory","Sigma and Pi Bonding in Molecular Orbitals, Valence Shell Electron Pair Repulsion Theory",conceptual,core,1,1.8,0.5,0.5,-0.3,0,0,1,0.0667,0.0667,0.0,0.0,0.2173,95,100,reviewed,True,True,1.0
NCERT_Hybridization_02,Hybridization and Orbital Mixing Principles,Hybridization and Orbital Mixing Principles,"Sigma and Pi Bonding in Molecular Orbitals, Valence Shell Electron Pair Repulsion Theory","Sigma and Pi Bonding in Molecular Orbitals, Valence Shell Electron Pair Repulsion Theory",conceptual,core,3,1.0,1.2,0.5,-0.4,0,0,1,0.0667,0.0667,0.0,0.0,0.2173,60,100,reviewed,True,True,1.0
NCERT_Hybridization_03,Hybridization and Orbital Mixing Principles,Hybridization and Orbital Mixing Principles,"Sigma and Pi Bonding in Molecular Orbitals, Valence Shell Electron Pair Repulsion Theory","Sigma and Pi Bonding in Molecular Orbitals, Valence Shell Electron Pair Repulsion Theory",conceptual,core,4,1.2,1.0,0.8,-0.3,0,0,1,0.0667,0.0667,0.0,0.0,0.2173,100,100,reviewed,True,True,1.0
NCERT_Hybridization_04,Hybridization and Orbital Mixing Principles,Hybridization and Orbital Mixing Principles,"Sigma and Pi Bonding in Molecular Orbitals, Valence Shell Electron Pair Repulsion Theory","Sigma and Pi Bonding in Molecular Orbitals, Valence Shell Electron Pair Repulsion Theory",conceptual,core,4,1.0,1.2,0.8,-0.4,0,0,1,0.0667,0.0667,0.0,0.0,0.2173,50,100,reviewed,True,True,1.0
NCERT_Hybridization_05,Hybridization and Orbital Mixing Principles,Hybridization and Orbital Mixing Principles,"Sigma and Pi Bonding in Molecular Orbitals, Valence Shell Electron Pair Repulsion Theory","Sigma and Pi Bonding in Molecular Orbitals, Valence Shell Electron Pair Repulsion Theory",conceptual,core,2,1.0,1.2,0.5,-0.5,0,0,1,0.0667,0.0667,0.0,0.0,0.2173,55,100,reviewed,True,True,1.0
NCERT_Hybridization_06,Hybridization and Orbital Mixing Principles,Hybridization and Orbital Mixing Principles,"Sigma and Pi Bonding in Molecular Orbitals, Valence Shell Electron Pair Repulsion Theory","Sigma and Pi Bonding in Molecular Orbitals, Valence Shell Electron Pair Repulsion Theory",conceptual,core,3,1.2,1.0,0.8,-0.2,0,0,1,0.0667,0.0667,0.0,0.0,0.2173,50,100,reviewed,True,True,1.0
NCERT_Hybridization_07,Hybridization and Orbital Mixing Principles,Hybridization and Orbital Mixing Principles,Sigma and Pi Bonding in Molecular Orbitals,Sigma and Pi Bonding in Molecular Orbitals,conceptual,core,2,1.2,0.8,0.5,-0.4,0,0,1,0.0667,0.0667,0.0,0.0,0.2173,100,100,reviewed,True,True,1.0
NCERT_Hybridization_08,Hybridization and Orbital Mixing Principles,Hybridization and Orbital Mixing Principles,"Sigma and Pi Bonding in Molecular Orbitals, Valence Shell Electron Pair Repulsion Theory","Sigma and Pi Bonding in Molecular Orbitals, Valence Shell Electron Pair Repulsion Theory",conceptual,core,3,1.5,1.0,1.0,-0.2,0,0,1,0.0667,0.0667,0.0,0.0,0.2173,65,100,reviewed,True,True,1.0
NCERT_Hybridization_09,Hybridization and Orbital Mixing Principles,Hybridization and Orbital Mixing Principles,"Sigma and Pi Bonding in Molecular Orbitals, Valence Shell Electron Pair Repulsion Theory","Sigma and Pi Bonding in Molecular Orbitals, Valence Shell Electron Pair Repulsion Theory",conceptual,core,4,1.0,1.2,0.5,-0.4,0,0,1,0.0667,0.0667,0.0,0.0,0.2173,60,100,reviewed,True,True,1.0
NCERT_Hybridization_10,Hybridization and Orbital Mixing Principles,Hybridization and Orbital Mixing Principles,"Sigma and Pi Bonding in Molecular Orbitals, Valence Shell Electron Pair Repulsion Theory","Sigma and Pi Bonding in Molecular Orbitals, Valence Shell Electron Pair Repulsion Theory",conceptual,core,2,1.2,1.0,0.8,-0.3,0,0,1,0.0667,0.0667,0.0,0.0,0.2173,70,100,reviewed,True,True,1.0
NCERT_MOT_01,Molecular Orbital Theory and Delocalization,Molecular Orbital Theory and Delocalization,"Sigma and Pi Bonding in Molecular Orbitals, Energy Level Splitting in Atomic Orbitals","Sigma and Pi Bonding in Molecular Orbitals, Energy Level Splitting in Atomic Orbitals",conceptual,core,1,1.8,0.5,0.5,-0.3,1,0,0,0.0667,0.0667,0.0,0.0,0.2173,95,100,reviewed,True,True,1.0
NCERT_MOT_02,Molecular Orbital Theory and Delocalization,Molecular Orbital Theory and Delocalization,Sigma and Pi Bonding in Molecular Orbitals,Sigma and Pi Bonding in Molecular Orbitals,conceptual,core,2,1.5,0.8,0.5,-0.4,1,0,0,0.0667,0.0667,0.0,0.0,0.2173,100,100,reviewed,True,True,1.0
NCERT_MOT_03,Molecular Orbital Theory and Delocalization,Molecular Orbital Theory and Delocalization,"Sigma and Pi Bonding in Molecular Orbitals, Energy Level Splitting in Atomic Orbitals","Sigma and Pi Bonding in Molecular Orbitals, Energy Level Splitting in Atomic Orbitals",conceptual,core,3,1.5,1.0,1.0,-0.2,1,0,0,0.0667,0.0667,0.0,0.0,0.2173,170,100,reviewed,True,True,1.0
NCERT_MOT_04,Molecular Orbital Theory and Delocalization,Molecular Orbital Theory and Delocalization,Sigma and Pi Bonding in Molecular Orbitals,Sigma and Pi Bonding in Molecular Orbitals,numerical,core,2,1.2,1.2,0.8,-0.3,1,0,0,0.0667,0.0667,0.0,0.0,0.2173,50,100,reviewed,True,True,1.0
NCERT_MOT_05,Molecular Orbital Theory and Delocalization,Molecular Orbital Theory and Delocalization,Sigma and Pi Bonding in Molecular Orbitals,Sigma and Pi Bonding in Molecular Orbitals,conceptual,core,1,1.0,1.2,0.8,-0.4,1,0,0,0.0667,0.0667,0.0,0.0,0.2173,50,100,reviewed,True,True,1.0
NCERT_MOT_06,Molecular Orbital Theory and Delocalization,Molecular Orbital Theory and Delocalization,Sigma and Pi Bonding in Molecular Orbitals,Sigma and Pi Bonding in Molecular Orbitals,numerical,core,2,1.0,1.0,0.5,-0.5,1,0,0,0.0667,0.0667,0.0,0.0,0.2173,80,100,reviewed,True,True,1.0
NCERT_MOT_07,Molecular Orbital Theory and Delocalization,Molecular Orbital Theory and Delocalization,Sigma and Pi Bonding in Molecular Orbitals,Sigma and Pi Bonding in Molecular Orbitals,conceptual,core,1,1.2,1.0,0.8,-0.3,1,0,0,0.0667,0.0667,0.0,0.0,0.2173,80,100,reviewed,True,True,1.0
NCERT_MOT_08,Molecular Orbital Theory and Delocalization,Molecular Orbital Theory and Delocalization,Sigma and Pi Bonding in Molecular Orbitals,Sigma and Pi Bonding in Molecular Orbitals,conceptual,core,2,1.5,0.8,0.5,-0.4,1,0,0,0.0667,0.0667,0.0,0.0,0.2173,90,100,reviewed,True,True,1.0
NCERT_MOT_09,Molecular Orbital Theory and Delocalization,Molecular Orbital Theory and Delocalization,"Sigma and Pi Bonding in Molecular Orbitals, Energy Level Splitting in Atomic Orbitals","Sigma and Pi Bonding in Molecular Orbitals, Energy Level Splitting in Atomic Orbitals",conceptual,core,3,1.5,1.0,1.0,-0.2,1,0,0,0.0667,0.0667,0.0,0.0,0.2173,85,100,reviewed,True,True,1.0
NCERT_MOT_10,Molecular Orbital Theory and Delocalization,Molecular Orbital Theory and Delocalization,Sigma and Pi Bonding in Molecular Orbitals,Sigma and Pi Bonding in Molecular Orbitals,conceptual,core,3,1.2,0.8,1.0,-0.3,1,0,0,0.0667,0.0667,0.0,0.0,0.2173,95,100,reviewed,True,True,1.0
NCERT_HydrogenBonding_01,Hydrogen Bonding,Hydrogen Bonding,"Sigma and Pi Bonding in Molecular Orbitals, Electronegativity Trend","Sigma and Pi Bonding in Molecular Orbitals, Electronegativity Trend",conceptual,core,3,1.8,0.5,0.5,-0.3,0,0,1,0.0667,0.0667,0.0,0.0,0.2173,105,100,reviewed,True,True,1.0
NCERT_HydrogenBonding_02,Hydrogen Bonding,Hydrogen Bonding,"Sigma and Pi Bonding in Molecular Orbitals, Electronegativity Trend","Sigma and Pi Bonding in Molecular Orbitals, Electronegativity Trend",conceptual,core,1,1.5,1.0,0.5,-0.4,0,0,1,0.0667,0.0667,0.0,0.0,0.2173,110,100,reviewed,True,True,1.0
NCERT_HydrogenBonding_03,Hydrogen Bonding,Hydrogen Bonding,"Sigma and Pi Bonding in Molecular Orbitals, Electronegativity Trend","Sigma and Pi Bonding in Molecular Orbitals, Electronegativity Trend",conceptual,core,3,1.0,1.2,0.5,-0.5,0,0,1,0.0667,0.0667,0.0,0.0,0.2173,50,100,reviewed,True,True,1.0
NCERT_HydrogenBonding_04,Hydrogen Bonding,Hydrogen Bonding,"Sigma and Pi Bonding in Molecular Orbitals, Electronegativity Trend","Sigma and Pi Bonding in Molecular Orbitals, Electronegativity Trend",conceptual,core,4,1.0,1.2,0.8,-0.4,0,0,1,0.0667,0.0667,0.0,0.0,0.2173,80,100,reviewed,True,True,1.0
NCERT_HydrogenBonding_05,Hydrogen Bonding,Hydrogen Bonding,Sigma and Pi Bonding in Molecular Orbitals,Sigma and Pi Bonding in Molecular Orbitals,conceptual,core,2,1.2,0.8,0.5,-0.4,0,0,1,0.0667,0.0667,0.0,0.0,0.2173,95,100,reviewed,True,True,1.0
NCERT_HydrogenBonding_06,Hydrogen Bonding,Hydrogen Bonding,Sigma and Pi Bonding in Molecular Orbitals,Sigma and Pi Bonding in Molecular Orbitals,conceptual,core,4,1.0,1.2,0.8,-0.3,0,0,1,0.0667,0.0667,0.0,0.0,0.2173,50,100,reviewed,True,True,1.0
NCERT_HydrogenBonding_07,Hydrogen Bonding,Hydrogen Bonding,Sigma and Pi Bonding in Molecular Orbitals,Sigma and Pi Bonding in Molecular Orbitals,conceptual,core,3,1.2,1.0,0.8,-0.3,0,0,1,0.0667,0.0667,0.0,0.0,0.2173,80,100,reviewed,True,True,1.0
NCERT_HydrogenBonding_08,Hydrogen Bonding,Hydrogen Bonding,Sigma and Pi Bonding in Molecular Orbitals,Sigma and Pi Bonding in Molecular Orbitals,conceptual,core,1,1.2,1.0,1.0,-0.2,0,0,1,0.0667,0.0667,0.0,0.0,0.2173,90,100,reviewed,True,True,1.0
NCERT_HydrogenBonding_09,Hydrogen Bonding,Hydrogen Bonding,Sigma and Pi Bonding in Molecular Orbitals,Sigma and Pi Bonding in Molecular Orbitals,conceptual,core,2,1.2,0.8,0.5,-0.4,0,0,1,0.0667,0.0667,0.0,0.0,0.2173,95,100,reviewed,True,True,1.0
NCERT_HydrogenBonding_10,Hydrogen Bonding,Hydrogen Bonding,Sigma and Pi Bonding in Molecular Orbitals,Sigma and Pi Bonding in Molecular Orbitals,conceptual,core,4,1.0,1.0,0.8,-0.5,0,0,1,0.0667,0.0667,0.0,0.0,0.2173,75,100,reviewed,True,True,1.0
NCERT_BackBonding_01,Back Bonding,Back Bonding,"Sigma and Pi Bonding in Molecular Orbitals, Molecular Orbital Theory and Delocalization","Sigma and Pi Bonding in Molecular Orbitals, Molecular Orbital Theory and Delocalization",conceptual,core,2,1.8,0.5,0.5,0.1,0,1,0,0.0667,0.0667,0.0,0.0,0.2173,125,100,reviewed,True,True,1.0
NCERT_BackBonding_02,Back Bonding,Back Bonding,"Sigma and Pi Bonding in Molecular Orbitals, Molecular Orbital Theory and Delocalization","Sigma and Pi Bonding in Molecular Orbitals, Molecular Orbital Theory and Delocalization",conceptual,core,1,1.2,1.0,0.5,0.0,0,1,0,0.0667,0.0667,0.0,0.0,0.2173,60,100,reviewed,True,True,1.0
NCERT_BackBonding_03,Back Bonding,Back Bonding,"Sigma and Pi Bonding in Molecular Orbitals, Molecular Orbital Theory and Delocalization","Sigma and Pi Bonding in Molecular Orbitals, Molecular Orbital Theory and Delocalization",conceptual,core,1,1.2,1.0,0.8,0.0,0,1,0,0.0667,0.0667,0.0,0.0,0.2173,80,100,reviewed,True,True,1.0
NCERT_BackBonding_04,Back Bonding,Back Bonding,"Sigma and Pi Bonding in Molecular Orbitals, Molecular Orbital Theory and Delocalization","Sigma and Pi Bonding in Molecular Orbitals, Molecular Orbital Theory and Delocalization",conceptual,core,2,1.2,1.0,0.8,0.1,0,1,0,0.0667,0.0667,0.0,0.0,0.2173,90,100,reviewed,True,True,1.0
NCERT_BackBonding_05,Back Bonding,Back Bonding,"Sigma and Pi Bonding in Molecular Orbitals, Molecular Orbital Theory and Delocalization","Sigma and Pi Bonding in Molecular Orbitals, Molecular Orbital Theory and Delocalization",conceptual,core,3,1.5,1.0,1.0,0.2,0,1,0,0.0667,0.0667,0.0,0.0,0.2173,115,100,reviewed,True,True,1.0
NCERT_BackBonding_06,Back Bonding,Back Bonding,"Sigma and Pi Bonding in Molecular Orbitals, Molecular Orbital Theory and Delocalization","Sigma and Pi Bonding in Molecular Orbitals, Molecular Orbital Theory and Delocalization",conceptual,core,1,1.5,1.0,1.0,0.2,0,1,0,0.0667,0.0667,0.0,0.0,0.2173,110,100,reviewed,True,True,1.0
NCERT_BackBonding_07,Back Bonding,Back Bonding,"Sigma and Pi Bonding in Molecular Orbitals, Molecular Orbital Theory and Delocalization","Sigma and Pi Bonding in Molecular Orbitals, Molecular Orbital Theory and Delocalization",conceptual,core,2,1.2,1.0,0.8,0.0,0,1,0,0.0667,0.0667,0.0,0.0,0.2173,85,100,reviewed,True,True,1.0
NCERT_BackBonding_08,Back Bonding,Back Bonding,"Sigma and Pi Bonding in Molecular Orbitals, Molecular Orbital Theory and Delocalization","Sigma and Pi Bonding in Molecular Orbitals, Molecular Orbital Theory and Delocalization",conceptual,core,4,1.5,0.8,1.0,0.3,0,1,0,0.0667,0.0667,0.0,0.0,0.2173,55,100,reviewed,True,True,1.0
NCERT_BackBonding_09,Back Bonding,Back Bonding,"Sigma and Pi Bonding in Molecular Orbitals, Molecular Orbital Theory and Delocalization","Sigma and Pi Bonding in Molecular Orbitals, Molecular Orbital Theory and Delocalization",conceptual,core,1,1.5,1.0,0.8,0.1,0,1,0,0.0667,0.0667,0.0,0.0,0.2173,95,100,reviewed,True,True,1.0
NCERT_BackBonding_10,Back Bonding,Back Bonding,"Sigma and Pi Bonding in Molecular Orbitals, Molecular Orbital Theory and Delocalization","Sigma and Pi Bonding in Molecular Orbitals, Molecular Orbital Theory and Delocalization",conceptual,core,2,1.0,1.2,0.5,-0.1,0,1,0,0.0667,0.0667,0.0,0.0,0.2173,60,100,reviewed,True,True,1.0
NCERT_BentsRule_01,Bent's Rule,Bent's Rule,"Sigma and Pi Bonding in Molecular Orbitals, Hybridization and Orbital Mixing Principles","Sigma and Pi Bonding in Molecular Orbitals, Hybridization and Orbital Mixing Principles",conceptual,core,4,1.5,0.8,0.5,0.0,1,0,0,0.0667,0.0667,0.0,0.0,0.2173,105,100,reviewed,True,True,1.0
NCERT_BentsRule_02,Bent's Rule,Bent's Rule,"Sigma and Pi Bonding in Molecular Orbitals, Hybridization and Orbital Mixing Principles","Sigma and Pi Bonding in Molecular Orbitals, Hybridization and Orbital Mixing Principles",conceptual,core,3,1.5,1.0,1.0,0.2,1,0,0,0.0667,0.0667,0.0,0.0,0.2173,150,100,reviewed,True,True,1.0
NCERT_BentsRule_03,Bent's Rule,Bent's Rule,"Sigma and Pi Bonding in Molecular Orbitals, Hybridization and Orbital Mixing Principles","Sigma and Pi Bonding in Molecular Orbitals, Hybridization and Orbital Mixing Principles",numerical,core,1,1.2,1.0,1.0,0.1,1,0,0,0.0667,0.0667,0.0,0.0,0.2173,105,100,reviewed,True,True,1.0
NCERT_BentsRule_04,Bent's Rule,Bent's Rule,"Sigma and Pi Bonding in Molecular Orbitals, Hybridization and Orbital Mixing Principles","Sigma and Pi Bonding in Molecular Orbitals, Hybridization and Orbital Mixing Principles",conceptual,core,4,1.2,1.0,0.8,0.0,1,0,0,0.0667,0.0667,0.0,0.0,0.2173,65,100,reviewed,True,True,1.0
NCERT_BentsRule_05,Bent's Rule,Bent's Rule,"Sigma and Pi Bonding in Molecular Orbitals, Hybridization and Orbital Mixing Principles","Sigma and Pi Bonding in Molecular Orbitals, Hybridization and Orbital Mixing Principles",conceptual,core,1,1.5,0.8,1.0,0.2,1,0,0,0.0667,0.0667,0.0,0.0,0.2173,65,100,reviewed,True,True,1.0
NCERT_BentsRule_06,Bent's Rule,Bent's Rule,"Sigma and Pi Bonding in Molecular Orbitals, Hybridization and Orbital Mixing Principles","Sigma and Pi Bonding in Molecular Orbitals, Hybridization and Orbital Mixing Principles",conceptual,core,2,1.5,1.0,1.0,0.2,1,0,0,0.0667,0.0667,0.0,0.0,0.2173,145,100,reviewed,True,True,1.0
NCERT_BentsRule_07,Bent's Rule,Bent's Rule,"Sigma and Pi Bonding in Molecular Orbitals, Hybridization and Orbital Mixing Principles","Sigma and Pi Bonding in Molecular Orbitals, Hybridization and Orbital Mixing Principles",conceptual,core,3,1.2,1.0,0.5,-0.1,1,0,0,0.0667,0.0667,0.0,0.0,0.2173,140,100,reviewed,True,True,1.0
NCERT_BentsRule_08,Bent's Rule,Bent's Rule,"Sigma and Pi Bonding in Molecular Orbitals, Hybridization and Orbital Mixing Principles","Sigma and Pi Bonding in Molecular Orbitals, Hybridization and Orbital Mixing Principles",conceptual,core,3,1.5,1.0,1.0,0.1,1,0,0,0.0667,0.0667,0.0,0.0,0.2173,100,100,reviewed,True,True,1.0
NCERT_BentsRule_09,Bent's Rule,Bent's Rule,"Sigma and Pi Bonding in Molecular Orbitals, Hybridization and Orbital Mixing Principles","Sigma and Pi Bonding in Molecular Orbitals, Hybridization and Orbital Mixing Principles",conceptual,core,3,1.5,1.0,1.0,0.2,1,0,0,0.0667,0.0667,0.0,0.0,0.2173,130,100,reviewed,True,True,1.0
NCERT_BentsRule_10,Bent's Rule,Bent's Rule,Bent's Rule,Bent's Rule,conceptual,advanced,3,1.0,1.0,1.0,1.5,1,0,0,0.0667,0.0667,0.0,0.0,0.2173,115,60,reviewed,True,True,1.0
NCERT_Polarization_01,Polarization Effects (Fajan's Rule + Polarizing Power),Polarization Effects (Fajan's Rule + Polarizing Power),"Charge Density (Z/r) and Ionic Potential, Sigma and Pi Bonding in Molecular Orbitals","Charge Density (Z/r) and Ionic Potential, Sigma and Pi Bonding in Molecular Orbitals",conceptual,core,2,1.8,0.5,0.5,0.0,1,0,0,0.0667,0.0667,0.0,0.0,0.2173,100,100,reviewed,True,True,1.0
NCERT_Polarization_02,Polarization Effects (Fajan's Rule + Polarizing Power),Polarization Effects (Fajan's Rule + Polarizing Power),"Charge Density (Z/r) and Ionic Potential, Sigma and Pi Bonding in Molecular Orbitals","Charge Density (Z/r) and Ionic Potential, Sigma and Pi Bonding in Molecular Orbitals",conceptual,core,1,1.2,1.0,0.5,-0.1,1,0,0,0.0667,0.0667,0.0,0.0,0.2173,85,100,reviewed,True,True,1.0
NCERT_Polarization_03,Polarization Effects (Fajan's Rule + Polarizing Power),Polarization Effects (Fajan's Rule + Polarizing Power),Charge Density (Z/r) and Ionic Potential,Charge Density (Z/r) and Ionic Potential,conceptual,core,2,1.0,1.2,0.5,-0.2,1,0,0,0.0667,0.0667,0.0,0.0,0.2173,50,100,reviewed,True,True,1.0
NCERT_Polarization_04,Polarization Effects (Fajan's Rule + Polarizing Power),Polarization Effects (Fajan's Rule + Polarizing Power),Charge Density (Z/r) and Ionic Potential,Charge Density (Z/r) and Ionic Potential,numerical,core,1,1.2,1.0,0.8,-0.1,1,0,0,0.0667,0.0667,0.0,0.0,0.2173,100,100,reviewed,True,True,1.0
NCERT_Polarization_05,Polarization Effects (Fajan's Rule + Polarizing Power),Polarization Effects (Fajan's Rule + Polarizing Power),Charge Density (Z/r) and Ionic Potential,Charge Density (Z/r) and Ionic Potential,conceptual,core,2,1.0,1.2,0.5,-0.3,1,0,0,0.0667,0.0667,0.0,0.0,0.2173,50,100,reviewed,True,True,1.0
NCERT_Polarization_06,Polarization Effects (Fajan's Rule + Polarizing Power),Polarization Effects (Fajan's Rule + Polarizing Power),Charge Density (Z/r) and Ionic Potential,Charge Density (Z/r) and Ionic Potential,conceptual,core,3,1.2,1.0,0.8,-0.2,1,0,0,0.0667,0.0667,0.0,0.0,0.2173,85,100,reviewed,True,True,1.0
NCERT_Polarization_07,Polarization Effects (Fajan's Rule + Polarizing Power),Polarization Effects (Fajan's Rule + Polarizing Power),Charge Density (Z/r) and Ionic Potential,Charge Density (Z/r) and Ionic Potential,conceptual,core,4,1.2,1.0,0.5,-0.2,1,0,0,0.0667,0.0667,0.0,0.0,0.2173,100,100,reviewed,True,True,1.0
NCERT_Polarization_08,Polarization Effects (Fajan's Rule + Polarizing Power),Polarization Effects (Fajan's Rule + Polarizing Power),Charge Density (Z/r) and Ionic Potential,Charge Density (Z/r) and Ionic Potential,conceptual,core,1,1.2,1.0,0.8,-0.2,1,0,0,0.0667,0.0667,0.0,0.0,0.2173,95,100,reviewed,True,True,1.0
NCERT_Polarization_09,Polarization Effects (Fajan's Rule + Polarizing Power),Polarization Effects (Fajan's Rule + Polarizing Power),Charge Density (Z/r) and Ionic Potential,Charge Density (Z/r) and Ionic Potential,conceptual,core,4,1.0,1.2,0.8,-0.1,1,0,0,0.0667,0.0667,0.0,0.0,0.2173,80,100,reviewed,True,True,1.0
NCERT_Polarization_10,Polarization Effects (Fajan's Rule + Polarizing Power),Polarization Effects (Fajan's Rule + Polarizing Power),Charge Density (Z/r) and Ionic Potential,Charge Density (Z/r) and Ionic Potential,conceptual,core,1,1.2,0.8,0.5,-0.2,1,0,0,0.0667,0.0667,0.0,0.0,0.2173,80,100,reviewed,True,True,1.0
NCERT_SolubilityProduct_01,Solubility Product and Precipitation Logic,Solubility Product and Precipitation Logic,"Lattice Energy, Hydration Enthalpy","Lattice Energy, Hydration Enthalpy",numerical,core,4,1.5,0.8,0.5,-0.2,1,0,0,0.0667,0.0667,0.0,0.0,0.2173,145,100,reviewed,True,True,1.0
NCERT_SolubilityProduct_02,Solubility Product and Precipitation Logic,Solubility Product and Precipitation Logic,"Lattice Energy, Hydration Enthalpy","Lattice Energy, Hydration Enthalpy",numerical,core,1,1.2,1.0,0.8,-0.1,1,0,0,0.0667,0.0667,0.0,0.0,0.2173,80,100,reviewed,True,True,1.0
NCERT_SolubilityProduct_03,Solubility Product and Precipitation Logic,Solubility Product and Precipitation Logic,"Lattice Energy, Hydration Enthalpy","Lattice Energy, Hydration Enthalpy",numerical,core,3,1.2,1.0,0.5,-0.3,1,0,0,0.0667,0.0667,0.0,0.0,0.2173,95,100,reviewed,True,True,1.0
NCERT_SolubilityProduct_04,Solubility Product and Precipitation Logic,Solubility Product and Precipitation Logic,"Lattice Energy, Hydration Enthalpy","Lattice Energy, Hydration Enthalpy",numerical,core,4,1.0,1.2,0.5,-0.4,1,0,0,0.0667,0.0667,0.0,0.0,0.2173,75,100,reviewed,True,True,1.0
NCERT_SolubilityProduct_05,Solubility Product and Precipitation Logic,Solubility Product and Precipitation Logic,"Lattice Energy, Hydration Enthalpy","Lattice Energy, Hydration Enthalpy",conceptual,core,2,1.2,0.8,0.5,-0.3,1,0,0,0.0667,0.0667,0.0,0.0,0.2173,75,100,reviewed,True,True,1.0
NCERT_SolubilityProduct_06,Solubility Product and Precipitation Logic,Solubility Product and Precipitation Logic,"Lattice Energy, Hydration Enthalpy","Lattice Energy, Hydration Enthalpy",numerical,core,1,1.0,1.0,0.8,-0.2,1,0,0,0.0667,0.0667,0.0,0.0,0.2173,70,100,reviewed,True,True,1.0
NCERT_SolubilityProduct_07,Solubility Product and Precipitation Logic,Solubility Product and Precipitation Logic,"Lattice Energy, Hydration Enthalpy","Lattice Energy, Hydration Enthalpy",numerical,core,3,1.5,1.0,1.0,0.0,1,0,0,0.0667,0.0667,0.0,0.0,0.2173,70,100,reviewed,True,True,1.0
NCERT_SolubilityProduct_08,Solubility Product and Precipitation Logic,Solubility Product and Precipitation Logic,"Lattice Energy, Hydration Enthalpy","Lattice Energy, Hydration Enthalpy",numerical,core,1,1.2,1.0,0.8,-0.2,1,0,0,0.0667,0.0667,0.0,0.0,0.2173,70,100,reviewed,True,True,1.0
NCERT_SolubilityProduct_09,Solubility Product and Precipitation Logic,Solubility Product and Precipitation Logic,"Lattice Energy, Hydration Enthalpy","Lattice Energy, Hydration Enthalpy",conceptual,core,4,1.0,1.0,1.0,0.0,0,1,0,0.0667,0.0667,0.0,0.0,0.2173,80,100,reviewed,True,True,1.0
NCERT_SolubilityProduct_10,Solubility Product and Precipitation Logic,Solubility Product and Precipitation Logic,"Lattice Energy, Hydration Enthalpy","Lattice Energy, Hydration Enthalpy",numerical,core,1,1.0,1.0,1.0,-0.1,1,0,0,0.0667,0.0667,0.0,0.0,0.2173,100,100,reviewed,True,True,1.0
NCERT_Diagonal_01,Diagonal Relationship,Diagonal Relationship,"Electronegativity Trend, Atomic Radius Trend","Electronegativity Trend, Atomic Radius Trend",conceptual,advanced,3,1.5,0.5,0.5,0.6,1,0,0,0.0667,0.0667,0.0,0.0,0.2173,150,60,reviewed,True,True,1.0
NCERT_Diagonal_02,Diagonal Relationship,Diagonal Relationship,"Electronegativity Trend, Atomic Radius Trend","Electronegativity Trend, Atomic Radius Trend",conceptual,advanced,3,1.0,1.2,0.5,0.5,1,0,0,0.0667,0.0667,0.0,0.0,0.2173,75,60,reviewed,True,True,1.0
NCERT_Diagonal_03,Diagonal Relationship,Diagonal Relationship,"Electronegativity Trend, Atomic Radius Trend","Electronegativity Trend, Atomic Radius Trend",conceptual,advanced,2,1.2,1.0,0.8,0.7,1,0,0,0.0667,0.0667,0.0,0.0,0.2173,80,60,reviewed,True,True,1.0
NCERT_Diagonal_04,Diagonal Relationship,Diagonal Relationship,"Electronegativity Trend, Atomic Radius Trend","Electronegativity Trend, Atomic Radius Trend",conceptual,advanced,4,1.0,1.2,1.0,0.8,1,0,0,0.0667,0.0667,0.0,0.0,0.2173,120,60,reviewed,True,True,1.0
NCERT_Diagonal_05,Diagonal Relationship,Diagonal Relationship,"Electronegativity Trend, Atomic Radius Trend","Electronegativity Trend, Atomic Radius Trend",numerical,advanced,4,1.0,1.0,0.8,0.6,1,0,0,0.0667,0.0667,0.0,0.0,0.2173,80,60,reviewed,True,True,1.0
NCERT_Diagonal_06,Diagonal Relationship,Diagonal Relationship,"Electronegativity Trend, Atomic Radius Trend","Electronegativity Trend, Atomic Radius Trend",conceptual,advanced,2,1.5,0.8,1.0,0.7,1,0,0,0.0667,0.0667,0.0,0.0,0.2173,165,60,reviewed,True,True,1.0
NCERT_Diagonal_07,Diagonal Relationship,Diagonal Relationship,"Electronegativity Trend, Atomic Radius Trend","Electronegativity Trend, Atomic Radius Trend",conceptual,advanced,2,1.2,1.0,1.0,0.8,1,0,0,0.0667,0.0667,0.0,0.0,0.2173,130,60,reviewed,True,True,1.0
NCERT_Diagonal_08,Diagonal Relationship,Diagonal Relationship,"Electronegativity Trend, Atomic Radius Trend","Electronegativity Trend, Atomic Radius Trend",conceptual,advanced,4,1.0,1.2,1.0,0.7,1,0,0,0.0667,0.0667,0.0,0.0,0.2173,115,60,reviewed,True,True,1.0
NCERT_Diagonal_09,Diagonal Relationship,Diagonal Relationship,"Electronegativity Trend, Atomic Radius Trend","Electronegativity Trend, Atomic Radius Trend",numerical,advanced,1,1.2,1.0,0.8,0.6,1,0,0,0.0667,0.0667,0.0,0.0,0.2173,90,60,reviewed,True,True,1.0
NCERT_Diagonal_10,Diagonal Relationship,Diagonal Relationship,"Electronegativity Trend, Atomic Radius Trend","Electronegativity Trend, Atomic Radius Trend",conceptual,advanced,1,1.5,0.8,1.0,0.7,1,0,0,0.0667,0.0667,0.0,0.0,0.2173,100,60,reviewed,True,True,1.0
NCERT_InertPair_01,Inert Pair Effect,Inert Pair Effect,"Effective Nuclear Charge, Shielding Effect, Orbital Penetration","Effective Nuclear Charge, Shielding Effect, Orbital Penetration",conceptual,advanced,3,1.5,0.5,0.5,0.6,0,0,1,0.0667,0.0667,0.0,0.0,0.2173,145,60,reviewed,True,True,1.0
NCERT_InertPair_02,Inert Pair Effect,Inert Pair Effect,"Effective Nuclear Charge, Shielding Effect, Orbital Penetration","Effective Nuclear Charge, Shielding Effect, Orbital Penetration",conceptual,advanced,1,1.0,1.2,0.5,0.7,0,0,1,0.0667,0.0667,0.0,0.0,0.2173,90,60,reviewed,True,True,1.0
NCERT_InertPair_03,Inert Pair Effect,Inert Pair Effect,"Effective Nuclear Charge, Shielding Effect, Orbital Penetration","Effective Nuclear Charge, Shielding Effect, Orbital Penetration",conceptual,advanced,2,1.0,1.2,0.5,0.6,0,0,1,0.0667,0.0667,0.0,0.0,0.2173,70,60,reviewed,True,True,1.0
NCERT_InertPair_04,Inert Pair Effect,Inert Pair Effect,"Effective Nuclear Charge, Shielding Effect, Orbital Penetration","Effective Nuclear Charge, Shielding Effect, Orbital Penetration",conceptual,advanced,2,1.2,1.0,0.8,0.8,0,0,1,0.0667,0.0667,0.0,0.0,0.2173,125,60,reviewed,True,True,1.0
NCERT_InertPair_05,Inert Pair Effect,Inert Pair Effect,"Effective Nuclear Charge, Shielding Effect, Orbital Penetration","Effective Nuclear Charge, Shielding Effect, Orbital Penetration",conceptual,advanced,1,1.2,1.0,0.8,0.7,0,0,1,0.0667,0.0667,0.0,0.0,0.2173,150,60,reviewed,True,True,1.0
NCERT_InertPair_06,Inert Pair Effect,Inert Pair Effect,"Effective Nuclear Charge, Shielding Effect, Orbital Penetration","Effective Nuclear Charge, Shielding Effect, Orbital Penetration",conceptual,advanced,3,1.5,1.0,1.0,0.9,0,0,1,0.0667,0.0667,0.0,0.0,0.2173,115,60,reviewed,True,True,1.0
NCERT_InertPair_07,Inert Pair Effect,Inert Pair Effect,"Effective Nuclear Charge, Shielding Effect, Orbital Penetration","Effective Nuclear Charge, Shielding Effect, Orbital Penetration",conceptual,advanced,2,1.2,1.0,0.8,0.7,0,0,1,0.0667,0.0667,0.0,0.0,0.2173,95,60,reviewed,True,True,1.0
NCERT_InertPair_08,Inert Pair Effect,Inert Pair Effect,"Effective Nuclear Charge, Shielding Effect, Orbital Penetration","Effective Nuclear Charge, Shielding Effect, Orbital Penetration",conceptual,advanced,4,1.2,1.0,0.5,0.6,0,0,1,0.0667,0.0667,0.0,0.0,0.2173,140,60,reviewed,True,True,1.0
NCERT_InertPair_09,Inert Pair Effect,Inert Pair Effect,"Effective Nuclear Charge, Shielding Effect, Orbital Penetration","Effective Nuclear Charge, Shielding Effect, Orbital Penetration",conceptual,advanced,1,1.0,1.0,0.8,0.7,0,0,1,0.0667,0.0667,0.0,0.0,0.2173,75,60,reviewed,True,True,1.0
NCERT_InertPair_10,Inert Pair Effect,Inert Pair Effect,"Effective Nuclear Charge, Shielding Effect, Orbital Penetration","Effective Nuclear Charge, Shielding Effect, Orbital Penetration",conceptual,advanced,3,1.0,1.2,0.5,0.6,0,0,1,0.0667,0.0667,0.0,0.0,0.2173,85,60,reviewed,True,True,1.0
NCERT_SilicatePoly_01,Polymerization of Silicate Units,Polymerization of Silicate Units,"Sigma and Pi Bonding in Molecular Orbitals, Charge Density (Z/r) and Ionic Potential","Sigma and Pi Bonding in Molecular Orbitals, Charge Density (Z/r) and Ionic Potential",conceptual,advanced,4,1.5,0.5,0.5,0.7,0,1,0,0.0667,0.0667,0.0,0.0,0.2173,95,60,reviewed,True,True,1.0
NCERT_SilicatePoly_02,Polymerization of Silicate Units,Polymerization of Silicate Units,Sigma and Pi Bonding in Molecular Orbitals,Sigma and Pi Bonding in Molecular Orbitals,conceptual,advanced,4,1.0,1.2,0.5,0.6,0,1,0,0.0667,0.0667,0.0,0.0,0.2173,60,60,reviewed,True,True,1.0
NCERT_SilicatePoly_03,Polymerization of Silicate Units,Polymerization of Silicate Units,Sigma and Pi Bonding in Molecular Orbitals,Sigma and Pi Bonding in Molecular Orbitals,conceptual,advanced,2,1.0,1.2,0.5,0.6,0,1,0,0.0667,0.0667,0.0,0.0,0.2173,60,60,reviewed,True,True,1.0
NCERT_SilicatePoly_04,Polymerization of Silicate Units,Polymerization of Silicate Units,Sigma and Pi Bonding in Molecular Orbitals,Sigma and Pi Bonding in Molecular Orbitals,conceptual,advanced,1,1.2,1.0,0.8,0.8,0,1,0,0.0667,0.0667,0.0,0.0,0.2173,80,60,reviewed,True,True,1.0
NCERT_SilicatePoly_05,Polymerization of Silicate Units,Polymerization of Silicate Units,Sigma and Pi Bonding in Molecular Orbitals,Sigma and Pi Bonding in Molecular Orbitals,conceptual,advanced,2,1.2,1.0,0.8,0.7,0,1,0,0.0667,0.0667,0.0,0.0,0.2173,95,60,reviewed,True,True,1.0
NCERT_SilicatePoly_06,Polymerization of Silicate Units,Polymerization of Silicate Units,Sigma and Pi Bonding in Molecular Orbitals,Sigma and Pi Bonding in Molecular Orbitals,conceptual,advanced,4,1.0,1.2,0.5,0.7,0,1,0,0.0667,0.0667,0.0,0.0,0.2173,70,60,reviewed,True,True,1.0
NCERT_SilicatePoly_07,Polymerization of Silicate Units,Polymerization of Silicate Units,Sigma and Pi Bonding in Molecular Orbitals,Sigma and Pi Bonding in Molecular Orbitals,numerical,advanced,3,1.2,1.0,0.5,0.7,0,1,0,0.0667,0.0667,0.0,0.0,0.2173,75,60,reviewed,True,True,1.0
NCERT_SilicatePoly_08,Polymerization of Silicate Units,Polymerization of Silicate Units,Sigma and Pi Bonding in Molecular Orbitals,Sigma and Pi Bonding in Molecular Orbitals,conceptual,advanced,4,1.5,1.0,1.0,0.9,0,1,0,0.0667,0.0667,0.0,0.0,0.2173,110,60,reviewed,True,True,1.0
NCERT_SilicatePoly_09,Polymerization of Silicate Units,Polymerization of Silicate Units,Sigma and Pi Bonding in Molecular Orbitals,Sigma and Pi Bonding in Molecular Orbitals,conceptual,advanced,4,1.2,1.0,1.0,0.8,0,1,0,0.0667,0.0667,0.0,0.0,0.2173,135,60,reviewed,True,True,1.0
NCERT_SilicatePoly_10,Polymerization of Silicate Units,Polymerization of Silicate Units,Sigma and Pi Bonding in Molecular Orbitals,Sigma and Pi Bonding in Molecular Orbitals,conceptual,advanced,1,1.2,1.0,0.8,0.7,0,1,0,0.0667,0.0667,0.0,0.0,0.2173,115,60,reviewed,True,True,1.0
NCERT_ThermalStability_01,Thermal Stability from Lattice Energy and Polarization,Thermal Stability from Lattice Energy and Polarization,"Lattice Energy, Polarization Effects (Fajan's Rule + Polarizing Power)","Lattice Energy, Polarization Effects (Fajan's Rule + Polarizing Power)",conceptual,advanced,3,1.2,1.0,0.8,0.8,0,0,1,0.0667,0.0667,0.0,0.0,0.2173,180,60,reviewed,True,True,1.0
NCERT_ThermalStability_02,Thermal Stability from Lattice Energy and Polarization,Thermal Stability from Lattice Energy and Polarization,"Lattice Energy, Polarization Effects (Fajan's Rule + Polarizing Power)","Lattice Energy, Polarization Effects (Fajan's Rule + Polarizing Power)",conceptual,advanced,3,1.2,1.0,0.8,0.9,0,0,1,0.0667,0.0667,0.0,0.0,0.2173,120,60,reviewed,True,True,1.0
NCERT_ThermalStability_03,Thermal Stability from Lattice Energy and Polarization,Thermal Stability from Lattice Energy and Polarization,"Lattice Energy, Polarization Effects (Fajan's Rule + Polarizing Power)","Lattice Energy, Polarization Effects (Fajan's Rule + Polarizing Power)",conceptual,advanced,3,1.0,1.2,0.5,0.7,0,0,1,0.0667,0.0667,0.0,0.0,0.2173,110,60,reviewed,True,True,1.0
NCERT_ThermalStability_04,Thermal Stability from Lattice Energy and Polarization,Thermal Stability from Lattice Energy and Polarization,"Lattice Energy, Polarization Effects (Fajan's Rule + Polarizing Power)","Lattice Energy, Polarization Effects (Fajan's Rule + Polarizing Power)",conceptual,advanced,4,1.0,1.0,0.5,0.7,0,0,1,0.0667,0.0667,0.0,0.0,0.2173,90,60,reviewed,True,True,1.0
NCERT_ThermalStability_05,Thermal Stability from Lattice Energy and Polarization,Thermal Stability from Lattice Energy and Polarization,"Lattice Energy, Polarization Effects (Fajan's Rule + Polarizing Power)","Lattice Energy, Polarization Effects (Fajan's Rule + Polarizing Power)",conceptual,advanced,3,1.2,1.0,1.0,0.9,0,0,1,0.0667,0.0667,0.0,0.0,0.2173,135,60,reviewed,True,True,1.0
NCERT_ThermalStability_06,Thermal Stability from Lattice Energy and Polarization,Thermal Stability from Lattice Energy and Polarization,"Lattice Energy, Polarization Effects (Fajan's Rule + Polarizing Power)","Lattice Energy, Polarization Effects (Fajan's Rule + Polarizing Power)",conceptual,advanced,4,1.2,1.0,0.8,0.8,0,0,1,0.0667,0.0667,0.0,0.0,0.2173,110,60,reviewed,True,True,1.0
NCERT_ThermalStability_07,Thermal Stability from Lattice Energy and Polarization,Thermal Stability from Lattice Energy and Polarization,"Lattice Energy, Polarization Effects (Fajan's Rule + Polarizing Power)","Lattice Energy, Polarization Effects (Fajan's Rule + Polarizing Power)",conceptual,advanced,4,1.0,1.2,0.5,0.7,0,0,1,0.0667,0.0667,0.0,0.0,0.2173,65,60,reviewed,True,True,1.0
NCERT_ThermalStability_08,Thermal Stability from Lattice Energy and Polarization,Thermal Stability from Lattice Energy and Polarization,"Lattice Energy, Polarization Effects (Fajan's Rule + Polarizing Power)","Lattice Energy, Polarization Effects (Fajan's Rule + Polarizing Power)",conceptual,advanced,4,1.2,1.0,0.8,0.8,0,0,1,0.0667,0.0667,0.0,0.0,0.2173,125,60,reviewed,True,True,1.0
NCERT_ThermalStability_09,Thermal Stability from Lattice Energy and Polarization,Thermal Stability from Lattice Energy and Polarization,Bond Dissociation Energy and Stability,Bond Dissociation Energy and Stability,conceptual,advanced,2,1.2,1.0,0.8,0.7,0,0,1,0.0667,0.0667,0.0,0.0,0.2173,130,60,reviewed,True,True,1.0
NCERT_ThermalStability_10,Thermal Stability from Lattice Energy and Polarization,Thermal Stability from Lattice Energy and Polarization,"Lattice Energy, Polarization Effects (Fajan's Rule + Polarizing Power)","Lattice Energy, Polarization Effects (Fajan's Rule + Polarizing Power)",conceptual,advanced,2,1.0,1.2,0.5,0.8,0,0,1,0.0667,0.0667,0.0,0.0,0.2173,125,60,reviewed,True,True,1.0
NCERT_OxoacidStrength_01,Oxoacid Strength and Basicity from Structure,Oxoacid Strength and Basicity from Structure,"Electronegativity Trend, Hybridization and Orbital Mixing Principles, Molecular Orbital Theory and Delocalization","Electronegativity Trend, Hybridization and Orbital Mixing Principles, Molecular Orbital Theory and Delocalization",conceptual,advanced,2,1.2,1.0,0.8,0.8,0,1,0,0.0667,0.0667,0.0,0.0,0.2173,140,60,reviewed,True,True,1.0
NCERT_OxoacidStrength_02,Oxoacid Strength and Basicity from Structure,Oxoacid Strength and Basicity from Structure,"Electronegativity Trend, Hybridization and Orbital Mixing Principles, Molecular Orbital Theory and Delocalization","Electronegativity Trend, Hybridization and Orbital Mixing Principles, Molecular Orbital Theory and Delocalization",conceptual,advanced,4,1.0,1.2,0.8,0.7,0,1,0,0.0667,0.0667,0.0,0.0,0.2173,120,60,reviewed,True,True,1.0
NCERT_OxoacidStrength_03,Oxoacid Strength and Basicity from Structure,Oxoacid Strength and Basicity from Structure,"Electronegativity Trend, Hybridization and Orbital Mixing Principles, Molecular Orbital Theory and Delocalization","Electronegativity Trend, Hybridization and Orbital Mixing Principles, Molecular Orbital Theory and Delocalization",conceptual,advanced,3,1.2,1.0,0.8,0.7,0,1,0,0.0667,0.0667,0.0,0.0,0.2173,130,60,reviewed,True,True,1.0
NCERT_OxoacidStrength_04,Oxoacid Strength and Basicity from Structure,Oxoacid Strength and Basicity from Structure,"Electronegativity Trend, Hybridization and Orbital Mixing Principles, Molecular Orbital Theory and Delocalization","Electronegativity Trend, Hybridization and Orbital Mixing Principles, Molecular Orbital Theory and Delocalization",numerical,advanced,1,1.5,0.8,1.0,0.9,0,1,0,0.0667,0.0667,0.0,0.0,0.2173,150,60,reviewed,True,True,1.0
NCERT_OxoacidStrength_05,Oxoacid Strength and Basicity from Structure,Oxoacid Strength and Basicity from Structure,"Electronegativity Trend, Hybridization and Orbital Mixing Principles, Molecular Orbital Theory and Delocalization","Electronegativity Trend, Hybridization and Orbital Mixing Principles, Molecular Orbital Theory and Delocalization",conceptual,advanced,3,1.0,1.2,0.5,0.6,0,1,0,0.0667,0.0667,0.0,0.0,0.2173,60,60,reviewed,True,True,1.0
NCERT_OxoacidStrength_06,Oxoacid Strength and Basicity from Structure,Oxoacid Strength and Basicity from Structure,"Electronegativity Trend, Hybridization and Orbital Mixing Principles, Molecular Orbital Theory and Delocalization","Electronegativity Trend, Hybridization and Orbital Mixing Principles, Molecular Orbital Theory and Delocalization",conceptual,advanced,1,1.2,1.0,0.8,0.8,0,1,0,0.0667,0.0667,0.0,0.0,0.2173,120,60,reviewed,True,True,1.0
NCERT_OxoacidStrength_07,Oxoacid Strength and Basicity from Structure,Oxoacid Strength and Basicity from Structure,"Electronegativity Trend, Hybridization and Orbital Mixing Principles, Molecular Orbital Theory and Delocalization","Electronegativity Trend, Hybridization and Orbital Mixing Principles, Molecular Orbital Theory and Delocalization",numerical,advanced,2,1.0,1.0,1.0,1.0,0,1,0,0.0667,0.0667,0.0,0.0,0.2173,60,60,reviewed,True,True,1.0
NCERT_OxoacidStrength_08,Oxoacid Strength and Basicity from Structure,Oxoacid Strength and Basicity from Structure,"Electronegativity Trend, Hybridization and Orbital Mixing Principles, Molecular Orbital Theory and Delocalization","Electronegativity Trend, Hybridization and Orbital Mixing Principles, Molecular Orbital Theory and Delocalization",conceptual,advanced,1,1.2,1.0,1.0,0.8,0,1,0,0.0667,0.0667,0.0,0.0,0.2173,120,60,reviewed,True,True,1.0
NCERT_OxoacidStrength_09,Oxoacid Strength and Basicity from Structure,Oxoacid Strength and Basicity from Structure,"Electronegativity Trend, Hybridization and Orbital Mixing Principles, Molecular Orbital Theory and Delocalization","Electronegativity Trend, Hybridization and Orbital Mixing Principles, Molecular Orbital Theory and Delocalization",conceptual,advanced,2,1.2,1.0,0.8,0.7,0,1,0,0.0667,0.0667,0.0,0.0,0.2173,120,60,reviewed,True,True,1.0
NCERT_OxoacidStrength_10,Oxoacid Strength and Basicity from Structure,Oxoacid Strength and Basicity from Structure,"Electronegativity Trend, Hybridization and Orbital Mixing Principles, Molecular Orbital Theory and Delocalization","Electronegativity Trend, Hybridization and Orbital Mixing Principles, Molecular Orbital Theory and Delocalization",conceptual,advanced,3,1.0,1.2,0.8,0.7,0,1,0,0.0667,0.0667,0.0,0.0,0.2173,105,60,reviewed,True,True,1.0
NCERT_LanthanoidContraction_01,Lanthanoid Contraction,Lanthanoid Contraction,"Shielding Effect, Orbital Penetration","Shielding Effect, Orbital Penetration",conceptual,advanced,4,1.5,0.5,0.5,0.6,0,1,0,0.0667,0.0667,0.0,0.0,0.2173,135,60,reviewed,True,True,1.0
NCERT_LanthanoidContraction_02,Lanthanoid Contraction,Lanthanoid Contraction,"Shielding Effect, Orbital Penetration","Shielding Effect, Orbital Penetration",conceptual,advanced,2,1.2,1.0,0.5,0.6,0,1,0,0.0667,0.0667,0.0,0.0,0.2173,130,60,reviewed,True,True,1.0
NCERT_LanthanoidContraction_03,Lanthanoid Contraction,Lanthanoid Contraction,"Shielding Effect, Orbital Penetration","Shielding Effect, Orbital Penetration",conceptual,advanced,4,1.0,1.2,0.5,0.7,0,1,0,0.0667,0.0667,0.0,0.0,0.2173,110,60,reviewed,True,True,1.0
NCERT_LanthanoidContraction_04,Lanthanoid Contraction,Lanthanoid Contraction,"Shielding Effect, Orbital Penetration","Shielding Effect, Orbital Penetration",conceptual,advanced,1,1.0,1.2,0.5,0.6,0,1,0,0.0667,0.0667,0.0,0.0,0.2173,90,60,reviewed,True,True,1.0
NCERT_LanthanoidContraction_05,Lanthanoid Contraction,Lanthanoid Contraction,"Shielding Effect, Orbital Penetration","Shielding Effect, Orbital Penetration",conceptual,advanced,2,1.2,1.0,0.8,0.7,0,1,0,0.0667,0.0667,0.0,0.0,0.2173,150,60,reviewed,True,True,1.0
NCERT_LanthanoidContraction_06,Lanthanoid Contraction,Lanthanoid Contraction,"Shielding Effect, Orbital Penetration","Shielding Effect, Orbital Penetration",conceptual,advanced,3,1.2,1.0,1.0,0.8,0,1,0,0.0667,0.0667,0.0,0.0,0.2173,105,60,reviewed,True,True,1.0
NCERT_LanthanoidContraction_07,Lanthanoid Contraction,Lanthanoid Contraction,"Shielding Effect, Orbital Penetration","Shielding Effect, Orbital Penetration",conceptual,advanced,4,1.0,1.2,0.8,0.8,0,1,0,0.0667,0.0667,0.0,0.0,0.2173,70,60,reviewed,True,True,1.0
NCERT_LanthanoidContraction_08,Lanthanoid Contraction,Lanthanoid Contraction,"Shielding Effect, Orbital Penetration","Shielding Effect, Orbital Penetration",conceptual,advanced,1,1.2,1.0,0.5,0.7,0,1,0,0.0667,0.0667,0.0,0.0,0.2173,140,60,reviewed,True,True,1.0
NCERT_LanthanoidContraction_09,Lanthanoid Contraction,Lanthanoid Contraction,"Shielding Effect, Orbital Penetration","Shielding Effect, Orbital Penetration",numerical,advanced,3,1.0,1.2,0.5,0.6,0,1,0,0.0667,0.0667,0.0,0.0,0.2173,70,60,reviewed,True,True,1.0
NCERT_LanthanoidContraction_10,Lanthanoid Contraction,Lanthanoid Contraction,"Shielding Effect, Orbital Penetration, Charge Density (Z/r) and Ionic Potential","Shielding Effect, Orbital Penetration, Charge Density (Z/r) and Ionic Potential",conceptual,advanced,3,1.2,1.0,1.0,0.8,0,1,0,0.0667,0.0667,0.0,0.0,0.2173,130,60,reviewed,True,True,1.0
NCERT_ActinoidCont_01,Actinoid Contraction,Actinoid Contraction,"Shielding Effect, Orbital Penetration, Lanthanoid Contraction","Shielding Effect, Orbital Penetration, Lanthanoid Contraction",conceptual,advanced,1,1.5,0.5,0.5,0.7,0,1,0,0.0667,0.0667,0.0,0.0,0.2173,130,60,reviewed,True,True,1.0
NCERT_ActinoidCont_02,Actinoid Contraction,Actinoid Contraction,"Shielding Effect, Orbital Penetration","Shielding Effect, Orbital Penetration",conceptual,advanced,2,1.2,1.0,0.5,0.7,0,1,0,0.0667,0.0667,0.0,0.0,0.2173,120,60,reviewed,True,True,1.0
NCERT_ActinoidCont_03,Actinoid Contraction,Actinoid Contraction,"Shielding Effect, Orbital Penetration, Lanthanoid Contraction","Shielding Effect, Orbital Penetration, Lanthanoid Contraction",conceptual,advanced,4,1.2,1.0,0.8,0.8,0,1,0,0.0667,0.0667,0.0,0.0,0.2173,120,60,reviewed,True,True,1.0
NCERT_ActinoidCont_04,Actinoid Contraction,Actinoid Contraction,"Shielding Effect, Orbital Penetration","Shielding Effect, Orbital Penetration",conceptual,advanced,4,1.2,1.0,1.0,0.9,0,1,0,0.0667,0.0667,0.0,0.0,0.2173,115,60,reviewed,True,True,1.0
NCERT_ActinoidCont_05,Actinoid Contraction,Actinoid Contraction,"Shielding Effect, Orbital Penetration","Shielding Effect, Orbital Penetration",conceptual,advanced,4,1.2,1.0,0.8,0.7,0,1,0,0.0667,0.0667,0.0,0.0,0.2173,140,60,reviewed,True,True,1.0
NCERT_ActinoidCont_06,Actinoid Contraction,Actinoid Contraction,Charge Density (Z/r) and Ionic Potential,Charge Density (Z/r) and Ionic Potential,conceptual,advanced,4,1.2,1.0,0.8,0.8,0,1,0,0.0667,0.0667,0.0,0.0,0.2173,95,60,reviewed,True,True,1.0
NCERT_ActinoidCont_07,Actinoid Contraction,Actinoid Contraction,"Shielding Effect, Orbital Penetration","Shielding Effect, Orbital Penetration",conceptual,advanced,3,1.0,1.2,0.5,0.8,0,1,0,0.0667,0.0667,0.0,0.0,0.2173,135,60,reviewed,True,True,1.0
NCERT_ActinoidCont_08,Actinoid Contraction,Actinoid Contraction,"Shielding Effect, Orbital Penetration","Shielding Effect, Orbital Penetration",conceptual,advanced,3,1.0,1.2,0.8,0.7,0,1,0,0.0667,0.0667,0.0,0.0,0.2173,105,60,reviewed,True,True,1.0
NCERT_ActinoidCont_09,Actinoid Contraction,Actinoid Contraction,"Shielding Effect, Orbital Penetration, Lanthanoid Contraction","Shielding Effect, Orbital Penetration, Lanthanoid Contraction",conceptual,advanced,3,1.0,1.0,1.0,1.2,0,1,0,0.0667,0.0667,0.0,0.0,0.2173,85,60,reviewed,True,True,1.0
NCERT_ActinoidCont_10,Actinoid Contraction,Actinoid Contraction,"Shielding Effect, Orbital Penetration","Shielding Effect, Orbital Penetration",conceptual,advanced,3,1.0,1.2,0.5,0.7,0,1,0,0.0667,0.0667,0.0,0.0,0.2173,145,60,reviewed,True,True,1.0
NCERT_4d5dSimilarity_01,4d and 5d Series Similarity Post-Lanthanoid Contraction,4d and 5d Series Similarity Post-Lanthanoid Contraction,Lanthanoid Contraction,Lanthanoid Contraction,conceptual,advanced,2,1.5,0.5,0.5,0.6,0,1,0,0.0667,0.0667,0.0,0.0,0.2173,165,60,reviewed,True,True,1.0
NCERT_4d5dSimilarity_02,4d and 5d Series Similarity Post-Lanthanoid Contraction,4d and 5d Series Similarity Post-Lanthanoid Contraction,Lanthanoid Contraction,Lanthanoid Contraction,conceptual,advanced,3,1.0,1.2,0.5,0.6,0,1,0,0.0667,0.0667,0.0,0.0,0.2173,80,60,reviewed,True,True,1.0
NCERT_4d5dSimilarity_03,4d and 5d Series Similarity Post-Lanthanoid Contraction,4d and 5d Series Similarity Post-Lanthanoid Contraction,Lanthanoid Contraction,Lanthanoid Contraction,conceptual,advanced,2,1.2,1.0,0.5,0.7,0,1,0,0.0667,0.0667,0.0,0.0,0.2173,85,60,reviewed,True,True,1.0
NCERT_4d5dSimilarity_04,4d and 5d Series Similarity Post-Lanthanoid Contraction,4d and 5d Series Similarity Post-Lanthanoid Contraction,Lanthanoid Contraction,Lanthanoid Contraction,conceptual,advanced,2,1.0,1.2,0.5,0.6,0,1,0,0.0667,0.0667,0.0,0.0,0.2173,140,60,reviewed,True,True,1.0
NCERT_4d5dSimilarity_05,4d and 5d Series Similarity Post-Lanthanoid Contraction,4d and 5d Series Similarity Post-Lanthanoid Contraction,Lanthanoid Contraction,Lanthanoid Contraction,conceptual,advanced,1,1.2,1.0,0.5,0.7,0,1,0,0.0667,0.0667,0.0,0.0,0.2173,85,60,reviewed,True,True,1.0
NCERT_4d5dSimilarity_06,4d and 5d Series Similarity Post-Lanthanoid Contraction,4d and 5d Series Similarity Post-Lanthanoid Contraction,Lanthanoid Contraction,Lanthanoid Contraction,conceptual,advanced,2,1.0,1.2,0.5,0.6,0,1,0,0.0667,0.0667,0.0,0.0,0.2173,90,60,reviewed,True,True,1.0
NCERT_4d5dSimilarity_07,4d and 5d Series Similarity Post-Lanthanoid Contraction,4d and 5d Series Similarity Post-Lanthanoid Contraction,Lanthanoid Contraction,Lanthanoid Contraction,conceptual,advanced,1,1.2,1.0,0.8,0.8,0,1,0,0.0667,0.0667,0.0,0.0,0.2173,95,60,reviewed,True,True,1.0
NCERT_4d5dSimilarity_08,4d and 5d Series Similarity Post-Lanthanoid Contraction,4d and 5d Series Similarity Post-Lanthanoid Contraction,Lanthanoid Contraction,Lanthanoid Contraction,conceptual,advanced,1,1.2,1.0,0.8,0.7,0,1,0,0.0667,0.0667,0.0,0.0,0.2173,120,60,reviewed,True,True,1.0
NCERT_4d5dSimilarity_09,4d and 5d Series Similarity Post-Lanthanoid Contraction,4d and 5d Series Similarity Post-Lanthanoid Contraction,Lanthanoid Contraction,Lanthanoid Contraction,conceptual,advanced,2,1.5,1.0,1.0,0.9,0,1,0,0.0667,0.0667,0.0,0.0,0.2173,105,60,reviewed,True,True,1.0
NCERT_4d5dSimilarity_10,4d and 5d Series Similarity Post-Lanthanoid Contraction,4d and 5d Series Similarity Post-Lanthanoid Contraction,Lanthanoid Contraction,Lanthanoid Contraction,conceptual,advanced,2,1.0,1.2,1.0,0.7,0,1,0,0.0667,0.0667,0.0,0.0,0.2173,80,60,reviewed,True,True,1.0
NCERT_VariableOxState_01,Variable Oxidation State Stability in d-block,Variable Oxidation State Stability in d-block,"Exchange Energy and Half-Filled Shell Stability, Effective Nuclear Charge","Exchange Energy and Half-Filled Shell Stability, Effective Nuclear Charge",conceptual,advanced,4,1.5,0.5,0.5,0.7,0,1,0,0.0667,0.0667,0.0,0.0,0.2173,120,60,reviewed,True,True,1.0
NCERT_VariableOxState_02,Variable Oxidation State Stability in d-block,Variable Oxidation State Stability in d-block,Exchange Energy and Half-Filled Shell Stability,Exchange Energy and Half-Filled Shell Stability,conceptual,advanced,4,1.0,1.2,0.5,0.6,0,1,0,0.0667,0.0667,0.0,0.0,0.2173,75,60,reviewed,True,True,1.0
NCERT_VariableOxState_03,Variable Oxidation State Stability in d-block,Variable Oxidation State Stability in d-block,Exchange Energy and Half-Filled Shell Stability,Exchange Energy and Half-Filled Shell Stability,conceptual,advanced,3,1.2,1.0,0.8,0.7,0,1,0,0.0667,0.0667,0.0,0.0,0.2173,105,60,reviewed,True,True,1.0
NCERT_VariableOxState_04,Variable Oxidation State Stability in d-block,Variable Oxidation State Stability in d-block,"Exchange Energy and Half-Filled Shell Stability, Standard Electrode Potential Trends in d-block","Exchange Energy and Half-Filled Shell Stability, Standard Electrode Potential Trends in d-block",conceptual,advanced,4,1.2,1.0,0.8,0.7,0,1,0,0.0667,0.0667,0.0,0.0,0.2173,110,60,reviewed,True,True,1.0
NCERT_VariableOxState_05,Variable Oxidation State Stability in d-block,Variable Oxidation State Stability in d-block,Effective Nuclear Charge,Effective Nuclear Charge,conceptual,advanced,3,1.0,1.0,0.8,0.6,0,1,0,0.0667,0.0667,0.0,0.0,0.2173,75,60,reviewed,True,True,1.0
NCERT_VariableOxState_06,Variable Oxidation State Stability in d-block,Variable Oxidation State Stability in d-block,Exchange Energy and Half-Filled Shell Stability,Exchange Energy and Half-Filled Shell Stability,conceptual,advanced,1,1.0,1.2,0.8,0.6,0,1,0,0.0667,0.0667,0.0,0.0,0.2173,70,60,reviewed,True,True,1.0
NCERT_VariableOxState_07,Variable Oxidation State Stability in d-block,Variable Oxidation State Stability in d-block,Exchange Energy and Half-Filled Shell Stability,Exchange Energy and Half-Filled Shell Stability,conceptual,advanced,2,1.2,1.0,0.8,0.7,0,1,0,0.0667,0.0667,0.0,0.0,0.2173,130,60,reviewed,True,True,1.0
NCERT_VariableOxState_08,Variable Oxidation State Stability in d-block,Variable Oxidation State Stability in d-block,None (Foundation Concept),None (Foundation Concept),conceptual,advanced,3,1.0,1.0,0.5,0.6,0,1,0,0.0667,0.0667,0.0,0.0,0.2173,75,60,reviewed,True,True,1.0
NCERT_VariableOxState_09,Variable Oxidation State Stability in d-block,Variable Oxidation State Stability in d-block,Exchange Energy and Half-Filled Shell Stability,Exchange Energy and Half-Filled Shell Stability,conceptual,advanced,4,1.0,1.2,0.5,0.6,0,1,0,0.0667,0.0667,0.0,0.0,0.2173,70,60,reviewed,True,True,1.0
NCERT_VariableOxState_10,Variable Oxidation State Stability in d-block,Variable Oxidation State Stability in d-block,"Exchange Energy and Half-Filled Shell Stability, Effective Nuclear Charge","Exchange Energy and Half-Filled Shell Stability, Effective Nuclear Charge",conceptual,advanced,1,1.2,1.0,0.5,0.6,0,1,0,0.0667,0.0667,0.0,0.0,0.2173,105,60,reviewed,True,True,1.0
NCERT_ExchangeEnergy_01,Exchange Energy and Half-Filled Shell Stability,Exchange Energy and Half-Filled Shell Stability,Electron-Electron Repulsion,Electron-Electron Repulsion,conceptual,advanced,1,1.5,0.5,0.5,0.6,0,1,0,0.0667,0.0667,0.0,0.0,0.2173,160,60,reviewed,True,True,1.0
NCERT_ExchangeEnergy_02,Exchange Energy and Half-Filled Shell Stability,Exchange Energy and Half-Filled Shell Stability,Electron-Electron Repulsion,Electron-Electron Repulsion,conceptual,advanced,2,1.2,1.0,0.8,0.7,0,1,0,0.0667,0.0667,0.0,0.0,0.2173,120,60,reviewed,True,True,1.0
NCERT_ExchangeEnergy_03,Exchange Energy and Half-Filled Shell Stability,Exchange Energy and Half-Filled Shell Stability,Electron-Electron Repulsion,Electron-Electron Repulsion,conceptual,advanced,1,1.5,1.0,1.0,0.8,0,1,0,0.0667,0.0667,0.0,0.0,0.2173,145,60,reviewed,True,True,1.0
NCERT_ExchangeEnergy_04,Exchange Energy and Half-Filled Shell Stability,Exchange Energy and Half-Filled Shell Stability,Electron-Electron Repulsion,Electron-Electron Repulsion,conceptual,advanced,2,1.0,1.2,0.5,0.6,0,1,0,0.0667,0.0667,0.0,0.0,0.2173,70,60,reviewed,True,True,1.0
NCERT_ExchangeEnergy_05,Exchange Energy and Half-Filled Shell Stability,Exchange Energy and Half-Filled Shell Stability,Electron-Electron Repulsion,Electron-Electron Repulsion,conceptual,advanced,1,1.0,1.2,0.5,0.6,0,1,0,0.0667,0.0667,0.0,0.0,0.2173,75,60,reviewed,True,True,1.0
NCERT_ExchangeEnergy_06,Exchange Energy and Half-Filled Shell Stability,Exchange Energy and Half-Filled Shell Stability,Electron-Electron Repulsion,Electron-Electron Repulsion,conceptual,advanced,2,1.2,1.0,0.5,0.6,0,1,0,0.0667,0.0667,0.0,0.0,0.2173,130,60,reviewed,True,True,1.0
NCERT_ExchangeEnergy_07,Exchange Energy and Half-Filled Shell Stability,Exchange Energy and Half-Filled Shell Stability,Electron-Electron Repulsion,Electron-Electron Repulsion,conceptual,advanced,1,1.2,0.8,0.5,0.6,0,1,0,0.0667,0.0667,0.0,0.0,0.2173,80,60,reviewed,True,True,1.0
NCERT_ExchangeEnergy_08,Exchange Energy and Half-Filled Shell Stability,Exchange Energy and Half-Filled Shell Stability,"Electron-Electron Repulsion, Ionization Enthalpy Trend","Electron-Electron Repulsion, Ionization Enthalpy Trend",conceptual,advanced,3,1.2,1.0,0.8,0.7,0,1,0,0.0667,0.0667,0.0,0.0,0.2173,145,60,reviewed,True,True,1.0
NCERT_ExchangeEnergy_09,Exchange Energy and Half-Filled Shell Stability,Exchange Energy and Half-Filled Shell Stability,Electron-Electron Repulsion,Electron-Electron Repulsion,conceptual,advanced,3,1.2,1.0,0.8,0.7,0,1,0,0.0667,0.0667,0.0,0.0,0.2173,120,60,reviewed,True,True,1.0
NCERT_ExchangeEnergy_10,Exchange Energy and Half-Filled Shell Stability,Exchange Energy and Half-Filled Shell Stability,Electron-Electron Repulsion,Electron-Electron Repulsion,conceptual,advanced,1,1.2,1.0,0.5,0.6,0,1,0,0.0667,0.0667,0.0,0.0,0.2173,80,60,reviewed,True,True,1.0
NCERT_StdElectrode_01,Standard Electrode Potential Trends in d-block,Standard Electrode Potential Trends in d-block,None (Foundation Concept),None (Foundation Concept),numerical,advanced,4,1.5,0.5,0.5,0.7,0,0,1,0.0667,0.0667,0.0,0.0,0.2173,130,60,reviewed,True,True,1.0
NCERT_StdElectrode_02,Standard Electrode Potential Trends in d-block,Standard Electrode Potential Trends in d-block,"Ionization Enthalpy Trend, Hydration Enthalpy","Ionization Enthalpy Trend, Hydration Enthalpy",numerical,advanced,4,1.2,1.0,0.8,0.8,0,0,1,0.0667,0.0667,0.0,0.0,0.2173,145,60,reviewed,True,True,1.0
NCERT_StdElectrode_03,Standard Electrode Potential Trends in d-block,Standard Electrode Potential Trends in d-block,Exchange Energy and Half-Filled Shell Stability,Exchange Energy and Half-Filled Shell Stability,numerical,advanced,2,1.5,1.0,1.0,0.9,0,0,1,0.0667,0.0667,0.0,0.0,0.2173,160,60,reviewed,True,True,1.0
NCERT_StdElectrode_04,Standard Electrode Potential Trends in d-block,Standard Electrode Potential Trends in d-block,None (Foundation Concept),None (Foundation Concept),numerical,advanced,4,1.0,1.2,0.5,0.7,0,0,1,0.0667,0.0667,0.0,0.0,0.2173,85,60,reviewed,True,True,1.0
NCERT_StdElectrode_05,Standard Electrode Potential Trends in d-block,Standard Electrode Potential Trends in d-block,Redox Stability and Disproportionation Tendencies,Redox Stability and Disproportionation Tendencies,conceptual,advanced,4,1.2,1.0,0.8,0.8,0,0,1,0.0667,0.0667,0.0,0.0,0.2173,105,60,reviewed,True,True,1.0
NCERT_StdElectrode_06,Standard Electrode Potential Trends in d-block,Standard Electrode Potential Trends in d-block,Exchange Energy and Half-Filled Shell Stability,Exchange Energy and Half-Filled Shell Stability,numerical,advanced,2,1.2,1.0,0.8,0.8,0,0,1,0.0667,0.0667,0.0,0.0,0.2173,110,60,reviewed,True,True,1.0
NCERT_StdElectrode_07,Standard Electrode Potential Trends in d-block,Standard Electrode Potential Trends in d-block,Exchange Energy and Half-Filled Shell Stability,Exchange Energy and Half-Filled Shell Stability,numerical,advanced,4,1.5,1.0,1.0,0.9,0,0,1,0.0667,0.0667,0.0,0.0,0.2173,135,60,reviewed,True,True,1.0
NCERT_StdElectrode_08,Standard Electrode Potential Trends in d-block,Standard Electrode Potential Trends in d-block,Exchange Energy and Half-Filled Shell Stability,Exchange Energy and Half-Filled Shell Stability,conceptual,advanced,4,1.0,1.2,0.8,0.8,0,0,1,0.0667,0.0667,0.0,0.0,0.2173,160,60,reviewed,True,True,1.0
NCERT_StdElectrode_09,Standard Electrode Potential Trends in d-block,Standard Electrode Potential Trends in d-block,None (Foundation Concept),None (Foundation Concept),conceptual,advanced,2,1.0,1.0,0.8,0.7,0,0,1,0.0667,0.0667,0.0,0.0,0.2173,135,60,reviewed,True,True,1.0
NCERT_StdElectrode_10,Standard Electrode Potential Trends in d-block,Standard Electrode Potential Trends in d-block,"Exchange Energy and Half-Filled Shell Stability, Hydration Enthalpy","Exchange Energy and Half-Filled Shell Stability, Hydration Enthalpy",numerical,advanced,3,1.5,1.0,1.0,0.9,0,0,1,0.0667,0.0667,0.0,0.0,0.2173,130,60,reviewed,True,True,1.0
NCERT_MagneticProperties_01,Magnetic Properties from Unpaired d-electrons,Magnetic Properties from Unpaired d-electrons,"Energy Level Splitting in Atomic Orbitals, Electron-Electron Repulsion","Energy Level Splitting in Atomic Orbitals, Electron-Electron Repulsion",conceptual,advanced,3,1.5,0.5,0.5,0.7,0,0,1,0.0667,0.0667,0.0,0.0,0.2173,140,60,reviewed,True,True,1.0
NCERT_MagneticProperties_02,Magnetic Properties from Unpaired d-electrons,Magnetic Properties from Unpaired d-electrons,None (Foundation Concept),None (Foundation Concept),conceptual,advanced,4,1.0,1.2,0.5,0.6,0,0,1,0.0667,0.0667,0.0,0.0,0.2173,65,60,reviewed,True,True,1.0
NCERT_MagneticProperties_03,Magnetic Properties from Unpaired d-electrons,Magnetic Properties from Unpaired d-electrons,None (Foundation Concept),None (Foundation Concept),numerical,advanced,2,1.2,1.0,0.5,0.6,0,0,1,0.0667,0.0667,0.0,0.0,0.2173,115,60,reviewed,True,True,1.0
NCERT_MagneticProperties_04,Magnetic Properties from Unpaired d-electrons,Magnetic Properties from Unpaired d-electrons,None (Foundation Concept),None (Foundation Concept),numerical,advanced,2,1.0,1.2,0.5,0.6,0,0,1,0.0667,0.0667,0.0,0.0,0.2173,70,60,reviewed,True,True,1.0
NCERT_MagneticProperties_05,Magnetic Properties from Unpaired d-electrons,Magnetic Properties from Unpaired d-electrons,"Crystal Field Splitting in Octahedral Field, High-Spin vs Low-Spin Complexes","Crystal Field Splitting in Octahedral Field, High-Spin vs Low-Spin Complexes",conceptual,advanced,4,1.2,1.0,0.5,0.7,0,0,1,0.0667,0.0667,0.0,0.0,0.2173,135,60,reviewed,True,True,1.0
NCERT_MagneticProperties_06,Magnetic Properties from Unpaired d-electrons,Magnetic Properties from Unpaired d-electrons,"Crystal Field Splitting in Octahedral Field, High-Spin vs Low-Spin Complexes","Crystal Field Splitting in Octahedral Field, High-Spin vs Low-Spin Complexes",conceptual,advanced,4,1.5,1.0,1.0,0.9,0,0,1,0.0667,0.0667,0.0,0.0,0.2173,145,60,reviewed,True,True,1.0
NCERT_MagneticProperties_07,Magnetic Properties from Unpaired d-electrons,Magnetic Properties from Unpaired d-electrons,Crystal Field Splitting in Octahedral Field,Crystal Field Splitting in Octahedral Field,conceptual,advanced,4,1.2,1.0,0.8,0.8,0,0,1,0.0667,0.0667,0.0,0.0,0.2173,60,60,reviewed,True,True,1.0
NCERT_MagneticProperties_08,Magnetic Properties from Unpaired d-electrons,Magnetic Properties from Unpaired d-electrons,None (Foundation Concept),None (Foundation Concept),conceptual,advanced,1,1.0,1.2,0.5,0.6,0,0,1,0.0667,0.0667,0.0,0.0,0.2173,75,60,reviewed,True,True,1.0
NCERT_MagneticProperties_09,Magnetic Properties from Unpaired d-electrons,Magnetic Properties from Unpaired d-electrons,Color Origin in Coordination Compounds,Color Origin in Coordination Compounds,conceptual,advanced,3,1.2,1.0,0.8,0.7,0,0,1,0.0667,0.0667,0.0,0.0,0.2173,110,60,reviewed,True,True,1.0
NCERT_MagneticProperties_10,Magnetic Properties from Unpaired d-electrons,Magnetic Properties from Unpaired d-electrons,"Crystal Field Splitting in Octahedral Field, High-Spin vs Low-Spin Complexes","Crystal Field Splitting in Octahedral Field, High-Spin vs Low-Spin Complexes",conceptual,advanced,2,1.2,1.0,1.0,0.8,0,0,1,0.0667,0.0667,0.0,0.0,0.2173,155,60,reviewed,True,True,1.0
NCERT_HSAB_01,Hard and Soft Acids and Bases (HSAB) Principle,Hard and Soft Acids and Bases (HSAB) Principle,Charge Density (Z/r) and Ionic Potential,Charge Density (Z/r) and Ionic Potential,conceptual,advanced,3,1.5,0.5,0.5,0.8,1,0,0,0.0667,0.0667,0.0,0.0,0.2173,100,60,reviewed,True,True,1.0
NCERT_HSAB_02,Hard and Soft Acids and Bases (HSAB) Principle,Hard and Soft Acids and Bases (HSAB) Principle,Charge Density (Z/r) and Ionic Potential,Charge Density (Z/r) and Ionic Potential,conceptual,advanced,2,1.2,1.0,0.5,0.7,1,0,0,0.0667,0.0667,0.0,0.0,0.2173,105,60,reviewed,True,True,1.0
NCERT_HSAB_03,Hard and Soft Acids and Bases (HSAB) Principle,Hard and Soft Acids and Bases (HSAB) Principle,Charge Density (Z/r) and Ionic Potential,Charge Density (Z/r) and Ionic Potential,conceptual,advanced,2,1.0,1.2,0.5,0.7,1,0,0,0.0667,0.0667,0.0,0.0,0.2173,65,60,reviewed,True,True,1.0
NCERT_HSAB_04,Hard and Soft Acids and Bases (HSAB) Principle,Hard and Soft Acids and Bases (HSAB) Principle,Charge Density (Z/r) and Ionic Potential,Charge Density (Z/r) and Ionic Potential,conceptual,advanced,4,1.2,1.0,0.5,0.8,1,0,0,0.0667,0.0667,0.0,0.0,0.2173,75,60,reviewed,True,True,1.0
NCERT_HSAB_05,Hard and Soft Acids and Bases (HSAB) Principle,Hard and Soft Acids and Bases (HSAB) Principle,Charge Density (Z/r) and Ionic Potential,Charge Density (Z/r) and Ionic Potential,conceptual,advanced,1,1.2,1.0,0.8,0.9,1,0,0,0.0667,0.0667,0.0,0.0,0.2173,115,60,reviewed,True,True,1.0
NCERT_HSAB_06,Hard and Soft Acids and Bases (HSAB) Principle,Hard and Soft Acids and Bases (HSAB) Principle,Charge Density (Z/r) and Ionic Potential,Charge Density (Z/r) and Ionic Potential,conceptual,advanced,2,1.2,1.0,1.0,0.9,1,0,0,0.0667,0.0667,0.0,0.0,0.2173,140,60,reviewed,True,True,1.0
NCERT_HSAB_07,Hard and Soft Acids and Bases (HSAB) Principle,Hard and Soft Acids and Bases (HSAB) Principle,Charge Density (Z/r) and Ionic Potential,Charge Density (Z/r) and Ionic Potential,conceptual,advanced,4,1.2,1.0,0.5,0.7,1,0,0,0.0667,0.0667,0.0,0.0,0.2173,85,60,reviewed,True,True,1.0
NCERT_HSAB_08,Hard and Soft Acids and Bases (HSAB) Principle,Hard and Soft Acids and Bases (HSAB) Principle,Charge Density (Z/r) and Ionic Potential,Charge Density (Z/r) and Ionic Potential,conceptual,advanced,1,1.0,1.2,0.5,0.8,1,0,0,0.0667,0.0667,0.0,0.0,0.2173,120,60,reviewed,True,True,1.0
NCERT_HSAB_09,Hard and Soft Acids and Bases (HSAB) Principle,Hard and Soft Acids and Bases (HSAB) Principle,Charge Density (Z/r) and Ionic Potential,Charge Density (Z/r) and Ionic Potential,conceptual,advanced,1,1.0,1.2,0.5,0.7,1,0,0,0.0667,0.0667,0.0,0.0,0.2173,65,60,reviewed,True,True,1.0
NCERT_HSAB_10,HSAB Principle,HSAB Principle,Hard and Soft Acids and Bases,Hard and Soft Acids and Bases,conceptual,core,3,1.0,1.0,1.0,0.0,0,1,0,0.0667,0.0667,0.0,0.0,0.2173,85,100,reviewed,True,True,1.0
NCERT_Boranes_01,Electron-Deficient Bonding in Boranes,Electron-Deficient Bonding in Boranes,"Sigma and Pi Bonding in Molecular Orbitals, Electron-Deficient Bonding in Boranes (prereq)","Sigma and Pi Bonding in Molecular Orbitals, Electron-Deficient Bonding in Boranes (prereq)",conceptual,advanced,3,1.5,0.5,0.5,0.9,1,0,0,0.0667,0.0667,0.0,0.0,0.2173,90,60,reviewed,True,True,1.0
NCERT_Boranes_02,Electron-Deficient Bonding in Boranes,Electron-Deficient Bonding in Boranes,Sigma and Pi Bonding in Molecular Orbitals,Sigma and Pi Bonding in Molecular Orbitals,conceptual,advanced,2,1.2,1.0,0.5,0.8,1,0,0,0.0667,0.0667,0.0,0.0,0.2173,110,60,reviewed,True,True,1.0
NCERT_Boranes_03,Electron-Deficient Bonding in Boranes,Electron-Deficient Bonding in Boranes,Sigma and Pi Bonding in Molecular Orbitals,Sigma and Pi Bonding in Molecular Orbitals,conceptual,advanced,3,1.2,1.0,0.5,0.9,1,0,0,0.0667,0.0667,0.0,0.0,0.2173,80,60,reviewed,True,True,1.0
NCERT_Boranes_04,Electron-Deficient Bonding in Boranes,Electron-Deficient Bonding in Boranes,Sigma and Pi Bonding in Molecular Orbitals,Sigma and Pi Bonding in Molecular Orbitals,conceptual,advanced,2,1.0,1.2,0.5,0.8,1,0,0,0.0667,0.0667,0.0,0.0,0.2173,65,60,reviewed,True,True,1.0
NCERT_Boranes_05,Electron-Deficient Bonding in Boranes,Electron-Deficient Bonding in Boranes,Sigma and Pi Bonding in Molecular Orbitals,Sigma and Pi Bonding in Molecular Orbitals,conceptual,advanced,1,1.0,1.2,0.5,0.7,1,0,0,0.0667,0.0667,0.0,0.0,0.2173,130,60,reviewed,True,True,1.0
NCERT_Boranes_06,Electron-Deficient Bonding in Boranes,Electron-Deficient Bonding in Boranes,Sigma and Pi Bonding in Molecular Orbitals,Sigma and Pi Bonding in Molecular Orbitals,conceptual,advanced,4,1.2,1.0,0.5,0.8,1,0,0,0.0667,0.0667,0.0,0.0,0.2173,75,60,reviewed,True,True,1.0
NCERT_Boranes_07,Electron-Deficient Bonding in Boranes,Electron-Deficient Bonding in Boranes,Sigma and Pi Bonding in Molecular Orbitals,Sigma and Pi Bonding in Molecular Orbitals,conceptual,advanced,3,1.2,1.0,0.8,0.9,1,0,0,0.0667,0.0667,0.0,0.0,0.2173,80,60,reviewed,True,True,1.0
NCERT_Boranes_08,Electron-Deficient Bonding in Boranes,Electron-Deficient Bonding in Boranes,Sigma and Pi Bonding in Molecular Orbitals,Sigma and Pi Bonding in Molecular Orbitals,conceptual,advanced,1,1.2,1.0,0.8,0.9,1,0,0,0.0667,0.0667,0.0,0.0,0.2173,100,60,reviewed,True,True,1.0
NCERT_Boranes_09,Electron-Deficient Bonding in Boranes,Electron-Deficient Bonding in Boranes,Sigma and Pi Bonding in Molecular Orbitals,Sigma and Pi Bonding in Molecular Orbitals,conceptual,advanced,2,1.0,1.0,0.8,0.8,1,0,0,0.0667,0.0667,0.0,0.0,0.2173,100,60,reviewed,True,True,1.0
NCERT_Boranes_10,Electron-Deficient Bonding in Boranes,Electron-Deficient Bonding in Boranes,Sigma and Pi Bonding in Molecular Orbitals,Sigma and Pi Bonding in Molecular Orbitals,conceptual,advanced,1,1.2,1.0,1.0,1.0,1,0,0,0.0667,0.0667,0.0,0.0,0.2173,65,60,reviewed,True,True,1.0
NCERT_VSEPR_Hypervalent_01,VSEPR Application to Hypervalent Molecules,VSEPR Application to Hypervalent Molecules,Valence Shell Electron Pair Repulsion Theory,Valence Shell Electron Pair Repulsion Theory,conceptual,advanced,2,1.5,0.5,0.5,0.7,0,0,1,0.0667,0.0667,0.0,0.0,0.2173,115,60,reviewed,True,True,1.0
NCERT_VSEPR_Hypervalent_02,VSEPR Application to Hypervalent Molecules,VSEPR Application to Hypervalent Molecules,Valence Shell Electron Pair Repulsion Theory,Valence Shell Electron Pair Repulsion Theory,conceptual,advanced,4,1.0,1.2,0.5,0.6,0,0,1,0.0667,0.0667,0.0,0.0,0.2173,65,60,reviewed,True,True,1.0
NCERT_VSEPR_Hypervalent_03,VSEPR Application to Hypervalent Molecules,VSEPR Application to Hypervalent Molecules,Valence Shell Electron Pair Repulsion Theory,Valence Shell Electron Pair Repulsion Theory,conceptual,advanced,2,1.2,1.0,0.5,0.7,0,0,1,0.0667,0.0667,0.0,0.0,0.2173,150,60,reviewed,True,True,1.0
NCERT_VSEPR_Hypervalent_04,VSEPR Application to Hypervalent Molecules,VSEPR Application to Hypervalent Molecules,Valence Shell Electron Pair Repulsion Theory,Valence Shell Electron Pair Repulsion Theory,conceptual,advanced,2,1.0,1.2,0.5,0.6,0,0,1,0.0667,0.0667,0.0,0.0,0.2173,60,60,reviewed,True,True,1.0
NCERT_VSEPR_Hypervalent_05,VSEPR Application to Hypervalent Molecules,VSEPR Application to Hypervalent Molecules,Valence Shell Electron Pair Repulsion Theory,Valence Shell Electron Pair Repulsion Theory,conceptual,advanced,1,1.2,1.0,0.8,0.8,0,0,1,0.0667,0.0667,0.0,0.0,0.2173,145,60,reviewed,True,True,1.0
NCERT_VSEPR_Hypervalent_06,VSEPR Application to Hypervalent Molecules,VSEPR Application to Hypervalent Molecules,Valence Shell Electron Pair Repulsion Theory,Valence Shell Electron Pair Repulsion Theory,conceptual,advanced,1,1.0,1.2,0.5,0.7,0,0,1,0.0667,0.0667,0.0,0.0,0.2173,75,60,reviewed,True,True,1.0
NCERT_VSEPR_Hypervalent_07,VSEPR Application to Hypervalent Molecules,VSEPR Application to Hypervalent Molecules,Valence Shell Electron Pair Repulsion Theory,Valence Shell Electron Pair Repulsion Theory,conceptual,advanced,4,1.2,1.0,0.5,0.7,0,0,1,0.0667,0.0667,0.0,0.0,0.2173,160,60,reviewed,True,True,1.0
NCERT_VSEPR_Hypervalent_08,VSEPR Application to Hypervalent Molecules,VSEPR Application to Hypervalent Molecules,Valence Shell Electron Pair Repulsion Theory,Valence Shell Electron Pair Repulsion Theory,conceptual,advanced,1,1.0,1.2,0.5,0.6,0,0,1,0.0667,0.0667,0.0,0.0,0.2173,65,60,reviewed,True,True,1.0
NCERT_VSEPR_Hypervalent_09,VSEPR Application to Hypervalent Molecules,VSEPR Application to Hypervalent Molecules,Valence Shell Electron Pair Repulsion Theory,Valence Shell Electron Pair Repulsion Theory,conceptual,advanced,4,1.2,1.0,0.8,0.9,0,0,1,0.0667,0.0667,0.0,0.0,0.2173,125,60,reviewed,True,True,1.0
NCERT_VSEPR_Hypervalent_10,VSEPR Hypervalent Geometry,VSEPR Hypervalent Geometry,Valence Shell Electron Pair Repulsion Theory,Valence Shell Electron Pair Repulsion Theory,conceptual,advanced,2,1.5,1.0,0.5,0.9,0,0,1,0.0667,0.0667,0.0,0.0,0.2173,100,60,reviewed,True,True,1.0
NCERT_NobleGas_01,Noble Gas Compound Stability,Noble Gas Compound Stability,Effective Nuclear Charge,Effective Nuclear Charge,conceptual,advanced,3,1.5,0.5,0.5,0.8,0,0,1,0.0667,0.0667,0.0,0.0,0.2173,70,60,reviewed,True,True,1.0
NCERT_NobleGas_02,Noble Gas Compound Stability,Noble Gas Compound Stability,Effective Nuclear Charge,Effective Nuclear Charge,conceptual,advanced,4,1.2,1.0,0.5,0.7,0,0,1,0.0667,0.0667,0.0,0.0,0.2173,100,60,reviewed,True,True,1.0
NCERT_NobleGas_03,Noble Gas Compound Stability,Noble Gas Compound Stability,Effective Nuclear Charge,Effective Nuclear Charge,conceptual,advanced,2,1.0,1.2,0.5,0.6,0,0,1,0.0667,0.0667,0.0,0.0,0.2173,60,60,reviewed,True,True,1.0
NCERT_NobleGas_04,Noble Gas Compound Stability,Noble Gas Compound Stability,Effective Nuclear Charge,Effective Nuclear Charge,conceptual,advanced,3,1.2,1.0,0.8,0.9,0,0,1,0.0667,0.0667,0.0,0.0,0.2173,115,60,reviewed,True,True,1.0
NCERT_NobleGas_05,Noble Gas Compound Stability,Noble Gas Compound Stability,Effective Nuclear Charge,Effective Nuclear Charge,conceptual,advanced,2,1.0,1.2,0.5,0.8,0,0,1,0.0667,0.0667,0.0,0.0,0.2173,65,60,reviewed,True,True,1.0
NCERT_NobleGas_06,Noble Gas Compound Stability,Noble Gas Compound Stability,Effective Nuclear Charge,Effective Nuclear Charge,conceptual,advanced,2,1.0,1.2,0.5,0.7,0,0,1,0.0667,0.0667,0.0,0.0,0.2173,125,60,reviewed,True,True,1.0
NCERT_NobleGas_07,Noble Gas Compound Stability,Noble Gas Compound Stability,Effective Nuclear Charge,Effective Nuclear Charge,conceptual,advanced,1,1.2,1.0,0.8,0.9,0,0,1,0.0667,0.0667,0.0,0.0,0.2173,80,60,reviewed,True,True,1.0
NCERT_NobleGas_08,Noble Gas Compound Stability,Noble Gas Compound Stability,Effective Nuclear Charge,Effective Nuclear Charge,conceptual,advanced,2,1.2,1.0,0.8,0.9,0,0,1,0.0667,0.0667,0.0,0.0,0.2173,105,60,reviewed,True,True,1.0
NCERT_NobleGas_09,Noble Gas Compound Stability,Noble Gas Compound Stability,Effective Nuclear Charge,Effective Nuclear Charge,conceptual,advanced,1,1.0,1.0,0.8,0.7,0,0,1,0.0667,0.0667,0.0,0.0,0.2173,70,60,reviewed,True,True,1.0
NCERT_NobleGas_10,Noble Gas Compound Stability,Noble Gas Compound Stability,Effective Nuclear Charge,Effective Nuclear Charge,conceptual,advanced,2,1.2,1.0,0.8,0.8,0,0,1,0.0667,0.0667,0.0,0.0,0.2173,135,60,reviewed,True,True,1.0
NCERT_RedoxDisprop_01,Redox Stability and Disproportionation Tendencies,Redox Stability and Disproportionation Tendencies,Standard Electrode Potential Trends in d-block,Standard Electrode Potential Trends in d-block,conceptual,advanced,3,1.5,0.5,0.5,0.8,1,0,0,0.0667,0.0667,0.0,0.0,0.2173,130,60,reviewed,True,True,1.0
NCERT_RedoxDisprop_02,Redox Stability and Disproportionation Tendencies,Redox Stability and Disproportionation Tendencies,Standard Electrode Potential Trends in d-block,Standard Electrode Potential Trends in d-block,conceptual,advanced,1,1.0,1.2,0.5,0.7,1,0,0,0.0667,0.0667,0.0,0.0,0.2173,100,60,reviewed,True,True,1.0
NCERT_RedoxDisprop_03,Redox Stability and Disproportionation Tendencies,Redox Stability and Disproportionation Tendencies,Standard Electrode Potential Trends in d-block,Standard Electrode Potential Trends in d-block,conceptual,advanced,4,1.2,1.0,0.8,0.9,1,0,0,0.0667,0.0667,0.0,0.0,0.2173,95,60,reviewed,True,True,1.0
NCERT_RedoxDisprop_04,Redox Stability and Disproportionation Tendencies,Redox Stability and Disproportionation Tendencies,Standard Electrode Potential Trends in d-block,Standard Electrode Potential Trends in d-block,conceptual,advanced,1,1.5,1.0,1.0,1.0,1,0,0,0.0667,0.0667,0.0,0.0,0.2173,115,60,reviewed,True,True,1.0
NCERT_RedoxDisprop_05,Redox Stability and Disproportionation Tendencies,Redox Stability and Disproportionation Tendencies,Standard Electrode Potential Trends in d-block,Standard Electrode Potential Trends in d-block,conceptual,advanced,3,1.0,1.2,0.8,0.8,1,0,0,0.0667,0.0667,0.0,0.0,0.2173,70,60,reviewed,True,True,1.0
NCERT_RedoxDisprop_06,Redox Stability and Disproportionation Tendencies,Redox Stability and Disproportionation Tendencies,Standard Electrode Potential Trends in d-block,Standard Electrode Potential Trends in d-block,conceptual,advanced,4,1.2,1.0,0.8,0.9,1,0,0,0.0667,0.0667,0.0,0.0,0.2173,75,60,reviewed,True,True,1.0
NCERT_RedoxDisprop_07,Redox Stability and Disproportionation Tendencies,Redox Stability and Disproportionation Tendencies,Standard Electrode Potential Trends in d-block,Standard Electrode Potential Trends in d-block,numerical,advanced,2,1.0,1.0,1.0,1.2,1,0,0,0.0667,0.0667,0.0,0.0,0.2173,65,60,reviewed,True,True,1.0
NCERT_RedoxDisprop_08,Redox Stability and Disproportionation Tendencies,Redox Stability and Disproportionation Tendencies,Standard Electrode Potential Trends in d-block,Standard Electrode Potential Trends in d-block,conceptual,advanced,2,1.5,1.0,1.0,1.0,1,0,0,0.0667,0.0667,0.0,0.0,0.2173,110,60,reviewed,True,True,1.0
NCERT_RedoxDisprop_09,Redox Stability and Disproportionation Tendencies,Redox Stability and Disproportionation Tendencies,Standard Electrode Potential Trends in d-block,Standard Electrode Potential Trends in d-block,conceptual,advanced,1,1.0,1.2,0.5,0.7,1,0,0,0.0667,0.0667,0.0,0.0,0.2173,80,60,reviewed,True,True,1.0
NCERT_RedoxDisprop_10,Redox Stability and Disproportionation Tendencies,Redox Stability and Disproportionation Tendencies,Standard Electrode Potential Trends in d-block,Standard Electrode Potential Trends in d-block,conceptual,advanced,1,1.2,1.0,1.0,0.9,1,0,0,0.0667,0.0667,0.0,0.0,0.2173,100,60,reviewed,True,True,1.0
NCERT_Spectrochemical_01,Spectrochemical Series,Spectrochemical Series,"Ligand Field Theory, Crystal Field Splitting in Octahedral Field","Ligand Field Theory, Crystal Field Splitting in Octahedral Field",conceptual,advanced,3,1.5,0.5,0.5,0.9,0,0,1,0.0667,0.0667,0.0,0.0,0.2173,125,60,reviewed,True,True,1.0
NCERT_Spectrochemical_02,Spectrochemical Series,Spectrochemical Series,"Ligand Field Theory, Crystal Field Splitting in Octahedral Field","Ligand Field Theory, Crystal Field Splitting in Octahedral Field",conceptual,advanced,1,1.0,1.2,0.5,0.8,0,0,1,0.0667,0.0667,0.0,0.0,0.2173,75,60,reviewed,True,True,1.0
NCERT_Spectrochemical_03,Spectrochemical Series,Spectrochemical Series,"Ligand Field Theory, Crystal Field Splitting in Octahedral Field","Ligand Field Theory, Crystal Field Splitting in Octahedral Field",conceptual,advanced,1,1.2,1.0,0.8,0.9,0,0,1,0.0667,0.0667,0.0,0.0,0.2173,210,60,reviewed,True,True,1.0
NCERT_Spectrochemical_04,Spectrochemical Series,Spectrochemical Series,"Ligand Field Theory, Crystal Field Splitting in Octahedral Field","Ligand Field Theory, Crystal Field Splitting in Octahedral Field",conceptual,advanced,3,1.2,1.0,0.8,0.9,0,0,1,0.0667,0.0667,0.0,0.0,0.2173,105,60,reviewed,True,True,1.0
NCERT_Spectrochemical_05,Spectrochemical Series,Spectrochemical Series,"Ligand Field Theory, Crystal Field Splitting in Octahedral Field","Ligand Field Theory, Crystal Field Splitting in Octahedral Field",conceptual,advanced,4,1.2,1.0,0.8,0.9,0,0,1,0.0667,0.0667,0.0,0.0,0.2173,75,60,reviewed,True,True,1.0
NCERT_Spectrochemical_06,Spectrochemical Series,Spectrochemical Series,"Ligand Field Theory, Crystal Field Splitting in Octahedral Field","Ligand Field Theory, Crystal Field Splitting in Octahedral Field",conceptual,advanced,4,1.0,1.2,0.5,0.7,0,0,1,0.0667,0.0667,0.0,0.0,0.2173,135,60,reviewed,True,True,1.0
NCERT_Spectrochemical_07,Spectrochemical Series,Spectrochemical Series,"Ligand Field Theory, Crystal Field Splitting in Octahedral Field","Ligand Field Theory, Crystal Field Splitting in Octahedral Field",conceptual,advanced,1,1.2,1.0,0.8,0.9,0,0,1,0.0667,0.0667,0.0,0.0,0.2173,90,60,reviewed,True,True,1.0
NCERT_Spectrochemical_08,Spectrochemical Series,Spectrochemical Series,"Ligand Field Theory, Crystal Field Splitting in Octahedral Field","Ligand Field Theory, Crystal Field Splitting in Octahedral Field",conceptual,advanced,1,1.2,1.0,0.8,0.8,0,0,1,0.0667,0.0667,0.0,0.0,0.2173,75,60,reviewed,True,True,1.0
NCERT_Spectrochemical_09,Spectrochemical Series,Spectrochemical Series,"Ligand Field Theory, Crystal Field Splitting in Octahedral Field","Ligand Field Theory, Crystal Field Splitting in Octahedral Field",conceptual,advanced,1,1.2,1.0,0.5,0.8,0,0,1,0.0667,0.0667,0.0,0.0,0.2173,110,60,reviewed,True,True,1.0
NCERT_Spectrochemical_10,Spectrochemical Series,Spectrochemical Series,"Ligand Field Theory, Crystal Field Splitting in Octahedral Field","Ligand Field Theory, Crystal Field Splitting in Octahedral Field",numerical,advanced,4,1.0,1.2,0.5,0.8,0,0,1,0.0667,0.0667,0.0,0.0,0.2173,70,60,reviewed,True,True,1.0
NCERT_CrystalFieldOcta_01,Crystal Field Splitting in Octahedral Field,Crystal Field Splitting in Octahedral Field,"Metal-Ligand Bonding (σ and π interactions in complexes), Ligand Field Theory","Metal-Ligand Bonding (σ and π interactions in complexes), Ligand Field Theory",conceptual,advanced,2,1.5,0.8,0.5,1.3,1,0,0,0.0667,0.0667,0.0,0.0,0.2173,100,60,reviewed,True,True,1.0
NCERT_CrystalFieldOcta_02,Crystal Field Splitting in Octahedral Field,Crystal Field Splitting in Octahedral Field,"Metal-Ligand Bonding (σ and π interactions in complexes), Ligand Field Theory","Metal-Ligand Bonding (σ and π interactions in complexes), Ligand Field Theory",numerical,advanced,3,1.2,1.0,0.5,1.2,1,0,0,0.0667,0.0667,0.0,0.0,0.2173,105,60,reviewed,True,True,1.0
NCERT_CrystalFieldOcta_03,Crystal Field Splitting in Octahedral Field,Crystal Field Splitting in Octahedral Field,"Metal-Ligand Bonding (σ and π interactions in complexes), Ligand Field Theory","Metal-Ligand Bonding (σ and π interactions in complexes), Ligand Field Theory",conceptual,advanced,4,1.2,1.0,0.5,1.3,1,0,0,0.0667,0.0667,0.0,0.0,0.2173,100,60,reviewed,True,True,1.0
NCERT_CrystalFieldOcta_04,Crystal Field Splitting in Octahedral Field,Crystal Field Splitting in Octahedral Field,"Metal-Ligand Bonding (σ and π interactions in complexes), Ligand Field Theory","Metal-Ligand Bonding (σ and π interactions in complexes), Ligand Field Theory",numerical,advanced,3,1.2,1.0,1.0,1.4,1,0,0,0.0667,0.0667,0.0,0.0,0.2173,120,60,reviewed,True,True,1.0
NCERT_CrystalFieldOcta_05,Crystal Field Splitting in Octahedral Field,Crystal Field Splitting in Octahedral Field,"Metal-Ligand Bonding (σ and π interactions in complexes), Ligand Field Theory","Metal-Ligand Bonding (σ and π interactions in complexes), Ligand Field Theory",conceptual,advanced,2,1.5,1.0,1.0,1.5,1,0,0,0.0667,0.0667,0.0,0.0,0.2173,140,60,reviewed,True,True,1.0
NCERT_CrystalFieldOcta_06,Crystal Field Splitting in Octahedral Field,Crystal Field Splitting in Octahedral Field,High-Spin vs Low-Spin Complexes,High-Spin vs Low-Spin Complexes,conceptual,advanced,2,1.0,1.2,0.5,1.3,1,0,0,0.0667,0.0667,0.0,0.0,0.2173,80,60,reviewed,True,True,1.0
NCERT_CrystalFieldOcta_07,Crystal Field Splitting in Octahedral Field,Crystal Field Splitting in Octahedral Field,"High-Spin vs Low-Spin Complexes, Crystal Field Stabilization Energy","High-Spin vs Low-Spin Complexes, Crystal Field Stabilization Energy",numerical,advanced,4,1.2,1.0,0.8,1.4,1,0,0,0.0667,0.0667,0.0,0.0,0.2173,75,60,reviewed,True,True,1.0
NCERT_CrystalFieldOcta_08,Crystal Field Splitting in Octahedral Field,Crystal Field Splitting in Octahedral Field,Crystal Field Stabilization Energy,Crystal Field Stabilization Energy,numerical,advanced,1,1.5,1.0,1.0,1.5,1,0,0,0.0667,0.0667,0.0,0.0,0.2173,80,60,reviewed,True,True,1.0
NCERT_CrystalFieldOcta_09,Crystal Field Splitting in Octahedral Field,Crystal Field Splitting in Octahedral Field,Color Origin in Coordination Compounds,Color Origin in Coordination Compounds,conceptual,advanced,2,1.2,1.0,0.8,1.3,1,0,0,0.0667,0.0667,0.0,0.0,0.2173,110,60,reviewed,True,True,1.0
NCERT_CrystalFieldOcta_10,Crystal Field Splitting in Octahedral Field,Crystal Field Splitting in Octahedral Field,Spectrochemical Series,Spectrochemical Series,numerical,advanced,1,1.2,1.0,0.8,1.3,1,0,0,0.0667,0.0667,0.0,0.0,0.2173,135,60,reviewed,True,True,1.0
NCERT_CrystalFieldTetra_01,Crystal Field Splitting in Tetrahedral Field,Crystal Field Splitting in Tetrahedral Field,"Metal-Ligand Bonding (σ and π interactions in complexes), Ligand Field Theory","Metal-Ligand Bonding (σ and π interactions in complexes), Ligand Field Theory",conceptual,advanced,3,1.5,0.8,0.5,1.3,0,0,1,0.0667,0.0667,0.0,0.0,0.2173,110,60,reviewed,True,True,1.0
NCERT_CrystalFieldTetra_02,Crystal Field Splitting in Tetrahedral Field,Crystal Field Splitting in Tetrahedral Field,Crystal Field Splitting in Octahedral Field,Crystal Field Splitting in Octahedral Field,numerical,advanced,4,1.2,1.0,0.8,1.4,0,0,1,0.0667,0.0667,0.0,0.0,0.2173,90,60,reviewed,True,True,1.0
NCERT_CrystalFieldTetra_03,Crystal Field Splitting in Tetrahedral Field,Crystal Field Splitting in Tetrahedral Field,High-Spin vs Low-Spin Complexes,High-Spin vs Low-Spin Complexes,conceptual,advanced,3,1.2,1.0,0.8,1.3,0,0,1,0.0667,0.0667,0.0,0.0,0.2173,110,60,reviewed,True,True,1.0
NCERT_CrystalFieldTetra_04,Crystal Field Splitting in Tetrahedral Field,Crystal Field Splitting in Tetrahedral Field,Crystal Field Stabilization Energy,Crystal Field Stabilization Energy,conceptual,advanced,2,1.0,1.2,0.5,1.2,0,0,1,0.0667,0.0667,0.0,0.0,0.2173,75,60,reviewed,True,True,1.0
NCERT_CrystalFieldTetra_05,Crystal Field Splitting in Tetrahedral Field,Crystal Field Splitting in Tetrahedral Field,Crystal Field Stabilization Energy,Crystal Field Stabilization Energy,numerical,advanced,1,1.5,1.0,1.0,1.5,0,0,1,0.0667,0.0667,0.0,0.0,0.2173,70,60,reviewed,True,True,1.0
NCERT_CrystalFieldTetra_06,Crystal Field Splitting in Tetrahedral Field,Crystal Field Splitting in Tetrahedral Field,Crystal Field Stabilization Energy,Crystal Field Stabilization Energy,conceptual,advanced,2,1.2,1.0,1.0,1.4,0,0,1,0.0667,0.0667,0.0,0.0,0.2173,125,60,reviewed,True,True,1.0
NCERT_CrystalFieldTetra_07,Crystal Field Splitting in Tetrahedral Field,Crystal Field Splitting in Tetrahedral Field,Color Origin in Coordination Compounds,Color Origin in Coordination Compounds,conceptual,advanced,4,1.2,1.0,0.8,1.3,0,0,1,0.0667,0.0667,0.0,0.0,0.2173,125,60,reviewed,True,True,1.0
NCERT_CrystalFieldTetra_08,Crystal Field Splitting in Tetrahedral Field,Crystal Field Splitting in Tetrahedral Field,Ligand Field Theory,Ligand Field Theory,conceptual,advanced,1,1.2,1.0,0.5,1.3,0,0,1,0.0667,0.0667,0.0,0.0,0.2173,85,60,reviewed,True,True,1.0
NCERT_CrystalFieldTetra_09,Crystal Field Splitting in Tetrahedral Field,Crystal Field Splitting in Tetrahedral Field,Crystal Field Stabilization Energy,Crystal Field Stabilization Energy,conceptual,advanced,1,1.0,1.2,0.5,1.3,0,0,1,0.0667,0.0667,0.0,0.0,0.2173,80,60,reviewed,True,True,1.0
NCERT_CrystalFieldTetra_10,Crystal Field Splitting in Tetrahedral Field,Crystal Field Splitting in Tetrahedral Field,"Spectrochemical Series, Crystal Field Stabilization Energy","Spectrochemical Series, Crystal Field Stabilization Energy",conceptual,advanced,4,1.5,1.0,1.0,1.4,0,0,1,0.0667,0.0667,0.0,0.0,0.2173,150,60,reviewed,True,True,1.0
NCERT_CFSE_01,Crystal Field Stabilization Energy,Crystal Field Stabilization Energy,"Crystal Field Splitting in Octahedral Field, Crystal Field Splitting in Tetrahedral Field","Crystal Field Splitting in Octahedral Field, Crystal Field Splitting in Tetrahedral Field",numerical,advanced,3,1.5,0.5,0.5,1.3,1,0,0,0.0667,0.0667,0.0,0.0,0.2173,145,60,reviewed,True,True,1.0
NCERT_CFSE_02,Crystal Field Stabilization Energy,Crystal Field Stabilization Energy,Crystal Field Splitting in Octahedral Field,Crystal Field Splitting in Octahedral Field,numerical,advanced,4,1.2,1.0,0.8,1.4,1,0,0,0.0667,0.0667,0.0,0.0,0.2173,75,60,reviewed,True,True,1.0
NCERT_CFSE_03,Crystal Field Stabilization Energy,Crystal Field Stabilization Energy,Crystal Field Splitting in Octahedral Field,Crystal Field Splitting in Octahedral Field,numerical,advanced,2,1.2,1.0,0.8,1.4,1,0,0,0.0667,0.0667,0.0,0.0,0.2173,75,60,reviewed,True,True,1.0
NCERT_CFSE_04,Crystal Field Stabilization Energy,Crystal Field Stabilization Energy,"Crystal Field Splitting in Octahedral Field, Crystal Field Splitting in Tetrahedral Field","Crystal Field Splitting in Octahedral Field, Crystal Field Splitting in Tetrahedral Field",conceptual,core,3,1.0,1.0,1.0,0.0,0,1,0,0.0667,0.0667,0.0,0.0,0.2173,85,100,reviewed,True,True,1.0
NCERT_CFSE_05,Crystal Field Stabilization Energy,Crystal Field Stabilization Energy,Crystal Field Splitting in Tetrahedral Field,Crystal Field Splitting in Tetrahedral Field,numerical,advanced,2,1.5,1.0,1.0,1.5,1,0,0,0.0667,0.0667,0.0,0.0,0.2173,70,60,reviewed,True,True,1.0
NCERT_CFSE_06,Crystal Field Stabilization Energy,Crystal Field Stabilization Energy,"Crystal Field Splitting in Octahedral Field, Crystal Field Splitting in Tetrahedral Field","Crystal Field Splitting in Octahedral Field, Crystal Field Splitting in Tetrahedral Field",numerical,advanced,1,1.2,1.0,0.8,1.3,1,0,0,0.0667,0.0667,0.0,0.0,0.2173,75,60,reviewed,True,True,1.0
NCERT_CFSE_07,Crystal Field Stabilization Energy,Crystal Field Stabilization Energy,Crystal Field Splitting in Octahedral Field,Crystal Field Splitting in Octahedral Field,numerical,advanced,4,1.0,1.2,0.5,1.3,1,0,0,0.0667,0.0667,0.0,0.0,0.2173,80,60,reviewed,True,True,1.0
NCERT_CFSE_08,Crystal Field Stabilization Energy,Crystal Field Stabilization Energy,High-Spin vs Low-Spin Complexes,High-Spin vs Low-Spin Complexes,numerical,advanced,2,1.2,1.0,0.8,1.4,1,0,0,0.0667,0.0667,0.0,0.0,0.2173,120,60,reviewed,True,True,1.0
NCERT_CFSE_09,Crystal Field Stabilization Energy,Crystal Field Stabilization Energy,Stability Constants of Complexes,Stability Constants of Complexes,numerical,advanced,2,1.2,1.0,1.0,1.5,1,0,0,0.0667,0.0667,0.0,0.0,0.2173,170,60,reviewed,True,True,1.0
NCERT_CFSE_10,Crystal Field Stabilization Energy,Crystal Field Stabilization Energy,Crystal Field Splitting in Octahedral Field,Crystal Field Splitting in Octahedral Field,numerical,advanced,4,1.0,1.2,0.5,1.3,1,0,0,0.0667,0.0667,0.0,0.0,0.2173,75,60,reviewed,True,True,1.0
NCERT_HighSpinLowSpin_01,High-Spin vs Low-Spin Complexes,High-Spin vs Low-Spin Complexes,"Crystal Field Splitting in Octahedral Field, Crystal Field Stabilization Energy, Spectrochemical Series","Crystal Field Splitting in Octahedral Field, Crystal Field Stabilization Energy, Spectrochemical Series",conceptual,advanced,3,1.5,0.8,0.8,1.4,0,0,1,0.0667,0.0667,0.0,0.0,0.2173,110,60,reviewed,True,True,1.0
NCERT_HighSpinLowSpin_02,High-Spin vs Low-Spin Complexes,High-Spin vs Low-Spin Complexes,"Crystal Field Splitting in Octahedral Field, Spectrochemical Series","Crystal Field Splitting in Octahedral Field, Spectrochemical Series",conceptual,advanced,1,1.2,1.0,0.8,1.4,0,0,1,0.0667,0.0667,0.0,0.0,0.2173,65,60,reviewed,True,True,1.0
NCERT_HighSpinLowSpin_03,High-Spin vs Low-Spin Complexes,High-Spin vs Low-Spin Complexes,Crystal Field Splitting in Octahedral Field,Crystal Field Splitting in Octahedral Field,conceptual,advanced,1,1.0,1.2,0.5,1.3,0,0,1,0.0667,0.0667,0.0,0.0,0.2173,70,60,reviewed,True,True,1.0
NCERT_HighSpinLowSpin_04,High-Spin vs Low-Spin Complexes,High-Spin vs Low-Spin Complexes,"Crystal Field Splitting in Octahedral Field, Spectrochemical Series","Crystal Field Splitting in Octahedral Field, Spectrochemical Series",conceptual,advanced,3,1.2,1.0,0.8,1.4,0,0,1,0.0667,0.0667,0.0,0.0,0.2173,95,60,reviewed,True,True,1.0
NCERT_HighSpinLowSpin_05,High-Spin vs Low-Spin Complexes,High-Spin vs Low-Spin Complexes,Crystal Field Splitting in Octahedral Field,Crystal Field Splitting in Octahedral Field,conceptual,advanced,3,1.2,1.0,0.8,1.3,0,0,1,0.0667,0.0667,0.0,0.0,0.2173,120,60,reviewed,True,True,1.0
NCERT_HighSpinLowSpin_06,High-Spin vs Low-Spin Complexes,High-Spin vs Low-Spin Complexes,Crystal Field Splitting in Octahedral Field,Crystal Field Splitting in Octahedral Field,conceptual,advanced,1,1.0,1.2,0.5,1.3,0,0,1,0.0667,0.0667,0.0,0.0,0.2173,120,60,reviewed,True,True,1.0
NCERT_HighSpinLowSpin_07,High-Spin vs Low-Spin Complexes,High-Spin vs Low-Spin Complexes,"Spectrochemical Series, Crystal Field Splitting in Octahedral Field","Spectrochemical Series, Crystal Field Splitting in Octahedral Field",conceptual,advanced,1,1.2,1.0,0.8,1.4,0,0,1,0.0667,0.0667,0.0,0.0,0.2173,135,60,reviewed,True,True,1.0
NCERT_HighSpinLowSpin_08,High-Spin vs Low-Spin Complexes,High-Spin vs Low-Spin Complexes,"Magnetic Properties from Unpaired d-electrons, Spectrochemical Series","Magnetic Properties from Unpaired d-electrons, Spectrochemical Series",conceptual,advanced,3,1.2,1.0,0.8,1.4,0,0,1,0.0667,0.0667,0.0,0.0,0.2173,115,60,reviewed,True,True,1.0
NCERT_HighSpinLowSpin_09,High-Spin vs Low-Spin Complexes,High-Spin vs Low-Spin Complexes,Magnetic Properties from Unpaired d-electrons,Magnetic Properties from Unpaired d-electrons,conceptual,advanced,1,1.2,0.8,0.5,1.3,0,0,1,0.0667,0.0667,0.0,0.0,0.2173,75,60,reviewed,True,True,1.0
NCERT_HighSpinLowSpin_10,High-Spin vs Low-Spin Complexes,High-Spin vs Low-Spin Complexes,Crystal Field Splitting in Octahedral Field,Crystal Field Splitting in Octahedral Field,conceptual,advanced,4,1.0,1.2,0.5,1.3,0,0,1,0.0667,0.0667,0.0,0.0,0.2173,70,60,reviewed,True,True,1.0
NCERT_JahnTeller_01,Jahn-Teller Distortion,Jahn-Teller Distortion,"Crystal Field Stabilization Energy, Crystal Field Splitting in Octahedral Field","Crystal Field Stabilization Energy, Crystal Field Splitting in Octahedral Field",conceptual,advanced,1,1.5,0.8,0.5,1.5,0,1,0,0.0667,0.0667,0.0,0.0,0.2173,115,60,reviewed,True,True,1.0
NCERT_JahnTeller_02,Jahn-Teller Distortion,Jahn-Teller Distortion,Crystal Field Splitting in Octahedral Field,Crystal Field Splitting in Octahedral Field,conceptual,advanced,3,1.2,1.0,0.8,1.6,0,1,0,0.0667,0.0667,0.0,0.0,0.2173,90,60,reviewed,True,True,1.0
NCERT_JahnTeller_03,Jahn-Teller Distortion,Jahn-Teller Distortion,Crystal Field Splitting in Octahedral Field,Crystal Field Splitting in Octahedral Field,conceptual,advanced,4,1.0,1.2,0.5,1.5,0,1,0,0.0667,0.0667,0.0,0.0,0.2173,65,60,reviewed,True,True,1.0
NCERT_JahnTeller_04,Jahn-Teller Distortion,Jahn-Teller Distortion,Crystal Field Splitting in Octahedral Field,Crystal Field Splitting in Octahedral Field,conceptual,advanced,4,1.2,1.0,0.5,1.5,0,1,0,0.0667,0.0667,0.0,0.0,0.2173,110,60,reviewed,True,True,1.0
NCERT_JahnTeller_05,Jahn-Teller Distortion,Jahn-Teller Distortion,Crystal Field Splitting in Octahedral Field,Crystal Field Splitting in Octahedral Field,conceptual,advanced,3,1.2,1.0,0.8,1.6,0,1,0,0.0667,0.0667,0.0,0.0,0.2173,145,60,reviewed,True,True,1.0
NCERT_JahnTeller_06,Jahn-Teller Distortion,Jahn-Teller Distortion,Crystal Field Splitting in Octahedral Field,Crystal Field Splitting in Octahedral Field,conceptual,advanced,3,1.2,1.0,1.0,1.6,0,1,0,0.0667,0.0667,0.0,0.0,0.2173,75,60,reviewed,True,True,1.0
NCERT_JahnTeller_07,Jahn-Teller Distortion,Jahn-Teller Distortion,Coordination Number and Geometry Relationships,Coordination Number and Geometry Relationships,conceptual,advanced,4,1.2,1.0,0.8,1.5,0,1,0,0.0667,0.0667,0.0,0.0,0.2173,105,60,reviewed,True,True,1.0
NCERT_JahnTeller_08,Jahn-Teller Distortion,Jahn-Teller Distortion,Crystal Field Splitting in Octahedral Field,Crystal Field Splitting in Octahedral Field,conceptual,advanced,4,1.0,1.2,0.5,1.5,0,1,0,0.0667,0.0667,0.0,0.0,0.2173,85,60,reviewed,True,True,1.0
NCERT_JahnTeller_09,Jahn-Teller Distortion,Jahn-Teller Distortion,Crystal Field Stabilization Energy,Crystal Field Stabilization Energy,conceptual,advanced,2,1.2,1.0,0.5,1.5,0,1,0,0.0667,0.0667,0.0,0.0,0.2173,110,60,reviewed,True,True,1.0
NCERT_JahnTeller_10,Jahn-Teller Distortion,Jahn-Teller Distortion,Crystal Field Splitting in Octahedral Field,Crystal Field Splitting in Octahedral Field,conceptual,advanced,3,1.2,1.0,0.5,1.4,0,1,0,0.0667,0.0667,0.0,0.0,0.2173,120,60,reviewed,True,True,1.0
NCERT_ColorOrigin_01,Color Origin in Coordination Compounds,Color Origin in Coordination Compounds,"Crystal Field Splitting in Octahedral Field, Crystal Field Stabilization Energy","Crystal Field Splitting in Octahedral Field, Crystal Field Stabilization Energy",conceptual,advanced,4,1.5,0.5,0.5,1.3,0,1,0,0.0667,0.0667,0.0,0.0,0.2173,100,60,reviewed,True,True,1.0
NCERT_ColorOrigin_02,Color Origin in Coordination Compounds,Color Origin in Coordination Compounds,Crystal Field Splitting in Octahedral Field,Crystal Field Splitting in Octahedral Field,conceptual,advanced,4,1.2,1.0,0.5,1.3,0,1,0,0.0667,0.0667,0.0,0.0,0.2173,70,60,reviewed,True,True,1.0
NCERT_ColorOrigin_03,Color Origin in Coordination Compounds,Color Origin in Coordination Compounds,"Crystal Field Splitting in Octahedral Field, Spectrochemical Series","Crystal Field Splitting in Octahedral Field, Spectrochemical Series",conceptual,advanced,2,1.2,1.0,0.8,1.4,0,1,0,0.0667,0.0667,0.0,0.0,0.2173,100,60,reviewed,True,True,1.0
NCERT_ColorOrigin_04,Color Origin in Coordination Compounds,Color Origin in Coordination Compounds,Crystal Field Splitting in Octahedral Field,Crystal Field Splitting in Octahedral Field,conceptual,advanced,3,1.0,1.2,0.5,1.3,0,1,0,0.0667,0.0667,0.0,0.0,0.2173,70,60,reviewed,True,True,1.0
NCERT_ColorOrigin_05,Color Origin in Coordination Compounds,Color Origin in Coordination Compounds,Crystal Field Splitting in Octahedral Field,Crystal Field Splitting in Octahedral Field,conceptual,advanced,2,1.0,1.2,0.5,1.3,0,1,0,0.0667,0.0667,0.0,0.0,0.2173,85,60,reviewed,True,True,1.0
NCERT_ColorOrigin_06,Color Origin in Coordination Compounds,Color Origin in Coordination Compounds,Spectrochemical Series,Spectrochemical Series,conceptual,advanced,3,1.2,1.0,0.8,1.4,0,1,0,0.0667,0.0667,0.0,0.0,0.2173,155,60,reviewed,True,True,1.0
NCERT_ColorOrigin_07,Color Origin in Coordination Compounds,Color Origin in Coordination Compounds,Spectrochemical Series,Spectrochemical Series,conceptual,advanced,4,1.0,1.2,0.5,1.3,0,1,0,0.0667,0.0667,0.0,0.0,0.2173,75,60,reviewed,True,True,1.0
NCERT_ColorOrigin_08,Color Origin in Coordination Compounds,Color Origin in Coordination Compounds,Crystal Field Splitting in Octahedral Field,Crystal Field Splitting in Octahedral Field,conceptual,advanced,4,1.2,1.0,0.5,1.3,0,1,0,0.0667,0.0667,0.0,0.0,0.2173,95,60,reviewed,True,True,1.0
NCERT_ColorOrigin_09,Color Origin in Coordination Compounds,Color Origin in Coordination Compounds,Spectrochemical Series,Spectrochemical Series,conceptual,advanced,1,1.2,1.0,0.8,1.4,0,1,0,0.0667,0.0667,0.0,0.0,0.2173,130,60,reviewed,True,True,1.0
NCERT_ColorOrigin_10,Color Origin in Coordination Compounds,Color Origin in Coordination Compounds,Crystal Field Splitting in Octahedral Field,Crystal Field Splitting in Octahedral Field,conceptual,advanced,1,1.2,1.0,0.5,1.3,0,1,0,0.0667,0.0667,0.0,0.0,0.2173,100,60,reviewed,True,True,1.0
NCERT_LigandField_01,Ligand Field Theory,Ligand Field Theory,"Metal-Ligand Bonding (σ and π interactions in complexes), Crystal Field Splitting in Octahedral Field","Metal-Ligand Bonding (σ and π interactions in complexes), Crystal Field Splitting in Octahedral Field",conceptual,advanced,3,1.5,0.8,0.8,1.5,0,1,0,0.0667,0.0667,0.0,0.0,0.2173,150,60,reviewed,True,True,1.0
NCERT_LigandField_02,Ligand Field Theory,Ligand Field Theory,Metal-Ligand Bonding (σ and π interactions in complexes),Metal-Ligand Bonding (σ and π interactions in complexes),conceptual,advanced,3,1.2,1.0,0.8,1.4,0,1,0,0.0667,0.0667,0.0,0.0,0.2173,150,60,reviewed,True,True,1.0
NCERT_LigandField_03,Ligand Field Theory,Ligand Field Theory,"Metal-Ligand Bonding (σ and π interactions in complexes), Spectrochemical Series","Metal-Ligand Bonding (σ and π interactions in complexes), Spectrochemical Series",numerical,advanced,1,1.5,1.0,1.0,1.6,0,1,0,0.0667,0.0667,0.0,0.0,0.2173,145,60,reviewed,True,True,1.0
NCERT_LigandField_04,Ligand Field Theory,Ligand Field Theory,Metal-Ligand Bonding (σ and π interactions in complexes),Metal-Ligand Bonding (σ and π interactions in complexes),conceptual,advanced,2,1.2,1.0,0.5,1.4,0,1,0,0.0667,0.0667,0.0,0.0,0.2173,120,60,reviewed,True,True,1.0
NCERT_LigandField_05,Ligand Field Theory,Ligand Field Theory,"Metal-Ligand Bonding (σ and π interactions in complexes), Spectrochemical Series","Metal-Ligand Bonding (σ and π interactions in complexes), Spectrochemical Series",conceptual,advanced,2,1.5,1.0,1.0,1.6,0,1,0,0.0667,0.0667,0.0,0.0,0.2173,120,60,reviewed,True,True,1.0
NCERT_LigandField_06,Ligand Field Theory,Ligand Field Theory,"Metal-Ligand Bonding (σ and π interactions in complexes), Spectrochemical Series","Metal-Ligand Bonding (σ and π interactions in complexes), Spectrochemical Series",conceptual,advanced,2,1.0,1.2,0.5,1.5,0,1,0,0.0667,0.0667,0.0,0.0,0.2173,75,60,reviewed,True,True,1.0
NCERT_LigandField_07,Ligand Field Theory,Ligand Field Theory,"Spectrochemical Series, Metal-Ligand Bonding (σ and π interactions in complexes)","Spectrochemical Series, Metal-Ligand Bonding (σ and π interactions in complexes)",conceptual,advanced,2,1.2,1.0,0.8,1.5,0,1,0,0.0667,0.0667,0.0,0.0,0.2173,120,60,reviewed,True,True,1.0
NCERT_LigandField_08,t2g Orbital Pi Bonding,t2g Orbital Pi Bonding,"Metal-Ligand Bonding (σ and π interactions in complexes), Crystal Field Splitting in Octahedral Field","Metal-Ligand Bonding (σ and π interactions in complexes), Crystal Field Splitting in Octahedral Field",conceptual,core,1,1.0,1.0,1.0,0.0,0,1,0,0.0667,0.0667,0.0,0.0,0.2173,80,100,reviewed,True,True,1.0
NCERT_LigandField_09,Ligand Field Theory,Ligand Field Theory,"Spectrochemical Series, Metal-Ligand Bonding (σ and π interactions in complexes)","Spectrochemical Series, Metal-Ligand Bonding (σ and π interactions in complexes)",numerical,advanced,1,1.0,1.2,0.5,1.5,0,1,0,0.0667,0.0667,0.0,0.0,0.2173,80,60,reviewed,True,True,1.0
NCERT_LigandField_10,Ligand Field Theory,Ligand Field Theory,Metal-Ligand Bonding (σ and π interactions in complexes),Metal-Ligand Bonding (σ and π interactions in complexes),conceptual,advanced,1,1.5,1.0,1.0,1.6,0,1,0,0.0667,0.0667,0.0,0.0,0.2173,110,60,reviewed,True,True,1.0
NCERT_ChelateEffect_01,Chelate Effect,Chelate Effect,"Metal-Ligand Bonding (σ and π interactions in complexes), Ligand Denticity and Polydentate Binding","Metal-Ligand Bonding (σ and π interactions in complexes), Ligand Denticity and Polydentate Binding",conceptual,advanced,2,1.5,0.5,0.5,1.4,1,0,0,0.0667,0.0667,0.0,0.0,0.2173,125,60,reviewed,True,True,1.0
NCERT_ChelateEffect_02,Chelate Effect,Chelate Effect,Metal-Ligand Bonding (σ and π interactions in complexes),Metal-Ligand Bonding (σ and π interactions in complexes),conceptual,advanced,3,1.2,1.0,0.8,1.5,1,0,0,0.0667,0.0667,0.0,0.0,0.2173,90,60,reviewed,True,True,1.0
NCERT_ChelateEffect_03,Chelate Effect,Chelate Effect,Ligand Denticity and Polydentate Binding,Ligand Denticity and Polydentate Binding,conceptual,advanced,2,1.0,1.2,0.5,1.4,1,0,0,0.0667,0.0667,0.0,0.0,0.2173,80,60,reviewed,True,True,1.0
NCERT_ChelateEffect_04,Chelate Effect,Chelate Effect,None (Foundation Concept),None (Foundation Concept),conceptual,advanced,2,1.2,1.0,0.5,1.5,1,0,0,0.0667,0.0667,0.0,0.0,0.2173,135,60,reviewed,True,True,1.0
NCERT_ChelateEffect_05,Chelate Effect,Chelate Effect,Ligand Denticity and Polydentate Binding,Ligand Denticity and Polydentate Binding,conceptual,advanced,4,1.2,1.0,0.8,1.5,1,0,0,0.0667,0.0667,0.0,0.0,0.2173,100,60,reviewed,True,True,1.0
NCERT_ChelateEffect_06,Chelate Effect,Chelate Effect,Ligand Denticity and Polydentate Binding,Ligand Denticity and Polydentate Binding,conceptual,advanced,3,1.0,1.2,0.5,1.4,1,0,0,0.0667,0.0667,0.0,0.0,0.2173,105,60,reviewed,True,True,1.0
NCERT_ChelateEffect_07,Chelate Effect,Chelate Effect,Stability Constants of Complexes,Stability Constants of Complexes,conceptual,advanced,3,1.2,1.0,0.5,1.4,1,0,0,0.0667,0.0667,0.0,0.0,0.2173,120,60,reviewed,True,True,1.0
NCERT_ChelateEffect_08,Chelate Effect,Chelate Effect,Stability Constants of Complexes,Stability Constants of Complexes,conceptual,advanced,1,1.2,1.0,0.8,1.5,1,0,0,0.0667,0.0667,0.0,0.0,0.2173,120,60,reviewed,True,True,1.0
NCERT_ChelateEffect_09,Chelate Effect,Chelate Effect,"Stability Constants of Complexes, Ligand Denticity and Polydentate Binding","Stability Constants of Complexes, Ligand Denticity and Polydentate Binding",conceptual,advanced,2,1.5,1.0,1.0,1.6,1,0,0,0.0667,0.0667,0.0,0.0,0.2173,110,60,reviewed,True,True,1.0
NCERT_ChelateEffect_10,Chelate Effect,Chelate Effect,None (Foundation Concept),None (Foundation Concept),conceptual,advanced,2,1.2,0.8,0.8,1.5,1,0,0,0.0667,0.0667,0.0,0.0,0.2173,125,60,reviewed,True,True,1.0
NCERT_StabilityConstants_01,Stability Constants of Complexes,Stability Constants of Complexes,"Chelate Effect, Metal-Ligand Bonding (σ and π interactions in complexes)","Chelate Effect, Metal-Ligand Bonding (σ and π interactions in complexes)",conceptual,advanced,4,1.5,0.5,0.5,1.3,1,0,0,0.0667,0.0667,0.0,0.0,0.2173,130,60,reviewed,True,True,1.0
NCERT_StabilityConstants_02,Stability Constants of Complexes,Stability Constants of Complexes,None (Foundation Concept),None (Foundation Concept),conceptual,advanced,3,1.2,1.0,0.5,1.3,1,0,0,0.0667,0.0667,0.0,0.0,0.2173,120,60,reviewed,True,True,1.0
NCERT_StabilityConstants_03,Stability Constants of Complexes,Stability Constants of Complexes,None (Foundation Concept),None (Foundation Concept),conceptual,advanced,1,1.2,1.0,0.5,1.3,1,0,0,0.0667,0.0667,0.0,0.0,0.2173,115,60,reviewed,True,True,1.0
NCERT_StabilityConstants_04,Stability Constants of Complexes,Stability Constants of Complexes,"Chelate Effect, Charge Density (Z/r) and Ionic Potential","Chelate Effect, Charge Density (Z/r) and Ionic Potential",conceptual,advanced,1,1.2,1.0,0.8,1.4,1,0,0,0.0667,0.0667,0.0,0.0,0.2173,100,60,reviewed,True,True,1.0
NCERT_StabilityConstants_05,Stability Constants of Complexes,Stability Constants of Complexes,"Crystal Field Stabilization Energy, Jahn-Teller Distortion","Crystal Field Stabilization Energy, Jahn-Teller Distortion",conceptual,advanced,3,1.0,1.2,0.8,1.5,1,0,0,0.0667,0.0667,0.0,0.0,0.2173,155,60,reviewed,True,True,1.0
NCERT_StabilityConstants_06,Stability Constants of Complexes,Stability Constants of Complexes,"Crystal Field Stabilization Energy, Spectrochemical Series","Crystal Field Stabilization Energy, Spectrochemical Series",conceptual,advanced,2,1.2,1.0,0.8,1.5,1,0,0,0.0667,0.0667,0.0,0.0,0.2173,125,60,reviewed,True,True,1.0
NCERT_StabilityConstants_07,Stability Constants of Complexes,Stability Constants of Complexes,Jahn-Teller Distortion,Jahn-Teller Distortion,conceptual,advanced,2,1.2,1.0,1.0,1.5,1,0,0,0.0667,0.0667,0.0,0.0,0.2173,135,60,reviewed,True,True,1.0
NCERT_StabilityConstants_08,Stability Constants of Complexes,Stability Constants of Complexes,None (Foundation Concept),None (Foundation Concept),conceptual,advanced,2,1.2,1.0,0.5,1.3,1,0,0,0.0667,0.0667,0.0,0.0,0.2173,100,60,reviewed,True,True,1.0
NCERT_StabilityConstants_09,Stability Constants of Complexes,Stability Constants of Complexes,"Chelate Effect, Charge Density (Z/r) and Ionic Potential","Chelate Effect, Charge Density (Z/r) and Ionic Potential",conceptual,advanced,4,1.2,1.0,0.8,1.4,1,0,0,0.0667,0.0667,0.0,0.0,0.2173,115,60,reviewed,True,True,1.0
NCERT_StabilityConstants_10,Stability Constants of Complexes,Stability Constants of Complexes,None (Foundation Concept),None (Foundation Concept),conceptual,advanced,2,1.0,1.0,0.5,1.3,1,0,0,0.0667,0.0667,0.0,0.0,0.2173,95,60,reviewed,True,True,1.0
NCERT_LinkageIsom_01,Linkage Isomerism,Linkage Isomerism,Metal-Ligand Bonding (σ and π interactions in complexes),Metal-Ligand Bonding (σ and π interactions in complexes),numerical,advanced,4,1.5,0.5,0.5,1.4,1,0,0,0.0667,0.0667,0.0,0.0,0.2173,130,60,reviewed,True,True,1.0
NCERT_LinkageIsom_02,Linkage Isomerism,Linkage Isomerism,Metal-Ligand Bonding (σ and π interactions in complexes),Metal-Ligand Bonding (σ and π interactions in complexes),numerical,advanced,1,1.0,1.2,0.5,1.3,1,0,0,0.0667,0.0667,0.0,0.0,0.2173,60,60,reviewed,True,True,1.0
NCERT_LinkageIsom_03,Linkage Isomerism,Linkage Isomerism,Metal-Ligand Bonding (σ and π interactions in complexes),Metal-Ligand Bonding (σ and π interactions in complexes),numerical,advanced,4,1.0,1.2,0.5,1.3,1,0,0,0.0667,0.0667,0.0,0.0,0.2173,80,60,reviewed,True,True,1.0
NCERT_LinkageIsom_04,Linkage Isomerism,Linkage Isomerism,Metal-Ligand Bonding (σ and π interactions in complexes),Metal-Ligand Bonding (σ and π interactions in complexes),numerical,advanced,2,1.0,1.2,0.5,1.3,1,0,0,0.0667,0.0667,0.0,0.0,0.2173,75,60,reviewed,True,True,1.0
NCERT_LinkageIsom_05,Linkage Isomerism,Linkage Isomerism,Metal-Ligand Bonding (σ and π interactions in complexes),Metal-Ligand Bonding (σ and π interactions in complexes),conceptual,advanced,4,1.2,1.0,0.5,1.4,1,0,0,0.0667,0.0667,0.0,0.0,0.2173,90,60,reviewed,True,True,1.0
NCERT_LinkageIsom_06,Linkage Isomerism,Linkage Isomerism,Metal-Ligand Bonding (σ and π interactions in complexes),Metal-Ligand Bonding (σ and π interactions in complexes),numerical,advanced,1,1.2,1.0,0.5,1.3,1,0,0,0.0667,0.0667,0.0,0.0,0.2173,105,60,reviewed,True,True,1.0
NCERT_LinkageIsom_07,Linkage Isomerism,Linkage Isomerism,Metal-Ligand Bonding (σ and π interactions in complexes),Metal-Ligand Bonding (σ and π interactions in complexes),numerical,advanced,4,1.2,1.0,0.8,1.5,1,0,0,0.0667,0.0667,0.0,0.0,0.2173,140,60,reviewed,True,True,1.0
NCERT_LinkageIsom_08,Linkage Isomerism,Linkage Isomerism,Metal-Ligand Bonding (σ and π interactions in complexes),Metal-Ligand Bonding (σ and π interactions in complexes),numerical,advanced,4,1.0,1.2,0.5,1.3,1,0,0,0.0667,0.0667,0.0,0.0,0.2173,70,60,reviewed,True,True,1.0
NCERT_LinkageIsom_09,Linkage Isomerism,Linkage Isomerism,Geometric Isomerism in Coordination Compounds,Geometric Isomerism in Coordination Compounds,numerical,advanced,2,1.5,1.0,1.0,1.5,1,0,0,0.0667,0.0667,0.0,0.0,0.2173,80,60,reviewed,True,True,1.0
NCERT_LinkageIsom_10,Linkage Isomerism,Linkage Isomerism,Metal-Ligand Bonding (σ and π interactions in complexes),Metal-Ligand Bonding (σ and π interactions in complexes),conceptual,advanced,2,1.2,1.0,0.5,1.3,1,0,0,0.0667,0.0667,0.0,0.0,0.2173,110,60,reviewed,True,True,1.0
NCERT_GeometricIsom_01,Geometric Isomerism in Coordination Compounds,Geometric Isomerism in Coordination Compounds,Coordination Number and Geometry Relationships,Coordination Number and Geometry Relationships,conceptual,advanced,4,1.5,0.5,0.5,1.3,1,0,0,0.0667,0.0667,0.0,0.0,0.2173,140,60,reviewed,True,True,1.0
NCERT_GeometricIsom_02,Geometric Isomerism in Coordination Compounds,Geometric Isomerism in Coordination Compounds,Coordination Number and Geometry Relationships,Coordination Number and Geometry Relationships,conceptual,advanced,3,1.0,1.2,0.5,1.2,1,0,0,0.0667,0.0667,0.0,0.0,0.2173,75,60,reviewed,True,True,1.0
NCERT_GeometricIsom_03,Geometric Isomerism in Coordination Compounds,Geometric Isomerism in Coordination Compounds,Coordination Number and Geometry Relationships,Coordination Number and Geometry Relationships,conceptual,advanced,4,1.0,1.0,0.8,1.3,1,0,0,0.0667,0.0667,0.0,0.0,0.2173,130,60,reviewed,True,True,1.0
NCERT_GeometricIsom_04,Geometric Isomerism in Coordination Compounds,Geometric Isomerism in Coordination Compounds,Coordination Number and Geometry Relationships,Coordination Number and Geometry Relationships,conceptual,advanced,2,1.2,1.0,0.5,1.4,1,0,0,0.0667,0.0667,0.0,0.0,0.2173,80,60,reviewed,True,True,1.0
NCERT_GeometricIsom_05,Geometric Isomerism in Coordination Compounds,Geometric Isomerism in Coordination Compounds,Coordination Number and Geometry Relationships,Coordination Number and Geometry Relationships,conceptual,advanced,1,1.0,1.2,0.5,1.3,1,0,0,0.0667,0.0667,0.0,0.0,0.2173,75,60,reviewed,True,True,1.0
NCERT_GeometricIsom_06,Geometric Isomerism in Coordination Compounds,Geometric Isomerism in Coordination Compounds,Coordination Number and Geometry Relationships,Coordination Number and Geometry Relationships,conceptual,advanced,3,1.0,1.2,0.5,1.3,1,0,0,0.0667,0.0667,0.0,0.0,0.2173,80,60,reviewed,True,True,1.0
NCERT_GeometricIsom_07,Geometric Isomerism in Coordination Compounds,Geometric Isomerism in Coordination Compounds,Coordination Number and Geometry Relationships,Coordination Number and Geometry Relationships,conceptual,advanced,3,1.2,1.0,0.5,1.4,1,0,0,0.0667,0.0667,0.0,0.0,0.2173,100,60,reviewed,True,True,1.0
NCERT_GeometricIsom_08,Geometric Isomerism in Coordination Compounds,Geometric Isomerism in Coordination Compounds,Coordination Number and Geometry Relationships,Coordination Number and Geometry Relationships,conceptual,advanced,4,1.0,1.2,0.5,1.3,1,0,0,0.0667,0.0667,0.0,0.0,0.2173,65,60,reviewed,True,True,1.0
NCERT_GeometricIsom_09,Geometric Isomerism in Coordination Compounds,Geometric Isomerism in Coordination Compounds,Dipole Moment and Molecular Polarity,Dipole Moment and Molecular Polarity,conceptual,advanced,4,1.2,1.0,0.8,1.4,1,0,0,0.0667,0.0667,0.0,0.0,0.2173,115,60,reviewed,True,True,1.0
NCERT_GeometricIsom_10,Geometric Isomerism in Coordination Compounds,Geometric Isomerism in Coordination Compounds,Coordination Number and Geometry Relationships,Coordination Number and Geometry Relationships,conceptual,advanced,4,1.2,1.0,0.5,1.4,1,0,0,0.0667,0.0667,0.0,0.0,0.2173,110,60,reviewed,True,True,1.0
NCERT_OpticalIsom_01,Optical Isomerism in Coordination Compounds,Optical Isomerism in Coordination Compounds,Coordination Number and Geometry Relationships,Coordination Number and Geometry Relationships,conceptual,advanced,2,1.5,0.5,0.5,1.4,1,0,0,0.0667,0.0667,0.0,0.0,0.2173,110,60,reviewed,True,True,1.0
NCERT_OpticalIsom_02,Optical Isomerism in Coordination Compounds,Optical Isomerism in Coordination Compounds,Coordination Number and Geometry Relationships,Coordination Number and Geometry Relationships,conceptual,advanced,1,1.2,1.0,0.5,1.5,1,0,0,0.0667,0.0667,0.0,0.0,0.2173,100,60,reviewed,True,True,1.0
NCERT_OpticalIsom_03,Optical Isomerism in Coordination Compounds,Optical Isomerism in Coordination Compounds,Coordination Number and Geometry Relationships,Coordination Number and Geometry Relationships,conceptual,advanced,1,1.0,1.2,0.5,1.4,1,0,0,0.0667,0.0667,0.0,0.0,0.2173,70,60,reviewed,True,True,1.0
NCERT_OpticalIsom_04,Optical Isomerism in Coordination Compounds,Optical Isomerism in Coordination Compounds,Coordination Number and Geometry Relationships,Coordination Number and Geometry Relationships,conceptual,advanced,4,1.2,1.0,0.8,1.5,1,0,0,0.0667,0.0667,0.0,0.0,0.2173,105,60,reviewed,True,True,1.0
NCERT_OpticalIsom_05,Optical Isomerism in Coordination Compounds,Optical Isomerism in Coordination Compounds,Coordination Number and Geometry Relationships,Coordination Number and Geometry Relationships,conceptual,advanced,1,1.2,1.0,1.0,1.6,1,0,0,0.0667,0.0667,0.0,0.0,0.2173,105,60,reviewed,True,True,1.0
NCERT_OpticalIsom_06,Optical Isomerism in Coordination Compounds,Optical Isomerism in Coordination Compounds,Coordination Number and Geometry Relationships,Coordination Number and Geometry Relationships,conceptual,advanced,3,1.0,1.2,0.5,1.4,1,0,0,0.0667,0.0667,0.0,0.0,0.2173,70,60,reviewed,True,True,1.0
NCERT_OpticalIsom_07,Optical Isomerism in Coordination Compounds,Optical Isomerism in Coordination Compounds,Coordination Number and Geometry Relationships,Coordination Number and Geometry Relationships,conceptual,advanced,4,1.2,1.0,0.5,1.4,1,0,0,0.0667,0.0667,0.0,0.0,0.2173,130,60,reviewed,True,True,1.0
NCERT_OpticalIsom_08,Optical Isomerism in Coordination Compounds,Optical Isomerism in Coordination Compounds,None (Foundation Concept),None (Foundation Concept),conceptual,advanced,4,1.2,1.0,0.5,1.4,1,0,0,0.0667,0.0667,0.0,0.0,0.2173,120,60,reviewed,True,True,1.0
NCERT_OpticalIsom_09,Optical Isomerism in Coordination Compounds,Optical Isomerism in Coordination Compounds,Geometric Isomerism in Coordination Compounds,Geometric Isomerism in Coordination Compounds,conceptual,advanced,1,1.2,1.0,0.8,1.5,1,0,0,0.0667,0.0667,0.0,0.0,0.2173,65,60,reviewed,True,True,1.0
NCERT_Ellingham_01,Ellingham Diagram and Thermodynamic Feasibility,Ellingham Diagram and Thermodynamic Feasibility,"Lattice Energy, Bond Dissociation Energy and Stability","Lattice Energy, Bond Dissociation Energy and Stability",conceptual,advanced,3,1.5,0.5,0.5,1.2,0,0,1,0.0667,0.0667,0.0,0.0,0.2173,115,60,reviewed,True,True,1.0
NCERT_Ellingham_02,Ellingham Diagram and Thermodynamic Feasibility,Ellingham Diagram and Thermodynamic Feasibility,"Lattice Energy, Bond Dissociation Energy and Stability","Lattice Energy, Bond Dissociation Energy and Stability",numerical,advanced,4,1.0,1.2,0.5,1.2,0,0,1,0.0667,0.0667,0.0,0.0,0.2173,90,60,reviewed,True,True,1.0
NCERT_Ellingham_03,Ellingham Diagram and Thermodynamic Feasibility,Ellingham Diagram and Thermodynamic Feasibility,"Lattice Energy, Bond Dissociation Energy and Stability","Lattice Energy, Bond Dissociation Energy and Stability",conceptual,advanced,2,1.2,1.0,0.8,1.3,0,0,1,0.0667,0.0667,0.0,0.0,0.2173,120,60,reviewed,True,True,1.0
NCERT_Ellingham_04,Ellingham Diagram and Thermodynamic Feasibility,Ellingham Diagram and Thermodynamic Feasibility,"Lattice Energy, Bond Dissociation Energy and Stability","Lattice Energy, Bond Dissociation Energy and Stability",conceptual,advanced,2,1.2,1.0,0.8,1.4,0,0,1,0.0667,0.0667,0.0,0.0,0.2173,115,60,reviewed,True,True,1.0
NCERT_Ellingham_05,Ellingham Diagram and Thermodynamic Feasibility,Ellingham Diagram and Thermodynamic Feasibility,"Lattice Energy, Bond Dissociation Energy and Stability","Lattice Energy, Bond Dissociation Energy and Stability",conceptual,advanced,2,1.5,1.0,1.0,1.4,0,0,1,0.0667,0.0667,0.0,0.0,0.2173,125,60,reviewed,True,True,1.0
NCERT_Ellingham_06,Ellingham Diagram and Thermodynamic Feasibility,Ellingham Diagram and Thermodynamic Feasibility,"Lattice Energy, Bond Dissociation Energy and Stability","Lattice Energy, Bond Dissociation Energy and Stability",conceptual,advanced,1,1.2,0.8,0.5,1.2,0,0,1,0.0667,0.0667,0.0,0.0,0.2173,115,60,reviewed,True,True,1.0
NCERT_Ellingham_07,Ellingham Diagram and Thermodynamic Feasibility,Ellingham Diagram and Thermodynamic Feasibility,"Lattice Energy, Bond Dissociation Energy and Stability","Lattice Energy, Bond Dissociation Energy and Stability",conceptual,advanced,2,1.2,1.0,0.8,1.4,0,0,1,0.0667,0.0667,0.0,0.0,0.2173,130,60,reviewed,True,True,1.0
NCERT_Ellingham_08,Ellingham Diagram and Thermodynamic Feasibility,Ellingham Diagram and Thermodynamic Feasibility,"Lattice Energy, Bond Dissociation Energy and Stability","Lattice Energy, Bond Dissociation Energy and Stability",conceptual,advanced,1,1.2,1.0,0.5,1.3,0,0,1,0.0667,0.0667,0.0,0.0,0.2173,135,60,reviewed,True,True,1.0
NCERT_Ellingham_09,Ellingham Diagram and Thermodynamic Feasibility,Ellingham Diagram and Thermodynamic Feasibility,"Lattice Energy, Bond Dissociation Energy and Stability","Lattice Energy, Bond Dissociation Energy and Stability",conceptual,advanced,3,1.0,1.2,0.5,1.3,0,0,1,0.0667,0.0667,0.0,0.0,0.2173,150,60,reviewed,True,True,1.0
NCERT_Ellingham_10,Ellingham Diagram and Thermodynamic Feasibility,Ellingham Diagram and Thermodynamic Feasibility,"Lattice Energy, Bond Dissociation Energy and Stability","Lattice Energy, Bond Dissociation Energy and Stability",conceptual,advanced,3,1.2,1.0,0.5,1.3,0,0,1,0.0667,0.0667,0.0,0.0,0.2173,105,60,reviewed,True,True,1.0
NCERT_ElectrochemRed_01,Electrochemical Reduction Principles in Metallurgy,Electrochemical Reduction Principles in Metallurgy,Ellingham Diagram and Thermodynamic Feasibility,Ellingham Diagram and Thermodynamic Feasibility,conceptual,advanced,1,1.5,0.5,0.5,1.2,0,0,1,0.0667,0.0667,0.0,0.0,0.2173,115,60,reviewed,True,True,1.0
NCERT_ElectrochemRed_02,Electrochemical Reduction Principles in Metallurgy,Electrochemical Reduction Principles in Metallurgy,Ellingham Diagram and Thermodynamic Feasibility,Ellingham Diagram and Thermodynamic Feasibility,conceptual,advanced,4,1.0,1.2,0.5,1.2,0,0,1,0.0667,0.0667,0.0,0.0,0.2173,70,60,reviewed,True,True,1.0
NCERT_ElectrochemRed_03,Electrochemical Reduction Principles in Metallurgy,Electrochemical Reduction Principles in Metallurgy,Ellingham Diagram and Thermodynamic Feasibility,Ellingham Diagram and Thermodynamic Feasibility,conceptual,advanced,4,1.0,1.2,0.5,1.3,0,0,1,0.0667,0.0667,0.0,0.0,0.2173,80,60,reviewed,True,True,1.0
NCERT_ElectrochemRed_04,Electrochemical Reduction Principles in Metallurgy,Electrochemical Reduction Principles in Metallurgy,Ellingham Diagram and Thermodynamic Feasibility,Ellingham Diagram and Thermodynamic Feasibility,conceptual,advanced,3,1.0,1.2,0.5,1.2,0,0,1,0.0667,0.0667,0.0,0.0,0.2173,65,60,reviewed,True,True,1.0
NCERT_ElectrochemRed_05,Electrochemical Reduction Principles in Metallurgy,Electrochemical Reduction Principles in Metallurgy,Standard Electrode Potential Trends in d-block,Standard Electrode Potential Trends in d-block,conceptual,advanced,1,1.2,1.0,0.8,1.4,0,0,1,0.0667,0.0667,0.0,0.0,0.2173,135,60,reviewed,True,True,1.0
NCERT_ElectrochemRed_06,Electrochemical Reduction Principles in Metallurgy,Electrochemical Reduction Principles in Metallurgy,Ellingham Diagram and Thermodynamic Feasibility,Ellingham Diagram and Thermodynamic Feasibility,conceptual,advanced,3,1.2,1.0,0.8,1.4,0,0,1,0.0667,0.0667,0.0,0.0,0.2173,125,60,reviewed,True,True,1.0
NCERT_ElectrochemRed_07,Electrochemical Reduction Principles in Metallurgy,Electrochemical Reduction Principles in Metallurgy,Ellingham Diagram and Thermodynamic Feasibility,Ellingham Diagram and Thermodynamic Feasibility,conceptual,advanced,1,1.0,1.0,0.5,1.2,0,0,1,0.0667,0.0667,0.0,0.0,0.2173,80,60,reviewed,True,True,1.0
NCERT_ElectrochemRed_08,Electrochemical Reduction Principles in Metallurgy,Electrochemical Reduction Principles in Metallurgy,None (Foundation Concept),None (Foundation Concept),numerical,advanced,4,1.2,0.8,0.5,1.3,0,0,1,0.0667,0.0667,0.0,0.0,0.2173,120,60,reviewed,True,True,1.0
NCERT_ElectrochemRed_09,Electrochemical Reduction Principles in Metallurgy,Electrochemical Reduction Principles in Metallurgy,Ellingham Diagram and Thermodynamic Feasibility,Ellingham Diagram and Thermodynamic Feasibility,conceptual,advanced,4,1.0,1.2,0.5,1.3,0,0,1,0.0667,0.0667,0.0,0.0,0.2173,80,60,reviewed,True,True,1.0
NCERT_ElectrochemRed_10,Electrochemical Reduction Principles in Metallurgy,Electrochemical Reduction Principles in Metallurgy,Standard Electrode Potential Trends in d-block,Standard Electrode Potential Trends in d-block,conceptual,advanced,2,1.0,1.2,0.5,1.3,0,0,1,0.0667,0.0667,0.0,0.0,0.2173,75,60,reviewed,True,True,1.0
NCERT_CoordNumGeom_01,Coordination Number and Geometry Relationships,Coordination Number and Geometry Relationships,None (Foundation Concept),None (Foundation Concept),conceptual,advanced,3,1.5,0.5,0.5,1.2,0,1,0,0.0667,0.0667,0.0,0.0,0.2173,115,60,reviewed,True,True,1.0
NCERT_CoordNumGeom_02,Coordination Number and Geometry Relationships,Coordination Number and Geometry Relationships,Valence Shell Electron Pair Repulsion Theory,Valence Shell Electron Pair Repulsion Theory,conceptual,advanced,2,1.0,1.2,0.5,1.2,0,1,0,0.0667,0.0667,0.0,0.0,0.2173,60,60,reviewed,True,True,1.0
NCERT_CoordNumGeom_03,Coordination Number and Geometry Relationships,Coordination Number and Geometry Relationships,Valence Shell Electron Pair Repulsion Theory,Valence Shell Electron Pair Repulsion Theory,conceptual,advanced,1,1.0,1.2,0.5,1.2,0,1,0,0.0667,0.0667,0.0,0.0,0.2173,70,60,reviewed,True,True,1.0
NCERT_CoordNumGeom_04,Coordination Number and Geometry Relationships,Coordination Number and Geometry Relationships,Valence Shell Electron Pair Repulsion Theory,Valence Shell Electron Pair Repulsion Theory,conceptual,advanced,1,1.0,1.2,0.5,1.3,0,1,0,0.0667,0.0667,0.0,0.0,0.2173,65,60,reviewed,True,True,1.0
NCERT_CoordNumGeom_05,Coordination Number and Geometry Relationships,Coordination Number and Geometry Relationships,Valence Shell Electron Pair Repulsion Theory,Valence Shell Electron Pair Repulsion Theory,conceptual,advanced,4,1.0,1.2,0.5,1.2,0,1,0,0.0667,0.0667,0.0,0.0,0.2173,75,60,reviewed,True,True,1.0
NCERT_CoordNumGeom_06,Coordination Number and Geometry Relationships,Coordination Number and Geometry Relationships,Valence Shell Electron Pair Repulsion Theory,Valence Shell Electron Pair Repulsion Theory,conceptual,advanced,4,1.0,1.2,0.5,1.3,0,1,0,0.0667,0.0667,0.0,0.0,0.2173,70,60,reviewed,True,True,1.0
NCERT_CoordNumGeom_07,Coordination Number and Geometry Relationships,Coordination Number and Geometry Relationships,None (Foundation Concept),None (Foundation Concept),conceptual,advanced,1,1.2,1.0,0.8,1.4,0,1,0,0.0667,0.0667,0.0,0.0,0.2173,105,60,reviewed,True,True,1.0
NCERT_CoordNumGeom_08,Coordination Number and Geometry Relationships,Coordination Number and Geometry Relationships,None (Foundation Concept),None (Foundation Concept),conceptual,advanced,4,1.2,1.0,0.8,1.3,0,1,0,0.0667,0.0667,0.0,0.0,0.2173,75,60,reviewed,True,True,1.0
NCERT_CoordNumGeom_09,Coordination Number and Geometry Relationships,Coordination Number and Geometry Relationships,Valence Shell Electron Pair Repulsion Theory,Valence Shell Electron Pair Repulsion Theory,conceptual,advanced,4,1.2,1.0,0.5,1.3,0,1,0,0.0667,0.0667,0.0,0.0,0.2173,80,60,reviewed,True,True,1.0
NCERT_CoordNumGeom_10,Coordination Number and Geometry Relationships,Coordination Number and Geometry Relationships,None (Foundation Concept),None (Foundation Concept),conceptual,advanced,3,1.0,1.2,0.5,1.2,0,1,0,0.0667,0.0667,0.0,0.0,0.2173,75,60,reviewed,True,True,1.0
NCERT_LigDent_01,Ligand Denticity and Polydentate Binding,Ligand Denticity and Polydentate Binding,Metal-Ligand Bonding (σ and π interactions in complexes),Metal-Ligand Bonding (σ and π interactions in complexes),conceptual,advanced,1,1.5,0.5,0.5,1.2,0,0,1,0.0667,0.0667,0.0,0.0,0.2173,110,60,reviewed,True,True,1.0
NCERT_LigDent_02,Ligand Denticity and Polydentate Binding,Ligand Denticity and Polydentate Binding,Metal-Ligand Bonding (σ and π interactions in complexes),Metal-Ligand Bonding (σ and π interactions in complexes),conceptual,advanced,4,1.0,1.2,0.5,1.2,0,0,1,0.0667,0.0667,0.0,0.0,0.2173,70,60,reviewed,True,True,1.0
NCERT_LigDent_03,Ligand Denticity and Polydentate Binding,Ligand Denticity and Polydentate Binding,Metal-Ligand Bonding (σ and π interactions in complexes),Metal-Ligand Bonding (σ and π interactions in complexes),conceptual,advanced,2,1.0,1.2,0.5,1.3,0,0,1,0.0667,0.0667,0.0,0.0,0.2173,65,60,reviewed,True,True,1.0
NCERT_LigDent_04,Ligand Denticity and Polydentate Binding,Ligand Denticity and Polydentate Binding,Chelate Effect,Chelate Effect,conceptual,advanced,2,1.2,1.0,0.5,1.3,0,0,1,0.0667,0.0667,0.0,0.0,0.2173,105,60,reviewed,True,True,1.0
NCERT_LigDent_05,Ligand Denticity and Polydentate Binding,Ligand Denticity and Polydentate Binding,Metal-Ligand Bonding (σ and π interactions in complexes),Metal-Ligand Bonding (σ and π interactions in complexes),conceptual,advanced,4,1.2,1.0,0.5,1.2,0,0,1,0.0667,0.0667,0.0,0.0,0.2173,90,60,reviewed,True,True,1.0
NCERT_LigDent_06,Ligand Denticity and Polydentate Binding,Ligand Denticity and Polydentate Binding,Metal-Ligand Bonding (σ and π interactions in complexes),Metal-Ligand Bonding (σ and π interactions in complexes),conceptual,advanced,4,1.2,0.8,0.5,1.2,0,0,1,0.0667,0.0667,0.0,0.0,0.2173,100,60,reviewed,True,True,1.0
NCERT_LigDent_07,Ligand Denticity and Polydentate Binding,Ligand Denticity and Polydentate Binding,Metal-Ligand Bonding (σ and π interactions in complexes),Metal-Ligand Bonding (σ and π interactions in complexes),conceptual,advanced,2,1.0,1.2,0.5,1.2,0,0,1,0.0667,0.0667,0.0,0.0,0.2173,60,60,reviewed,True,True,1.0
NCERT_LigDent_08,Ligand Denticity and Polydentate Binding,Ligand Denticity and Polydentate Binding,Chelate Effect,Chelate Effect,conceptual,advanced,3,1.2,1.0,0.8,1.4,0,0,1,0.0667,0.0667,0.0,0.0,0.2173,80,60,reviewed,True,True,1.0
NCERT_LigDent_09,Ligand Denticity and Polydentate Binding,Ligand Denticity and Polydentate Binding,Coordination Number and Geometry Relationships,Coordination Number and Geometry Relationships,conceptual,advanced,4,1.0,1.0,0.5,1.2,0,0,1,0.0667,0.0667,0.0,0.0,0.2173,80,60,reviewed,True,True,1.0
NCERT_LigDent_10,Ligand Denticity and Polydentate Binding,Ligand Denticity and Polydentate Binding,Stability Constants of Complexes,Stability Constants of Complexes,conceptual,advanced,4,1.2,1.0,0.8,1.3,0,0,1,0.0667,0.0667,0.0,0.0,0.2173,105,60,reviewed,True,True,1.0
NCERT_MetalLigandBond_01,Metal-Ligand Bonding (σ and π interactions in complexes),Metal-Ligand Bonding (σ and π interactions in complexes),"Sigma and Pi Bonding in Molecular Orbitals, Molecular Orbital Theory and Delocalization","Sigma and Pi Bonding in Molecular Orbitals, Molecular Orbital Theory and Delocalization",conceptual,advanced,3,1.5,0.5,0.5,1.4,0,1,0,0.0667,0.0667,0.0,0.0,0.2173,140,60,reviewed,True,True,1.0
NCERT_MetalLigandBond_02,Metal-Ligand Bonding (σ and π interactions in complexes),Metal-Ligand Bonding (σ and π interactions in complexes),"Sigma and Pi Bonding in Molecular Orbitals, Molecular Orbital Theory and Delocalization","Sigma and Pi Bonding in Molecular Orbitals, Molecular Orbital Theory and Delocalization",conceptual,advanced,1,1.5,1.0,1.0,1.5,0,1,0,0.0667,0.0667,0.0,0.0,0.2173,105,60,reviewed,True,True,1.0
NCERT_MetalLigandBond_03,Metal-Ligand Bonding (σ and π interactions in complexes),Metal-Ligand Bonding (σ and π interactions in complexes),"Sigma and Pi Bonding in Molecular Orbitals, Molecular Orbital Theory and Delocalization","Sigma and Pi Bonding in Molecular Orbitals, Molecular Orbital Theory and Delocalization",conceptual,advanced,1,1.2,1.0,0.5,1.4,0,1,0,0.0667,0.0667,0.0,0.0,0.2173,90,60,reviewed,True,True,1.0
NCERT_MetalLigandBond_04,Metal-Ligand Bonding (σ and π interactions in complexes),Metal-Ligand Bonding (σ and π interactions in complexes),"Sigma and Pi Bonding in Molecular Orbitals, Molecular Orbital Theory and Delocalization","Sigma and Pi Bonding in Molecular Orbitals, Molecular Orbital Theory and Delocalization",conceptual,advanced,2,1.5,1.0,1.0,1.6,0,1,0,0.0667,0.0667,0.0,0.0,0.2173,130,60,reviewed,True,True,1.0
NCERT_MetalLigandBond_05,Metal-Ligand Bonding (σ and π interactions in complexes),Metal-Ligand Bonding (σ and π interactions in complexes),"Sigma and Pi Bonding in Molecular Orbitals, Molecular Orbital Theory and Delocalization","Sigma and Pi Bonding in Molecular Orbitals, Molecular Orbital Theory and Delocalization",conceptual,advanced,1,1.2,1.0,0.8,1.5,0,1,0,0.0667,0.0667,0.0,0.0,0.2173,95,60,reviewed,True,True,1.0
NCERT_MetalLigandBond_06,Metal-Ligand Bonding (σ and π interactions in complexes),Metal-Ligand Bonding (σ and π interactions in complexes),"Sigma and Pi Bonding in Molecular Orbitals, Molecular Orbital Theory and Delocalization","Sigma and Pi Bonding in Molecular Orbitals, Molecular Orbital Theory and Delocalization",conceptual,advanced,3,1.2,1.0,0.5,1.4,0,1,0,0.0667,0.0667,0.0,0.0,0.2173,70,60,reviewed,True,True,1.0
NCERT_MetalLigandBond_08,Metal-Ligand Bonding (σ and π interactions in complexes),Metal-Ligand Bonding (σ and π interactions in complexes),"Sigma and Pi Bonding in Molecular Orbitals, Molecular Orbital Theory and Delocalization","Sigma and Pi Bonding in Molecular Orbitals, Molecular Orbital Theory and Delocalization",conceptual,advanced,1,1.2,1.0,0.8,1.5,0,1,0,0.0667,0.0667,0.0,0.0,0.2173,140,60,reviewed,True,True,1.0
NCERT_MetalLigandBond_09,Metal-Ligand Bonding (σ and π interactions in complexes),Metal-Ligand Bonding (σ and π interactions in complexes),"Sigma and Pi Bonding in Molecular Orbitals, Molecular Orbital Theory and Delocalization","Sigma and Pi Bonding in Molecular Orbitals, Molecular Orbital Theory and Delocalization",conceptual,advanced,3,1.2,1.0,0.5,1.4,0,1,0,0.0667,0.0667,0.0,0.0,0.2173,100,60,reviewed,True,True,1.0
NCERT_MetalLigandBond_10,Metal-Ligand Bonding (σ and π interactions in complexes),Metal-Ligand Bonding (σ and π interactions in complexes),"Spectrochemical Series, Crystal Field Splitting in Octahedral Field","Spectrochemical Series, Crystal Field Splitting in Octahedral Field",conceptual,advanced,2,1.2,1.0,0.8,1.5,0,1,0,0.0667,0.0667,0.0,0.0,0.2173,120,60,reviewed,True,True,1.0
